target,loss,explainer,threshold,acc_test,n_molecule_scores,n_pairs
1CKP-PVB,MSE,cam,50,0.498848291242537,413,214
1CKP-PVB,MSE,cam,55,0.49912893270557496,411,213
1CKP-PVB,MSE,cam,60,0.49874198908141454,383,199
1CKP-PVB,MSE,cam,65,0.4991539324872658,351,183
1CKP-PVB,MSE,cam,70,0.5002614379084968,255,135
1CKP-PVB,MSE,cam,75,0.5004474272930649,149,82
1CKP-PVB,MSE,cam,80,0.5005509641873278,121,68
1CKP-PVB,MSE,cam,85,0.5126582278481012,79,46
1CKP-PVB,MSE,cam,90,0.5185185185185185,27,18
1CKP-PVB,MSE,cam,95,0.0,2,2
1CKP-PVB,MSE,diff,50,0.6644561214316238,413,214
1CKP-PVB,MSE,diff,55,0.664520333680918,411,213
1CKP-PVB,MSE,diff,60,0.6652212524927932,383,199
1CKP-PVB,MSE,diff,65,0.6623352351984831,351,183
1CKP-PVB,MSE,diff,70,0.662510115157174,255,135
1CKP-PVB,MSE,diff,75,0.6694071588366892,149,82
1CKP-PVB,MSE,diff,80,0.6971074380165291,121,68
1CKP-PVB,MSE,diff,85,0.6677215189873417,79,46
1CKP-PVB,MSE,diff,90,0.6851851851851852,27,18
1CKP-PVB,MSE,diff,95,1.0,2,2
1CKP-PVB,MSE,gradcam,50,0.48975149184164946,413,214
1CKP-PVB,MSE,gradcam,55,0.4901309895835439,411,213
1CKP-PVB,MSE,gradcam,60,0.49181065525712997,383,199
1CKP-PVB,MSE,gradcam,65,0.49150763766148353,351,183
1CKP-PVB,MSE,gradcam,70,0.4859570494864613,255,135
1CKP-PVB,MSE,gradcam,75,0.48527484819431127,149,82
1CKP-PVB,MSE,gradcam,80,0.49146005509641877,121,68
1CKP-PVB,MSE,gradcam,85,0.48734177215189883,79,46
1CKP-PVB,MSE,gradcam,90,0.5370370370370371,27,18
1CKP-PVB,MSE,gradcam,95,0.0,2,2
1CKP-PVB,MSE,gradinput,50,0.5254424902195876,413,214
1CKP-PVB,MSE,gradinput,55,0.5272837732691749,411,213
1CKP-PVB,MSE,gradinput,60,0.5345321200412584,383,199
1CKP-PVB,MSE,gradinput,65,0.5410699620101329,351,183
1CKP-PVB,MSE,gradinput,70,0.5471117335823216,255,135
1CKP-PVB,MSE,gradinput,75,0.5423857462448067,149,82
1CKP-PVB,MSE,gradinput,80,0.5377410468319557,121,68
1CKP-PVB,MSE,gradinput,85,0.5453586497890294,79,46
1CKP-PVB,MSE,gradinput,90,0.5185185185185185,27,18
1CKP-PVB,MSE,gradinput,95,0.5,2,2
1CKP-PVB,MSE,ig,50,0.6447479260362039,413,214
1CKP-PVB,MSE,ig,55,0.6454727416406246,411,213
1CKP-PVB,MSE,ig,60,0.6497774418792691,383,199
1CKP-PVB,MSE,ig,65,0.6557117937459814,351,183
1CKP-PVB,MSE,ig,70,0.6488920012449422,255,135
1CKP-PVB,MSE,ig,75,0.6004873761585171,149,82
1CKP-PVB,MSE,ig,80,0.6009641873278238,121,68
1CKP-PVB,MSE,ig,85,0.590717299578059,79,46
1CKP-PVB,MSE,ig,90,0.5740740740740741,27,18
1CKP-PVB,MSE,ig,95,1.0,2,2
1CKP-PVB,MSE,shap,50,0.5379795847855949,413,214
1CKP-PVB,MSE,shap,55,0.5381235080140186,411,213
1CKP-PVB,MSE,shap,60,0.5393978301941746,383,199
1CKP-PVB,MSE,shap,65,0.5345160300288502,351,183
1CKP-PVB,MSE,shap,70,0.5252287581699345,255,135
1CKP-PVB,MSE,shap,75,0.5284995206136145,149,82
1CKP-PVB,MSE,shap,80,0.5393939393939394,121,68
1CKP-PVB,MSE,shap,85,0.5232067510548523,79,46
1CKP-PVB,MSE,shap,90,0.5925925925925926,27,18
1CKP-PVB,MSE,shap,95,0.0,2,2
1D3G-BRE,MSE,cam,50,0.5886786469344606,215,109
1D3G-BRE,MSE,cam,55,0.5886786469344606,215,109
1D3G-BRE,MSE,cam,60,0.5886786469344606,215,109
1D3G-BRE,MSE,cam,65,0.5853214890016918,197,100
1D3G-BRE,MSE,cam,70,0.583190476190476,175,89
1D3G-BRE,MSE,cam,75,0.5205387205387205,99,51
1D3G-BRE,MSE,cam,80,0.49487179487179483,65,34
1D3G-BRE,MSE,cam,85,0.4909909909909909,37,20
1D3G-BRE,MSE,cam,90,0.5,18,10
1D3G-BRE,MSE,cam,95,0.5,6,4
1D3G-BRE,MSE,diff,50,0.6394140742977951,215,109
1D3G-BRE,MSE,diff,55,0.6394140742977951,215,109
1D3G-BRE,MSE,diff,60,0.6394140742977951,215,109
1D3G-BRE,MSE,diff,65,0.6447304810248973,197,100
1D3G-BRE,MSE,diff,70,0.6433061224489794,175,89
1D3G-BRE,MSE,diff,75,0.5730639730639732,99,51
1D3G-BRE,MSE,diff,80,0.5512820512820513,65,34
1D3G-BRE,MSE,diff,85,0.6306306306306307,37,20
1D3G-BRE,MSE,diff,90,0.75,18,10
1D3G-BRE,MSE,diff,95,0.8333333333333334,6,4
1D3G-BRE,MSE,gradcam,50,0.47256938152286965,215,109
1D3G-BRE,MSE,gradcam,55,0.47256938152286965,215,109
1D3G-BRE,MSE,gradcam,60,0.47256938152286965,215,109
1D3G-BRE,MSE,gradcam,65,0.46960156312948165,197,100
1D3G-BRE,MSE,gradcam,70,0.48060544217687046,175,89
1D3G-BRE,MSE,gradcam,75,0.5666666666666668,99,51
1D3G-BRE,MSE,gradcam,80,0.5758974358974359,65,34
1D3G-BRE,MSE,gradcam,85,0.5630630630630631,37,20
1D3G-BRE,MSE,gradcam,90,0.5833333333333334,18,10
1D3G-BRE,MSE,gradcam,95,0.5,6,4
1D3G-BRE,MSE,gradinput,50,0.5149503339038222,215,109
1D3G-BRE,MSE,gradinput,55,0.5149503339038222,215,109
1D3G-BRE,MSE,gradinput,60,0.5149503339038222,215,109
1D3G-BRE,MSE,gradinput,65,0.5116247683506566,197,100
1D3G-BRE,MSE,gradinput,70,0.5155306122448978,175,89
1D3G-BRE,MSE,gradinput,75,0.603872053872054,99,51
1D3G-BRE,MSE,gradinput,80,0.6551282051282051,65,34
1D3G-BRE,MSE,gradinput,85,0.6846846846846846,37,20
1D3G-BRE,MSE,gradinput,90,0.6944444444444444,18,10
1D3G-BRE,MSE,gradinput,95,0.6666666666666666,6,4
1D3G-BRE,MSE,ig,50,0.6205129366757274,215,109
1D3G-BRE,MSE,ig,55,0.6205129366757274,215,109
1D3G-BRE,MSE,ig,60,0.6205129366757274,215,109
1D3G-BRE,MSE,ig,65,0.6256405607928451,197,100
1D3G-BRE,MSE,ig,70,0.6318163265306125,175,89
1D3G-BRE,MSE,ig,75,0.6377104377104376,99,51
1D3G-BRE,MSE,ig,80,0.6441025641025641,65,34
1D3G-BRE,MSE,ig,85,0.6936936936936936,37,20
1D3G-BRE,MSE,ig,90,0.8611111111111112,18,10
1D3G-BRE,MSE,ig,95,1.0,6,4
1D3G-BRE,MSE,shap,50,0.48126094835397176,215,109
1D3G-BRE,MSE,shap,55,0.48126094835397176,215,109
1D3G-BRE,MSE,shap,60,0.48126094835397176,215,109
1D3G-BRE,MSE,shap,65,0.4727036499879142,197,100
1D3G-BRE,MSE,shap,70,0.47831972789115673,175,89
1D3G-BRE,MSE,shap,75,0.5010101010101009,99,51
1D3G-BRE,MSE,shap,80,0.5230769230769231,65,34
1D3G-BRE,MSE,shap,85,0.5180180180180181,37,20
1D3G-BRE,MSE,shap,90,0.4722222222222222,18,10
1D3G-BRE,MSE,shap,95,0.5,6,4
1D7X-SPC,MSE,cam,50,0.5192828734127849,1247,634
1D7X-SPC,MSE,cam,55,0.5205343664780041,1171,596
1D7X-SPC,MSE,cam,60,0.5195743778022258,1027,524
1D7X-SPC,MSE,cam,65,0.5227920667166478,716,368
1D7X-SPC,MSE,cam,70,0.518977677651147,539,277
1D7X-SPC,MSE,cam,75,0.5141067987888797,346,178
1D7X-SPC,MSE,cam,80,0.5195360195360195,195,102
1D7X-SPC,MSE,cam,85,0.5185185185185185,90,48
1D7X-SPC,MSE,cam,90,0.5576923076923077,26,14
1D7X-SPC,MSE,cam,95,0.5,4,2
1D7X-SPC,MSE,diff,50,0.652497718149094,1247,634
1D7X-SPC,MSE,diff,55,0.6509157753801642,1171,596
1D7X-SPC,MSE,diff,60,0.6613313847247675,1027,524
1D7X-SPC,MSE,diff,65,0.6764686973485857,716,368
1D7X-SPC,MSE,diff,70,0.6787582959197062,539,277
1D7X-SPC,MSE,diff,75,0.6799006789613725,346,178
1D7X-SPC,MSE,diff,80,0.686923076923077,195,102
1D7X-SPC,MSE,diff,85,0.6814814814814815,90,48
1D7X-SPC,MSE,diff,90,0.6346153846153846,26,14
1D7X-SPC,MSE,diff,95,1.0,4,2
1D7X-SPC,MSE,gradcam,50,0.6116143586818102,1247,634
1D7X-SPC,MSE,gradcam,55,0.6147532632914667,1171,596
1D7X-SPC,MSE,gradcam,60,0.6164827355917926,1027,524
1D7X-SPC,MSE,gradcam,65,0.6279711520633314,716,368
1D7X-SPC,MSE,gradcam,70,0.6296602387511488,539,277
1D7X-SPC,MSE,gradcam,75,0.6392983301220294,346,178
1D7X-SPC,MSE,gradcam,80,0.6470085470085472,195,102
1D7X-SPC,MSE,gradcam,85,0.6314814814814813,90,48
1D7X-SPC,MSE,gradcam,90,0.5769230769230769,26,14
1D7X-SPC,MSE,gradcam,95,0.75,4,2
1D7X-SPC,MSE,gradinput,50,0.5992490383477657,1247,634
1D7X-SPC,MSE,gradinput,55,0.597372407137186,1171,596
1D7X-SPC,MSE,gradinput,60,0.6048990066516827,1027,524
1D7X-SPC,MSE,gradinput,65,0.6105996114376012,716,368
1D7X-SPC,MSE,gradinput,70,0.615426729526916,539,277
1D7X-SPC,MSE,gradinput,75,0.613609046701532,346,178
1D7X-SPC,MSE,gradinput,80,0.6144444444444446,195,102
1D7X-SPC,MSE,gradinput,85,0.6009259259259259,90,48
1D7X-SPC,MSE,gradinput,90,0.5192307692307693,26,14
1D7X-SPC,MSE,gradinput,95,0.5,4,2
1D7X-SPC,MSE,ig,50,0.6242440757191029,1247,634
1D7X-SPC,MSE,ig,55,0.6228122326008759,1171,596
1D7X-SPC,MSE,ig,60,0.6302333796248114,1027,524
1D7X-SPC,MSE,ig,65,0.6317926370649829,716,368
1D7X-SPC,MSE,ig,70,0.6362206748106561,539,277
1D7X-SPC,MSE,ig,75,0.6267708046609782,346,178
1D7X-SPC,MSE,ig,80,0.6427594627594629,195,102
1D7X-SPC,MSE,ig,85,0.6527777777777778,90,48
1D7X-SPC,MSE,ig,90,0.6730769230769231,26,14
1D7X-SPC,MSE,ig,95,0.75,4,2
1D7X-SPC,MSE,shap,50,0.516896053839114,1247,634
1D7X-SPC,MSE,shap,55,0.5185410897352679,1171,596
1D7X-SPC,MSE,shap,60,0.5205641567131344,1027,524
1D7X-SPC,MSE,shap,65,0.5219041472183928,716,368
1D7X-SPC,MSE,shap,70,0.5207774806105044,539,277
1D7X-SPC,MSE,shap,75,0.5200385356454722,346,178
1D7X-SPC,MSE,shap,80,0.52008547008547,195,102
1D7X-SPC,MSE,shap,85,0.5342592592592593,90,48
1D7X-SPC,MSE,shap,90,0.5192307692307693,26,14
1D7X-SPC,MSE,shap,95,0.75,4,2
1D8M-BBH,MSE,cam,50,0.62,50,31
1D8M-BBH,MSE,cam,55,0.6304347826086957,46,29
1D8M-BBH,MSE,cam,60,0.6304347826086957,46,29
1D8M-BBH,MSE,cam,65,0.6363636363636364,44,28
1D8M-BBH,MSE,cam,70,0.65,40,26
1D8M-BBH,MSE,cam,75,0.6785714285714286,28,19
1D8M-BBH,MSE,cam,80,0.6666666666666666,18,12
1D8M-BBH,MSE,cam,85,0.7,10,7
1D8M-BBH,MSE,cam,90,0.75,4,3
1D8M-BBH,MSE,cam,95,,0,0
1D8M-BBH,MSE,diff,50,0.530274225774226,50,31
1D8M-BBH,MSE,diff,55,0.5274719845372021,46,29
1D8M-BBH,MSE,diff,60,0.5274719845372021,46,29
1D8M-BBH,MSE,diff,65,0.5257010035419128,44,28
1D8M-BBH,MSE,diff,70,0.5267559523809526,40,26
1D8M-BBH,MSE,diff,75,0.5315051020408164,28,19
1D8M-BBH,MSE,diff,80,0.5518518518518518,18,12
1D8M-BBH,MSE,diff,85,0.6333333333333333,10,7
1D8M-BBH,MSE,diff,90,0.625,4,3
1D8M-BBH,MSE,diff,95,,0,0
1D8M-BBH,MSE,gradcam,50,0.6145622155622155,50,31
1D8M-BBH,MSE,gradcam,55,0.6109371908284951,46,29
1D8M-BBH,MSE,gradcam,60,0.6109371908284951,46,29
1D8M-BBH,MSE,gradcam,65,0.6131190148235602,44,28
1D8M-BBH,MSE,gradcam,70,0.6335218253968253,40,26
1D8M-BBH,MSE,gradcam,75,0.6320153061224489,28,19
1D8M-BBH,MSE,gradcam,80,0.6203703703703705,18,12
1D8M-BBH,MSE,gradcam,85,0.6166666666666667,10,7
1D8M-BBH,MSE,gradcam,90,0.75,4,3
1D8M-BBH,MSE,gradcam,95,,0,0
1D8M-BBH,MSE,gradinput,50,0.5109366744366743,50,31
1D8M-BBH,MSE,gradinput,55,0.5034335833248876,46,29
1D8M-BBH,MSE,gradinput,60,0.5034335833248876,46,29
1D8M-BBH,MSE,gradinput,65,0.5069272268135904,44,28
1D8M-BBH,MSE,gradinput,70,0.5303472222222222,40,26
1D8M-BBH,MSE,gradinput,75,0.5401785714285714,28,19
1D8M-BBH,MSE,gradinput,80,0.5,18,12
1D8M-BBH,MSE,gradinput,85,0.4666666666666666,10,7
1D8M-BBH,MSE,gradinput,90,0.625,4,3
1D8M-BBH,MSE,gradinput,95,,0,0
1D8M-BBH,MSE,ig,50,0.5697310467310467,50,31
1D8M-BBH,MSE,ig,55,0.5673405097318139,46,29
1D8M-BBH,MSE,ig,60,0.5673405097318139,46,29
1D8M-BBH,MSE,ig,65,0.5654745507018233,44,28
1D8M-BBH,MSE,ig,70,0.5640674603174601,40,26
1D8M-BBH,MSE,ig,75,0.5541666666666666,28,19
1D8M-BBH,MSE,ig,80,0.4962962962962963,18,12
1D8M-BBH,MSE,ig,85,0.4333333333333333,10,7
1D8M-BBH,MSE,ig,90,0.375,4,3
1D8M-BBH,MSE,ig,95,,0,0
1D8M-BBH,MSE,shap,50,0.5752374847374846,50,31
1D8M-BBH,MSE,shap,55,0.5881204544248021,46,29
1D8M-BBH,MSE,shap,60,0.5881204544248021,46,29
1D8M-BBH,MSE,shap,65,0.5819542830906465,44,28
1D8M-BBH,MSE,shap,70,0.5795436507936506,40,26
1D8M-BBH,MSE,shap,75,0.6284863945578232,28,19
1D8M-BBH,MSE,shap,80,0.5972222222222223,18,12
1D8M-BBH,MSE,shap,85,0.6583333333333333,10,7
1D8M-BBH,MSE,shap,90,0.75,4,3
1D8M-BBH,MSE,shap,95,,0,0
1DB4-8IN,MSE,cam,50,0.5267513538841172,4314,2200
1DB4-8IN,MSE,cam,55,0.5263249871059432,4232,2159
1DB4-8IN,MSE,cam,60,0.5259588059612779,4048,2067
1DB4-8IN,MSE,cam,65,0.5282773653510365,3665,1875
1DB4-8IN,MSE,cam,70,0.5310199019269819,2486,1283
1DB4-8IN,MSE,cam,75,0.5362686952037136,1385,726
1DB4-8IN,MSE,cam,80,0.5348214285714286,784,419
1DB4-8IN,MSE,cam,85,0.5466666666666667,450,245
1DB4-8IN,MSE,cam,90,0.5633946830265848,163,96
1DB4-8IN,MSE,cam,95,0.6206896551724138,29,21
1DB4-8IN,MSE,diff,50,0.5638728051956783,4314,2200
1DB4-8IN,MSE,diff,55,0.5644711654639517,4232,2159
1DB4-8IN,MSE,diff,60,0.5658879644181044,4048,2067
1DB4-8IN,MSE,diff,65,0.5673735601975746,3665,1875
1DB4-8IN,MSE,diff,70,0.57757556312464,2486,1283
1DB4-8IN,MSE,diff,75,0.6033505243252527,1385,726
1DB4-8IN,MSE,diff,80,0.6204719387755104,784,419
1DB4-8IN,MSE,diff,85,0.6490000000000006,450,245
1DB4-8IN,MSE,diff,90,0.7065439672801636,163,96
1DB4-8IN,MSE,diff,95,0.7586206896551724,29,21
1DB4-8IN,MSE,gradcam,50,0.5073731598005051,4314,2200
1DB4-8IN,MSE,gradcam,55,0.5090255346402517,4232,2159
1DB4-8IN,MSE,gradcam,60,0.5139186475031353,4048,2067
1DB4-8IN,MSE,gradcam,65,0.5189715021979706,3665,1875
1DB4-8IN,MSE,gradcam,70,0.5327756794470401,2486,1283
1DB4-8IN,MSE,gradcam,75,0.5620311156953752,1385,726
1DB4-8IN,MSE,gradcam,80,0.5936224489795925,784,419
1DB4-8IN,MSE,gradcam,85,0.6310370370370368,450,245
1DB4-8IN,MSE,gradcam,90,0.6728016359918201,163,96
1DB4-8IN,MSE,gradcam,95,0.7586206896551724,29,21
1DB4-8IN,MSE,gradinput,50,0.46049816740953076,4314,2200
1DB4-8IN,MSE,gradinput,55,0.4606725479275622,4232,2159
1DB4-8IN,MSE,gradinput,60,0.4630353993558012,4048,2067
1DB4-8IN,MSE,gradinput,65,0.46589761383076256,3665,1875
1DB4-8IN,MSE,gradinput,70,0.47889325968569596,2486,1283
1DB4-8IN,MSE,gradinput,75,0.49939745573319694,1385,726
1DB4-8IN,MSE,gradinput,80,0.5322491496598639,784,419
1DB4-8IN,MSE,gradinput,85,0.5483703703703705,450,245
1DB4-8IN,MSE,gradinput,90,0.5746421267893662,163,96
1DB4-8IN,MSE,gradinput,95,0.5862068965517241,29,21
1DB4-8IN,MSE,ig,50,0.5002053102269436,4314,2200
1DB4-8IN,MSE,ig,55,0.5006798381110363,4232,2159
1DB4-8IN,MSE,ig,60,0.5023141644806678,4048,2067
1DB4-8IN,MSE,ig,65,0.5061086011154241,3665,1875
1DB4-8IN,MSE,ig,70,0.5225663716814155,2486,1283
1DB4-8IN,MSE,ig,75,0.5490441808492356,1385,726
1DB4-8IN,MSE,ig,80,0.5759778911564625,784,419
1DB4-8IN,MSE,ig,85,0.5918888888888889,450,245
1DB4-8IN,MSE,ig,90,0.6257668711656442,163,96
1DB4-8IN,MSE,ig,95,0.6896551724137931,29,21
1DB4-8IN,MSE,shap,50,0.5110526393671142,4314,2200
1DB4-8IN,MSE,shap,55,0.5116957753904542,4232,2159
1DB4-8IN,MSE,shap,60,0.5111476420209128,4048,2067
1DB4-8IN,MSE,shap,65,0.5119935468502996,3665,1875
1DB4-8IN,MSE,shap,70,0.5145855317918876,2486,1283
1DB4-8IN,MSE,shap,75,0.5133625580195981,1385,726
1DB4-8IN,MSE,shap,80,0.5198767006802727,784,419
1DB4-8IN,MSE,shap,85,0.5291481481481478,450,245
1DB4-8IN,MSE,shap,90,0.5020449897750511,163,96
1DB4-8IN,MSE,shap,95,0.4482758620689655,29,21
1DYR-TOP,MSE,cam,50,0.49879706092723847,169,85
1DYR-TOP,MSE,cam,55,0.4975450081833061,141,71
1DYR-TOP,MSE,cam,60,0.4936708860759494,79,40
1DYR-TOP,MSE,cam,65,0.49019607843137253,51,26
1DYR-TOP,MSE,cam,70,0.4857142857142857,35,18
1DYR-TOP,MSE,cam,75,0.46153846153846156,13,7
1DYR-TOP,MSE,cam,80,0.3333333333333333,3,2
1DYR-TOP,MSE,cam,85,0.0,1,1
1DYR-TOP,MSE,cam,90,,0,0
1DYR-TOP,MSE,cam,95,,0,0
1DYR-TOP,MSE,diff,50,0.6014535185393176,169,85
1DYR-TOP,MSE,diff,55,0.5981790077534761,141,71
1DYR-TOP,MSE,diff,60,0.5776910150327872,79,40
1DYR-TOP,MSE,diff,65,0.5757158418923126,51,26
1DYR-TOP,MSE,diff,70,0.5447959183673469,35,18
1DYR-TOP,MSE,diff,75,0.47161172161172166,13,7
1DYR-TOP,MSE,diff,80,0.6888888888888888,3,2
1DYR-TOP,MSE,diff,85,0.6666666666666666,1,1
1DYR-TOP,MSE,diff,90,,0,0
1DYR-TOP,MSE,diff,95,,0,0
1DYR-TOP,MSE,gradcam,50,0.5501620995703834,169,85
1DYR-TOP,MSE,gradcam,55,0.5547137850329339,141,71
1DYR-TOP,MSE,gradcam,60,0.5642231537801159,79,40
1DYR-TOP,MSE,gradcam,65,0.5521475256769375,51,26
1DYR-TOP,MSE,gradcam,70,0.5665306122448979,35,18
1DYR-TOP,MSE,gradcam,75,0.5754578754578754,13,7
1DYR-TOP,MSE,gradcam,80,0.6222222222222221,3,2
1DYR-TOP,MSE,gradcam,85,0.6666666666666666,1,1
1DYR-TOP,MSE,gradcam,90,,0,0
1DYR-TOP,MSE,gradcam,95,,0,0
1DYR-TOP,MSE,gradinput,50,0.550935389396928,169,85
1DYR-TOP,MSE,gradinput,55,0.5457185643355856,141,71
1DYR-TOP,MSE,gradinput,60,0.5713819935338923,79,40
1DYR-TOP,MSE,gradinput,65,0.5383675692499221,51,26
1DYR-TOP,MSE,gradinput,70,0.552358276643991,35,18
1DYR-TOP,MSE,gradinput,75,0.4794871794871795,13,7
1DYR-TOP,MSE,gradinput,80,0.4444444444444444,3,2
1DYR-TOP,MSE,gradinput,85,0.3333333333333333,1,1
1DYR-TOP,MSE,gradinput,90,,0,0
1DYR-TOP,MSE,gradinput,95,,0,0
1DYR-TOP,MSE,ig,50,0.5427634659883179,169,85
1DYR-TOP,MSE,ig,55,0.5429280923961775,141,71
1DYR-TOP,MSE,ig,60,0.532421867864906,79,40
1DYR-TOP,MSE,ig,65,0.5251711795829441,51,26
1DYR-TOP,MSE,ig,70,0.5149546485260771,35,18
1DYR-TOP,MSE,ig,75,0.48901098901098905,13,7
1DYR-TOP,MSE,ig,80,0.7999999999999999,3,2
1DYR-TOP,MSE,ig,85,1.0,1,1
1DYR-TOP,MSE,ig,90,,0,0
1DYR-TOP,MSE,ig,95,,0,0
1DYR-TOP,MSE,shap,50,0.5278516765942801,169,85
1DYR-TOP,MSE,shap,55,0.5221734136627751,141,71
1DYR-TOP,MSE,shap,60,0.5139076113759659,79,40
1DYR-TOP,MSE,shap,65,0.5201447245564893,51,26
1DYR-TOP,MSE,shap,70,0.5063151927437642,35,18
1DYR-TOP,MSE,shap,75,0.36556776556776555,13,7
1DYR-TOP,MSE,shap,80,0.35555555555555557,3,2
1DYR-TOP,MSE,shap,85,0.6666666666666666,1,1
1DYR-TOP,MSE,shap,90,,0,0
1DYR-TOP,MSE,shap,95,,0,0
1EZQ-RPR,MSE,cam,50,0.5,26,13
1EZQ-RPR,MSE,cam,55,0.5,26,13
1EZQ-RPR,MSE,cam,60,0.5,26,13
1EZQ-RPR,MSE,cam,65,0.5,26,13
1EZQ-RPR,MSE,cam,70,0.5,26,13
1EZQ-RPR,MSE,cam,75,0.5,26,13
1EZQ-RPR,MSE,cam,80,0.5,26,13
1EZQ-RPR,MSE,cam,85,0.5,24,12
1EZQ-RPR,MSE,cam,90,0.5,18,9
1EZQ-RPR,MSE,cam,95,0.5,2,1
1EZQ-RPR,MSE,diff,50,0.7,26,13
1EZQ-RPR,MSE,diff,55,0.7,26,13
1EZQ-RPR,MSE,diff,60,0.7,26,13
1EZQ-RPR,MSE,diff,65,0.7,26,13
1EZQ-RPR,MSE,diff,70,0.7,26,13
1EZQ-RPR,MSE,diff,75,0.7,26,13
1EZQ-RPR,MSE,diff,80,0.7,26,13
1EZQ-RPR,MSE,diff,85,0.7166666666666667,24,12
1EZQ-RPR,MSE,diff,90,0.7361111111111112,18,9
1EZQ-RPR,MSE,diff,95,0.75,2,1
1EZQ-RPR,MSE,gradcam,50,0.7107142857142856,26,13
1EZQ-RPR,MSE,gradcam,55,0.7107142857142856,26,13
1EZQ-RPR,MSE,gradcam,60,0.7107142857142856,26,13
1EZQ-RPR,MSE,gradcam,65,0.7107142857142856,26,13
1EZQ-RPR,MSE,gradcam,70,0.7107142857142856,26,13
1EZQ-RPR,MSE,gradcam,75,0.7107142857142856,26,13
1EZQ-RPR,MSE,gradcam,80,0.7107142857142856,26,13
1EZQ-RPR,MSE,gradcam,85,0.7173611111111112,24,12
1EZQ-RPR,MSE,gradcam,90,0.7731481481481481,18,9
1EZQ-RPR,MSE,gradcam,95,0.75,2,1
1EZQ-RPR,MSE,gradinput,50,0.8447802197802197,26,13
1EZQ-RPR,MSE,gradinput,55,0.8447802197802197,26,13
1EZQ-RPR,MSE,gradinput,60,0.8447802197802197,26,13
1EZQ-RPR,MSE,gradinput,65,0.8447802197802197,26,13
1EZQ-RPR,MSE,gradinput,70,0.8447802197802197,26,13
1EZQ-RPR,MSE,gradinput,75,0.8447802197802197,26,13
1EZQ-RPR,MSE,gradinput,80,0.8447802197802197,26,13
1EZQ-RPR,MSE,gradinput,85,0.8784722222222222,24,12
1EZQ-RPR,MSE,gradinput,90,0.9212962962962964,18,9
1EZQ-RPR,MSE,gradinput,95,0.75,2,1
1EZQ-RPR,MSE,ig,50,0.7916666666666667,26,13
1EZQ-RPR,MSE,ig,55,0.7916666666666667,26,13
1EZQ-RPR,MSE,ig,60,0.7916666666666667,26,13
1EZQ-RPR,MSE,ig,65,0.7916666666666667,26,13
1EZQ-RPR,MSE,ig,70,0.7916666666666667,26,13
1EZQ-RPR,MSE,ig,75,0.7916666666666667,26,13
1EZQ-RPR,MSE,ig,80,0.7916666666666667,26,13
1EZQ-RPR,MSE,ig,85,0.8159722222222222,24,12
1EZQ-RPR,MSE,ig,90,0.824074074074074,18,9
1EZQ-RPR,MSE,ig,95,0.75,2,1
1EZQ-RPR,MSE,shap,50,0.6438644688644689,26,13
1EZQ-RPR,MSE,shap,55,0.6438644688644689,26,13
1EZQ-RPR,MSE,shap,60,0.6438644688644689,26,13
1EZQ-RPR,MSE,shap,65,0.6438644688644689,26,13
1EZQ-RPR,MSE,shap,70,0.6438644688644689,26,13
1EZQ-RPR,MSE,shap,75,0.6438644688644689,26,13
1EZQ-RPR,MSE,shap,80,0.6438644688644689,26,13
1EZQ-RPR,MSE,shap,85,0.6409722222222222,24,12
1EZQ-RPR,MSE,shap,90,0.5601851851851852,18,9
1EZQ-RPR,MSE,shap,95,1.0,2,1
1F0R-815,MSE,cam,50,0.503935860058309,441,229
1F0R-815,MSE,cam,55,0.5045318910854159,383,200
1F0R-815,MSE,cam,60,0.5052438498057833,331,174
1F0R-815,MSE,cam,65,0.5054307116104868,267,142
1F0R-815,MSE,cam,70,0.4997727272727273,220,118
1F0R-815,MSE,cam,75,0.49447368421052634,190,102
1F0R-815,MSE,cam,80,0.48577235772357724,123,68
1F0R-815,MSE,cam,85,0.47307692307692306,65,37
1F0R-815,MSE,cam,90,0.4318181818181818,22,15
1F0R-815,MSE,cam,95,0.4,5,4
1F0R-815,MSE,diff,50,0.648410051576993,441,229
1F0R-815,MSE,diff,55,0.644960255916714,383,200
1F0R-815,MSE,diff,60,0.650917989362098,331,174
1F0R-815,MSE,diff,65,0.659741101595034,267,142
1F0R-815,MSE,diff,70,0.6646725748998477,220,118
1F0R-815,MSE,diff,75,0.6726086048454468,190,102
1F0R-815,MSE,diff,80,0.6808749516066591,123,68
1F0R-815,MSE,diff,85,0.722051282051282,65,37
1F0R-815,MSE,diff,90,0.7803030303030302,22,15
1F0R-815,MSE,diff,95,0.8,5,4
1F0R-815,MSE,gradcam,50,0.6735757987802744,441,229
1F0R-815,MSE,gradcam,55,0.6775648641875026,383,200
1F0R-815,MSE,gradcam,60,0.6896066756338658,331,174
1F0R-815,MSE,gradcam,65,0.7162182906564932,267,142
1F0R-815,MSE,gradcam,70,0.724085573517392,220,118
1F0R-815,MSE,gradcam,75,0.723828320802005,190,102
1F0R-815,MSE,gradcam,80,0.7290940766550519,123,68
1F0R-815,MSE,gradcam,85,0.6548717948717949,65,37
1F0R-815,MSE,gradcam,90,0.6439393939393938,22,15
1F0R-815,MSE,gradcam,95,0.6,5,4
1F0R-815,MSE,gradinput,50,0.5609010004670437,441,229
1F0R-815,MSE,gradinput,55,0.5679799093464428,383,200
1F0R-815,MSE,gradinput,60,0.5793053706950989,331,174
1F0R-815,MSE,gradinput,65,0.5931558869761117,267,142
1F0R-815,MSE,gradinput,70,0.6047058370922006,220,118
1F0R-815,MSE,gradinput,75,0.6010672514619881,190,102
1F0R-815,MSE,gradinput,80,0.5903794037940379,123,68
1F0R-815,MSE,gradinput,85,0.5628205128205128,65,37
1F0R-815,MSE,gradinput,90,0.6060606060606061,22,15
1F0R-815,MSE,gradinput,95,0.4,5,4
1F0R-815,MSE,ig,50,0.6078312774646001,441,229
1F0R-815,MSE,ig,55,0.6118482873378437,383,200
1F0R-815,MSE,ig,60,0.6211851592516245,331,174
1F0R-815,MSE,ig,65,0.6390352053273403,267,142
1F0R-815,MSE,ig,70,0.649479195047377,220,118
1F0R-815,MSE,ig,75,0.6546971595655808,190,102
1F0R-815,MSE,ig,80,0.675600077429346,123,68
1F0R-815,MSE,ig,85,0.6838461538461537,65,37
1F0R-815,MSE,ig,90,0.7424242424242425,22,15
1F0R-815,MSE,ig,95,0.6,5,4
1F0R-815,MSE,shap,50,0.5306256126606802,441,229
1F0R-815,MSE,shap,55,0.5354654405049887,383,200
1F0R-815,MSE,shap,60,0.5362576413180642,331,174
1F0R-815,MSE,shap,65,0.5424148884823042,267,142
1F0R-815,MSE,shap,70,0.5448313933541207,220,118
1F0R-815,MSE,shap,75,0.5478174603174604,190,102
1F0R-815,MSE,shap,80,0.5625629113433992,123,68
1F0R-815,MSE,shap,85,0.5638461538461539,65,37
1F0R-815,MSE,shap,90,0.6515151515151515,22,15
1F0R-815,MSE,shap,95,0.8,5,4
1F40-GPI,MSE,cam,50,0.6450680272108844,98,67
1F40-GPI,MSE,cam,55,0.6450680272108844,98,67
1F40-GPI,MSE,cam,60,0.6450680272108844,98,67
1F40-GPI,MSE,cam,65,0.6450680272108844,98,67
1F40-GPI,MSE,cam,70,0.6450680272108844,98,67
1F40-GPI,MSE,cam,75,0.6450680272108844,98,67
1F40-GPI,MSE,cam,80,0.6842320261437909,68,52
1F40-GPI,MSE,cam,85,0.75,32,29
1F40-GPI,MSE,cam,90,0.7619047619047619,21,21
1F40-GPI,MSE,cam,95,0.6666666666666666,9,11
1F40-GPI,MSE,diff,50,0.3684766763848397,98,67
1F40-GPI,MSE,diff,55,0.3684766763848397,98,67
1F40-GPI,MSE,diff,60,0.3684766763848397,98,67
1F40-GPI,MSE,diff,65,0.3684766763848397,98,67
1F40-GPI,MSE,diff,70,0.3684766763848397,98,67
1F40-GPI,MSE,diff,75,0.3684766763848397,98,67
1F40-GPI,MSE,diff,80,0.39100723622782446,68,52
1F40-GPI,MSE,diff,85,0.4308035714285714,32,29
1F40-GPI,MSE,diff,90,0.39285714285714285,21,21
1F40-GPI,MSE,diff,95,0.3333333333333333,9,11
1F40-GPI,MSE,gradcam,50,0.6560311570515655,98,67
1F40-GPI,MSE,gradcam,55,0.6560311570515655,98,67
1F40-GPI,MSE,gradcam,60,0.6560311570515655,98,67
1F40-GPI,MSE,gradcam,65,0.6560311570515655,98,67
1F40-GPI,MSE,gradcam,70,0.6560311570515655,98,67
1F40-GPI,MSE,gradcam,75,0.6560311570515655,98,67
1F40-GPI,MSE,gradcam,80,0.7166900093370682,68,52
1F40-GPI,MSE,gradcam,85,0.696577380952381,32,29
1F40-GPI,MSE,gradcam,90,0.6349206349206349,21,21
1F40-GPI,MSE,gradcam,95,0.3888888888888889,9,11
1F40-GPI,MSE,gradinput,50,0.5988433901699207,98,67
1F40-GPI,MSE,gradinput,55,0.5988433901699207,98,67
1F40-GPI,MSE,gradinput,60,0.5988433901699207,98,67
1F40-GPI,MSE,gradinput,65,0.5988433901699207,98,67
1F40-GPI,MSE,gradinput,70,0.5988433901699207,98,67
1F40-GPI,MSE,gradinput,75,0.5988433901699207,98,67
1F40-GPI,MSE,gradinput,80,0.6190126050420168,68,52
1F40-GPI,MSE,gradinput,85,0.5841517857142857,32,29
1F40-GPI,MSE,gradinput,90,0.5873015873015872,21,21
1F40-GPI,MSE,gradinput,95,0.4444444444444444,9,11
1F40-GPI,MSE,ig,50,0.5339053803339517,98,67
1F40-GPI,MSE,ig,55,0.5339053803339517,98,67
1F40-GPI,MSE,ig,60,0.5339053803339517,98,67
1F40-GPI,MSE,ig,65,0.5339053803339517,98,67
1F40-GPI,MSE,ig,70,0.5339053803339517,98,67
1F40-GPI,MSE,ig,75,0.5339053803339517,98,67
1F40-GPI,MSE,ig,80,0.5204948646125116,68,52
1F40-GPI,MSE,ig,85,0.5454613095238094,32,29
1F40-GPI,MSE,ig,90,0.6230158730158729,21,21
1F40-GPI,MSE,ig,95,0.6111111111111112,9,11
1F40-GPI,MSE,shap,50,0.5538622375357071,98,67
1F40-GPI,MSE,shap,55,0.5538622375357071,98,67
1F40-GPI,MSE,shap,60,0.5538622375357071,98,67
1F40-GPI,MSE,shap,65,0.5538622375357071,98,67
1F40-GPI,MSE,shap,70,0.5538622375357071,98,67
1F40-GPI,MSE,shap,75,0.5538622375357071,98,67
1F40-GPI,MSE,shap,80,0.5388655462184873,68,52
1F40-GPI,MSE,shap,85,0.545610119047619,32,29
1F40-GPI,MSE,shap,90,0.4841269841269841,21,21
1F40-GPI,MSE,shap,95,0.2777777777777778,9,11
1FLS-WAY,MSE,cam,50,0.5134578871420977,855,439
1FLS-WAY,MSE,cam,55,0.5137473040698848,837,430
1FLS-WAY,MSE,cam,60,0.5147330262567139,781,402
1FLS-WAY,MSE,cam,65,0.5171482764627325,671,347
1FLS-WAY,MSE,cam,70,0.5206256921373201,516,269
1FLS-WAY,MSE,cam,75,0.5268049155145929,310,165
1FLS-WAY,MSE,cam,80,0.5297619047619048,168,91
1FLS-WAY,MSE,cam,85,0.5394736842105263,76,42
1FLS-WAY,MSE,cam,90,0.6,15,9
1FLS-WAY,MSE,cam,95,1.0,1,1
1FLS-WAY,MSE,diff,50,0.6735299394588686,855,439
1FLS-WAY,MSE,diff,55,0.6742915110166857,837,430
1FLS-WAY,MSE,diff,60,0.6758910894031787,781,402
1FLS-WAY,MSE,diff,65,0.6807392723190051,671,347
1FLS-WAY,MSE,diff,70,0.6833157852053208,516,269
1FLS-WAY,MSE,diff,75,0.6990258576548901,310,165
1FLS-WAY,MSE,diff,80,0.707794784580499,168,91
1FLS-WAY,MSE,diff,85,0.7155701754385961,76,42
1FLS-WAY,MSE,diff,90,0.6777777777777777,15,9
1FLS-WAY,MSE,diff,95,0.0,1,1
1FLS-WAY,MSE,gradcam,50,0.4774210916533441,855,439
1FLS-WAY,MSE,gradcam,55,0.4789904941654889,837,430
1FLS-WAY,MSE,gradcam,60,0.47736077785787795,781,402
1FLS-WAY,MSE,gradcam,65,0.4748624243780726,671,347
1FLS-WAY,MSE,gradcam,70,0.465879517769053,516,269
1FLS-WAY,MSE,gradcam,75,0.4517127496159755,310,165
1FLS-WAY,MSE,gradcam,80,0.4477040816326527,168,91
1FLS-WAY,MSE,gradcam,85,0.461622807017544,76,42
1FLS-WAY,MSE,gradcam,90,0.5555555555555555,15,9
1FLS-WAY,MSE,gradcam,95,1.0,1,1
1FLS-WAY,MSE,gradinput,50,0.45244485915294114,855,439
1FLS-WAY,MSE,gradinput,55,0.4530929640907501,837,430
1FLS-WAY,MSE,gradinput,60,0.45260320738403154,781,402
1FLS-WAY,MSE,gradinput,65,0.448682953079376,671,347
1FLS-WAY,MSE,gradinput,70,0.43929850833920603,516,269
1FLS-WAY,MSE,gradinput,75,0.42392473118279556,310,165
1FLS-WAY,MSE,gradinput,80,0.4127125850340137,168,91
1FLS-WAY,MSE,gradinput,85,0.3927631578947369,76,42
1FLS-WAY,MSE,gradinput,90,0.32222222222222224,15,9
1FLS-WAY,MSE,gradinput,95,0.0,1,1
1FLS-WAY,MSE,ig,50,0.571700003848719,855,439
1FLS-WAY,MSE,ig,55,0.5717813688876305,837,430
1FLS-WAY,MSE,ig,60,0.569427974383913,781,402
1FLS-WAY,MSE,ig,65,0.562552995936006,671,347
1FLS-WAY,MSE,ig,70,0.546217574415249,516,269
1FLS-WAY,MSE,ig,75,0.5461507936507942,310,165
1FLS-WAY,MSE,ig,80,0.5390731292517001,168,91
1FLS-WAY,MSE,ig,85,0.518859649122807,76,42
1FLS-WAY,MSE,ig,90,0.5222222222222221,15,9
1FLS-WAY,MSE,ig,95,0.0,1,1
1FLS-WAY,MSE,shap,50,0.5243091813295765,855,439
1FLS-WAY,MSE,shap,55,0.5252628091838504,837,430
1FLS-WAY,MSE,shap,60,0.5263223872651829,781,402
1FLS-WAY,MSE,shap,65,0.5268189295387506,671,347
1FLS-WAY,MSE,shap,70,0.525776592055662,516,269
1FLS-WAY,MSE,shap,75,0.5216922683051716,310,165
1FLS-WAY,MSE,shap,80,0.5312499999999997,168,91
1FLS-WAY,MSE,shap,85,0.5197368421052633,76,42
1FLS-WAY,MSE,shap,90,0.5666666666666667,15,9
1FLS-WAY,MSE,shap,95,1.0,1,1
1FM9-570,MSE,cam,50,0.5129022445060182,265,136
1FM9-570,MSE,cam,55,0.5146272941032766,229,118
1FM9-570,MSE,cam,60,0.5166649271126883,201,104
1FM9-570,MSE,cam,65,0.5205191633763063,147,77
1FM9-570,MSE,cam,70,0.5272727272727273,95,51
1FM9-570,MSE,cam,75,0.5373134328358209,67,37
1FM9-570,MSE,cam,80,0.5510204081632653,49,28
1FM9-570,MSE,cam,85,0.5517241379310345,29,17
1FM9-570,MSE,cam,90,0.5833333333333334,12,8
1FM9-570,MSE,cam,95,1.0,1,2
1FM9-570,MSE,diff,50,0.6865200684362132,265,136
1FM9-570,MSE,diff,55,0.6849764276069238,229,118
1FM9-570,MSE,diff,60,0.6820965957269726,201,104
1FM9-570,MSE,diff,65,0.6610174406092771,147,77
1FM9-570,MSE,diff,70,0.6280375180375181,95,51
1FM9-570,MSE,diff,75,0.6261786306562427,67,37
1FM9-570,MSE,diff,80,0.6115160349854228,49,28
1FM9-570,MSE,diff,85,0.6022988505747127,29,17
1FM9-570,MSE,diff,90,0.5555555555555555,12,8
1FM9-570,MSE,diff,95,0.0,1,2
1FM9-570,MSE,gradcam,50,0.5886048995886018,265,136
1FM9-570,MSE,gradcam,55,0.5895542372508453,229,118
1FM9-570,MSE,gradcam,60,0.5813539434259364,201,104
1FM9-570,MSE,gradcam,65,0.5691287170879006,147,77
1FM9-570,MSE,gradcam,70,0.5449711399711398,95,51
1FM9-570,MSE,gradcam,75,0.5415541340914475,67,37
1FM9-570,MSE,gradcam,80,0.5248056365403305,49,28
1FM9-570,MSE,gradcam,85,0.5333333333333333,29,17
1FM9-570,MSE,gradcam,90,0.6805555555555555,12,8
1FM9-570,MSE,gradcam,95,1.0,1,2
1FM9-570,MSE,gradinput,50,0.538308935695027,265,136
1FM9-570,MSE,gradinput,55,0.5458657925220719,229,118
1FM9-570,MSE,gradinput,60,0.5452095115725497,201,104
1FM9-570,MSE,gradinput,65,0.5478866371723519,147,77
1FM9-570,MSE,gradinput,70,0.533155236576289,95,51
1FM9-570,MSE,gradinput,75,0.5240878938640131,67,37
1FM9-570,MSE,gradinput,80,0.5022108843537414,49,28
1FM9-570,MSE,gradinput,85,0.4919540229885057,29,17
1FM9-570,MSE,gradinput,90,0.5833333333333334,12,8
1FM9-570,MSE,gradinput,95,1.0,1,2
1FM9-570,MSE,ig,50,0.5058282510370831,265,136
1FM9-570,MSE,ig,55,0.5069289447481747,229,118
1FM9-570,MSE,ig,60,0.5009138119871217,201,104
1FM9-570,MSE,ig,65,0.501773340038646,147,77
1FM9-570,MSE,ig,70,0.510522518417255,95,51
1FM9-570,MSE,ig,75,0.4946991234304666,67,37
1FM9-570,MSE,ig,80,0.48537414965986403,49,28
1FM9-570,MSE,ig,85,0.43793103448275866,29,17
1FM9-570,MSE,ig,90,0.41666666666666674,12,8
1FM9-570,MSE,ig,95,0.0,1,2
1FM9-570,MSE,shap,50,0.5302966769747832,265,136
1FM9-570,MSE,shap,55,0.5344229833224924,229,118
1FM9-570,MSE,shap,60,0.5315336892158664,201,104
1FM9-570,MSE,shap,65,0.5342510286387834,147,77
1FM9-570,MSE,shap,70,0.5517335004177109,95,51
1FM9-570,MSE,shap,75,0.5420931058990759,67,37
1FM9-570,MSE,shap,80,0.544290573372206,49,28
1FM9-570,MSE,shap,85,0.5517241379310346,29,17
1FM9-570,MSE,shap,90,0.5277777777777778,12,8
1FM9-570,MSE,shap,95,0.0,1,2
1G5S-I17,MSE,cam,50,0.5141810363957635,2590,1298
1G5S-I17,MSE,cam,55,0.514650538793201,2422,1214
1G5S-I17,MSE,cam,60,0.5142884212475561,2080,1043
1G5S-I17,MSE,cam,65,0.5119684131497318,1820,913
1G5S-I17,MSE,cam,70,0.5130752768770335,1594,800
1G5S-I17,MSE,cam,75,0.5141208218213339,1172,589
1G5S-I17,MSE,cam,80,0.5190536315536315,792,399
1G5S-I17,MSE,cam,85,0.5207061068702288,524,265
1G5S-I17,MSE,cam,90,0.5065176908752328,179,91
1G5S-I17,MSE,cam,95,0.45454545454545453,11,6
1G5S-I17,MSE,diff,50,0.6267290556581795,2590,1298
1G5S-I17,MSE,diff,55,0.6282002053957664,2422,1214
1G5S-I17,MSE,diff,60,0.6358277726546953,2080,1043
1G5S-I17,MSE,diff,65,0.6409438318092153,1820,913
1G5S-I17,MSE,diff,70,0.645936149449322,1594,800
1G5S-I17,MSE,diff,75,0.6740357007421854,1172,589
1G5S-I17,MSE,diff,80,0.720328282828283,792,399
1G5S-I17,MSE,diff,85,0.7468829516539446,524,265
1G5S-I17,MSE,diff,90,0.856610800744879,179,91
1G5S-I17,MSE,diff,95,0.9090909090909091,11,6
1G5S-I17,MSE,gradcam,50,0.5122914173660525,2590,1298
1G5S-I17,MSE,gradcam,55,0.5145075043302694,2422,1214
1G5S-I17,MSE,gradcam,60,0.5197337691688646,2080,1043
1G5S-I17,MSE,gradcam,65,0.522848313164246,1820,913
1G5S-I17,MSE,gradcam,70,0.5226050611872437,1594,800
1G5S-I17,MSE,gradcam,75,0.529669808765372,1172,589
1G5S-I17,MSE,gradcam,80,0.540220658970659,792,399
1G5S-I17,MSE,gradcam,85,0.5493002544529266,524,265
1G5S-I17,MSE,gradcam,90,0.5642458100558658,179,91
1G5S-I17,MSE,gradcam,95,0.5454545454545454,11,6
1G5S-I17,MSE,gradinput,50,0.4872902201661572,2590,1298
1G5S-I17,MSE,gradinput,55,0.4930953294383473,2422,1214
1G5S-I17,MSE,gradinput,60,0.496841641264718,2080,1043
1G5S-I17,MSE,gradinput,65,0.5026416760894782,1820,913
1G5S-I17,MSE,gradinput,70,0.5057273759281291,1594,800
1G5S-I17,MSE,gradinput,75,0.5176641475702913,1172,589
1G5S-I17,MSE,gradinput,80,0.5274621212121209,792,399
1G5S-I17,MSE,gradinput,85,0.5268765903307888,524,265
1G5S-I17,MSE,gradinput,90,0.5093109869646182,179,91
1G5S-I17,MSE,gradinput,95,0.5454545454545454,11,6
1G5S-I17,MSE,ig,50,0.5770897734813045,2590,1298
1G5S-I17,MSE,ig,55,0.576128991317886,2422,1214
1G5S-I17,MSE,ig,60,0.5767458823228061,2080,1043
1G5S-I17,MSE,ig,65,0.5727215138341509,1820,913
1G5S-I17,MSE,ig,70,0.5685846409968115,1594,800
1G5S-I17,MSE,ig,75,0.5727954520829949,1172,589
1G5S-I17,MSE,ig,80,0.5760281385281387,792,399
1G5S-I17,MSE,ig,85,0.5572519083969468,524,265
1G5S-I17,MSE,ig,90,0.5083798882681564,179,91
1G5S-I17,MSE,ig,95,0.45454545454545453,11,6
1G5S-I17,MSE,shap,50,0.5140903237602705,2590,1298
1G5S-I17,MSE,shap,55,0.5135061505704995,2422,1214
1G5S-I17,MSE,shap,60,0.5152192679115755,2080,1043
1G5S-I17,MSE,shap,65,0.5171869263215418,1820,913
1G5S-I17,MSE,shap,70,0.5173963374559356,1594,800
1G5S-I17,MSE,shap,75,0.5204442954656268,1172,589
1G5S-I17,MSE,shap,80,0.5249037999038,792,399
1G5S-I17,MSE,shap,85,0.5276717557251909,524,265
1G5S-I17,MSE,shap,90,0.5027932960893854,179,91
1G5S-I17,MSE,shap,95,0.6363636363636364,11,6
1H00-FAP,MSE,cam,50,0.5119047619047619,84,43
1H00-FAP,MSE,cam,55,0.5128205128205128,78,40
1H00-FAP,MSE,cam,60,0.5238095238095238,42,22
1H00-FAP,MSE,cam,65,0.5277777777777778,36,19
1H00-FAP,MSE,cam,70,0.625,8,5
1H00-FAP,MSE,cam,75,0.6666666666666666,6,4
1H00-FAP,MSE,cam,80,0.75,4,3
1H00-FAP,MSE,cam,85,0.75,4,3
1H00-FAP,MSE,cam,90,0.75,4,3
1H00-FAP,MSE,cam,95,,0,0
1H00-FAP,MSE,diff,50,0.5576919277812136,84,43
1H00-FAP,MSE,diff,55,0.5574289136789138,78,40
1H00-FAP,MSE,diff,60,0.5532262050119193,42,22
1H00-FAP,MSE,diff,65,0.5442791005291006,36,19
1H00-FAP,MSE,diff,70,0.6586309523809524,8,5
1H00-FAP,MSE,diff,75,0.6865079365079364,6,4
1H00-FAP,MSE,diff,80,0.7083333333333333,4,3
1H00-FAP,MSE,diff,85,0.7083333333333333,4,3
1H00-FAP,MSE,diff,90,0.7083333333333333,4,3
1H00-FAP,MSE,diff,95,,0,0
1H00-FAP,MSE,gradcam,50,0.5760157831586403,84,43
1H00-FAP,MSE,gradcam,55,0.5758802451110143,78,40
1H00-FAP,MSE,gradcam,60,0.5569102854817141,42,22
1H00-FAP,MSE,gradcam,65,0.5680335097001765,36,19
1H00-FAP,MSE,gradcam,70,0.650595238095238,8,5
1H00-FAP,MSE,gradcam,75,0.6507936507936507,6,4
1H00-FAP,MSE,gradcam,80,0.5833333333333333,4,3
1H00-FAP,MSE,gradcam,85,0.5833333333333333,4,3
1H00-FAP,MSE,gradcam,90,0.5833333333333333,4,3
1H00-FAP,MSE,gradcam,95,,0,0
1H00-FAP,MSE,gradinput,50,0.6076033093890241,84,43
1H00-FAP,MSE,gradinput,55,0.6131027092565557,78,40
1H00-FAP,MSE,gradinput,60,0.6422422815279958,42,22
1H00-FAP,MSE,gradinput,65,0.6533068783068783,36,19
1H00-FAP,MSE,gradinput,70,0.790922619047619,8,5
1H00-FAP,MSE,gradinput,75,0.8253968253968252,6,4
1H00-FAP,MSE,gradinput,80,0.9166666666666666,4,3
1H00-FAP,MSE,gradinput,85,0.9166666666666666,4,3
1H00-FAP,MSE,gradinput,90,0.9166666666666666,4,3
1H00-FAP,MSE,gradinput,95,,0,0
1H00-FAP,MSE,ig,50,0.5638583143047429,84,43
1H00-FAP,MSE,ig,55,0.569197842755535,78,40
1H00-FAP,MSE,ig,60,0.6146694575266002,42,22
1H00-FAP,MSE,ig,65,0.6279761904761902,36,19
1H00-FAP,MSE,ig,70,0.7811011904761904,8,5
1H00-FAP,MSE,ig,75,0.8373015873015871,6,4
1H00-FAP,MSE,ig,80,0.7916666666666666,4,3
1H00-FAP,MSE,ig,85,0.7916666666666666,4,3
1H00-FAP,MSE,ig,90,0.7916666666666666,4,3
1H00-FAP,MSE,ig,95,,0,0
1H00-FAP,MSE,shap,50,0.5473498227962514,84,43
1H00-FAP,MSE,shap,55,0.5445818604472452,78,40
1H00-FAP,MSE,shap,60,0.5772603058317346,42,22
1H00-FAP,MSE,shap,65,0.580379188712522,36,19
1H00-FAP,MSE,shap,70,0.6349702380952381,8,5
1H00-FAP,MSE,shap,75,0.6507936507936507,6,4
1H00-FAP,MSE,shap,80,0.6666666666666666,4,3
1H00-FAP,MSE,shap,85,0.6666666666666666,4,3
1H00-FAP,MSE,shap,90,0.6666666666666666,4,3
1H00-FAP,MSE,shap,95,,0,0
1H01-FAL,MSE,cam,50,0.5230769230769231,65,34
1H01-FAL,MSE,cam,55,0.5263157894736842,57,30
1H01-FAL,MSE,cam,60,0.5652173913043478,23,13
1H01-FAL,MSE,cam,65,0.7142857142857143,7,5
1H01-FAL,MSE,cam,70,0.7142857142857143,7,5
1H01-FAL,MSE,cam,75,0.7142857142857143,7,5
1H01-FAL,MSE,cam,80,0.7142857142857143,7,5
1H01-FAL,MSE,cam,85,1.0,2,2
1H01-FAL,MSE,cam,90,1.0,2,2
1H01-FAL,MSE,cam,95,,0,0
1H01-FAL,MSE,diff,50,0.5753459361151669,65,34
1H01-FAL,MSE,diff,55,0.5672073540494593,57,30
1H01-FAL,MSE,diff,60,0.5590380633858895,23,13
1H01-FAL,MSE,diff,65,0.5809523809523809,7,5
1H01-FAL,MSE,diff,70,0.5809523809523809,7,5
1H01-FAL,MSE,diff,75,0.5809523809523809,7,5
1H01-FAL,MSE,diff,80,0.5809523809523809,7,5
1H01-FAL,MSE,diff,85,0.8333333333333333,2,2
1H01-FAL,MSE,diff,90,0.8333333333333333,2,2
1H01-FAL,MSE,diff,95,,0,0
1H01-FAL,MSE,gradcam,50,0.5082517482517481,65,34
1H01-FAL,MSE,gradcam,55,0.5035619351408824,57,30
1H01-FAL,MSE,gradcam,60,0.5652173913043478,23,13
1H01-FAL,MSE,gradcam,65,0.7142857142857143,7,5
1H01-FAL,MSE,gradcam,70,0.7142857142857143,7,5
1H01-FAL,MSE,gradcam,75,0.7142857142857143,7,5
1H01-FAL,MSE,gradcam,80,0.7142857142857143,7,5
1H01-FAL,MSE,gradcam,85,1.0,2,2
1H01-FAL,MSE,gradcam,90,1.0,2,2
1H01-FAL,MSE,gradcam,95,,0,0
1H01-FAL,MSE,gradinput,50,0.482003765465304,65,34
1H01-FAL,MSE,gradinput,55,0.487372715004294,57,30
1H01-FAL,MSE,gradinput,60,0.5167409884801188,23,13
1H01-FAL,MSE,gradinput,65,0.6285714285714287,7,5
1H01-FAL,MSE,gradinput,70,0.6285714285714287,7,5
1H01-FAL,MSE,gradinput,75,0.6285714285714287,7,5
1H01-FAL,MSE,gradinput,80,0.6285714285714287,7,5
1H01-FAL,MSE,gradinput,85,1.0,2,2
1H01-FAL,MSE,gradinput,90,1.0,2,2
1H01-FAL,MSE,gradinput,95,,0,0
1H01-FAL,MSE,ig,50,0.5603098610790918,65,34
1H01-FAL,MSE,ig,55,0.5471369760843444,57,30
1H01-FAL,MSE,ig,60,0.5762568349524873,23,13
1H01-FAL,MSE,ig,65,0.6142857142857142,7,5
1H01-FAL,MSE,ig,70,0.6142857142857142,7,5
1H01-FAL,MSE,ig,75,0.6142857142857142,7,5
1H01-FAL,MSE,ig,80,0.6142857142857142,7,5
1H01-FAL,MSE,ig,85,0.75,2,2
1H01-FAL,MSE,ig,90,0.75,2,2
1H01-FAL,MSE,ig,95,,0,0
1H01-FAL,MSE,shap,50,0.5395128802821112,65,34
1H01-FAL,MSE,shap,55,0.5345322319006531,57,30
1H01-FAL,MSE,shap,60,0.5457185326750544,23,13
1H01-FAL,MSE,shap,65,0.5904761904761904,7,5
1H01-FAL,MSE,shap,70,0.5904761904761904,7,5
1H01-FAL,MSE,shap,75,0.5904761904761904,7,5
1H01-FAL,MSE,shap,80,0.5904761904761904,7,5
1H01-FAL,MSE,shap,85,0.41666666666666663,2,2
1H01-FAL,MSE,shap,90,0.41666666666666663,2,2
1H01-FAL,MSE,shap,95,,0,0
1H1Q-2A6,MSE,cam,50,0.5380116959064327,171,92
1H1Q-2A6,MSE,cam,55,0.5419354838709678,155,84
1H1Q-2A6,MSE,cam,60,0.55,120,66
1H1Q-2A6,MSE,cam,65,0.6041666666666666,48,29
1H1Q-2A6,MSE,cam,70,0.6,25,15
1H1Q-2A6,MSE,cam,75,0.5714285714285714,7,4
1H1Q-2A6,MSE,cam,80,0.5714285714285714,7,4
1H1Q-2A6,MSE,cam,85,0.5714285714285714,7,4
1H1Q-2A6,MSE,cam,90,,0,0
1H1Q-2A6,MSE,cam,95,,0,0
1H1Q-2A6,MSE,diff,50,0.5976754077631269,171,92
1H1Q-2A6,MSE,diff,55,0.5777745730971534,155,84
1H1Q-2A6,MSE,diff,60,0.5558745189995188,120,66
1H1Q-2A6,MSE,diff,65,0.45359623015873013,48,29
1H1Q-2A6,MSE,diff,70,0.3929047619047619,25,15
1H1Q-2A6,MSE,diff,75,0.16666666666666666,7,4
1H1Q-2A6,MSE,diff,80,0.16666666666666666,7,4
1H1Q-2A6,MSE,diff,85,0.16666666666666666,7,4
1H1Q-2A6,MSE,diff,90,,0,0
1H1Q-2A6,MSE,diff,95,,0,0
1H1Q-2A6,MSE,gradcam,50,0.4139905416221208,171,92
1H1Q-2A6,MSE,gradcam,55,0.41427674476061555,155,84
1H1Q-2A6,MSE,gradcam,60,0.4033757215007213,120,66
1H1Q-2A6,MSE,gradcam,65,0.33537533068783065,48,29
1H1Q-2A6,MSE,gradcam,70,0.3148095238095239,25,15
1H1Q-2A6,MSE,gradcam,75,0.2857142857142857,7,4
1H1Q-2A6,MSE,gradcam,80,0.2857142857142857,7,4
1H1Q-2A6,MSE,gradcam,85,0.2857142857142857,7,4
1H1Q-2A6,MSE,gradcam,90,,0,0
1H1Q-2A6,MSE,gradcam,95,,0,0
1H1Q-2A6,MSE,gradinput,50,0.6997212014755871,171,92
1H1Q-2A6,MSE,gradinput,55,0.6803044983690143,155,84
1H1Q-2A6,MSE,gradinput,60,0.6660780423280421,120,66
1H1Q-2A6,MSE,gradinput,65,0.5489914021164021,48,29
1H1Q-2A6,MSE,gradinput,70,0.4616190476190476,25,15
1H1Q-2A6,MSE,gradinput,75,0.0,7,4
1H1Q-2A6,MSE,gradinput,80,0.0,7,4
1H1Q-2A6,MSE,gradinput,85,0.0,7,4
1H1Q-2A6,MSE,gradinput,90,,0,0
1H1Q-2A6,MSE,gradinput,95,,0,0
1H1Q-2A6,MSE,ig,50,0.6263871443696005,171,92
1H1Q-2A6,MSE,ig,55,0.6300290927710284,155,84
1H1Q-2A6,MSE,ig,60,0.6281183862433859,120,66
1H1Q-2A6,MSE,ig,65,0.5976107804232804,48,29
1H1Q-2A6,MSE,ig,70,0.5765238095238095,25,15
1H1Q-2A6,MSE,ig,75,0.5238095238095238,7,4
1H1Q-2A6,MSE,ig,80,0.5238095238095238,7,4
1H1Q-2A6,MSE,ig,85,0.5238095238095238,7,4
1H1Q-2A6,MSE,ig,90,,0,0
1H1Q-2A6,MSE,ig,95,,0,0
1H1Q-2A6,MSE,shap,50,0.5553162399653627,171,92
1H1Q-2A6,MSE,shap,55,0.5564853605176184,155,84
1H1Q-2A6,MSE,shap,60,0.5499930856180856,120,66
1H1Q-2A6,MSE,shap,65,0.5178488756613756,48,29
1H1Q-2A6,MSE,shap,70,0.5580476190476191,25,15
1H1Q-2A6,MSE,shap,75,0.38095238095238093,7,4
1H1Q-2A6,MSE,shap,80,0.38095238095238093,7,4
1H1Q-2A6,MSE,shap,85,0.38095238095238093,7,4
1H1Q-2A6,MSE,shap,90,,0,0
1H1Q-2A6,MSE,shap,95,,0,0
1H1R-6CP,MSE,cam,50,0.5524861878453039,181,100
1H1R-6CP,MSE,cam,55,0.5575757575757576,165,92
1H1R-6CP,MSE,cam,60,0.5779816513761468,109,63
1H1R-6CP,MSE,cam,65,0.7096774193548387,31,22
1H1R-6CP,MSE,cam,70,0.7222222222222222,18,13
1H1R-6CP,MSE,cam,75,0.625,8,5
1H1R-6CP,MSE,cam,80,0.6666666666666666,6,4
1H1R-6CP,MSE,cam,85,0.6,5,3
1H1R-6CP,MSE,cam,90,0.5,2,1
1H1R-6CP,MSE,cam,95,,0,0
1H1R-6CP,MSE,diff,50,0.7287886606947377,181,100
1H1R-6CP,MSE,diff,55,0.7141610409792224,165,92
1H1R-6CP,MSE,diff,60,0.6744817109496006,109,63
1H1R-6CP,MSE,diff,65,0.7146569380440349,31,22
1H1R-6CP,MSE,diff,70,0.6994708994708995,18,13
1H1R-6CP,MSE,diff,75,0.6800595238095237,8,5
1H1R-6CP,MSE,diff,80,0.7638888888888888,6,4
1H1R-6CP,MSE,diff,85,0.8166666666666667,5,3
1H1R-6CP,MSE,diff,90,1.0,2,1
1H1R-6CP,MSE,diff,95,,0,0
1H1R-6CP,MSE,gradcam,50,0.5309211200095176,181,100
1H1R-6CP,MSE,gradcam,55,0.5279588256860983,165,92
1H1R-6CP,MSE,gradcam,60,0.5464874829553731,109,63
1H1R-6CP,MSE,gradcam,65,0.5851510496671787,31,22
1H1R-6CP,MSE,gradcam,70,0.6488095238095238,18,13
1H1R-6CP,MSE,gradcam,75,0.6934523809523809,8,5
1H1R-6CP,MSE,gradcam,80,0.8055555555555555,6,4
1H1R-6CP,MSE,gradcam,85,0.8666666666666666,5,3
1H1R-6CP,MSE,gradcam,90,1.0,2,1
1H1R-6CP,MSE,gradcam,95,,0,0
1H1R-6CP,MSE,gradinput,50,0.6472982051711342,181,100
1H1R-6CP,MSE,gradinput,55,0.6500265559356475,165,92
1H1R-6CP,MSE,gradinput,60,0.6106977375325997,109,63
1H1R-6CP,MSE,gradinput,65,0.5422811059907834,31,22
1H1R-6CP,MSE,gradinput,70,0.526984126984127,18,13
1H1R-6CP,MSE,gradinput,75,0.3318452380952381,8,5
1H1R-6CP,MSE,gradinput,80,0.34722222222222215,6,4
1H1R-6CP,MSE,gradinput,85,0.31666666666666665,5,3
1H1R-6CP,MSE,gradinput,90,0.25,2,1
1H1R-6CP,MSE,gradinput,95,,0,0
1H1R-6CP,MSE,ig,50,0.5505055411132759,181,100
1H1R-6CP,MSE,ig,55,0.5471057898330627,165,92
1H1R-6CP,MSE,ig,60,0.5565285886386803,109,63
1H1R-6CP,MSE,ig,65,0.6363799283154122,31,22
1H1R-6CP,MSE,ig,70,0.6592592592592592,18,13
1H1R-6CP,MSE,ig,75,0.625,8,5
1H1R-6CP,MSE,ig,80,0.6666666666666666,6,4
1H1R-6CP,MSE,ig,85,0.6,5,3
1H1R-6CP,MSE,ig,90,0.5,2,1
1H1R-6CP,MSE,ig,95,,0,0
1H1R-6CP,MSE,shap,50,0.5571419679154487,181,100
1H1R-6CP,MSE,shap,55,0.5423144868599417,165,92
1H1R-6CP,MSE,shap,60,0.5365410328713082,109,63
1H1R-6CP,MSE,shap,65,0.5605862775217614,31,22
1H1R-6CP,MSE,shap,70,0.5919973544973545,18,13
1H1R-6CP,MSE,shap,75,0.6309523809523809,8,5
1H1R-6CP,MSE,shap,80,0.5555555555555555,6,4
1H1R-6CP,MSE,shap,85,0.5666666666666667,5,3
1H1R-6CP,MSE,shap,90,1.0,2,1
1H1R-6CP,MSE,shap,95,,0,0
1HVY-D16,MSE,cam,50,0.5216855752613084,524,268
1HVY-D16,MSE,cam,55,0.5270552560646898,424,218
1HVY-D16,MSE,cam,60,0.5337492828456684,332,172
1HVY-D16,MSE,cam,65,0.5356837606837607,312,162
1HVY-D16,MSE,cam,70,0.5356837606837607,312,162
1HVY-D16,MSE,cam,75,0.5363834422657952,306,159
1HVY-D16,MSE,cam,80,0.5371111111111111,300,156
1HVY-D16,MSE,cam,85,0.5354961832061068,262,137
1HVY-D16,MSE,cam,90,0.5625,96,54
1HVY-D16,MSE,cam,95,1.0,1,1
1HVY-D16,MSE,diff,50,0.6035088978896875,524,268
1HVY-D16,MSE,diff,55,0.6181139181988928,424,218
1HVY-D16,MSE,diff,60,0.6342899319555939,332,172
1HVY-D16,MSE,diff,65,0.6425439144189139,312,162
1HVY-D16,MSE,diff,70,0.6425439144189139,312,162
1HVY-D16,MSE,diff,75,0.6447595704948641,306,159
1HVY-D16,MSE,diff,80,0.6444603174603168,300,156
1HVY-D16,MSE,diff,85,0.6727735368956739,262,137
1HVY-D16,MSE,diff,90,0.7881944444444443,96,54
1HVY-D16,MSE,diff,95,1.0,1,1
1HVY-D16,MSE,gradcam,50,0.732961794069639,524,268
1HVY-D16,MSE,gradcam,55,0.7656395676096013,424,218
1HVY-D16,MSE,gradcam,60,0.8135240763252815,332,172
1HVY-D16,MSE,gradcam,65,0.8310612998113002,312,162
1HVY-D16,MSE,gradcam,70,0.8310612998113002,312,162
1HVY-D16,MSE,gradcam,75,0.8316604419545599,306,159
1HVY-D16,MSE,gradcam,80,0.8332936507936511,300,156
1HVY-D16,MSE,gradcam,85,0.8361959287531809,262,137
1HVY-D16,MSE,gradcam,90,0.8836805555555557,96,54
1HVY-D16,MSE,gradcam,95,1.0,1,1
1HVY-D16,MSE,gradinput,50,0.6911138220624948,524,268
1HVY-D16,MSE,gradinput,55,0.7285164842479628,424,218
1HVY-D16,MSE,gradinput,60,0.7776008546339869,332,172
1HVY-D16,MSE,gradinput,65,0.7942278786028782,312,162
1HVY-D16,MSE,gradinput,70,0.7942278786028782,312,162
1HVY-D16,MSE,gradinput,75,0.7928817823425662,306,159
1HVY-D16,MSE,gradinput,80,0.793785714285714,300,156
1HVY-D16,MSE,gradinput,85,0.7945928753180659,262,137
1HVY-D16,MSE,gradinput,90,0.8246527777777781,96,54
1HVY-D16,MSE,gradinput,95,1.0,1,1
1HVY-D16,MSE,ig,50,0.6347431337975762,524,268
1HVY-D16,MSE,ig,55,0.6624767805261698,424,218
1HVY-D16,MSE,ig,60,0.7009663278488575,332,172
1HVY-D16,MSE,ig,65,0.7113736957486952,312,162
1HVY-D16,MSE,ig,70,0.7113736957486952,312,162
1HVY-D16,MSE,ig,75,0.7104380641145341,306,159
1HVY-D16,MSE,ig,80,0.7100634920634915,300,156
1HVY-D16,MSE,ig,85,0.7069974554707377,262,137
1HVY-D16,MSE,ig,90,0.7152777777777778,96,54
1HVY-D16,MSE,ig,95,1.0,1,1
1HVY-D16,MSE,shap,50,0.5156946332686498,524,268
1HVY-D16,MSE,shap,55,0.5176685439206251,424,218
1HVY-D16,MSE,shap,60,0.5231296481296485,332,172
1HVY-D16,MSE,shap,65,0.5256606819106822,312,162
1HVY-D16,MSE,shap,70,0.5256606819106822,312,162
1HVY-D16,MSE,shap,75,0.5264757754953835,306,159
1HVY-D16,MSE,shap,80,0.5258015873015874,300,156
1HVY-D16,MSE,shap,85,0.5409033078880408,262,137
1HVY-D16,MSE,shap,90,0.607638888888889,96,54
1HVY-D16,MSE,shap,95,1.0,1,1
1HY7-MBS,MSE,cam,50,0.5290040088117011,598,300
1HY7-MBS,MSE,cam,55,0.5303903669323377,548,275
1HY7-MBS,MSE,cam,60,0.5321865885118896,498,250
1HY7-MBS,MSE,cam,65,0.5354523495827844,414,208
1HY7-MBS,MSE,cam,70,0.5510802469135804,216,109
1HY7-MBS,MSE,cam,75,0.5736318407960199,134,68
1HY7-MBS,MSE,cam,80,0.5810344827586206,58,30
1HY7-MBS,MSE,cam,85,0.48214285714285715,28,15
1HY7-MBS,MSE,cam,90,0.42857142857142855,14,8
1HY7-MBS,MSE,cam,95,0.3333333333333333,3,2
1HY7-MBS,MSE,diff,50,0.6207557683752848,598,300
1HY7-MBS,MSE,diff,55,0.6214384288544343,548,275
1HY7-MBS,MSE,diff,60,0.6182336683842717,498,250
1HY7-MBS,MSE,diff,65,0.631860966462416,414,208
1HY7-MBS,MSE,diff,70,0.6708311621506065,216,109
1HY7-MBS,MSE,diff,75,0.7061833688699358,134,68
1HY7-MBS,MSE,diff,80,0.7373563218390807,58,30
1HY7-MBS,MSE,diff,85,0.7083333333333333,28,15
1HY7-MBS,MSE,diff,90,0.6071428571428571,14,8
1HY7-MBS,MSE,diff,95,0.6666666666666666,3,2
1HY7-MBS,MSE,gradcam,50,0.5624599688243208,598,300
1HY7-MBS,MSE,gradcam,55,0.5641725137726644,548,275
1HY7-MBS,MSE,gradcam,60,0.564553708228407,498,250
1HY7-MBS,MSE,gradcam,65,0.5760726659277383,414,208
1HY7-MBS,MSE,gradcam,70,0.6142893885949445,216,109
1HY7-MBS,MSE,gradcam,75,0.6222459132906895,134,68
1HY7-MBS,MSE,gradcam,80,0.6258620689655173,58,30
1HY7-MBS,MSE,gradcam,85,0.6369047619047619,28,15
1HY7-MBS,MSE,gradcam,90,0.6428571428571429,14,8
1HY7-MBS,MSE,gradcam,95,0.6666666666666666,3,2
1HY7-MBS,MSE,gradinput,50,0.5406196546529525,598,300
1HY7-MBS,MSE,gradinput,55,0.5394324924514922,548,275
1HY7-MBS,MSE,gradinput,60,0.5359795770940349,498,250
1HY7-MBS,MSE,gradinput,65,0.5411045409233816,414,208
1HY7-MBS,MSE,gradinput,70,0.5711798874993321,216,109
1HY7-MBS,MSE,gradinput,75,0.578002842928216,134,68
1HY7-MBS,MSE,gradinput,80,0.5839080459770116,58,30
1HY7-MBS,MSE,gradinput,85,0.5535714285714286,28,15
1HY7-MBS,MSE,gradinput,90,0.6071428571428571,14,8
1HY7-MBS,MSE,gradinput,95,0.6666666666666666,3,2
1HY7-MBS,MSE,ig,50,0.5891411559127481,598,300
1HY7-MBS,MSE,ig,55,0.5914524362141367,548,275
1HY7-MBS,MSE,ig,60,0.5868915277047806,498,250
1HY7-MBS,MSE,ig,65,0.5967760768485401,414,208
1HY7-MBS,MSE,ig,70,0.6302230305702528,216,109
1HY7-MBS,MSE,ig,75,0.6071339729921817,134,68
1HY7-MBS,MSE,ig,80,0.5839080459770116,58,30
1HY7-MBS,MSE,ig,85,0.5238095238095238,28,15
1HY7-MBS,MSE,ig,90,0.4642857142857143,14,8
1HY7-MBS,MSE,ig,95,0.6666666666666666,3,2
1HY7-MBS,MSE,shap,50,0.5317057012598524,598,300
1HY7-MBS,MSE,shap,55,0.5298283249120519,548,275
1HY7-MBS,MSE,shap,60,0.5314020929984786,498,250
1HY7-MBS,MSE,shap,65,0.5360880196025125,414,208
1HY7-MBS,MSE,shap,70,0.53508714793437,216,109
1HY7-MBS,MSE,shap,75,0.5279702677090737,134,68
1HY7-MBS,MSE,shap,80,0.5143678160919541,58,30
1HY7-MBS,MSE,shap,85,0.5119047619047619,28,15
1HY7-MBS,MSE,shap,90,0.4642857142857143,14,8
1HY7-MBS,MSE,shap,95,0.0,3,2
1IPC-MGP,MSE,cam,50,0.5,96,48
1IPC-MGP,MSE,cam,55,0.5,94,47
1IPC-MGP,MSE,cam,60,0.5,92,46
1IPC-MGP,MSE,cam,65,0.5,84,42
1IPC-MGP,MSE,cam,70,0.5,60,30
1IPC-MGP,MSE,cam,75,0.5,12,6
1IPC-MGP,MSE,cam,80,0.5,4,2
1IPC-MGP,MSE,cam,85,,0,0
1IPC-MGP,MSE,cam,90,,0,0
1IPC-MGP,MSE,cam,95,,0,0
1IPC-MGP,MSE,diff,50,0.7302242470900557,96,48
1IPC-MGP,MSE,diff,55,0.7361864651132485,94,47
1IPC-MGP,MSE,diff,60,0.7440916269720617,92,46
1IPC-MGP,MSE,diff,65,0.7503959664673949,84,42
1IPC-MGP,MSE,diff,70,0.7386099086099086,60,30
1IPC-MGP,MSE,diff,75,0.9791666666666666,12,6
1IPC-MGP,MSE,diff,80,1.0,4,2
1IPC-MGP,MSE,diff,85,,0,0
1IPC-MGP,MSE,diff,90,,0,0
1IPC-MGP,MSE,diff,95,,0,0
1IPC-MGP,MSE,gradcam,50,0.6487211046034574,96,48
1IPC-MGP,MSE,gradcam,55,0.6502896387439565,94,47
1IPC-MGP,MSE,gradcam,60,0.6544803626325365,92,46
1IPC-MGP,MSE,gradcam,65,0.6587997320140176,84,42
1IPC-MGP,MSE,gradcam,70,0.6570418470418468,60,30
1IPC-MGP,MSE,gradcam,75,0.8159722222222223,12,6
1IPC-MGP,MSE,gradcam,80,0.7916666666666667,4,2
1IPC-MGP,MSE,gradcam,85,,0,0
1IPC-MGP,MSE,gradcam,90,,0,0
1IPC-MGP,MSE,gradcam,95,,0,0
1IPC-MGP,MSE,gradinput,50,0.5722799344582433,96,48
1IPC-MGP,MSE,gradinput,55,0.5759454649786315,94,47
1IPC-MGP,MSE,gradinput,60,0.5827825857717164,92,46
1IPC-MGP,MSE,gradinput,65,0.5882678829107402,84,42
1IPC-MGP,MSE,gradinput,70,0.5698701298701297,60,30
1IPC-MGP,MSE,gradinput,75,0.7430555555555557,12,6
1IPC-MGP,MSE,gradinput,80,0.7916666666666667,4,2
1IPC-MGP,MSE,gradinput,85,,0,0
1IPC-MGP,MSE,gradinput,90,,0,0
1IPC-MGP,MSE,gradinput,95,,0,0
1IPC-MGP,MSE,ig,50,0.6140597590046118,96,48
1IPC-MGP,MSE,ig,55,0.6170184772813058,94,47
1IPC-MGP,MSE,ig,60,0.6229013739883306,92,46
1IPC-MGP,MSE,ig,65,0.6273264103621247,84,42
1IPC-MGP,MSE,ig,70,0.6034157046657046,60,30
1IPC-MGP,MSE,ig,75,0.751388888888889,12,6
1IPC-MGP,MSE,ig,80,0.6916666666666668,4,2
1IPC-MGP,MSE,ig,85,,0,0
1IPC-MGP,MSE,ig,90,,0,0
1IPC-MGP,MSE,ig,95,,0,0
1IPC-MGP,MSE,shap,50,0.5515333964782493,96,48
1IPC-MGP,MSE,shap,55,0.5520979368288504,94,47
1IPC-MGP,MSE,shap,60,0.5517385995646865,92,46
1IPC-MGP,MSE,shap,65,0.5618669690098261,84,42
1IPC-MGP,MSE,shap,70,0.590652356902357,60,30
1IPC-MGP,MSE,shap,75,0.6118055555555556,12,6
1IPC-MGP,MSE,shap,80,0.6166666666666667,4,2
1IPC-MGP,MSE,shap,85,,0,0
1IPC-MGP,MSE,shap,90,,0,0
1IPC-MGP,MSE,shap,95,,0,0
1KE5-LS1,MSE,cam,50,0.5569620253164557,79,44
1KE5-LS1,MSE,cam,55,0.5569620253164557,79,44
1KE5-LS1,MSE,cam,60,0.5569620253164557,79,44
1KE5-LS1,MSE,cam,65,0.5569620253164557,79,44
1KE5-LS1,MSE,cam,70,0.56,75,42
1KE5-LS1,MSE,cam,75,0.5294117647058824,68,36
1KE5-LS1,MSE,cam,80,0.5526315789473685,38,21
1KE5-LS1,MSE,cam,85,0.5625,16,9
1KE5-LS1,MSE,cam,90,0.5,2,1
1KE5-LS1,MSE,cam,95,,0,0
1KE5-LS1,MSE,diff,50,0.6617663981588029,79,44
1KE5-LS1,MSE,diff,55,0.6617663981588029,79,44
1KE5-LS1,MSE,diff,60,0.6617663981588029,79,44
1KE5-LS1,MSE,diff,65,0.6617663981588029,79,44
1KE5-LS1,MSE,diff,70,0.6581428571428568,75,42
1KE5-LS1,MSE,diff,75,0.6542016806722687,68,36
1KE5-LS1,MSE,diff,80,0.6864035087719298,38,21
1KE5-LS1,MSE,diff,85,0.7343749999999999,16,9
1KE5-LS1,MSE,diff,90,0.25,2,1
1KE5-LS1,MSE,diff,95,,0,0
1KE5-LS1,MSE,gradcam,50,0.7166401811971433,79,44
1KE5-LS1,MSE,gradcam,55,0.7166401811971433,79,44
1KE5-LS1,MSE,gradcam,60,0.7166401811971433,79,44
1KE5-LS1,MSE,gradcam,65,0.7166401811971433,79,44
1KE5-LS1,MSE,gradcam,70,0.7184973544973545,75,42
1KE5-LS1,MSE,gradcam,75,0.7099439775910364,68,36
1KE5-LS1,MSE,gradcam,80,0.7850877192982456,38,21
1KE5-LS1,MSE,gradcam,85,0.8854166666666667,16,9
1KE5-LS1,MSE,gradcam,90,0.5,2,1
1KE5-LS1,MSE,gradcam,95,,0,0
1KE5-LS1,MSE,gradinput,50,0.7977651743474526,79,44
1KE5-LS1,MSE,gradinput,55,0.7977651743474526,79,44
1KE5-LS1,MSE,gradinput,60,0.7977651743474526,79,44
1KE5-LS1,MSE,gradinput,65,0.7977651743474526,79,44
1KE5-LS1,MSE,gradinput,70,0.8024338624338623,75,42
1KE5-LS1,MSE,gradinput,75,0.7976190476190476,68,36
1KE5-LS1,MSE,gradinput,80,0.8583333333333334,38,21
1KE5-LS1,MSE,gradinput,85,0.859375,16,9
1KE5-LS1,MSE,gradinput,90,0.75,2,1
1KE5-LS1,MSE,gradinput,95,,0,0
1KE5-LS1,MSE,ig,50,0.71838091584927,79,44
1KE5-LS1,MSE,ig,55,0.71838091584927,79,44
1KE5-LS1,MSE,ig,60,0.71838091584927,79,44
1KE5-LS1,MSE,ig,65,0.71838091584927,79,44
1KE5-LS1,MSE,ig,70,0.720201058201058,75,42
1KE5-LS1,MSE,ig,75,0.7089635854341734,68,36
1KE5-LS1,MSE,ig,80,0.7328947368421054,38,21
1KE5-LS1,MSE,ig,85,0.6875,16,9
1KE5-LS1,MSE,ig,90,0.75,2,1
1KE5-LS1,MSE,ig,95,,0,0
1KE5-LS1,MSE,shap,50,0.5746785211975088,79,44
1KE5-LS1,MSE,shap,55,0.5746785211975088,79,44
1KE5-LS1,MSE,shap,60,0.5746785211975088,79,44
1KE5-LS1,MSE,shap,65,0.5746785211975088,79,44
1KE5-LS1,MSE,shap,70,0.5738994708994714,75,42
1KE5-LS1,MSE,shap,75,0.587429971988796,68,36
1KE5-LS1,MSE,shap,80,0.6223684210526313,38,21
1KE5-LS1,MSE,shap,85,0.703125,16,9
1KE5-LS1,MSE,shap,90,0.75,2,1
1KE5-LS1,MSE,shap,95,,0,0
1KE9-LS5,MSE,cam,50,0.5365853658536586,82,44
1KE9-LS5,MSE,cam,55,0.5365853658536586,82,44
1KE9-LS5,MSE,cam,60,0.5384615384615384,78,42
1KE9-LS5,MSE,cam,65,0.5454545454545454,66,36
1KE9-LS5,MSE,cam,70,0.5535714285714286,56,31
1KE9-LS5,MSE,cam,75,0.5434782608695652,46,25
1KE9-LS5,MSE,cam,80,0.5769230769230769,26,15
1KE9-LS5,MSE,cam,85,0.6,10,6
1KE9-LS5,MSE,cam,90,0.5,2,1
1KE9-LS5,MSE,cam,95,,0,0
1KE9-LS5,MSE,diff,50,0.7844286810750223,82,44
1KE9-LS5,MSE,diff,55,0.7844286810750223,82,44
1KE9-LS5,MSE,diff,60,0.7842782217782216,78,42
1KE9-LS5,MSE,diff,65,0.7946428571428571,66,36
1KE9-LS5,MSE,diff,70,0.7946782879818594,56,31
1KE9-LS5,MSE,diff,75,0.811128364389234,46,25
1KE9-LS5,MSE,diff,80,0.851923076923077,26,15
1KE9-LS5,MSE,diff,85,0.8083333333333332,10,6
1KE9-LS5,MSE,diff,90,0.75,2,1
1KE9-LS5,MSE,diff,95,,0,0
1KE9-LS5,MSE,gradcam,50,0.6435830429732868,82,44
1KE9-LS5,MSE,gradcam,55,0.6435830429732868,82,44
1KE9-LS5,MSE,gradcam,60,0.6509462759462759,78,42
1KE9-LS5,MSE,gradcam,65,0.6859668109668109,66,36
1KE9-LS5,MSE,gradcam,70,0.7236394557823129,56,31
1KE9-LS5,MSE,gradcam,75,0.7572463768115941,46,25
1KE9-LS5,MSE,gradcam,80,0.8192307692307694,26,15
1KE9-LS5,MSE,gradcam,85,0.8833333333333334,10,6
1KE9-LS5,MSE,gradcam,90,1.0,2,1
1KE9-LS5,MSE,gradcam,95,,0,0
1KE9-LS5,MSE,gradinput,50,0.5735176070541923,82,44
1KE9-LS5,MSE,gradinput,55,0.5735176070541923,82,44
1KE9-LS5,MSE,gradinput,60,0.5867974617974617,78,42
1KE9-LS5,MSE,gradinput,65,0.6206228956228956,66,36
1KE9-LS5,MSE,gradinput,70,0.6590277777777779,56,31
1KE9-LS5,MSE,gradinput,75,0.7193064182194618,46,25
1KE9-LS5,MSE,gradinput,80,0.7557692307692309,26,15
1KE9-LS5,MSE,gradinput,85,0.7416666666666667,10,6
1KE9-LS5,MSE,gradinput,90,0.75,2,1
1KE9-LS5,MSE,gradinput,95,,0,0
1KE9-LS5,MSE,ig,50,0.7247652753750311,82,44
1KE9-LS5,MSE,ig,55,0.7247652753750311,82,44
1KE9-LS5,MSE,ig,60,0.726204351204351,78,42
1KE9-LS5,MSE,ig,65,0.7335858585858586,66,36
1KE9-LS5,MSE,ig,70,0.7450396825396827,56,31
1KE9-LS5,MSE,ig,75,0.7875776397515529,46,25
1KE9-LS5,MSE,ig,80,0.7833333333333333,26,15
1KE9-LS5,MSE,ig,85,0.6666666666666666,10,6
1KE9-LS5,MSE,ig,90,0.75,2,1
1KE9-LS5,MSE,ig,95,,0,0
1KE9-LS5,MSE,shap,50,0.49444975755951354,82,44
1KE9-LS5,MSE,shap,55,0.49444975755951354,82,44
1KE9-LS5,MSE,shap,60,0.4932775557775558,78,42
1KE9-LS5,MSE,shap,65,0.4808982683982683,66,36
1KE9-LS5,MSE,shap,70,0.483985260770975,56,31
1KE9-LS5,MSE,shap,75,0.47914078674948224,46,25
1KE9-LS5,MSE,shap,80,0.4480769230769231,26,15
1KE9-LS5,MSE,shap,85,0.5583333333333333,10,6
1KE9-LS5,MSE,shap,90,1.0,2,1
1KE9-LS5,MSE,shap,95,,0,0
1KLK-PMD,MSE,cam,50,0.6787955825269258,67,35
1KLK-PMD,MSE,cam,55,0.6816279349066235,61,32
1KLK-PMD,MSE,cam,60,0.6150585187170553,41,22
1KLK-PMD,MSE,cam,65,0.575925925925926,27,15
1KLK-PMD,MSE,cam,70,0.5896825396825397,21,12
1KLK-PMD,MSE,cam,75,0.5813725490196078,17,10
1KLK-PMD,MSE,cam,80,0.525,10,6
1KLK-PMD,MSE,cam,85,0.5714285714285714,7,4
1KLK-PMD,MSE,cam,90,0.5,4,2
1KLK-PMD,MSE,cam,95,0.5,2,1
1KLK-PMD,MSE,diff,50,0.6246769448481477,67,35
1KLK-PMD,MSE,diff,55,0.6215968457771738,61,32
1KLK-PMD,MSE,diff,60,0.6244864891206353,41,22
1KLK-PMD,MSE,diff,65,0.650825717492384,27,15
1KLK-PMD,MSE,diff,70,0.6762420119562977,21,12
1KLK-PMD,MSE,diff,75,0.6833333333333333,17,10
1KLK-PMD,MSE,diff,80,0.6916666666666667,10,6
1KLK-PMD,MSE,diff,85,0.6904761904761905,7,4
1KLK-PMD,MSE,diff,90,0.5833333333333334,4,2
1KLK-PMD,MSE,diff,95,0.5,2,1
1KLK-PMD,MSE,gradcam,50,0.5063342837047841,67,35
1KLK-PMD,MSE,gradcam,55,0.509068117674675,61,32
1KLK-PMD,MSE,gradcam,60,0.5272613565296492,41,22
1KLK-PMD,MSE,gradcam,65,0.5726711560044893,27,15
1KLK-PMD,MSE,gradcam,70,0.6147186147186147,21,12
1KLK-PMD,MSE,gradcam,75,0.6470588235294118,17,10
1KLK-PMD,MSE,gradcam,80,0.6333333333333333,10,6
1KLK-PMD,MSE,gradcam,85,0.6428571428571429,7,4
1KLK-PMD,MSE,gradcam,90,0.625,4,2
1KLK-PMD,MSE,gradcam,95,1.0,2,1
1KLK-PMD,MSE,gradinput,50,0.6718098943296485,67,35
1KLK-PMD,MSE,gradinput,55,0.6762480688710197,61,32
1KLK-PMD,MSE,gradinput,60,0.6203885545348959,41,22
1KLK-PMD,MSE,gradinput,65,0.5975709475709476,27,15
1KLK-PMD,MSE,gradinput,70,0.6222016079158936,21,12
1KLK-PMD,MSE,gradinput,75,0.6352941176470589,17,10
1KLK-PMD,MSE,gradinput,80,0.625,10,6
1KLK-PMD,MSE,gradinput,85,0.7142857142857143,7,4
1KLK-PMD,MSE,gradinput,90,0.75,4,2
1KLK-PMD,MSE,gradinput,95,1.0,2,1
1KLK-PMD,MSE,ig,50,0.6299533677716294,67,35
1KLK-PMD,MSE,ig,55,0.6253564741269659,61,32
1KLK-PMD,MSE,ig,60,0.6172327672327671,41,22
1KLK-PMD,MSE,ig,65,0.647979797979798,27,15
1KLK-PMD,MSE,ig,70,0.7036075036075036,21,12
1KLK-PMD,MSE,ig,75,0.7274509803921569,17,10
1KLK-PMD,MSE,ig,80,0.7,10,6
1KLK-PMD,MSE,ig,85,0.7142857142857143,7,4
1KLK-PMD,MSE,ig,90,0.75,4,2
1KLK-PMD,MSE,ig,95,1.0,2,1
1KLK-PMD,MSE,shap,50,0.48160328477492664,67,35
1KLK-PMD,MSE,shap,55,0.4735096187965041,61,32
1KLK-PMD,MSE,shap,60,0.45051310478139744,41,22
1KLK-PMD,MSE,shap,65,0.3948011864678531,27,15
1KLK-PMD,MSE,shap,70,0.3896361574933004,21,12
1KLK-PMD,MSE,shap,75,0.40931372549019607,17,10
1KLK-PMD,MSE,shap,80,0.43999999999999995,10,6
1KLK-PMD,MSE,shap,85,0.46190476190476193,7,4
1KLK-PMD,MSE,shap,90,0.5833333333333334,4,2
1KLK-PMD,MSE,shap,95,0.5,2,1
1KMS-LIH,MSE,cam,50,0.5065025252525254,528,265
1KMS-LIH,MSE,cam,55,0.5065025252525254,528,265
1KMS-LIH,MSE,cam,60,0.5065025252525254,528,265
1KMS-LIH,MSE,cam,65,0.506653746770026,516,259
1KMS-LIH,MSE,cam,70,0.5068121693121693,504,253
1KMS-LIH,MSE,cam,75,0.508456486042693,406,204
1KMS-LIH,MSE,cam,80,0.5093047034764826,326,164
1KMS-LIH,MSE,cam,85,0.503030303030303,110,56
1KMS-LIH,MSE,cam,90,0.5084745762711864,59,30
1KMS-LIH,MSE,cam,95,0.6666666666666666,3,2
1KMS-LIH,MSE,diff,50,0.6707902892561982,528,265
1KMS-LIH,MSE,diff,55,0.6707902892561982,528,265
1KMS-LIH,MSE,diff,60,0.6707902892561982,528,265
1KMS-LIH,MSE,diff,65,0.670284237726098,516,259
1KMS-LIH,MSE,diff,70,0.6719576719576718,504,253
1KMS-LIH,MSE,diff,75,0.6751817968566735,406,204
1KMS-LIH,MSE,diff,80,0.676635991820041,326,164
1KMS-LIH,MSE,diff,85,0.7348484848484846,110,56
1KMS-LIH,MSE,diff,90,0.7457627118644068,59,30
1KMS-LIH,MSE,diff,95,1.0,3,2
1KMS-LIH,MSE,gradcam,50,0.508061130788404,528,265
1KMS-LIH,MSE,gradcam,55,0.508061130788404,528,265
1KMS-LIH,MSE,gradcam,60,0.508061130788404,528,265
1KMS-LIH,MSE,gradcam,65,0.5026255075673685,516,259
1KMS-LIH,MSE,gradcam,70,0.49594198790627403,504,253
1KMS-LIH,MSE,gradcam,75,0.5071897724607087,406,204
1KMS-LIH,MSE,gradcam,80,0.5247955010224953,326,164
1KMS-LIH,MSE,gradcam,85,0.5636363636363636,110,56
1KMS-LIH,MSE,gradcam,90,0.6440677966101694,59,30
1KMS-LIH,MSE,gradcam,95,0.3333333333333333,3,2
1KMS-LIH,MSE,gradinput,50,0.4917226239669423,528,265
1KMS-LIH,MSE,gradinput,55,0.4917226239669423,528,265
1KMS-LIH,MSE,gradinput,60,0.4917226239669423,528,265
1KMS-LIH,MSE,gradinput,65,0.48984173126615005,516,259
1KMS-LIH,MSE,gradinput,70,0.48900462962962987,504,253
1KMS-LIH,MSE,gradinput,75,0.4788177339901481,406,204
1KMS-LIH,MSE,gradinput,80,0.47229038854805744,326,164
1KMS-LIH,MSE,gradinput,85,0.47045454545454546,110,56
1KMS-LIH,MSE,gradinput,90,0.3898305084745763,59,30
1KMS-LIH,MSE,gradinput,95,0.3333333333333333,3,2
1KMS-LIH,MSE,ig,50,0.6168617998163454,528,265
1KMS-LIH,MSE,ig,55,0.6168617998163454,528,265
1KMS-LIH,MSE,ig,60,0.6168617998163454,528,265
1KMS-LIH,MSE,ig,65,0.6159237726098191,516,259
1KMS-LIH,MSE,ig,70,0.6111441798941798,504,253
1KMS-LIH,MSE,ig,75,0.6176929392446631,406,204
1KMS-LIH,MSE,ig,80,0.618967280163599,326,164
1KMS-LIH,MSE,ig,85,0.6613636363636365,110,56
1KMS-LIH,MSE,ig,90,0.6864406779661016,59,30
1KMS-LIH,MSE,ig,95,1.0,3,2
1KMS-LIH,MSE,shap,50,0.5270905073461892,528,265
1KMS-LIH,MSE,shap,55,0.5270905073461892,528,265
1KMS-LIH,MSE,shap,60,0.5270905073461892,528,265
1KMS-LIH,MSE,shap,65,0.5253714470284239,516,259
1KMS-LIH,MSE,shap,70,0.5240906084656086,504,253
1KMS-LIH,MSE,shap,75,0.5180213464696222,406,204
1KMS-LIH,MSE,shap,80,0.5173312883435582,326,164
1KMS-LIH,MSE,shap,85,0.5295454545454547,110,56
1KMS-LIH,MSE,shap,90,0.5338983050847458,59,30
1KMS-LIH,MSE,shap,95,0.6666666666666666,3,2
1LD8-U49,MSE,cam,50,0.525755397212551,1241,708
1LD8-U49,MSE,cam,55,0.525718337777379,1207,691
1LD8-U49,MSE,cam,60,0.528379095835796,1097,636
1LD8-U49,MSE,cam,65,0.5291253239421032,1037,606
1LD8-U49,MSE,cam,70,0.5299042302726517,950,561
1LD8-U49,MSE,cam,75,0.533062925867354,813,487
1LD8-U49,MSE,cam,80,0.5450763232122114,574,358
1LD8-U49,MSE,cam,85,0.5488738738738738,370,242
1LD8-U49,MSE,cam,90,0.5665064102564104,208,146
1LD8-U49,MSE,cam,95,0.6,55,50
1LD8-U49,MSE,diff,50,0.5416873108809838,1241,708
1LD8-U49,MSE,diff,55,0.5416379358951187,1207,691
1LD8-U49,MSE,diff,60,0.5430695734934565,1097,636
1LD8-U49,MSE,diff,65,0.5440672661743055,1037,606
1LD8-U49,MSE,diff,70,0.5447938406622616,950,561
1LD8-U49,MSE,diff,75,0.5510245221499833,813,487
1LD8-U49,MSE,diff,80,0.5708229633316745,574,358
1LD8-U49,MSE,diff,85,0.5769819819819824,370,242
1LD8-U49,MSE,diff,90,0.5977564102564101,208,146
1LD8-U49,MSE,diff,95,0.6181818181818182,55,50
1LD8-U49,MSE,gradcam,50,0.540233045817589,1241,708
1LD8-U49,MSE,gradcam,55,0.5376075059162749,1207,691
1LD8-U49,MSE,gradcam,60,0.5307295712491696,1097,636
1LD8-U49,MSE,gradcam,65,0.5271858646014864,1037,606
1LD8-U49,MSE,gradcam,70,0.520373623452571,950,561
1LD8-U49,MSE,gradcam,75,0.5232140416642264,813,487
1LD8-U49,MSE,gradcam,80,0.533076157292185,574,358
1LD8-U49,MSE,gradcam,85,0.5435135135135136,370,242
1LD8-U49,MSE,gradcam,90,0.5841346153846153,208,146
1LD8-U49,MSE,gradcam,95,0.6909090909090909,55,50
1LD8-U49,MSE,gradinput,50,0.5379963040226233,1241,708
1LD8-U49,MSE,gradinput,55,0.5361807662460659,1207,691
1LD8-U49,MSE,gradinput,60,0.5318697002379776,1097,636
1LD8-U49,MSE,gradinput,65,0.53002584579248,1037,606
1LD8-U49,MSE,gradinput,70,0.522898154477101,950,561
1LD8-U49,MSE,gradinput,75,0.5258527109080608,813,487
1LD8-U49,MSE,gradinput,80,0.5441305790608921,574,358
1LD8-U49,MSE,gradinput,85,0.5603603603603604,370,242
1LD8-U49,MSE,gradinput,90,0.5560897435897436,208,146
1LD8-U49,MSE,gradinput,95,0.5454545454545454,55,50
1LD8-U49,MSE,ig,50,0.504093929607317,1241,708
1LD8-U49,MSE,ig,55,0.5037547641944146,1207,691
1LD8-U49,MSE,ig,60,0.5054788622701109,1097,636
1LD8-U49,MSE,ig,65,0.5046716114700683,1037,606
1LD8-U49,MSE,ig,70,0.49837445887445847,950,561
1LD8-U49,MSE,ig,75,0.49929030242683337,813,487
1LD8-U49,MSE,ig,80,0.5038286046125763,574,358
1LD8-U49,MSE,ig,85,0.5038288288288288,370,242
1LD8-U49,MSE,ig,90,0.5328525641025641,208,146
1LD8-U49,MSE,ig,95,0.5636363636363636,55,50
1LD8-U49,MSE,shap,50,0.5003769634963452,1241,708
1LD8-U49,MSE,shap,55,0.5010024575612371,1207,691
1LD8-U49,MSE,shap,60,0.4998040789859387,1097,636
1LD8-U49,MSE,shap,65,0.49941625394855876,1037,606
1LD8-U49,MSE,shap,70,0.4958257006151744,950,561
1LD8-U49,MSE,shap,75,0.49195611003729084,813,487
1LD8-U49,MSE,shap,80,0.5019868923179027,574,358
1LD8-U49,MSE,shap,85,0.5006756756756757,370,242
1LD8-U49,MSE,shap,90,0.49278846153846145,208,146
1LD8-U49,MSE,shap,95,0.5454545454545454,55,50
1LJT-HDI,MSE,cam,50,0.5666666666666667,30,17
1LJT-HDI,MSE,cam,55,0.5714285714285714,28,16
1LJT-HDI,MSE,cam,60,0.5714285714285714,28,16
1LJT-HDI,MSE,cam,65,0.5833333333333334,24,14
1LJT-HDI,MSE,cam,70,0.6,20,12
1LJT-HDI,MSE,cam,75,0.6666666666666666,12,8
1LJT-HDI,MSE,cam,80,0.6666666666666666,6,4
1LJT-HDI,MSE,cam,85,0.5,4,2
1LJT-HDI,MSE,cam,90,,0,0
1LJT-HDI,MSE,cam,95,,0,0
1LJT-HDI,MSE,diff,50,0.683609076109076,30,17
1LJT-HDI,MSE,diff,55,0.6939767573696144,28,16
1LJT-HDI,MSE,diff,60,0.6939767573696144,28,16
1LJT-HDI,MSE,diff,65,0.6886904761904762,24,14
1LJT-HDI,MSE,diff,70,0.7264285714285714,20,12
1LJT-HDI,MSE,diff,75,0.8416666666666668,12,8
1LJT-HDI,MSE,diff,80,0.7777777777777778,6,4
1LJT-HDI,MSE,diff,85,0.6666666666666666,4,2
1LJT-HDI,MSE,diff,90,,0,0
1LJT-HDI,MSE,diff,95,,0,0
1LJT-HDI,MSE,gradcam,50,0.573992673992674,30,17
1LJT-HDI,MSE,gradcam,55,0.576530612244898,28,16
1LJT-HDI,MSE,gradcam,60,0.576530612244898,28,16
1LJT-HDI,MSE,gradcam,65,0.5892857142857143,24,14
1LJT-HDI,MSE,gradcam,70,0.6,20,12
1LJT-HDI,MSE,gradcam,75,0.6666666666666666,12,8
1LJT-HDI,MSE,gradcam,80,0.6666666666666666,6,4
1LJT-HDI,MSE,gradcam,85,0.5,4,2
1LJT-HDI,MSE,gradcam,90,,0,0
1LJT-HDI,MSE,gradcam,95,,0,0
1LJT-HDI,MSE,gradinput,50,0.5729344729344729,30,17
1LJT-HDI,MSE,gradinput,55,0.5753968253968254,28,16
1LJT-HDI,MSE,gradinput,60,0.5753968253968254,28,16
1LJT-HDI,MSE,gradinput,65,0.5833333333333334,24,14
1LJT-HDI,MSE,gradinput,70,0.6,20,12
1LJT-HDI,MSE,gradinput,75,0.6666666666666666,12,8
1LJT-HDI,MSE,gradinput,80,0.6666666666666666,6,4
1LJT-HDI,MSE,gradinput,85,0.5,4,2
1LJT-HDI,MSE,gradinput,90,,0,0
1LJT-HDI,MSE,gradinput,95,,0,0
1LJT-HDI,MSE,ig,50,0.43089743589743595,30,17
1LJT-HDI,MSE,ig,55,0.4291666666666667,28,16
1LJT-HDI,MSE,ig,60,0.4291666666666667,28,16
1LJT-HDI,MSE,ig,65,0.43472222222222223,24,14
1LJT-HDI,MSE,ig,70,0.43000000000000005,20,12
1LJT-HDI,MSE,ig,75,0.46666666666666656,12,8
1LJT-HDI,MSE,ig,80,0.4444444444444444,6,4
1LJT-HDI,MSE,ig,85,0.29166666666666663,4,2
1LJT-HDI,MSE,ig,90,,0,0
1LJT-HDI,MSE,ig,95,,0,0
1LJT-HDI,MSE,shap,50,0.5138278388278388,30,17
1LJT-HDI,MSE,shap,55,0.5157312925170068,28,16
1LJT-HDI,MSE,shap,60,0.5157312925170068,28,16
1LJT-HDI,MSE,shap,65,0.5287698412698413,24,14
1LJT-HDI,MSE,shap,70,0.5809523809523809,20,12
1LJT-HDI,MSE,shap,75,0.5416666666666666,12,8
1LJT-HDI,MSE,shap,80,0.47222222222222227,6,4
1LJT-HDI,MSE,shap,85,0.4583333333333333,4,2
1LJT-HDI,MSE,shap,90,,0,0
1LJT-HDI,MSE,shap,95,,0,0
1LY3-COG,MSE,cam,50,0.5031847133757962,157,80
1LY3-COG,MSE,cam,55,0.5031847133757962,157,80
1LY3-COG,MSE,cam,60,0.5031847133757962,157,80
1LY3-COG,MSE,cam,65,0.5033557046979866,149,76
1LY3-COG,MSE,cam,70,0.5042016806722689,119,61
1LY3-COG,MSE,cam,75,0.5064935064935064,77,40
1LY3-COG,MSE,cam,80,0.5079365079365079,63,33
1LY3-COG,MSE,cam,85,0.5151515151515151,33,18
1LY3-COG,MSE,cam,90,0.5454545454545454,11,7
1LY3-COG,MSE,cam,95,1.0,2,2
1LY3-COG,MSE,diff,50,0.5646712805948476,157,80
1LY3-COG,MSE,diff,55,0.5646712805948476,157,80
1LY3-COG,MSE,diff,60,0.5646712805948476,157,80
1LY3-COG,MSE,diff,65,0.5613321614999468,149,76
1LY3-COG,MSE,diff,70,0.5517507002801121,119,61
1LY3-COG,MSE,diff,75,0.537012987012987,77,40
1LY3-COG,MSE,diff,80,0.5357142857142857,63,33
1LY3-COG,MSE,diff,85,0.49242424242424243,33,18
1LY3-COG,MSE,diff,90,0.45454545454545453,11,7
1LY3-COG,MSE,diff,95,0.5,2,2
1LY3-COG,MSE,gradcam,50,0.5137241385649033,157,80
1LY3-COG,MSE,gradcam,55,0.5137241385649033,157,80
1LY3-COG,MSE,gradcam,60,0.5137241385649033,157,80
1LY3-COG,MSE,gradcam,65,0.5088766379034838,149,76
1LY3-COG,MSE,gradcam,70,0.5027110844337737,119,61
1LY3-COG,MSE,gradcam,75,0.5028138528138527,77,40
1LY3-COG,MSE,gradcam,80,0.49444444444444435,63,33
1LY3-COG,MSE,gradcam,85,0.4747474747474748,33,18
1LY3-COG,MSE,gradcam,90,0.45454545454545453,11,7
1LY3-COG,MSE,gradcam,95,0.5,2,2
1LY3-COG,MSE,gradinput,50,0.4787449104328087,157,80
1LY3-COG,MSE,gradinput,55,0.4787449104328087,157,80
1LY3-COG,MSE,gradinput,60,0.4787449104328087,157,80
1LY3-COG,MSE,gradinput,65,0.4729226589964846,149,76
1LY3-COG,MSE,gradinput,70,0.4646458583433375,119,61
1LY3-COG,MSE,gradinput,75,0.4606060606060605,77,40
1LY3-COG,MSE,gradinput,80,0.4515873015873015,63,33
1LY3-COG,MSE,gradinput,85,0.452020202020202,33,18
1LY3-COG,MSE,gradinput,90,0.36363636363636365,11,7
1LY3-COG,MSE,gradinput,95,0.5,2,2
1LY3-COG,MSE,ig,50,0.5285631565886346,157,80
1LY3-COG,MSE,ig,55,0.5285631565886346,157,80
1LY3-COG,MSE,ig,60,0.5285631565886346,157,80
1LY3-COG,MSE,ig,65,0.5240598700330248,149,76
1LY3-COG,MSE,ig,70,0.5378451380552224,119,61
1LY3-COG,MSE,ig,75,0.5478354978354978,77,40
1LY3-COG,MSE,ig,80,0.5714285714285713,63,33
1LY3-COG,MSE,ig,85,0.5833333333333335,33,18
1LY3-COG,MSE,ig,90,0.7272727272727273,11,7
1LY3-COG,MSE,ig,95,1.0,2,2
1LY3-COG,MSE,shap,50,0.5081299804229739,157,80
1LY3-COG,MSE,shap,55,0.5081299804229739,157,80
1LY3-COG,MSE,shap,60,0.5081299804229739,157,80
1LY3-COG,MSE,shap,65,0.5079072121018429,149,76
1LY3-COG,MSE,shap,70,0.49682873149259704,119,61
1LY3-COG,MSE,shap,75,0.5060606060606063,77,40
1LY3-COG,MSE,shap,80,0.5132275132275134,63,33
1LY3-COG,MSE,shap,85,0.5328282828282829,33,18
1LY3-COG,MSE,shap,90,0.5454545454545454,11,7
1LY3-COG,MSE,shap,95,0.5,2,2
1M17-AQ4,MSE,cam,50,0.5430552625333351,12559,6319
1M17-AQ4,MSE,cam,55,0.5427691427492028,10658,5368
1M17-AQ4,MSE,cam,60,0.5413705785935519,8167,4122
1M17-AQ4,MSE,cam,65,0.5396650729456064,6313,3191
1M17-AQ4,MSE,cam,70,0.5515196017164526,3810,1934
1M17-AQ4,MSE,cam,75,0.5639137762100723,2025,1036
1M17-AQ4,MSE,cam,80,0.5794994277752892,957,495
1M17-AQ4,MSE,cam,85,0.5859580052493438,381,204
1M17-AQ4,MSE,cam,90,0.6141732283464567,127,73
1M17-AQ4,MSE,cam,95,0.625,32,21
1M17-AQ4,MSE,diff,50,0.5965113021899862,12559,6319
1M17-AQ4,MSE,diff,55,0.5994179867795948,10658,5368
1M17-AQ4,MSE,diff,60,0.5979450948151218,8167,4122
1M17-AQ4,MSE,diff,65,0.5949825532195203,6313,3191
1M17-AQ4,MSE,diff,70,0.6072193532626646,3810,1934
1M17-AQ4,MSE,diff,75,0.6263000195963142,2025,1036
1M17-AQ4,MSE,diff,80,0.6397745932228694,957,495
1M17-AQ4,MSE,diff,85,0.6462379702537181,381,204
1M17-AQ4,MSE,diff,90,0.6443569553805774,127,73
1M17-AQ4,MSE,diff,95,0.625,32,21
1M17-AQ4,MSE,gradcam,50,0.5106712635148271,12559,6319
1M17-AQ4,MSE,gradcam,55,0.5139409824019597,10658,5368
1M17-AQ4,MSE,gradcam,60,0.515314843449412,8167,4122
1M17-AQ4,MSE,gradcam,65,0.5179168240985184,6313,3191
1M17-AQ4,MSE,gradcam,70,0.5202072184158804,3810,1934
1M17-AQ4,MSE,gradcam,75,0.5202059572800312,2025,1036
1M17-AQ4,MSE,gradcam,80,0.5345151017564809,957,495
1M17-AQ4,MSE,gradcam,85,0.5042869641294837,381,204
1M17-AQ4,MSE,gradcam,90,0.5328083989501313,127,73
1M17-AQ4,MSE,gradcam,95,0.53125,32,21
1M17-AQ4,MSE,gradinput,50,0.49477423850295643,12559,6319
1M17-AQ4,MSE,gradinput,55,0.4959430619812525,10658,5368
1M17-AQ4,MSE,gradinput,60,0.5021081171457639,8167,4122
1M17-AQ4,MSE,gradinput,65,0.5078249324289205,6313,3191
1M17-AQ4,MSE,gradinput,70,0.5181183033938972,3810,1934
1M17-AQ4,MSE,gradinput,75,0.5128634136782264,2025,1036
1M17-AQ4,MSE,gradinput,80,0.5293899587003045,957,495
1M17-AQ4,MSE,gradinput,85,0.5319772528433943,381,204
1M17-AQ4,MSE,gradinput,90,0.5590551181102362,127,73
1M17-AQ4,MSE,gradinput,95,0.53125,32,21
1M17-AQ4,MSE,ig,50,0.5585284380861217,12559,6319
1M17-AQ4,MSE,ig,55,0.5616172458431795,10658,5368
1M17-AQ4,MSE,ig,60,0.5611673906274087,8167,4122
1M17-AQ4,MSE,ig,65,0.5547864872512365,6313,3191
1M17-AQ4,MSE,ig,70,0.5704982331753979,3810,1934
1M17-AQ4,MSE,ig,75,0.5918698804624729,2025,1036
1M17-AQ4,MSE,ig,80,0.5828158431606714,957,495
1M17-AQ4,MSE,ig,85,0.5933945756780399,381,204
1M17-AQ4,MSE,ig,90,0.5866141732283464,127,73
1M17-AQ4,MSE,ig,95,0.59375,32,21
1M17-AQ4,MSE,shap,50,0.5186431187310093,12559,6319
1M17-AQ4,MSE,shap,55,0.5194351828793141,10658,5368
1M17-AQ4,MSE,shap,60,0.5190678196203468,8167,4122
1M17-AQ4,MSE,shap,65,0.5207496474168408,6313,3191
1M17-AQ4,MSE,shap,70,0.5223399347808801,3810,1934
1M17-AQ4,MSE,shap,75,0.5304205369390552,2025,1036
1M17-AQ4,MSE,shap,80,0.5334104592725282,957,495
1M17-AQ4,MSE,shap,85,0.5536307961504809,381,204
1M17-AQ4,MSE,shap,90,0.5538057742782152,127,73
1M17-AQ4,MSE,shap,95,0.5625,32,21
1MS6-BLN,MSE,cam,50,0.5179856115107914,139,80
1MS6-BLN,MSE,cam,55,0.5206611570247934,121,71
1MS6-BLN,MSE,cam,60,0.5221238938053098,113,67
1MS6-BLN,MSE,cam,65,0.5180722891566265,83,51
1MS6-BLN,MSE,cam,70,0.47540983606557374,61,37
1MS6-BLN,MSE,cam,75,0.4583333333333333,48,28
1MS6-BLN,MSE,cam,80,0.43478260869565216,23,15
1MS6-BLN,MSE,cam,85,0.375,16,10
1MS6-BLN,MSE,cam,90,0.4,10,6
1MS6-BLN,MSE,cam,95,0.0,1,1
1MS6-BLN,MSE,diff,50,0.6773019346760351,139,80
1MS6-BLN,MSE,diff,55,0.687040553569479,121,71
1MS6-BLN,MSE,diff,60,0.6796658110817403,113,67
1MS6-BLN,MSE,diff,65,0.6864270936560092,83,51
1MS6-BLN,MSE,diff,70,0.7406518345042935,61,37
1MS6-BLN,MSE,diff,75,0.7776785714285714,48,28
1MS6-BLN,MSE,diff,80,0.8014492753623188,23,15
1MS6-BLN,MSE,diff,85,0.8020833333333334,16,10
1MS6-BLN,MSE,diff,90,0.85,10,6
1MS6-BLN,MSE,diff,95,1.0,1,1
1MS6-BLN,MSE,gradcam,50,0.39588495038135335,139,80
1MS6-BLN,MSE,gradcam,55,0.3986995327904418,121,71
1MS6-BLN,MSE,gradcam,60,0.40357845202977943,113,67
1MS6-BLN,MSE,gradcam,65,0.40934430362141205,83,51
1MS6-BLN,MSE,gradcam,70,0.3997072599531615,61,37
1MS6-BLN,MSE,gradcam,75,0.3848214285714285,48,28
1MS6-BLN,MSE,gradcam,80,0.4920289855072464,23,15
1MS6-BLN,MSE,gradcam,85,0.6041666666666666,16,10
1MS6-BLN,MSE,gradcam,90,0.6,10,6
1MS6-BLN,MSE,gradcam,95,1.0,1,1
1MS6-BLN,MSE,gradinput,50,0.5927311697095872,139,80
1MS6-BLN,MSE,gradinput,55,0.6148433981078614,121,71
1MS6-BLN,MSE,gradinput,60,0.6118795413043204,113,67
1MS6-BLN,MSE,gradinput,65,0.5807589666023403,83,51
1MS6-BLN,MSE,gradinput,70,0.5543130366900858,61,37
1MS6-BLN,MSE,gradinput,75,0.5485615079365076,48,28
1MS6-BLN,MSE,gradinput,80,0.5840579710144927,23,15
1MS6-BLN,MSE,gradinput,85,0.6145833333333333,16,10
1MS6-BLN,MSE,gradinput,90,0.55,10,6
1MS6-BLN,MSE,gradinput,95,1.0,1,1
1MS6-BLN,MSE,ig,50,0.595350432940361,139,80
1MS6-BLN,MSE,ig,55,0.6300312405684304,121,71
1MS6-BLN,MSE,ig,60,0.6112052893026344,113,67
1MS6-BLN,MSE,ig,65,0.5307354960969418,83,51
1MS6-BLN,MSE,ig,70,0.471233411397346,61,37
1MS6-BLN,MSE,ig,75,0.45054563492063515,48,28
1MS6-BLN,MSE,ig,80,0.5369565217391304,23,15
1MS6-BLN,MSE,ig,85,0.49999999999999994,16,10
1MS6-BLN,MSE,ig,90,0.5,10,6
1MS6-BLN,MSE,ig,95,0.0,1,1
1MS6-BLN,MSE,shap,50,0.5038040097392616,139,80
1MS6-BLN,MSE,shap,55,0.5120064737833334,121,71
1MS6-BLN,MSE,shap,60,0.5075645838920175,113,67
1MS6-BLN,MSE,shap,65,0.5072684678106366,83,51
1MS6-BLN,MSE,shap,70,0.4995901639344263,61,37
1MS6-BLN,MSE,shap,75,0.4765376984126984,48,28
1MS6-BLN,MSE,shap,80,0.41594202898550725,23,15
1MS6-BLN,MSE,shap,85,0.41666666666666663,16,10
1MS6-BLN,MSE,shap,90,0.35,10,6
1MS6-BLN,MSE,shap,95,0.0,1,1
1MZC-BNE,MSE,cam,50,0.5652173913043478,23,14
1MZC-BNE,MSE,cam,55,0.5652173913043478,23,14
1MZC-BNE,MSE,cam,60,0.5652173913043478,23,14
1MZC-BNE,MSE,cam,65,0.5652173913043478,23,14
1MZC-BNE,MSE,cam,70,0.5652173913043478,23,14
1MZC-BNE,MSE,cam,75,0.5652173913043478,23,14
1MZC-BNE,MSE,cam,80,0.6363636363636364,11,8
1MZC-BNE,MSE,cam,85,0.7142857142857143,7,6
1MZC-BNE,MSE,cam,90,0.7142857142857143,7,6
1MZC-BNE,MSE,cam,95,,0,0
1MZC-BNE,MSE,diff,50,0.5320910973084885,23,14
1MZC-BNE,MSE,diff,55,0.5320910973084885,23,14
1MZC-BNE,MSE,diff,60,0.5320910973084885,23,14
1MZC-BNE,MSE,diff,65,0.5320910973084885,23,14
1MZC-BNE,MSE,diff,70,0.5320910973084885,23,14
1MZC-BNE,MSE,diff,75,0.5320910973084885,23,14
1MZC-BNE,MSE,diff,80,0.5454545454545454,11,8
1MZC-BNE,MSE,diff,85,0.5952380952380951,7,6
1MZC-BNE,MSE,diff,90,0.5952380952380951,7,6
1MZC-BNE,MSE,diff,95,,0,0
1MZC-BNE,MSE,gradcam,50,0.5683229813664595,23,14
1MZC-BNE,MSE,gradcam,55,0.5683229813664595,23,14
1MZC-BNE,MSE,gradcam,60,0.5683229813664595,23,14
1MZC-BNE,MSE,gradcam,65,0.5683229813664595,23,14
1MZC-BNE,MSE,gradcam,70,0.5683229813664595,23,14
1MZC-BNE,MSE,gradcam,75,0.5683229813664595,23,14
1MZC-BNE,MSE,gradcam,80,0.5757575757575757,11,8
1MZC-BNE,MSE,gradcam,85,0.5952380952380951,7,6
1MZC-BNE,MSE,gradcam,90,0.5952380952380951,7,6
1MZC-BNE,MSE,gradcam,95,,0,0
1MZC-BNE,MSE,gradinput,50,0.5349378881987576,23,14
1MZC-BNE,MSE,gradinput,55,0.5349378881987576,23,14
1MZC-BNE,MSE,gradinput,60,0.5349378881987576,23,14
1MZC-BNE,MSE,gradinput,65,0.5349378881987576,23,14
1MZC-BNE,MSE,gradinput,70,0.5349378881987576,23,14
1MZC-BNE,MSE,gradinput,75,0.5349378881987576,23,14
1MZC-BNE,MSE,gradinput,80,0.5303030303030303,11,8
1MZC-BNE,MSE,gradinput,85,0.5238095238095238,7,6
1MZC-BNE,MSE,gradinput,90,0.5238095238095238,7,6
1MZC-BNE,MSE,gradinput,95,,0,0
1MZC-BNE,MSE,ig,50,0.5794513457556937,23,14
1MZC-BNE,MSE,ig,55,0.5794513457556937,23,14
1MZC-BNE,MSE,ig,60,0.5794513457556937,23,14
1MZC-BNE,MSE,ig,65,0.5794513457556937,23,14
1MZC-BNE,MSE,ig,70,0.5794513457556937,23,14
1MZC-BNE,MSE,ig,75,0.5794513457556937,23,14
1MZC-BNE,MSE,ig,80,0.5606060606060607,11,8
1MZC-BNE,MSE,ig,85,0.5476190476190477,7,6
1MZC-BNE,MSE,ig,90,0.5476190476190477,7,6
1MZC-BNE,MSE,ig,95,,0,0
1MZC-BNE,MSE,shap,50,0.5548654244306418,23,14
1MZC-BNE,MSE,shap,55,0.5548654244306418,23,14
1MZC-BNE,MSE,shap,60,0.5548654244306418,23,14
1MZC-BNE,MSE,shap,65,0.5548654244306418,23,14
1MZC-BNE,MSE,shap,70,0.5548654244306418,23,14
1MZC-BNE,MSE,shap,75,0.5548654244306418,23,14
1MZC-BNE,MSE,shap,80,0.5984848484848485,11,8
1MZC-BNE,MSE,shap,85,0.5714285714285714,7,6
1MZC-BNE,MSE,shap,90,0.5714285714285714,7,6
1MZC-BNE,MSE,shap,95,,0,0
1N1M-A3M,MSE,cam,50,0.5713213213213215,259,155
1N1M-A3M,MSE,cam,55,0.5553250345781467,241,142
1N1M-A3M,MSE,cam,60,0.5512481644640237,227,134
1N1M-A3M,MSE,cam,65,0.5483333333333335,220,130
1N1M-A3M,MSE,cam,70,0.5420068027210887,196,116
1N1M-A3M,MSE,cam,75,0.5419664268585135,139,85
1N1M-A3M,MSE,cam,80,0.5124113475177303,94,54
1N1M-A3M,MSE,cam,85,0.5083333333333333,60,35
1N1M-A3M,MSE,cam,90,0.6111111111111112,18,11
1N1M-A3M,MSE,cam,95,,0,0
1N1M-A3M,MSE,diff,50,0.7192005549148401,259,155
1N1M-A3M,MSE,diff,55,0.7167325298030691,241,142
1N1M-A3M,MSE,diff,60,0.7167365918467237,227,134
1N1M-A3M,MSE,diff,65,0.7182575757575754,220,130
1N1M-A3M,MSE,diff,70,0.729251700680272,196,116
1N1M-A3M,MSE,diff,75,0.7392086330935252,139,85
1N1M-A3M,MSE,diff,80,0.7783687943262412,94,54
1N1M-A3M,MSE,diff,85,0.7916666666666666,60,35
1N1M-A3M,MSE,diff,90,0.9444444444444444,18,11
1N1M-A3M,MSE,diff,95,,0,0
1N1M-A3M,MSE,gradcam,50,0.6748924713210427,259,155
1N1M-A3M,MSE,gradcam,55,0.6709016663373513,241,142
1N1M-A3M,MSE,gradcam,60,0.6722641773302566,227,134
1N1M-A3M,MSE,gradcam,65,0.6697727272727274,220,130
1N1M-A3M,MSE,gradcam,70,0.6676020408163265,196,116
1N1M-A3M,MSE,gradcam,75,0.657673860911271,139,85
1N1M-A3M,MSE,gradcam,80,0.6897163120567376,94,54
1N1M-A3M,MSE,gradcam,85,0.7583333333333333,60,35
1N1M-A3M,MSE,gradcam,90,0.9444444444444444,18,11
1N1M-A3M,MSE,gradcam,95,,0,0
1N1M-A3M,MSE,gradinput,50,0.6370487834773545,259,155
1N1M-A3M,MSE,gradinput,55,0.6359892643087663,241,142
1N1M-A3M,MSE,gradinput,60,0.6434584994056358,227,134
1N1M-A3M,MSE,gradinput,65,0.641060606060606,220,130
1N1M-A3M,MSE,gradinput,70,0.6348639455782311,196,116
1N1M-A3M,MSE,gradinput,75,0.61031175059952,139,85
1N1M-A3M,MSE,gradinput,80,0.6258865248226952,94,54
1N1M-A3M,MSE,gradinput,85,0.675,60,35
1N1M-A3M,MSE,gradinput,90,0.8888888888888888,18,11
1N1M-A3M,MSE,gradinput,95,,0,0
1N1M-A3M,MSE,ig,50,0.7449965735680022,259,155
1N1M-A3M,MSE,ig,55,0.7445547651979187,241,142
1N1M-A3M,MSE,ig,60,0.745870918117614,227,134
1N1M-A3M,MSE,ig,65,0.7472727272727272,220,130
1N1M-A3M,MSE,ig,70,0.7531462585034014,196,116
1N1M-A3M,MSE,ig,75,0.7907673860911273,139,85
1N1M-A3M,MSE,ig,80,0.7960992907801417,94,54
1N1M-A3M,MSE,ig,85,0.7916666666666666,60,35
1N1M-A3M,MSE,ig,90,0.8888888888888888,18,11
1N1M-A3M,MSE,ig,95,,0,0
1N1M-A3M,MSE,shap,50,0.5775443346871916,259,155
1N1M-A3M,MSE,shap,55,0.5723967595336888,241,142
1N1M-A3M,MSE,shap,60,0.5781099223830501,227,134
1N1M-A3M,MSE,shap,65,0.5811363636363636,220,130
1N1M-A3M,MSE,shap,70,0.5736394557823128,196,116
1N1M-A3M,MSE,shap,75,0.5773381294964028,139,85
1N1M-A3M,MSE,shap,80,0.5957446808510638,94,54
1N1M-A3M,MSE,shap,85,0.625,60,35
1N1M-A3M,MSE,shap,90,0.7777777777777778,18,11
1N1M-A3M,MSE,shap,95,,0,0
1NAV-IH5,MSE,cam,50,0.7777777777777778,27,21
1NAV-IH5,MSE,cam,55,0.7777777777777778,27,21
1NAV-IH5,MSE,cam,60,0.7777777777777778,27,21
1NAV-IH5,MSE,cam,65,0.76,25,19
1NAV-IH5,MSE,cam,70,0.7,20,14
1NAV-IH5,MSE,cam,75,0.6875,16,11
1NAV-IH5,MSE,cam,80,0.6666666666666666,6,4
1NAV-IH5,MSE,cam,85,0.75,4,3
1NAV-IH5,MSE,cam,90,0.6666666666666666,3,2
1NAV-IH5,MSE,cam,95,1.0,1,1
1NAV-IH5,MSE,diff,50,0.8148989898989898,27,21
1NAV-IH5,MSE,diff,55,0.8148989898989898,27,21
1NAV-IH5,MSE,diff,60,0.8148989898989898,27,21
1NAV-IH5,MSE,diff,65,0.8109999999999999,25,19
1NAV-IH5,MSE,diff,70,0.7787499999999998,20,14
1NAV-IH5,MSE,diff,75,0.7416666666666666,16,11
1NAV-IH5,MSE,diff,80,0.7000000000000001,6,4
1NAV-IH5,MSE,diff,85,0.75,4,3
1NAV-IH5,MSE,diff,90,0.6666666666666666,3,2
1NAV-IH5,MSE,diff,95,1.0,1,1
1NAV-IH5,MSE,gradcam,50,0.7626356154133932,27,21
1NAV-IH5,MSE,gradcam,55,0.7626356154133932,27,21
1NAV-IH5,MSE,gradcam,60,0.7626356154133932,27,21
1NAV-IH5,MSE,gradcam,65,0.7545555555555555,25,19
1NAV-IH5,MSE,gradcam,70,0.74375,20,14
1NAV-IH5,MSE,gradcam,75,0.71875,16,11
1NAV-IH5,MSE,gradcam,80,0.6666666666666666,6,4
1NAV-IH5,MSE,gradcam,85,0.75,4,3
1NAV-IH5,MSE,gradcam,90,0.6666666666666666,3,2
1NAV-IH5,MSE,gradcam,95,1.0,1,1
1NAV-IH5,MSE,gradinput,50,0.8512719790497568,27,21
1NAV-IH5,MSE,gradinput,55,0.8512719790497568,27,21
1NAV-IH5,MSE,gradinput,60,0.8512719790497568,27,21
1NAV-IH5,MSE,gradinput,65,0.8575555555555554,25,19
1NAV-IH5,MSE,gradinput,70,0.8474999999999999,20,14
1NAV-IH5,MSE,gradinput,75,0.8666666666666666,16,11
1NAV-IH5,MSE,gradinput,80,0.9,6,4
1NAV-IH5,MSE,gradinput,85,1.0,4,3
1NAV-IH5,MSE,gradinput,90,1.0,3,2
1NAV-IH5,MSE,gradinput,95,1.0,1,1
1NAV-IH5,MSE,ig,50,0.5710718294051627,27,21
1NAV-IH5,MSE,ig,55,0.5710718294051627,27,21
1NAV-IH5,MSE,ig,60,0.5710718294051627,27,21
1NAV-IH5,MSE,ig,65,0.5876666666666667,25,19
1NAV-IH5,MSE,ig,70,0.6029166666666667,20,14
1NAV-IH5,MSE,ig,75,0.63125,16,11
1NAV-IH5,MSE,ig,80,0.6666666666666666,6,4
1NAV-IH5,MSE,ig,85,0.75,4,3
1NAV-IH5,MSE,ig,90,0.6666666666666666,3,2
1NAV-IH5,MSE,ig,95,1.0,1,1
1NAV-IH5,MSE,shap,50,0.5491208380097269,27,21
1NAV-IH5,MSE,shap,55,0.5491208380097269,27,21
1NAV-IH5,MSE,shap,60,0.5491208380097269,27,21
1NAV-IH5,MSE,shap,65,0.5457777777777778,25,19
1NAV-IH5,MSE,shap,70,0.5483333333333333,20,14
1NAV-IH5,MSE,shap,75,0.51875,16,11
1NAV-IH5,MSE,shap,80,0.5333333333333333,6,4
1NAV-IH5,MSE,shap,85,0.625,4,3
1NAV-IH5,MSE,shap,90,0.5,3,2
1NAV-IH5,MSE,shap,95,0.0,1,1
1NAX-IH5,MSE,cam,50,0.7804878048780488,41,32
1NAX-IH5,MSE,cam,55,0.7804878048780488,41,32
1NAX-IH5,MSE,cam,60,0.7804878048780488,41,32
1NAX-IH5,MSE,cam,65,0.7631578947368421,38,29
1NAX-IH5,MSE,cam,70,0.71875,32,23
1NAX-IH5,MSE,cam,75,0.68,25,17
1NAX-IH5,MSE,cam,80,0.5833333333333334,12,7
1NAX-IH5,MSE,cam,85,0.75,4,3
1NAX-IH5,MSE,cam,90,0.6666666666666666,3,2
1NAX-IH5,MSE,cam,95,1.0,1,1
1NAX-IH5,MSE,diff,50,0.7243761658395804,41,32
1NAX-IH5,MSE,diff,55,0.7243761658395804,41,32
1NAX-IH5,MSE,diff,60,0.7243761658395804,41,32
1NAX-IH5,MSE,diff,65,0.714578111946533,38,29
1NAX-IH5,MSE,diff,70,0.7242559523809524,32,23
1NAX-IH5,MSE,diff,75,0.6946666666666665,25,17
1NAX-IH5,MSE,diff,80,0.7444444444444445,12,7
1NAX-IH5,MSE,diff,85,0.5833333333333333,4,3
1NAX-IH5,MSE,diff,90,0.6666666666666666,3,2
1NAX-IH5,MSE,diff,95,0.0,1,1
1NAX-IH5,MSE,gradcam,50,0.6871176926054975,41,32
1NAX-IH5,MSE,gradcam,55,0.6871176926054975,41,32
1NAX-IH5,MSE,gradcam,60,0.6871176926054975,41,32
1NAX-IH5,MSE,gradcam,65,0.6624164578111946,38,29
1NAX-IH5,MSE,gradcam,70,0.6154389880952381,32,23
1NAX-IH5,MSE,gradcam,75,0.5946666666666666,25,17
1NAX-IH5,MSE,gradcam,80,0.5277777777777778,12,7
1NAX-IH5,MSE,gradcam,85,0.5833333333333333,4,3
1NAX-IH5,MSE,gradcam,90,0.6666666666666666,3,2
1NAX-IH5,MSE,gradcam,95,1.0,1,1
1NAX-IH5,MSE,gradinput,50,0.7515274698201526,41,32
1NAX-IH5,MSE,gradinput,55,0.7515274698201526,41,32
1NAX-IH5,MSE,gradinput,60,0.7515274698201526,41,32
1NAX-IH5,MSE,gradinput,65,0.7366959064327484,38,29
1NAX-IH5,MSE,gradinput,70,0.7130208333333332,32,23
1NAX-IH5,MSE,gradinput,75,0.716,25,17
1NAX-IH5,MSE,gradinput,80,0.6611111111111111,12,7
1NAX-IH5,MSE,gradinput,85,0.5833333333333333,4,3
1NAX-IH5,MSE,gradinput,90,0.6666666666666666,3,2
1NAX-IH5,MSE,gradinput,95,0.0,1,1
1NAX-IH5,MSE,ig,50,0.6032669904621125,41,32
1NAX-IH5,MSE,ig,55,0.6032669904621125,41,32
1NAX-IH5,MSE,ig,60,0.6032669904621125,41,32
1NAX-IH5,MSE,ig,65,0.5861006683375105,38,29
1NAX-IH5,MSE,ig,70,0.5685639880952382,32,23
1NAX-IH5,MSE,ig,75,0.548,25,17
1NAX-IH5,MSE,ig,80,0.5777777777777777,12,7
1NAX-IH5,MSE,ig,85,0.3333333333333333,4,3
1NAX-IH5,MSE,ig,90,0.3333333333333333,3,2
1NAX-IH5,MSE,ig,95,0.0,1,1
1NAX-IH5,MSE,shap,50,0.5348854397634885,41,32
1NAX-IH5,MSE,shap,55,0.5348854397634885,41,32
1NAX-IH5,MSE,shap,60,0.5348854397634885,41,32
1NAX-IH5,MSE,shap,65,0.5280701754385964,38,29
1NAX-IH5,MSE,shap,70,0.5218749999999999,32,23
1NAX-IH5,MSE,shap,75,0.5146666666666667,25,17
1NAX-IH5,MSE,shap,80,0.5750000000000001,12,7
1NAX-IH5,MSE,shap,85,0.625,4,3
1NAX-IH5,MSE,shap,90,0.5,3,2
1NAX-IH5,MSE,shap,95,1.0,1,1
1NFU-RRP,MSE,cam,50,0.5423728813559322,59,33
1NFU-RRP,MSE,cam,55,0.5510204081632653,49,28
1NFU-RRP,MSE,cam,60,0.5609756097560976,41,24
1NFU-RRP,MSE,cam,65,0.6,25,16
1NFU-RRP,MSE,cam,70,0.6666666666666666,12,9
1NFU-RRP,MSE,cam,75,0.625,8,6
1NFU-RRP,MSE,cam,80,0.6666666666666666,3,3
1NFU-RRP,MSE,cam,85,0.0,1,1
1NFU-RRP,MSE,cam,90,0.0,1,1
1NFU-RRP,MSE,cam,95,0.0,1,1
1NFU-RRP,MSE,diff,50,0.6463995916742937,59,33
1NFU-RRP,MSE,diff,55,0.6260486745480743,49,28
1NFU-RRP,MSE,diff,60,0.6236827535608024,41,24
1NFU-RRP,MSE,diff,65,0.6266126096126096,25,16
1NFU-RRP,MSE,diff,70,0.6291742979242979,12,9
1NFU-RRP,MSE,diff,75,0.6867559523809524,8,6
1NFU-RRP,MSE,diff,80,0.6805555555555555,3,3
1NFU-RRP,MSE,diff,85,1.0,1,1
1NFU-RRP,MSE,diff,90,1.0,1,1
1NFU-RRP,MSE,diff,95,1.0,1,1
1NFU-RRP,MSE,gradcam,50,0.39962353243824617,59,33
1NFU-RRP,MSE,gradcam,55,0.407689895805142,49,28
1NFU-RRP,MSE,gradcam,60,0.41472599216501654,41,24
1NFU-RRP,MSE,gradcam,65,0.46963780663780663,25,16
1NFU-RRP,MSE,gradcam,70,0.5836309523809524,12,9
1NFU-RRP,MSE,gradcam,75,0.5215773809523809,8,6
1NFU-RRP,MSE,gradcam,80,0.6111111111111112,3,3
1NFU-RRP,MSE,gradcam,85,0.0,1,1
1NFU-RRP,MSE,gradcam,90,0.0,1,1
1NFU-RRP,MSE,gradcam,95,0.0,1,1
1NFU-RRP,MSE,gradinput,50,0.38306977352406846,59,33
1NFU-RRP,MSE,gradinput,55,0.3879639618084996,49,28
1NFU-RRP,MSE,gradinput,60,0.39843144660217833,41,24
1NFU-RRP,MSE,gradinput,65,0.46445321345321344,25,16
1NFU-RRP,MSE,gradinput,70,0.5961462148962149,12,9
1NFU-RRP,MSE,gradinput,75,0.5796130952380952,8,6
1NFU-RRP,MSE,gradinput,80,0.9444444444444445,3,3
1NFU-RRP,MSE,gradinput,85,1.0,1,1
1NFU-RRP,MSE,gradinput,90,1.0,1,1
1NFU-RRP,MSE,gradinput,95,1.0,1,1
1NFU-RRP,MSE,ig,50,0.5780393544436943,59,33
1NFU-RRP,MSE,ig,55,0.5815629931626332,49,28
1NFU-RRP,MSE,ig,60,0.5914783725759337,41,24
1NFU-RRP,MSE,ig,65,0.642954933954934,25,16
1NFU-RRP,MSE,ig,70,0.730807387057387,12,9
1NFU-RRP,MSE,ig,75,0.7745535714285714,8,6
1NFU-RRP,MSE,ig,80,0.8194444444444445,3,3
1NFU-RRP,MSE,ig,85,1.0,1,1
1NFU-RRP,MSE,ig,90,1.0,1,1
1NFU-RRP,MSE,ig,95,1.0,1,1
1NFU-RRP,MSE,shap,50,0.5120603510696389,59,33
1NFU-RRP,MSE,shap,55,0.5126777517533818,49,28
1NFU-RRP,MSE,shap,60,0.5264669612230587,41,24
1NFU-RRP,MSE,shap,65,0.5311530691530691,25,16
1NFU-RRP,MSE,shap,70,0.5776607651607651,12,9
1NFU-RRP,MSE,shap,75,0.5069444444444444,8,6
1NFU-RRP,MSE,shap,80,0.3333333333333333,3,3
1NFU-RRP,MSE,shap,85,0.0,1,1
1NFU-RRP,MSE,shap,90,0.0,1,1
1NFU-RRP,MSE,shap,95,0.0,1,1
1O42-843,MSE,cam,50,0.49388841562972585,528,275
1O42-843,MSE,cam,55,0.49507660069091525,406,214
1O42-843,MSE,cam,60,0.4999681169893935,282,152
1O42-843,MSE,cam,65,0.5054443324532609,224,123
1O42-843,MSE,cam,70,0.507777106614316,172,97
1O42-843,MSE,cam,75,0.5117096018735363,122,72
1O42-843,MSE,cam,80,0.5232558139534884,86,54
1O42-843,MSE,cam,85,0.532258064516129,62,42
1O42-843,MSE,cam,90,0.5217391304347826,23,20
1O42-843,MSE,cam,95,0.6666666666666666,3,4
1O42-843,MSE,diff,50,0.5543959719031841,528,275
1O42-843,MSE,diff,55,0.5458303085151326,406,214
1O42-843,MSE,diff,60,0.5307238152711112,282,152
1O42-843,MSE,diff,65,0.5166599740129152,224,123
1O42-843,MSE,diff,70,0.5239401748122678,172,97
1O42-843,MSE,diff,75,0.5437542876067467,122,72
1O42-843,MSE,diff,80,0.5858803986710964,86,54
1O42-843,MSE,diff,85,0.6349462365591398,62,42
1O42-843,MSE,diff,90,0.6340579710144929,23,20
1O42-843,MSE,diff,95,0.6666666666666666,3,4
1O42-843,MSE,gradcam,50,0.5452928371403947,528,275
1O42-843,MSE,gradcam,55,0.5452548223017105,406,214
1O42-843,MSE,gradcam,60,0.5341733050365549,282,152
1O42-843,MSE,gradcam,65,0.5152451412528881,224,123
1O42-843,MSE,gradcam,70,0.5117855335878595,172,97
1O42-843,MSE,gradcam,75,0.5223260118751921,122,72
1O42-843,MSE,gradcam,80,0.5397425249169434,86,54
1O42-843,MSE,gradcam,85,0.5819892473118281,62,42
1O42-843,MSE,gradcam,90,0.6159420289855072,23,20
1O42-843,MSE,gradcam,95,0.5,3,4
1O42-843,MSE,gradinput,50,0.5134728187361971,528,275
1O42-843,MSE,gradinput,55,0.5253820846361721,406,214
1O42-843,MSE,gradinput,60,0.5311847760101329,282,152
1O42-843,MSE,gradinput,65,0.5293613424390734,224,123
1O42-843,MSE,gradinput,70,0.535046042458833,172,97
1O42-843,MSE,gradinput,75,0.5683444515411729,122,72
1O42-843,MSE,gradinput,80,0.6324335548172757,86,54
1O42-843,MSE,gradinput,85,0.6833333333333333,62,42
1O42-843,MSE,gradinput,90,0.6231884057971014,23,20
1O42-843,MSE,gradinput,95,0.5,3,4
1O42-843,MSE,ig,50,0.5886699417736131,528,275
1O42-843,MSE,ig,55,0.584555276977763,406,214
1O42-843,MSE,ig,60,0.5804992904899859,282,152
1O42-843,MSE,ig,65,0.5807092840049776,224,123
1O42-843,MSE,ig,70,0.6035329657422682,172,97
1O42-843,MSE,ig,75,0.6434092091878979,122,72
1O42-843,MSE,ig,80,0.6881090808416389,86,54
1O42-843,MSE,ig,85,0.743010752688172,62,42
1O42-843,MSE,ig,90,0.818840579710145,23,20
1O42-843,MSE,ig,95,1.0,3,4
1O42-843,MSE,shap,50,0.504908929215193,528,275
1O42-843,MSE,shap,55,0.5007777749075085,406,214
1O42-843,MSE,shap,60,0.49656277475302896,282,152
1O42-843,MSE,shap,65,0.491924454805232,224,123
1O42-843,MSE,shap,70,0.5008174641895572,172,97
1O42-843,MSE,shap,75,0.5119840087053202,122,72
1O42-843,MSE,shap,80,0.5155177187153932,86,54
1O42-843,MSE,shap,85,0.5064516129032258,62,42
1O42-843,MSE,shap,90,0.48550724637681164,23,20
1O42-843,MSE,shap,95,0.6666666666666666,3,4
1O46-903,MSE,cam,50,0.5106382978723404,47,24
1O46-903,MSE,cam,55,0.5106382978723404,47,24
1O46-903,MSE,cam,60,0.5106382978723404,47,24
1O46-903,MSE,cam,65,0.5106382978723404,47,24
1O46-903,MSE,cam,70,0.5121951219512195,41,21
1O46-903,MSE,cam,75,0.5135135135135135,37,19
1O46-903,MSE,cam,80,0.5161290322580645,31,16
1O46-903,MSE,cam,85,0.5384615384615384,13,7
1O46-903,MSE,cam,90,0.5714285714285714,7,4
1O46-903,MSE,cam,95,0.6,5,3
1O46-903,MSE,diff,50,0.5110692794203434,47,24
1O46-903,MSE,diff,55,0.5110692794203434,47,24
1O46-903,MSE,diff,60,0.5110692794203434,47,24
1O46-903,MSE,diff,65,0.5110692794203434,47,24
1O46-903,MSE,diff,70,0.5450445218737904,41,21
1O46-903,MSE,diff,75,0.5742385242385244,37,19
1O46-903,MSE,diff,80,0.5950588837685613,31,16
1O46-903,MSE,diff,85,0.6641025641025641,13,7
1O46-903,MSE,diff,90,0.5,7,4
1O46-903,MSE,diff,95,0.4,5,3
1O46-903,MSE,gradcam,50,0.4453858493752112,47,24
1O46-903,MSE,gradcam,55,0.4453858493752112,47,24
1O46-903,MSE,gradcam,60,0.4453858493752112,47,24
1O46-903,MSE,gradcam,65,0.4453858493752112,47,24
1O46-903,MSE,gradcam,70,0.4750096786682154,41,21
1O46-903,MSE,gradcam,75,0.5020377520377521,37,19
1O46-903,MSE,gradcam,80,0.5031490015360984,31,16
1O46-903,MSE,gradcam,85,0.6653846153846152,13,7
1O46-903,MSE,gradcam,90,0.6071428571428571,7,4
1O46-903,MSE,gradcam,95,0.6,5,3
1O46-903,MSE,gradinput,50,0.47756478155414334,47,24
1O46-903,MSE,gradinput,55,0.47756478155414334,47,24
1O46-903,MSE,gradinput,60,0.47756478155414334,47,24
1O46-903,MSE,gradinput,65,0.47756478155414334,47,24
1O46-903,MSE,gradinput,70,0.507975222609369,41,21
1O46-903,MSE,gradinput,75,0.5327112827112828,37,19
1O46-903,MSE,gradinput,80,0.5429851510496672,31,16
1O46-903,MSE,gradinput,85,0.6987179487179488,13,7
1O46-903,MSE,gradinput,90,0.6785714285714286,7,4
1O46-903,MSE,gradinput,95,0.6,5,3
1O46-903,MSE,ig,50,0.407662874950109,47,24
1O46-903,MSE,ig,55,0.407662874950109,47,24
1O46-903,MSE,ig,60,0.407662874950109,47,24
1O46-903,MSE,ig,65,0.407662874950109,47,24
1O46-903,MSE,ig,70,0.41320170344560586,41,21
1O46-903,MSE,ig,75,0.424088374088374,37,19
1O46-903,MSE,ig,80,0.4527649769585253,31,16
1O46-903,MSE,ig,85,0.5564102564102564,13,7
1O46-903,MSE,ig,90,0.5,7,4
1O46-903,MSE,ig,95,0.4,5,3
1O46-903,MSE,shap,50,0.5218591691995947,47,24
1O46-903,MSE,shap,55,0.5218591691995947,47,24
1O46-903,MSE,shap,60,0.5218591691995947,47,24
1O46-903,MSE,shap,65,0.5218591691995947,47,24
1O46-903,MSE,shap,70,0.5252322880371663,41,21
1O46-903,MSE,shap,75,0.5329150579150581,37,19
1O46-903,MSE,shap,80,0.5325780849974397,31,16
1O46-903,MSE,shap,85,0.5499999999999999,13,7
1O46-903,MSE,shap,90,0.6071428571428571,7,4
1O46-903,MSE,shap,95,0.5,5,3
1O86-LPR,MSE,cam,50,0.5179905092004781,878,447
1O86-LPR,MSE,cam,55,0.5161897958090665,652,333
1O86-LPR,MSE,cam,60,0.5166033888771709,431,222
1O86-LPR,MSE,cam,65,0.5135425046929472,339,176
1O86-LPR,MSE,cam,70,0.5092669432918395,241,127
1O86-LPR,MSE,cam,75,0.5141447368421053,152,81
1O86-LPR,MSE,cam,80,0.51875,104,57
1O86-LPR,MSE,cam,85,0.5219298245614035,57,32
1O86-LPR,MSE,cam,90,0.3333333333333333,3,3
1O86-LPR,MSE,cam,95,0.0,1,2
1O86-LPR,MSE,diff,50,0.571262000843419,878,447
1O86-LPR,MSE,diff,55,0.56172465111233,652,333
1O86-LPR,MSE,diff,60,0.5477573406227693,431,222
1O86-LPR,MSE,diff,65,0.5553527347775129,339,176
1O86-LPR,MSE,diff,70,0.5481475992886783,241,127
1O86-LPR,MSE,diff,75,0.5402882205513786,152,81
1O86-LPR,MSE,diff,80,0.5298076923076922,104,57
1O86-LPR,MSE,diff,85,0.48538011695906436,57,32
1O86-LPR,MSE,diff,90,0.6666666666666666,3,3
1O86-LPR,MSE,diff,95,0.0,1,2
1O86-LPR,MSE,gradcam,50,0.46887941583880266,878,447
1O86-LPR,MSE,gradcam,55,0.4739314696301062,652,333
1O86-LPR,MSE,gradcam,60,0.4837878221288887,431,222
1O86-LPR,MSE,gradcam,65,0.48236708391575617,339,176
1O86-LPR,MSE,gradcam,70,0.48723243100836494,241,127
1O86-LPR,MSE,gradcam,75,0.4879699248120302,152,81
1O86-LPR,MSE,gradcam,80,0.4966346153846154,104,57
1O86-LPR,MSE,gradcam,85,0.47076023391812877,57,32
1O86-LPR,MSE,gradcam,90,0.3333333333333333,3,3
1O86-LPR,MSE,gradcam,95,0.0,1,2
1O86-LPR,MSE,gradinput,50,0.4682013576578516,878,447
1O86-LPR,MSE,gradinput,55,0.475418819971364,652,333
1O86-LPR,MSE,gradinput,60,0.4837731487383462,431,222
1O86-LPR,MSE,gradinput,65,0.47299941127374756,339,176
1O86-LPR,MSE,gradinput,70,0.4822136600144898,241,127
1O86-LPR,MSE,gradinput,75,0.4926848370927318,152,81
1O86-LPR,MSE,gradinput,80,0.515224358974359,104,57
1O86-LPR,MSE,gradinput,85,0.5175438596491229,57,32
1O86-LPR,MSE,gradinput,90,0.3333333333333333,3,3
1O86-LPR,MSE,gradinput,95,0.0,1,2
1O86-LPR,MSE,ig,50,0.6272424384257681,878,447
1O86-LPR,MSE,ig,55,0.6361303346227687,652,333
1O86-LPR,MSE,ig,60,0.6280676657706818,431,222
1O86-LPR,MSE,ig,65,0.644045859090107,339,176
1O86-LPR,MSE,ig,70,0.6579743792399393,241,127
1O86-LPR,MSE,ig,75,0.6617481203007518,152,81
1O86-LPR,MSE,ig,80,0.6453525641025641,104,57
1O86-LPR,MSE,ig,85,0.6154970760233919,57,32
1O86-LPR,MSE,ig,90,0.6666666666666666,3,3
1O86-LPR,MSE,ig,95,0.0,1,2
1O86-LPR,MSE,shap,50,0.5152939783244903,878,447
1O86-LPR,MSE,shap,55,0.5153010039182498,652,333
1O86-LPR,MSE,shap,60,0.521954360411437,431,222
1O86-LPR,MSE,shap,65,0.5198600972937254,339,176
1O86-LPR,MSE,shap,70,0.528538497003227,241,127
1O86-LPR,MSE,shap,75,0.532667606516291,152,81
1O86-LPR,MSE,shap,80,0.547275641025641,104,57
1O86-LPR,MSE,shap,85,0.5614035087719298,57,32
1O86-LPR,MSE,shap,90,0.6666666666666666,3,3
1O86-LPR,MSE,shap,95,0.0,1,2
1OHJ-COP,MSE,cam,50,0.5,36,18
1OHJ-COP,MSE,cam,55,0.5,36,18
1OHJ-COP,MSE,cam,60,0.5,36,18
1OHJ-COP,MSE,cam,65,0.5,28,14
1OHJ-COP,MSE,cam,70,0.5,20,10
1OHJ-COP,MSE,cam,75,0.5,10,5
1OHJ-COP,MSE,cam,80,0.5,8,4
1OHJ-COP,MSE,cam,85,0.5,8,4
1OHJ-COP,MSE,cam,90,0.5,6,3
1OHJ-COP,MSE,cam,95,,0,0
1OHJ-COP,MSE,diff,50,0.64824095657429,36,18
1OHJ-COP,MSE,diff,55,0.64824095657429,36,18
1OHJ-COP,MSE,diff,60,0.64824095657429,36,18
1OHJ-COP,MSE,diff,65,0.7024336774336775,28,14
1OHJ-COP,MSE,diff,70,0.767055167055167,20,10
1OHJ-COP,MSE,diff,75,0.8855555555555557,10,5
1OHJ-COP,MSE,diff,80,0.9333333333333333,8,4
1OHJ-COP,MSE,diff,85,0.9333333333333333,8,4
1OHJ-COP,MSE,diff,90,0.9444444444444443,6,3
1OHJ-COP,MSE,diff,95,,0,0
1OHJ-COP,MSE,gradcam,50,0.5378367003367005,36,18
1OHJ-COP,MSE,gradcam,55,0.5378367003367005,36,18
1OHJ-COP,MSE,gradcam,60,0.5378367003367005,36,18
1OHJ-COP,MSE,gradcam,65,0.5519605394605397,28,14
1OHJ-COP,MSE,gradcam,70,0.5641899766899767,20,10
1OHJ-COP,MSE,gradcam,75,0.63,10,5
1OHJ-COP,MSE,gradcam,80,0.6833333333333333,8,4
1OHJ-COP,MSE,gradcam,85,0.6833333333333333,8,4
1OHJ-COP,MSE,gradcam,90,0.6944444444444443,6,3
1OHJ-COP,MSE,gradcam,95,,0,0
1OHJ-COP,MSE,gradinput,50,0.6620769662436329,36,18
1OHJ-COP,MSE,gradinput,55,0.6620769662436329,36,18
1OHJ-COP,MSE,gradinput,60,0.6620769662436329,36,18
1OHJ-COP,MSE,gradinput,65,0.6994810744810743,28,14
1OHJ-COP,MSE,gradinput,70,0.6926068376068375,20,10
1OHJ-COP,MSE,gradinput,75,0.6011111111111112,10,5
1OHJ-COP,MSE,gradinput,80,0.6541666666666667,8,4
1OHJ-COP,MSE,gradinput,85,0.6541666666666667,8,4
1OHJ-COP,MSE,gradinput,90,0.6388888888888888,6,3
1OHJ-COP,MSE,gradinput,95,,0,0
1OHJ-COP,MSE,ig,50,0.6789788914788917,36,18
1OHJ-COP,MSE,ig,55,0.6789788914788917,36,18
1OHJ-COP,MSE,ig,60,0.6789788914788917,36,18
1OHJ-COP,MSE,ig,65,0.6995254745254746,28,14
1OHJ-COP,MSE,ig,70,0.7255594405594404,20,10
1OHJ-COP,MSE,ig,75,0.8433333333333334,10,5
1OHJ-COP,MSE,ig,80,0.9083333333333333,8,4
1OHJ-COP,MSE,ig,85,0.9083333333333333,8,4
1OHJ-COP,MSE,ig,90,0.9444444444444443,6,3
1OHJ-COP,MSE,ig,95,,0,0
1OHJ-COP,MSE,shap,50,0.5094912803246135,36,18
1OHJ-COP,MSE,shap,55,0.5094912803246135,36,18
1OHJ-COP,MSE,shap,60,0.5094912803246135,36,18
1OHJ-COP,MSE,shap,65,0.5082653457653458,28,14
1OHJ-COP,MSE,shap,70,0.5117055167055167,20,10
1OHJ-COP,MSE,shap,75,0.5622222222222222,10,5
1OHJ-COP,MSE,shap,80,0.5708333333333333,8,4
1OHJ-COP,MSE,shap,85,0.5708333333333333,8,4
1OHJ-COP,MSE,shap,90,0.5277777777777778,6,3
1OHJ-COP,MSE,shap,95,,0,0
1OIQ-HDU,MSE,cam,50,0.48484848484848486,33,17
1OIQ-HDU,MSE,cam,55,0.4782608695652174,23,12
1OIQ-HDU,MSE,cam,60,0.47368421052631576,19,10
1OIQ-HDU,MSE,cam,65,0.47368421052631576,19,10
1OIQ-HDU,MSE,cam,70,0.4444444444444444,9,5
1OIQ-HDU,MSE,cam,75,0.0,1,1
1OIQ-HDU,MSE,cam,80,0.0,1,1
1OIQ-HDU,MSE,cam,85,0.0,1,1
1OIQ-HDU,MSE,cam,90,,0,0
1OIQ-HDU,MSE,cam,95,,0,0
1OIQ-HDU,MSE,diff,50,0.5018890200708384,33,17
1OIQ-HDU,MSE,diff,55,0.47289666854884255,23,12
1OIQ-HDU,MSE,diff,60,0.5137844611528822,19,10
1OIQ-HDU,MSE,diff,65,0.5137844611528822,19,10
1OIQ-HDU,MSE,diff,70,0.34656084656084657,9,5
1OIQ-HDU,MSE,diff,75,0.0,1,1
1OIQ-HDU,MSE,diff,80,0.0,1,1
1OIQ-HDU,MSE,diff,85,0.0,1,1
1OIQ-HDU,MSE,diff,90,,0,0
1OIQ-HDU,MSE,diff,95,,0,0
1OIQ-HDU,MSE,gradcam,50,0.4515873015873016,33,17
1OIQ-HDU,MSE,gradcam,55,0.43633540372670804,23,12
1OIQ-HDU,MSE,gradcam,60,0.4229323308270676,19,10
1OIQ-HDU,MSE,gradcam,65,0.4229323308270676,19,10
1OIQ-HDU,MSE,gradcam,70,0.380952380952381,9,5
1OIQ-HDU,MSE,gradcam,75,0.0,1,1
1OIQ-HDU,MSE,gradcam,80,0.0,1,1
1OIQ-HDU,MSE,gradcam,85,0.0,1,1
1OIQ-HDU,MSE,gradcam,90,,0,0
1OIQ-HDU,MSE,gradcam,95,,0,0
1OIQ-HDU,MSE,gradinput,50,0.5040010494555949,33,17
1OIQ-HDU,MSE,gradinput,55,0.5005646527385658,23,12
1OIQ-HDU,MSE,gradinput,60,0.5068922305764411,19,10
1OIQ-HDU,MSE,gradinput,65,0.5068922305764411,19,10
1OIQ-HDU,MSE,gradinput,70,0.43915343915343913,9,5
1OIQ-HDU,MSE,gradinput,75,0.0,1,1
1OIQ-HDU,MSE,gradinput,80,0.0,1,1
1OIQ-HDU,MSE,gradinput,85,0.0,1,1
1OIQ-HDU,MSE,gradinput,90,,0,0
1OIQ-HDU,MSE,gradinput,95,,0,0
1OIQ-HDU,MSE,ig,50,0.4861012724649089,33,17
1OIQ-HDU,MSE,ig,55,0.4525221155655939,23,12
1OIQ-HDU,MSE,ig,60,0.4843358395989976,19,10
1OIQ-HDU,MSE,ig,65,0.4843358395989976,19,10
1OIQ-HDU,MSE,ig,70,0.462962962962963,9,5
1OIQ-HDU,MSE,ig,75,0.0,1,1
1OIQ-HDU,MSE,ig,80,0.0,1,1
1OIQ-HDU,MSE,ig,85,0.0,1,1
1OIQ-HDU,MSE,ig,90,,0,0
1OIQ-HDU,MSE,ig,95,,0,0
1OIQ-HDU,MSE,shap,50,0.5467368490095763,33,17
1OIQ-HDU,MSE,shap,55,0.574510634293243,23,12
1OIQ-HDU,MSE,shap,60,0.5786340852130326,19,10
1OIQ-HDU,MSE,shap,65,0.5786340852130326,19,10
1OIQ-HDU,MSE,shap,70,0.4576719576719576,9,5
1OIQ-HDU,MSE,shap,75,0.3333333333333333,1,1
1OIQ-HDU,MSE,shap,80,0.3333333333333333,1,1
1OIQ-HDU,MSE,shap,85,0.3333333333333333,1,1
1OIQ-HDU,MSE,shap,90,,0,0
1OIQ-HDU,MSE,shap,95,,0,0
1OIR-HDY,MSE,cam,50,0.5,32,16
1OIR-HDY,MSE,cam,55,0.5,32,16
1OIR-HDY,MSE,cam,60,0.5,28,14
1OIR-HDY,MSE,cam,65,0.5,12,6
1OIR-HDY,MSE,cam,70,0.5,10,5
1OIR-HDY,MSE,cam,75,0.5,2,1
1OIR-HDY,MSE,cam,80,0.5,2,1
1OIR-HDY,MSE,cam,85,0.5,2,1
1OIR-HDY,MSE,cam,90,0.5,2,1
1OIR-HDY,MSE,cam,95,0.5,2,1
1OIR-HDY,MSE,diff,50,0.663568376068376,32,16
1OIR-HDY,MSE,diff,55,0.663568376068376,32,16
1OIR-HDY,MSE,diff,60,0.6797924297924297,28,14
1OIR-HDY,MSE,diff,65,0.8703703703703703,12,6
1OIR-HDY,MSE,diff,70,0.8444444444444444,10,5
1OIR-HDY,MSE,diff,75,0.5,2,1
1OIR-HDY,MSE,diff,80,0.5,2,1
1OIR-HDY,MSE,diff,85,0.5,2,1
1OIR-HDY,MSE,diff,90,0.5,2,1
1OIR-HDY,MSE,diff,95,0.5,2,1
1OIR-HDY,MSE,gradcam,50,0.5693376068376068,32,16
1OIR-HDY,MSE,gradcam,55,0.5693376068376068,32,16
1OIR-HDY,MSE,gradcam,60,0.5744810744810744,28,14
1OIR-HDY,MSE,gradcam,65,0.5925925925925926,12,6
1OIR-HDY,MSE,gradcam,70,0.611111111111111,10,5
1OIR-HDY,MSE,gradcam,75,1.0,2,1
1OIR-HDY,MSE,gradcam,80,1.0,2,1
1OIR-HDY,MSE,gradcam,85,1.0,2,1
1OIR-HDY,MSE,gradcam,90,1.0,2,1
1OIR-HDY,MSE,gradcam,95,1.0,2,1
1OIR-HDY,MSE,gradinput,50,0.634391996891997,32,16
1OIR-HDY,MSE,gradinput,55,0.634391996891997,32,16
1OIR-HDY,MSE,gradinput,60,0.6333527583527584,28,14
1OIR-HDY,MSE,gradinput,65,0.6776094276094277,12,6
1OIR-HDY,MSE,gradinput,70,0.6722222222222223,10,5
1OIR-HDY,MSE,gradinput,75,0.5,2,1
1OIR-HDY,MSE,gradinput,80,0.5,2,1
1OIR-HDY,MSE,gradinput,85,0.5,2,1
1OIR-HDY,MSE,gradinput,90,0.5,2,1
1OIR-HDY,MSE,gradinput,95,0.5,2,1
1OIR-HDY,MSE,ig,50,0.6404780982905982,32,16
1OIR-HDY,MSE,ig,55,0.6404780982905982,32,16
1OIR-HDY,MSE,ig,60,0.6629273504273503,28,14
1OIR-HDY,MSE,ig,65,0.8518518518518517,12,6
1OIR-HDY,MSE,ig,70,0.8222222222222222,10,5
1OIR-HDY,MSE,ig,75,0.5,2,1
1OIR-HDY,MSE,ig,80,0.5,2,1
1OIR-HDY,MSE,ig,85,0.5,2,1
1OIR-HDY,MSE,ig,90,0.5,2,1
1OIR-HDY,MSE,ig,95,0.5,2,1
1OIR-HDY,MSE,shap,50,0.5371272824397825,32,16
1OIR-HDY,MSE,shap,55,0.5371272824397825,32,16
1OIR-HDY,MSE,shap,60,0.5380661005661007,28,14
1OIR-HDY,MSE,shap,65,0.6109006734006734,12,6
1OIR-HDY,MSE,shap,70,0.6194444444444445,10,5
1OIR-HDY,MSE,shap,75,1.0,2,1
1OIR-HDY,MSE,shap,80,1.0,2,1
1OIR-HDY,MSE,shap,85,1.0,2,1
1OIR-HDY,MSE,shap,90,1.0,2,1
1OIR-HDY,MSE,shap,95,1.0,2,1
1OYN-4RR,MSE,cam,50,0.5386939721143373,383,201
1OYN-4RR,MSE,cam,55,0.5356739462170771,313,165
1OYN-4RR,MSE,cam,60,0.5402694599585791,193,104
1OYN-4RR,MSE,cam,65,0.563358676804055,119,65
1OYN-4RR,MSE,cam,70,0.5576081007115491,87,48
1OYN-4RR,MSE,cam,75,0.571186440677966,59,34
1OYN-4RR,MSE,cam,80,0.5161290322580645,31,19
1OYN-4RR,MSE,cam,85,0.45679012345679015,27,17
1OYN-4RR,MSE,cam,90,0.4090909090909091,11,8
1OYN-4RR,MSE,cam,95,,0,0
1OYN-4RR,MSE,diff,50,0.5835241692214499,383,201
1OYN-4RR,MSE,diff,55,0.5846285926064158,313,165
1OYN-4RR,MSE,diff,60,0.6319619931018894,193,104
1OYN-4RR,MSE,diff,65,0.6673135921035082,119,65
1OYN-4RR,MSE,diff,70,0.6977969348659003,87,48
1OYN-4RR,MSE,diff,75,0.7144067796610168,59,34
1OYN-4RR,MSE,diff,80,0.7284946236559141,31,19
1OYN-4RR,MSE,diff,85,0.7500000000000001,27,17
1OYN-4RR,MSE,diff,90,0.7727272727272727,11,8
1OYN-4RR,MSE,diff,95,,0,0
1OYN-4RR,MSE,gradcam,50,0.5788915948895209,383,201
1OYN-4RR,MSE,gradcam,55,0.5906460434885539,313,165
1OYN-4RR,MSE,gradcam,60,0.6586539971254997,193,104
1OYN-4RR,MSE,gradcam,65,0.7007703081232491,119,65
1OYN-4RR,MSE,gradcam,70,0.7162287903667215,87,48
1OYN-4RR,MSE,gradcam,75,0.7443502824858758,59,34
1OYN-4RR,MSE,gradcam,80,0.7553763440860214,31,19
1OYN-4RR,MSE,gradcam,85,0.7314814814814815,27,17
1OYN-4RR,MSE,gradcam,90,0.7727272727272727,11,8
1OYN-4RR,MSE,gradcam,95,,0,0
1OYN-4RR,MSE,gradinput,50,0.5092469760397109,383,201
1OYN-4RR,MSE,gradinput,55,0.5101901961138952,313,165
1OYN-4RR,MSE,gradinput,60,0.5534708526936502,193,104
1OYN-4RR,MSE,gradinput,65,0.5815926370548221,119,65
1OYN-4RR,MSE,gradinput,70,0.6035987958401753,87,48
1OYN-4RR,MSE,gradinput,75,0.6050847457627117,59,34
1OYN-4RR,MSE,gradinput,80,0.6102150537634409,31,19
1OYN-4RR,MSE,gradinput,85,0.632716049382716,27,17
1OYN-4RR,MSE,gradinput,90,0.6818181818181818,11,8
1OYN-4RR,MSE,gradinput,95,,0,0
1OYN-4RR,MSE,ig,50,0.6949436231612545,383,201
1OYN-4RR,MSE,ig,55,0.6933838932476407,313,165
1OYN-4RR,MSE,ig,60,0.6874038310566808,193,104
1OYN-4RR,MSE,ig,65,0.6620548219287716,119,65
1OYN-4RR,MSE,ig,70,0.6623289545703338,87,48
1OYN-4RR,MSE,ig,75,0.6293785310734463,59,34
1OYN-4RR,MSE,ig,80,0.6048387096774194,31,19
1OYN-4RR,MSE,ig,85,0.6080246913580246,27,17
1OYN-4RR,MSE,ig,90,0.6363636363636364,11,8
1OYN-4RR,MSE,ig,95,,0,0
1OYN-4RR,MSE,shap,50,0.5576112751393043,383,201
1OYN-4RR,MSE,shap,55,0.5513868192406057,313,165
1OYN-4RR,MSE,shap,60,0.5539451337378799,193,104
1OYN-4RR,MSE,shap,65,0.562358276643991,119,65
1OYN-4RR,MSE,shap,70,0.5935686918445541,87,48
1OYN-4RR,MSE,shap,75,0.6081920903954804,59,34
1OYN-4RR,MSE,shap,80,0.6881720430107526,31,19
1OYN-4RR,MSE,shap,85,0.6666666666666665,27,17
1OYN-4RR,MSE,shap,90,0.6818181818181818,11,8
1OYN-4RR,MSE,shap,95,,0,0
1P2A-5BN,MSE,cam,50,0.5,30,15
1P2A-5BN,MSE,cam,55,0.5,30,15
1P2A-5BN,MSE,cam,60,0.5,30,15
1P2A-5BN,MSE,cam,65,0.5,26,13
1P2A-5BN,MSE,cam,70,0.5,26,13
1P2A-5BN,MSE,cam,75,0.5,20,10
1P2A-5BN,MSE,cam,80,0.5,14,7
1P2A-5BN,MSE,cam,85,,0,0
1P2A-5BN,MSE,cam,90,,0,0
1P2A-5BN,MSE,cam,95,,0,0
1P2A-5BN,MSE,diff,50,0.5875036075036075,30,15
1P2A-5BN,MSE,diff,55,0.5875036075036075,30,15
1P2A-5BN,MSE,diff,60,0.5875036075036075,30,15
1P2A-5BN,MSE,diff,65,0.5968864468864469,26,13
1P2A-5BN,MSE,diff,70,0.5968864468864469,26,13
1P2A-5BN,MSE,diff,75,0.6152380952380953,20,10
1P2A-5BN,MSE,diff,80,0.6892857142857143,14,7
1P2A-5BN,MSE,diff,85,,0,0
1P2A-5BN,MSE,diff,90,,0,0
1P2A-5BN,MSE,diff,95,,0,0
1P2A-5BN,MSE,gradcam,50,0.56758658008658,30,15
1P2A-5BN,MSE,gradcam,55,0.56758658008658,30,15
1P2A-5BN,MSE,gradcam,60,0.56758658008658,30,15
1P2A-5BN,MSE,gradcam,65,0.579441391941392,26,13
1P2A-5BN,MSE,gradcam,70,0.579441391941392,26,13
1P2A-5BN,MSE,gradcam,75,0.555952380952381,20,10
1P2A-5BN,MSE,gradcam,80,0.5535714285714286,14,7
1P2A-5BN,MSE,gradcam,85,,0,0
1P2A-5BN,MSE,gradcam,90,,0,0
1P2A-5BN,MSE,gradcam,95,,0,0
1P2A-5BN,MSE,gradinput,50,0.39223665223665216,30,15
1P2A-5BN,MSE,gradinput,55,0.39223665223665216,30,15
1P2A-5BN,MSE,gradinput,60,0.39223665223665216,30,15
1P2A-5BN,MSE,gradinput,65,0.3529304029304029,26,13
1P2A-5BN,MSE,gradinput,70,0.3529304029304029,26,13
1P2A-5BN,MSE,gradinput,75,0.3105952380952381,20,10
1P2A-5BN,MSE,gradinput,80,0.28214285714285714,14,7
1P2A-5BN,MSE,gradinput,85,,0,0
1P2A-5BN,MSE,gradinput,90,,0,0
1P2A-5BN,MSE,gradinput,95,,0,0
1P2A-5BN,MSE,ig,50,0.681103896103896,30,15
1P2A-5BN,MSE,ig,55,0.681103896103896,30,15
1P2A-5BN,MSE,ig,60,0.681103896103896,30,15
1P2A-5BN,MSE,ig,65,0.6530219780219781,26,13
1P2A-5BN,MSE,ig,70,0.6530219780219781,26,13
1P2A-5BN,MSE,ig,75,0.5953571428571429,20,10
1P2A-5BN,MSE,ig,80,0.6107142857142858,14,7
1P2A-5BN,MSE,ig,85,,0,0
1P2A-5BN,MSE,ig,90,,0,0
1P2A-5BN,MSE,ig,95,,0,0
1P2A-5BN,MSE,shap,50,0.5529040404040404,30,15
1P2A-5BN,MSE,shap,55,0.5529040404040404,30,15
1P2A-5BN,MSE,shap,60,0.5529040404040404,30,15
1P2A-5BN,MSE,shap,65,0.5336538461538461,26,13
1P2A-5BN,MSE,shap,70,0.5336538461538461,26,13
1P2A-5BN,MSE,shap,75,0.5089285714285714,20,10
1P2A-5BN,MSE,shap,80,0.494047619047619,14,7
1P2A-5BN,MSE,shap,85,,0,0
1P2A-5BN,MSE,shap,90,,0,0
1P2A-5BN,MSE,shap,95,,0,0
1PYE-PM1,MSE,cam,50,0.4805469473836821,49,27
1PYE-PM1,MSE,cam,55,0.4805469473836821,49,27
1PYE-PM1,MSE,cam,60,0.4805469473836821,49,27
1PYE-PM1,MSE,cam,65,0.4805469473836821,49,27
1PYE-PM1,MSE,cam,70,0.478082496699518,47,26
1PYE-PM1,MSE,cam,75,0.4739294942783315,43,24
1PYE-PM1,MSE,cam,80,0.4732142857142857,32,18
1PYE-PM1,MSE,cam,85,0.46153846153846156,13,8
1PYE-PM1,MSE,cam,90,0.5,6,4
1PYE-PM1,MSE,cam,95,,0,0
1PYE-PM1,MSE,diff,50,0.7530456504946301,49,27
1PYE-PM1,MSE,diff,55,0.7530456504946301,49,27
1PYE-PM1,MSE,diff,60,0.7530456504946301,49,27
1PYE-PM1,MSE,diff,65,0.7530456504946301,49,27
1PYE-PM1,MSE,diff,70,0.7539935832489025,47,26
1PYE-PM1,MSE,diff,75,0.7543650793650795,43,24
1PYE-PM1,MSE,diff,80,0.7572916666666667,32,18
1PYE-PM1,MSE,diff,85,0.8461538461538461,13,8
1PYE-PM1,MSE,diff,90,0.8333333333333334,6,4
1PYE-PM1,MSE,diff,95,,0,0
1PYE-PM1,MSE,gradcam,50,0.23262185660144843,49,27
1PYE-PM1,MSE,gradcam,55,0.23262185660144843,49,27
1PYE-PM1,MSE,gradcam,60,0.23262185660144843,49,27
1PYE-PM1,MSE,gradcam,65,0.23262185660144843,49,27
1PYE-PM1,MSE,gradcam,70,0.23215513800620177,47,26
1PYE-PM1,MSE,gradcam,75,0.22767626430417126,43,24
1PYE-PM1,MSE,gradcam,80,0.2046875,32,18
1PYE-PM1,MSE,gradcam,85,0.14102564102564102,13,8
1PYE-PM1,MSE,gradcam,90,0.08333333333333333,6,4
1PYE-PM1,MSE,gradcam,95,,0,0
1PYE-PM1,MSE,gradinput,50,0.564608633996389,49,27
1PYE-PM1,MSE,gradinput,55,0.564608633996389,49,27
1PYE-PM1,MSE,gradinput,60,0.564608633996389,49,27
1PYE-PM1,MSE,gradinput,65,0.564608633996389,49,27
1PYE-PM1,MSE,gradinput,70,0.5640846151484449,47,26
1PYE-PM1,MSE,gradinput,75,0.5658176448874123,43,24
1PYE-PM1,MSE,gradinput,80,0.6117559523809524,32,18
1PYE-PM1,MSE,gradinput,85,0.6923076923076923,13,8
1PYE-PM1,MSE,gradinput,90,0.8333333333333334,6,4
1PYE-PM1,MSE,gradinput,95,,0,0
1PYE-PM1,MSE,ig,50,0.44204004612167885,49,27
1PYE-PM1,MSE,ig,55,0.44204004612167885,49,27
1PYE-PM1,MSE,ig,60,0.44204004612167885,49,27
1PYE-PM1,MSE,ig,65,0.44204004612167885,49,27
1PYE-PM1,MSE,ig,70,0.4423014337907955,47,26
1PYE-PM1,MSE,ig,75,0.4404577334809894,43,24
1PYE-PM1,MSE,ig,80,0.3785714285714286,32,18
1PYE-PM1,MSE,ig,85,0.3820512820512821,13,8
1PYE-PM1,MSE,ig,90,0.3333333333333333,6,4
1PYE-PM1,MSE,ig,95,,0,0
1PYE-PM1,MSE,shap,50,0.5846988612294738,49,27
1PYE-PM1,MSE,shap,55,0.5846988612294738,49,27
1PYE-PM1,MSE,shap,60,0.5846988612294738,49,27
1PYE-PM1,MSE,shap,65,0.5846988612294738,49,27
1PYE-PM1,MSE,shap,70,0.580665315771699,47,26
1PYE-PM1,MSE,shap,75,0.5726651901070507,43,24
1PYE-PM1,MSE,shap,80,0.5598214285714286,32,18
1PYE-PM1,MSE,shap,85,0.4371794871794871,13,8
1PYE-PM1,MSE,shap,90,0.38888888888888884,6,4
1PYE-PM1,MSE,shap,95,,0,0
1Q3W-ATU,MSE,cam,50,0.5354027592345348,107,55
1Q3W-ATU,MSE,cam,55,0.5354027592345348,107,55
1Q3W-ATU,MSE,cam,60,0.5354027592345348,107,55
1Q3W-ATU,MSE,cam,65,0.5354027592345348,107,55
1Q3W-ATU,MSE,cam,70,0.5323713323713324,99,51
1Q3W-ATU,MSE,cam,75,0.5511111111111111,45,24
1Q3W-ATU,MSE,cam,80,0.5873015873015872,21,12
1Q3W-ATU,MSE,cam,85,0.6078431372549019,17,10
1Q3W-ATU,MSE,cam,90,0.6428571428571429,14,8
1Q3W-ATU,MSE,cam,95,0.6666666666666666,3,2
1Q3W-ATU,MSE,diff,50,0.5373794689215249,107,55
1Q3W-ATU,MSE,diff,55,0.5373794689215249,107,55
1Q3W-ATU,MSE,diff,60,0.5373794689215249,107,55
1Q3W-ATU,MSE,diff,65,0.5373794689215249,107,55
1Q3W-ATU,MSE,diff,70,0.5482563732563732,99,51
1Q3W-ATU,MSE,diff,75,0.585925925925926,45,24
1Q3W-ATU,MSE,diff,80,0.6801587301587301,21,12
1Q3W-ATU,MSE,diff,85,0.696078431372549,17,10
1Q3W-ATU,MSE,diff,90,0.7142857142857143,14,8
1Q3W-ATU,MSE,diff,95,0.6666666666666666,3,2
1Q3W-ATU,MSE,gradcam,50,0.4166110369381398,107,55
1Q3W-ATU,MSE,gradcam,55,0.4166110369381398,107,55
1Q3W-ATU,MSE,gradcam,60,0.4166110369381398,107,55
1Q3W-ATU,MSE,gradcam,65,0.4166110369381398,107,55
1Q3W-ATU,MSE,gradcam,70,0.4174482924482925,99,51
1Q3W-ATU,MSE,gradcam,75,0.4796296296296295,45,24
1Q3W-ATU,MSE,gradcam,80,0.584920634920635,21,12
1Q3W-ATU,MSE,gradcam,85,0.5931372549019608,17,10
1Q3W-ATU,MSE,gradcam,90,0.6071428571428571,14,8
1Q3W-ATU,MSE,gradcam,95,0.6666666666666666,3,2
1Q3W-ATU,MSE,gradinput,50,0.4990542946150423,107,55
1Q3W-ATU,MSE,gradinput,55,0.4990542946150423,107,55
1Q3W-ATU,MSE,gradinput,60,0.4990542946150423,107,55
1Q3W-ATU,MSE,gradinput,65,0.4990542946150423,107,55
1Q3W-ATU,MSE,gradinput,70,0.49645262145262153,99,51
1Q3W-ATU,MSE,gradinput,75,0.487037037037037,45,24
1Q3W-ATU,MSE,gradinput,80,0.423015873015873,21,12
1Q3W-ATU,MSE,gradinput,85,0.3872549019607843,17,10
1Q3W-ATU,MSE,gradinput,90,0.39285714285714285,14,8
1Q3W-ATU,MSE,gradinput,95,0.3333333333333333,3,2
1Q3W-ATU,MSE,ig,50,0.6462653908915591,107,55
1Q3W-ATU,MSE,ig,55,0.6462653908915591,107,55
1Q3W-ATU,MSE,ig,60,0.6462653908915591,107,55
1Q3W-ATU,MSE,ig,65,0.6462653908915591,107,55
1Q3W-ATU,MSE,ig,70,0.6527537277537279,99,51
1Q3W-ATU,MSE,ig,75,0.6637037037037039,45,24
1Q3W-ATU,MSE,ig,80,0.6238095238095239,21,12
1Q3W-ATU,MSE,ig,85,0.6176470588235294,17,10
1Q3W-ATU,MSE,ig,90,0.6071428571428571,14,8
1Q3W-ATU,MSE,ig,95,0.6666666666666666,3,2
1Q3W-ATU,MSE,shap,50,0.5461244622459576,107,55
1Q3W-ATU,MSE,shap,55,0.5461244622459576,107,55
1Q3W-ATU,MSE,shap,60,0.5461244622459576,107,55
1Q3W-ATU,MSE,shap,65,0.5461244622459576,107,55
1Q3W-ATU,MSE,shap,70,0.5450817700817702,99,51
1Q3W-ATU,MSE,shap,75,0.49111111111111116,45,24
1Q3W-ATU,MSE,shap,80,0.43888888888888883,21,12
1Q3W-ATU,MSE,shap,85,0.42156862745098034,17,10
1Q3W-ATU,MSE,shap,90,0.4642857142857143,14,8
1Q3W-ATU,MSE,shap,95,0.3333333333333333,3,2
1Q4L-679,MSE,cam,50,0.5274725274725275,91,48
1Q4L-679,MSE,cam,55,0.5274725274725275,91,48
1Q4L-679,MSE,cam,60,0.5274725274725275,91,48
1Q4L-679,MSE,cam,65,0.5274725274725275,91,48
1Q4L-679,MSE,cam,70,0.5274725274725275,91,48
1Q4L-679,MSE,cam,75,0.5185185185185185,81,42
1Q4L-679,MSE,cam,80,0.5116279069767442,43,22
1Q4L-679,MSE,cam,85,0.5,24,12
1Q4L-679,MSE,cam,90,0.5,4,2
1Q4L-679,MSE,cam,95,0.5,2,1
1Q4L-679,MSE,diff,50,0.5787545787545786,91,48
1Q4L-679,MSE,diff,55,0.5787545787545786,91,48
1Q4L-679,MSE,diff,60,0.5787545787545786,91,48
1Q4L-679,MSE,diff,65,0.5787545787545786,91,48
1Q4L-679,MSE,diff,70,0.5787545787545786,91,48
1Q4L-679,MSE,diff,75,0.539094650205761,81,42
1Q4L-679,MSE,diff,80,0.5329457364341086,43,22
1Q4L-679,MSE,diff,85,0.5277777777777778,24,12
1Q4L-679,MSE,diff,90,0.75,4,2
1Q4L-679,MSE,diff,95,1.0,2,1
1Q4L-679,MSE,gradcam,50,0.554029304029304,91,48
1Q4L-679,MSE,gradcam,55,0.554029304029304,91,48
1Q4L-679,MSE,gradcam,60,0.554029304029304,91,48
1Q4L-679,MSE,gradcam,65,0.554029304029304,91,48
1Q4L-679,MSE,gradcam,70,0.554029304029304,91,48
1Q4L-679,MSE,gradcam,75,0.5483539094650205,81,42
1Q4L-679,MSE,gradcam,80,0.5368217054263567,43,22
1Q4L-679,MSE,gradcam,85,0.5277777777777778,24,12
1Q4L-679,MSE,gradcam,90,0.5,4,2
1Q4L-679,MSE,gradcam,95,0.5,2,1
1Q4L-679,MSE,gradinput,50,0.5421245421245422,91,48
1Q4L-679,MSE,gradinput,55,0.5421245421245422,91,48
1Q4L-679,MSE,gradinput,60,0.5421245421245422,91,48
1Q4L-679,MSE,gradinput,65,0.5421245421245422,91,48
1Q4L-679,MSE,gradinput,70,0.5421245421245422,91,48
1Q4L-679,MSE,gradinput,75,0.5349794238683128,81,42
1Q4L-679,MSE,gradinput,80,0.5271317829457364,43,22
1Q4L-679,MSE,gradinput,85,0.5138888888888888,24,12
1Q4L-679,MSE,gradinput,90,0.5,4,2
1Q4L-679,MSE,gradinput,95,0.5,2,1
1Q4L-679,MSE,ig,50,0.7573260073260072,91,48
1Q4L-679,MSE,ig,55,0.7573260073260072,91,48
1Q4L-679,MSE,ig,60,0.7573260073260072,91,48
1Q4L-679,MSE,ig,65,0.7573260073260072,91,48
1Q4L-679,MSE,ig,70,0.7573260073260072,91,48
1Q4L-679,MSE,ig,75,0.7397119341563783,81,42
1Q4L-679,MSE,ig,80,0.7519379844961239,43,22
1Q4L-679,MSE,ig,85,0.7777777777777777,24,12
1Q4L-679,MSE,ig,90,0.625,4,2
1Q4L-679,MSE,ig,95,0.5,2,1
1Q4L-679,MSE,shap,50,0.6347200418628991,91,48
1Q4L-679,MSE,shap,55,0.6347200418628991,91,48
1Q4L-679,MSE,shap,60,0.6347200418628991,91,48
1Q4L-679,MSE,shap,65,0.6347200418628991,91,48
1Q4L-679,MSE,shap,70,0.6347200418628991,91,48
1Q4L-679,MSE,shap,75,0.6187242798353909,81,42
1Q4L-679,MSE,shap,80,0.625968992248062,43,22
1Q4L-679,MSE,shap,85,0.6875,24,12
1Q4L-679,MSE,shap,90,0.625,4,2
1Q4L-679,MSE,shap,95,0.5,2,1
1Q6K-TCO,MSE,cam,50,0.5131578947368421,76,39
1Q6K-TCO,MSE,cam,55,0.5135135135135135,74,38
1Q6K-TCO,MSE,cam,60,0.5138888888888888,72,37
1Q6K-TCO,MSE,cam,65,0.5084745762711864,59,30
1Q6K-TCO,MSE,cam,70,0.5,32,16
1Q6K-TCO,MSE,cam,75,0.5,10,5
1Q6K-TCO,MSE,cam,80,0.5,6,3
1Q6K-TCO,MSE,cam,85,0.5,2,1
1Q6K-TCO,MSE,cam,90,,0,0
1Q6K-TCO,MSE,cam,95,,0,0
1Q6K-TCO,MSE,diff,50,0.7000835421888053,76,39
1Q6K-TCO,MSE,diff,55,0.6994851994851995,74,38
1Q6K-TCO,MSE,diff,60,0.6980820105820106,72,37
1Q6K-TCO,MSE,diff,65,0.7235673930589184,59,30
1Q6K-TCO,MSE,diff,70,0.6875000000000001,32,16
1Q6K-TCO,MSE,diff,75,0.6833333333333333,10,5
1Q6K-TCO,MSE,diff,80,0.7222222222222222,6,3
1Q6K-TCO,MSE,diff,85,0.75,2,1
1Q6K-TCO,MSE,diff,90,,0,0
1Q6K-TCO,MSE,diff,95,,0,0
1Q6K-TCO,MSE,gradcam,50,0.5347117794486215,76,39
1Q6K-TCO,MSE,gradcam,55,0.5356499356499356,74,38
1Q6K-TCO,MSE,gradcam,60,0.5366402116402116,72,37
1Q6K-TCO,MSE,gradcam,65,0.5192897497982243,59,30
1Q6K-TCO,MSE,gradcam,70,0.5229166666666667,32,16
1Q6K-TCO,MSE,gradcam,75,0.4166666666666667,10,5
1Q6K-TCO,MSE,gradcam,80,0.3611111111111111,6,3
1Q6K-TCO,MSE,gradcam,85,0.5,2,1
1Q6K-TCO,MSE,gradcam,90,,0,0
1Q6K-TCO,MSE,gradcam,95,,0,0
1Q6K-TCO,MSE,gradinput,50,0.4859962406015038,76,39
1Q6K-TCO,MSE,gradinput,55,0.4901222651222652,74,38
1Q6K-TCO,MSE,gradinput,60,0.49332010582010594,72,37
1Q6K-TCO,MSE,gradinput,65,0.4979015334947539,59,30
1Q6K-TCO,MSE,gradinput,70,0.5072916666666667,32,16
1Q6K-TCO,MSE,gradinput,75,0.35,10,5
1Q6K-TCO,MSE,gradinput,80,0.25,6,3
1Q6K-TCO,MSE,gradinput,85,0.5,2,1
1Q6K-TCO,MSE,gradinput,90,,0,0
1Q6K-TCO,MSE,gradinput,95,,0,0
1Q6K-TCO,MSE,ig,50,0.4934210526315789,76,39
1Q6K-TCO,MSE,ig,55,0.49324324324324326,74,38
1Q6K-TCO,MSE,ig,60,0.4930555555555556,72,37
1Q6K-TCO,MSE,ig,65,0.5169491525423728,59,30
1Q6K-TCO,MSE,ig,70,0.484375,32,16
1Q6K-TCO,MSE,ig,75,0.55,10,5
1Q6K-TCO,MSE,ig,80,0.5,6,3
1Q6K-TCO,MSE,ig,85,0.75,2,1
1Q6K-TCO,MSE,ig,90,,0,0
1Q6K-TCO,MSE,ig,95,,0,0
1Q6K-TCO,MSE,shap,50,0.603889933166249,76,39
1Q6K-TCO,MSE,shap,55,0.6097007722007721,74,38
1Q6K-TCO,MSE,shap,60,0.6179563492063491,72,37
1Q6K-TCO,MSE,shap,65,0.5967312348668281,59,30
1Q6K-TCO,MSE,shap,70,0.5895833333333332,32,16
1Q6K-TCO,MSE,shap,75,0.5833333333333333,10,5
1Q6K-TCO,MSE,shap,80,0.6388888888888888,6,3
1Q6K-TCO,MSE,shap,85,0.5,2,1
1Q6K-TCO,MSE,shap,90,,0,0
1Q6K-TCO,MSE,shap,95,,0,0
1R0E-DFN,MSE,cam,50,0.5030538940383273,1668,838
1R0E-DFN,MSE,cam,55,0.5033431737509765,1626,817
1R0E-DFN,MSE,cam,60,0.5021484318770301,1476,742
1R0E-DFN,MSE,cam,65,0.5000975144470042,1176,592
1R0E-DFN,MSE,cam,70,0.5016031927645203,874,441
1R0E-DFN,MSE,cam,75,0.5040027899669537,586,297
1R0E-DFN,MSE,cam,80,0.5016939890710382,305,156
1R0E-DFN,MSE,cam,85,0.5074404761904762,168,86
1R0E-DFN,MSE,cam,90,0.5125,40,22
1R0E-DFN,MSE,cam,95,0.42857142857142855,7,4
1R0E-DFN,MSE,diff,50,0.6179714099229878,1668,838
1R0E-DFN,MSE,diff,55,0.6191075804601565,1626,817
1R0E-DFN,MSE,diff,60,0.6201104111583549,1476,742
1R0E-DFN,MSE,diff,65,0.6227620900452535,1176,592
1R0E-DFN,MSE,diff,70,0.631017679244224,874,441
1R0E-DFN,MSE,diff,75,0.6497521534210953,586,297
1R0E-DFN,MSE,diff,80,0.701014832162373,305,156
1R0E-DFN,MSE,diff,85,0.7205357142857143,168,86
1R0E-DFN,MSE,diff,90,0.725,40,22
1R0E-DFN,MSE,diff,95,0.5714285714285714,7,4
1R0E-DFN,MSE,gradcam,50,0.4895780015725396,1668,838
1R0E-DFN,MSE,gradcam,55,0.4890275380292008,1626,817
1R0E-DFN,MSE,gradcam,60,0.4908563754779686,1476,742
1R0E-DFN,MSE,gradcam,65,0.49341512606818755,1176,592
1R0E-DFN,MSE,gradcam,70,0.49848703610145256,874,441
1R0E-DFN,MSE,gradcam,75,0.49844926594073347,586,297
1R0E-DFN,MSE,gradcam,80,0.4825839188134269,305,156
1R0E-DFN,MSE,gradcam,85,0.46825396825396826,168,86
1R0E-DFN,MSE,gradcam,90,0.4375,40,22
1R0E-DFN,MSE,gradcam,95,0.5714285714285714,7,4
1R0E-DFN,MSE,gradinput,50,0.5148701056624343,1668,838
1R0E-DFN,MSE,gradinput,55,0.5154242620641732,1626,817
1R0E-DFN,MSE,gradinput,60,0.5167710442952566,1476,742
1R0E-DFN,MSE,gradinput,65,0.5193665673895271,1176,592
1R0E-DFN,MSE,gradinput,70,0.5207182564448011,874,441
1R0E-DFN,MSE,gradinput,75,0.5282172652906437,586,297
1R0E-DFN,MSE,gradinput,80,0.5405776736924279,305,156
1R0E-DFN,MSE,gradinput,85,0.5399801587301588,168,86
1R0E-DFN,MSE,gradinput,90,0.6208333333333333,40,22
1R0E-DFN,MSE,gradinput,95,0.8571428571428571,7,4
1R0E-DFN,MSE,ig,50,0.5217498297615708,1668,838
1R0E-DFN,MSE,ig,55,0.5219339412847149,1626,817
1R0E-DFN,MSE,ig,60,0.5251607315736324,1476,742
1R0E-DFN,MSE,ig,65,0.5341722053456747,1176,592
1R0E-DFN,MSE,ig,70,0.5425499684653002,874,441
1R0E-DFN,MSE,ig,75,0.5652141231919383,586,297
1R0E-DFN,MSE,ig,80,0.57544106167057,305,156
1R0E-DFN,MSE,ig,85,0.5567460317460317,168,86
1R0E-DFN,MSE,ig,90,0.625,40,22
1R0E-DFN,MSE,ig,95,0.7142857142857143,7,4
1R0E-DFN,MSE,shap,50,0.5301276302836124,1668,838
1R0E-DFN,MSE,shap,55,0.5299132593922131,1626,817
1R0E-DFN,MSE,shap,60,0.5323732909756345,1476,742
1R0E-DFN,MSE,shap,65,0.5337588054424791,1176,592
1R0E-DFN,MSE,shap,70,0.5349156405506518,874,441
1R0E-DFN,MSE,shap,75,0.5295167668887804,586,297
1R0E-DFN,MSE,shap,80,0.5345589383294304,305,156
1R0E-DFN,MSE,shap,85,0.5537698412698412,168,86
1R0E-DFN,MSE,shap,90,0.5166666666666667,40,22
1R0E-DFN,MSE,shap,95,0.2857142857142857,7,4
1RDT-570,MSE,cam,50,0.516853585372104,81,41
1RDT-570,MSE,cam,55,0.5151413543721236,65,33
1RDT-570,MSE,cam,60,0.5158741258741258,55,28
1RDT-570,MSE,cam,65,0.5164165103189493,41,21
1RDT-570,MSE,cam,70,0.5217391304347826,23,12
1RDT-570,MSE,cam,75,0.5238095238095238,21,11
1RDT-570,MSE,cam,80,0.5333333333333333,15,8
1RDT-570,MSE,cam,85,0.5714285714285714,7,4
1RDT-570,MSE,cam,90,0.6,5,3
1RDT-570,MSE,cam,95,1.0,1,1
1RDT-570,MSE,diff,50,0.5102376078969931,81,41
1RDT-570,MSE,diff,55,0.5028926628265756,65,33
1RDT-570,MSE,diff,60,0.4899280458103987,55,28
1RDT-570,MSE,diff,65,0.47970978885613025,41,21
1RDT-570,MSE,diff,70,0.42726017943409245,23,12
1RDT-570,MSE,diff,75,0.42985638699924406,21,11
1RDT-570,MSE,diff,80,0.3346031746031746,15,8
1RDT-570,MSE,diff,85,0.47619047619047616,7,4
1RDT-570,MSE,diff,90,0.26666666666666666,5,3
1RDT-570,MSE,diff,95,0.0,1,1
1RDT-570,MSE,gradcam,50,0.5468613232100791,81,41
1RDT-570,MSE,gradcam,55,0.5326081541305403,65,33
1RDT-570,MSE,gradcam,60,0.5199043766690825,55,28
1RDT-570,MSE,gradcam,65,0.5025737812323178,41,21
1RDT-570,MSE,gradcam,70,0.4322636300897171,23,12
1RDT-570,MSE,gradcam,75,0.42105064247921387,21,11
1RDT-570,MSE,gradcam,80,0.34158730158730155,15,8
1RDT-570,MSE,gradcam,85,0.3333333333333333,7,4
1RDT-570,MSE,gradcam,90,0.26666666666666666,5,3
1RDT-570,MSE,gradcam,95,0.0,1,1
1RDT-570,MSE,gradinput,50,0.39556731591188654,81,41
1RDT-570,MSE,gradinput,55,0.3617178082693681,65,33
1RDT-570,MSE,gradinput,60,0.32737053795877324,55,28
1RDT-570,MSE,gradinput,65,0.3254898895142797,41,21
1RDT-570,MSE,gradinput,70,0.3001207729468599,23,12
1RDT-570,MSE,gradinput,75,0.323941798941799,21,11
1RDT-570,MSE,gradinput,80,0.31317460317460316,15,8
1RDT-570,MSE,gradinput,85,0.39285714285714285,7,4
1RDT-570,MSE,gradinput,90,0.2,5,3
1RDT-570,MSE,gradinput,95,0.0,1,1
1RDT-570,MSE,ig,50,0.5403965445660779,81,41
1RDT-570,MSE,ig,55,0.5436750791877013,65,33
1RDT-570,MSE,ig,60,0.5583024491848022,55,28
1RDT-570,MSE,ig,65,0.5673665088299236,41,21
1RDT-570,MSE,ig,70,0.5669944789510007,23,12
1RDT-570,MSE,ig,75,0.5614701436130007,21,11
1RDT-570,MSE,ig,80,0.5512698412698411,15,8
1RDT-570,MSE,ig,85,0.4738095238095238,7,4
1RDT-570,MSE,ig,90,0.4333333333333333,5,3
1RDT-570,MSE,ig,95,0.0,1,1
1RDT-570,MSE,shap,50,0.527243949094941,81,41
1RDT-570,MSE,shap,55,0.5192846703718341,65,33
1RDT-570,MSE,shap,60,0.5187462700697996,55,28
1RDT-570,MSE,shap,65,0.5149788558325143,41,21
1RDT-570,MSE,shap,70,0.5268806073153899,23,12
1RDT-570,MSE,shap,75,0.5461073318216174,21,11
1RDT-570,MSE,shap,80,0.5507936507936508,15,8
1RDT-570,MSE,shap,85,0.5285714285714286,7,4
1RDT-570,MSE,shap,90,0.6,5,3
1RDT-570,MSE,shap,95,0.0,1,1
1RHR-CNE,MSE,cam,50,0.5257936507936508,42,24
1RHR-CNE,MSE,cam,55,0.5257936507936508,42,24
1RHR-CNE,MSE,cam,60,0.5257936507936508,42,24
1RHR-CNE,MSE,cam,65,0.5257936507936508,42,24
1RHR-CNE,MSE,cam,70,0.5257936507936508,42,24
1RHR-CNE,MSE,cam,75,0.5257936507936508,42,24
1RHR-CNE,MSE,cam,80,0.5111111111111111,30,18
1RHR-CNE,MSE,cam,85,0.513888888888889,24,15
1RHR-CNE,MSE,cam,90,0.5277777777777778,12,9
1RHR-CNE,MSE,cam,95,0.5555555555555556,9,7
1RHR-CNE,MSE,diff,50,0.5086279461279462,42,24
1RHR-CNE,MSE,diff,55,0.5086279461279462,42,24
1RHR-CNE,MSE,diff,60,0.5086279461279462,42,24
1RHR-CNE,MSE,diff,65,0.5086279461279462,42,24
1RHR-CNE,MSE,diff,70,0.5086279461279462,42,24
1RHR-CNE,MSE,diff,75,0.5086279461279462,42,24
1RHR-CNE,MSE,diff,80,0.5236111111111111,30,18
1RHR-CNE,MSE,diff,85,0.5347222222222222,24,15
1RHR-CNE,MSE,diff,90,0.5277777777777778,12,9
1RHR-CNE,MSE,diff,95,0.4444444444444444,9,7
1RHR-CNE,MSE,gradcam,50,0.6353415103415104,42,24
1RHR-CNE,MSE,gradcam,55,0.6353415103415104,42,24
1RHR-CNE,MSE,gradcam,60,0.6353415103415104,42,24
1RHR-CNE,MSE,gradcam,65,0.6353415103415104,42,24
1RHR-CNE,MSE,gradcam,70,0.6353415103415104,42,24
1RHR-CNE,MSE,gradcam,75,0.6353415103415104,42,24
1RHR-CNE,MSE,gradcam,80,0.6597222222222222,30,18
1RHR-CNE,MSE,gradcam,85,0.7013888888888888,24,15
1RHR-CNE,MSE,gradcam,90,0.7777777777777777,12,9
1RHR-CNE,MSE,gradcam,95,0.7777777777777778,9,7
1RHR-CNE,MSE,gradinput,50,0.4996993746993747,42,24
1RHR-CNE,MSE,gradinput,55,0.4996993746993747,42,24
1RHR-CNE,MSE,gradinput,60,0.4996993746993747,42,24
1RHR-CNE,MSE,gradinput,65,0.4996993746993747,42,24
1RHR-CNE,MSE,gradinput,70,0.4996993746993747,42,24
1RHR-CNE,MSE,gradinput,75,0.4996993746993747,42,24
1RHR-CNE,MSE,gradinput,80,0.5152777777777778,30,18
1RHR-CNE,MSE,gradinput,85,0.5347222222222222,24,15
1RHR-CNE,MSE,gradinput,90,0.5277777777777778,12,9
1RHR-CNE,MSE,gradinput,95,0.4444444444444444,9,7
1RHR-CNE,MSE,ig,50,0.5707972582972582,42,24
1RHR-CNE,MSE,ig,55,0.5707972582972582,42,24
1RHR-CNE,MSE,ig,60,0.5707972582972582,42,24
1RHR-CNE,MSE,ig,65,0.5707972582972582,42,24
1RHR-CNE,MSE,ig,70,0.5707972582972582,42,24
1RHR-CNE,MSE,ig,75,0.5707972582972582,42,24
1RHR-CNE,MSE,ig,80,0.5375,30,18
1RHR-CNE,MSE,ig,85,0.5347222222222222,24,15
1RHR-CNE,MSE,ig,90,0.5833333333333334,12,9
1RHR-CNE,MSE,ig,95,0.5555555555555556,9,7
1RHR-CNE,MSE,shap,50,0.5030844155844155,42,24
1RHR-CNE,MSE,shap,55,0.5030844155844155,42,24
1RHR-CNE,MSE,shap,60,0.5030844155844155,42,24
1RHR-CNE,MSE,shap,65,0.5030844155844155,42,24
1RHR-CNE,MSE,shap,70,0.5030844155844155,42,24
1RHR-CNE,MSE,shap,75,0.5030844155844155,42,24
1RHR-CNE,MSE,shap,80,0.4738888888888889,30,18
1RHR-CNE,MSE,shap,85,0.5090277777777779,24,15
1RHR-CNE,MSE,shap,90,0.47222222222222215,12,9
1RHR-CNE,MSE,shap,95,0.4444444444444444,9,7
1RNE-C60,MSE,cam,50,0.5677155823095471,11103,5614
1RNE-C60,MSE,cam,55,0.5698870302717748,10597,5361
1RNE-C60,MSE,cam,60,0.5759781764177513,9287,4706
1RNE-C60,MSE,cam,65,0.586973910795389,7271,3698
1RNE-C60,MSE,cam,70,0.6036031023670813,5097,2611
1RNE-C60,MSE,cam,75,0.6150732382150802,3377,1749
1RNE-C60,MSE,cam,80,0.6279810405643735,1800,959
1RNE-C60,MSE,cam,85,0.6523424117848583,834,471
1RNE-C60,MSE,cam,90,0.6396238651102464,257,165
1RNE-C60,MSE,cam,95,0.6444444444444445,45,42
1RNE-C60,MSE,diff,50,0.5586652268468671,11103,5614
1RNE-C60,MSE,diff,55,0.5603015941099776,10597,5361
1RNE-C60,MSE,diff,60,0.5647365632792393,9287,4706
1RNE-C60,MSE,diff,65,0.5689002142381533,7271,3698
1RNE-C60,MSE,diff,70,0.5768604458127682,5097,2611
1RNE-C60,MSE,diff,75,0.5822075705033944,3377,1749
1RNE-C60,MSE,diff,80,0.5940202821869501,1800,959
1RNE-C60,MSE,diff,85,0.5990350576681518,834,471
1RNE-C60,MSE,diff,90,0.5924773022049286,257,165
1RNE-C60,MSE,diff,95,0.6,45,42
1RNE-C60,MSE,gradcam,50,0.5265150433257578,11103,5614
1RNE-C60,MSE,gradcam,55,0.5280568989323288,10597,5361
1RNE-C60,MSE,gradcam,60,0.5316839378681791,9287,4706
1RNE-C60,MSE,gradcam,65,0.538046317041087,7271,3698
1RNE-C60,MSE,gradcam,70,0.548517026158287,5097,2611
1RNE-C60,MSE,gradcam,75,0.561405452048034,3377,1749
1RNE-C60,MSE,gradcam,80,0.5795897266313931,1800,959
1RNE-C60,MSE,gradcam,85,0.6027435194701387,834,471
1RNE-C60,MSE,gradcam,90,0.6180285343709467,257,165
1RNE-C60,MSE,gradcam,95,0.6777777777777778,45,42
1RNE-C60,MSE,gradinput,50,0.5192405825091717,11103,5614
1RNE-C60,MSE,gradinput,55,0.5190603628097902,10597,5361
1RNE-C60,MSE,gradinput,60,0.5175004573042445,9287,4706
1RNE-C60,MSE,gradinput,65,0.5143006365290902,7271,3698
1RNE-C60,MSE,gradinput,70,0.516115148884423,5097,2611
1RNE-C60,MSE,gradinput,75,0.5285598404490923,3377,1749
1RNE-C60,MSE,gradinput,80,0.5489367283950625,1800,959
1RNE-C60,MSE,gradinput,85,0.5514417037798336,834,471
1RNE-C60,MSE,gradinput,90,0.6068741893644616,257,165
1RNE-C60,MSE,gradinput,95,0.5888888888888889,45,42
1RNE-C60,MSE,ig,50,0.5087862842200452,11103,5614
1RNE-C60,MSE,ig,55,0.509197664035565,10597,5361
1RNE-C60,MSE,ig,60,0.5117716970858537,9287,4706
1RNE-C60,MSE,ig,65,0.513154915967121,7271,3698
1RNE-C60,MSE,ig,70,0.5172383662377757,5097,2611
1RNE-C60,MSE,ig,75,0.5224589422027991,3377,1749
1RNE-C60,MSE,ig,80,0.5357938712522035,1800,959
1RNE-C60,MSE,ig,85,0.5519056183624536,834,471
1RNE-C60,MSE,ig,90,0.5396238651102464,257,165
1RNE-C60,MSE,ig,95,0.5777777777777777,45,42
1RWQ-5AP,MSE,cam,50,0.5927232447171098,163,84
1RWQ-5AP,MSE,cam,55,0.5937272010253378,161,83
1RWQ-5AP,MSE,cam,60,0.5920327700972863,155,80
1RWQ-5AP,MSE,cam,65,0.5949438505560953,147,76
1RWQ-5AP,MSE,cam,70,0.6320772946859899,115,60
1RWQ-5AP,MSE,cam,75,0.6469255663430418,103,54
1RWQ-5AP,MSE,cam,80,0.6235632183908043,87,46
1RWQ-5AP,MSE,cam,85,0.5833333333333335,52,28
1RWQ-5AP,MSE,cam,90,0.6041666666666666,24,13
1RWQ-5AP,MSE,cam,95,0.6,5,3
1RWQ-5AP,MSE,diff,50,0.604416204109456,163,84
1RWQ-5AP,MSE,diff,55,0.6046781031253083,161,83
1RWQ-5AP,MSE,diff,60,0.6121172555043526,155,80
1RWQ-5AP,MSE,diff,65,0.619012525645179,147,76
1RWQ-5AP,MSE,diff,70,0.6710213940648723,115,60
1RWQ-5AP,MSE,diff,75,0.6878640776699028,103,54
1RWQ-5AP,MSE,diff,80,0.6695402298850571,87,46
1RWQ-5AP,MSE,diff,85,0.721153846153846,52,28
1RWQ-5AP,MSE,diff,90,0.8333333333333334,24,13
1RWQ-5AP,MSE,diff,95,0.6,5,3
1RWQ-5AP,MSE,gradcam,50,0.3589443957542115,163,84
1RWQ-5AP,MSE,gradcam,55,0.35482598836636087,161,83
1RWQ-5AP,MSE,gradcam,60,0.3606579621095748,155,80
1RWQ-5AP,MSE,gradcam,65,0.3631465284526508,147,76
1RWQ-5AP,MSE,gradcam,70,0.3938026224982747,115,60
1RWQ-5AP,MSE,gradcam,75,0.38220064724919106,103,54
1RWQ-5AP,MSE,gradcam,80,0.3917624521072798,87,46
1RWQ-5AP,MSE,gradcam,85,0.4102564102564103,52,28
1RWQ-5AP,MSE,gradcam,90,0.375,24,13
1RWQ-5AP,MSE,gradcam,95,0.8,5,3
1RWQ-5AP,MSE,gradinput,50,0.4688528581166618,163,84
1RWQ-5AP,MSE,gradinput,55,0.4669870846889479,161,83
1RWQ-5AP,MSE,gradinput,60,0.4658704557091652,155,80
1RWQ-5AP,MSE,gradinput,65,0.45970467552100164,147,76
1RWQ-5AP,MSE,gradinput,70,0.45113181504485844,115,60
1RWQ-5AP,MSE,gradinput,75,0.451294498381877,103,54
1RWQ-5AP,MSE,gradinput,80,0.4434865900383142,87,46
1RWQ-5AP,MSE,gradinput,85,0.451923076923077,52,28
1RWQ-5AP,MSE,gradinput,90,0.3541666666666667,24,13
1RWQ-5AP,MSE,gradinput,95,0.6,5,3
1RWQ-5AP,MSE,ig,50,0.5199678644463922,163,84
1RWQ-5AP,MSE,ig,55,0.5211032238982551,161,83
1RWQ-5AP,MSE,ig,60,0.5230491551459294,155,80
1RWQ-5AP,MSE,ig,65,0.5250782852823669,147,76
1RWQ-5AP,MSE,ig,70,0.5351621808143544,115,60
1RWQ-5AP,MSE,ig,75,0.5380258899676372,103,54
1RWQ-5AP,MSE,ig,80,0.5708812260536396,87,46
1RWQ-5AP,MSE,ig,85,0.6105769230769232,52,28
1RWQ-5AP,MSE,ig,90,0.7291666666666666,24,13
1RWQ-5AP,MSE,ig,95,0.4,5,3
1RWQ-5AP,MSE,shap,50,0.52817703768624,163,84
1RWQ-5AP,MSE,shap,55,0.5270482105885832,161,83
1RWQ-5AP,MSE,shap,60,0.5282565284178188,155,80
1RWQ-5AP,MSE,shap,65,0.5248623258827341,147,76
1RWQ-5AP,MSE,shap,70,0.5400621118012423,115,60
1RWQ-5AP,MSE,shap,75,0.546116504854369,103,54
1RWQ-5AP,MSE,shap,80,0.5411877394636015,87,46
1RWQ-5AP,MSE,shap,85,0.5192307692307692,52,28
1RWQ-5AP,MSE,shap,90,0.5625,24,13
1RWQ-5AP,MSE,shap,95,0.6,5,3
1S63-778,MSE,cam,50,0.5469383991528058,1939,1011
1S63-778,MSE,cam,55,0.5476742072375635,1879,981
1S63-778,MSE,cam,60,0.5477977453607725,1785,934
1S63-778,MSE,cam,65,0.5487287318779052,1629,856
1S63-778,MSE,cam,70,0.5501374526845579,1433,758
1S63-778,MSE,cam,75,0.5514485882848716,1130,605
1S63-778,MSE,cam,80,0.5665752171925,729,402
1S63-778,MSE,cam,85,0.5564516129032264,403,231
1S63-778,MSE,cam,90,0.5666666666666665,205,120
1S63-778,MSE,cam,95,0.5714285714285714,35,27
1S63-778,MSE,diff,50,0.5658911355537716,1939,1011
1S63-778,MSE,diff,55,0.565148802235916,1879,981
1S63-778,MSE,diff,60,0.5653728616543735,1785,934
1S63-778,MSE,diff,65,0.5648683967284331,1629,856
1S63-778,MSE,diff,70,0.5687196710399787,1433,758
1S63-778,MSE,diff,75,0.5849417052956878,1130,605
1S63-778,MSE,diff,80,0.6199686458945722,729,402
1S63-778,MSE,diff,85,0.5976013234077752,403,231
1S63-778,MSE,diff,90,0.5739837398373981,205,120
1S63-778,MSE,diff,95,0.6571428571428571,35,27
1S63-778,MSE,gradcam,50,0.48257927803566597,1939,1011
1S63-778,MSE,gradcam,55,0.4810571984398463,1879,981
1S63-778,MSE,gradcam,60,0.47806765596681483,1785,934
1S63-778,MSE,gradcam,65,0.47697316836359155,1629,856
1S63-778,MSE,gradcam,70,0.47302183936866343,1433,758
1S63-778,MSE,gradcam,75,0.47333087512291017,1130,605
1S63-778,MSE,gradcam,80,0.4775328238291199,729,402
1S63-778,MSE,gradcam,85,0.46178660049627845,403,231
1S63-778,MSE,gradcam,90,0.5113821138211383,205,120
1S63-778,MSE,gradcam,95,0.4857142857142857,35,27
1S63-778,MSE,gradinput,50,0.48536831348825826,1939,1011
1S63-778,MSE,gradinput,55,0.4823487106800139,1879,981
1S63-778,MSE,gradinput,60,0.47917420736748384,1785,934
1S63-778,MSE,gradinput,65,0.4757130905381361,1629,856
1S63-778,MSE,gradinput,70,0.4687359337568686,1433,758
1S63-778,MSE,gradinput,75,0.46250596993959847,1130,605
1S63-778,MSE,gradinput,80,0.46060160689790347,729,402
1S63-778,MSE,gradinput,85,0.4593879239040531,403,231
1S63-778,MSE,gradinput,90,0.46747967479674807,205,120
1S63-778,MSE,gradinput,95,0.4857142857142857,35,27
1S63-778,MSE,ig,50,0.5498885544375529,1939,1011
1S63-778,MSE,ig,55,0.5516290267713017,1879,981
1S63-778,MSE,ig,60,0.5528995040129481,1785,934
1S63-778,MSE,ig,65,0.5544344118469332,1629,856
1S63-778,MSE,ig,70,0.5561168710331292,1433,758
1S63-778,MSE,ig,75,0.5659843376878768,1130,605
1S63-778,MSE,ig,80,0.5696681690508849,729,402
1S63-778,MSE,ig,85,0.5842018196856908,403,231
1S63-778,MSE,ig,90,0.5975609756097562,205,120
1S63-778,MSE,ig,95,0.5714285714285714,35,27
1S63-778,MSE,shap,50,0.5050524422713655,1939,1011
1S63-778,MSE,shap,55,0.5044076102443843,1879,981
1S63-778,MSE,shap,60,0.5031379987892589,1785,934
1S63-778,MSE,shap,65,0.49988669845944145,1629,856
1S63-778,MSE,shap,70,0.49986106202086583,1433,758
1S63-778,MSE,shap,75,0.499077819918528,1130,605
1S63-778,MSE,shap,80,0.49564145274021865,729,402
1S63-778,MSE,shap,85,0.4822994210090983,403,231
1S63-778,MSE,shap,90,0.4910569105691058,205,120
1S63-778,MSE,shap,95,0.37142857142857144,35,27
1SA4-JAN,MSE,cam,50,0.49494949494949503,36,18
1SA4-JAN,MSE,cam,55,0.49494949494949503,36,18
1SA4-JAN,MSE,cam,60,0.49494949494949503,36,18
1SA4-JAN,MSE,cam,65,0.49494949494949503,36,18
1SA4-JAN,MSE,cam,70,0.5,32,16
1SA4-JAN,MSE,cam,75,0.5,10,5
1SA4-JAN,MSE,cam,80,,0,0
1SA4-JAN,MSE,cam,85,,0,0
1SA4-JAN,MSE,cam,90,,0,0
1SA4-JAN,MSE,cam,95,,0,0
1SA4-JAN,MSE,diff,50,0.626667468334135,36,18
1SA4-JAN,MSE,diff,55,0.626667468334135,36,18
1SA4-JAN,MSE,diff,60,0.626667468334135,36,18
1SA4-JAN,MSE,diff,65,0.626667468334135,36,18
1SA4-JAN,MSE,diff,70,0.6209573412698413,32,16
1SA4-JAN,MSE,diff,75,0.5726190476190476,10,5
1SA4-JAN,MSE,diff,80,,0,0
1SA4-JAN,MSE,diff,85,,0,0
1SA4-JAN,MSE,diff,90,,0,0
1SA4-JAN,MSE,diff,95,,0,0
1SA4-JAN,MSE,gradcam,50,0.48704304954304956,36,18
1SA4-JAN,MSE,gradcam,55,0.48704304954304956,36,18
1SA4-JAN,MSE,gradcam,60,0.48704304954304956,36,18
1SA4-JAN,MSE,gradcam,65,0.48704304954304956,36,18
1SA4-JAN,MSE,gradcam,70,0.4918154761904762,32,16
1SA4-JAN,MSE,gradcam,75,0.5438095238095239,10,5
1SA4-JAN,MSE,gradcam,80,,0,0
1SA4-JAN,MSE,gradcam,85,,0,0
1SA4-JAN,MSE,gradcam,90,,0,0
1SA4-JAN,MSE,gradcam,95,,0,0
1SA4-JAN,MSE,gradinput,50,0.4629449254449255,36,18
1SA4-JAN,MSE,gradinput,55,0.4629449254449255,36,18
1SA4-JAN,MSE,gradinput,60,0.4629449254449255,36,18
1SA4-JAN,MSE,gradinput,65,0.4629449254449255,36,18
1SA4-JAN,MSE,gradinput,70,0.4625744047619048,32,16
1SA4-JAN,MSE,gradinput,75,0.47690476190476183,10,5
1SA4-JAN,MSE,gradinput,80,,0,0
1SA4-JAN,MSE,gradinput,85,,0,0
1SA4-JAN,MSE,gradinput,90,,0,0
1SA4-JAN,MSE,gradinput,95,,0,0
1SA4-JAN,MSE,ig,50,0.5562109187109188,36,18
1SA4-JAN,MSE,ig,55,0.5562109187109188,36,18
1SA4-JAN,MSE,ig,60,0.5562109187109188,36,18
1SA4-JAN,MSE,ig,65,0.5562109187109188,36,18
1SA4-JAN,MSE,ig,70,0.543824404761905,32,16
1SA4-JAN,MSE,ig,75,0.4702380952380952,10,5
1SA4-JAN,MSE,ig,80,,0,0
1SA4-JAN,MSE,ig,85,,0,0
1SA4-JAN,MSE,ig,90,,0,0
1SA4-JAN,MSE,ig,95,,0,0
1SA4-JAN,MSE,shap,50,0.5553421115921116,36,18
1SA4-JAN,MSE,shap,55,0.5553421115921116,36,18
1SA4-JAN,MSE,shap,60,0.5553421115921116,36,18
1SA4-JAN,MSE,shap,65,0.5553421115921116,36,18
1SA4-JAN,MSE,shap,70,0.5449776785714285,32,16
1SA4-JAN,MSE,shap,75,0.5439285714285713,10,5
1SA4-JAN,MSE,shap,80,,0,0
1SA4-JAN,MSE,shap,85,,0,0
1SA4-JAN,MSE,shap,90,,0,0
1SA4-JAN,MSE,shap,95,,0,0
1T69-SHH,MSE,cam,50,0.5,54,27
1T69-SHH,MSE,cam,55,0.5,54,27
1T69-SHH,MSE,cam,60,0.5,48,24
1T69-SHH,MSE,cam,65,0.5,40,20
1T69-SHH,MSE,cam,70,0.5,16,8
1T69-SHH,MSE,cam,75,0.5,6,3
1T69-SHH,MSE,cam,80,0.5,2,1
1T69-SHH,MSE,cam,85,,0,0
1T69-SHH,MSE,cam,90,,0,0
1T69-SHH,MSE,cam,95,,0,0
1T69-SHH,MSE,diff,50,0.7186247394580726,54,27
1T69-SHH,MSE,diff,55,0.7186247394580726,54,27
1T69-SHH,MSE,diff,60,0.7125248015873016,48,24
1T69-SHH,MSE,diff,65,0.7227380952380953,40,20
1T69-SHH,MSE,diff,70,0.7156250000000001,16,8
1T69-SHH,MSE,diff,75,0.6916666666666668,6,3
1T69-SHH,MSE,diff,80,0.875,2,1
1T69-SHH,MSE,diff,85,,0,0
1T69-SHH,MSE,diff,90,,0,0
1T69-SHH,MSE,diff,95,,0,0
1T69-SHH,MSE,gradcam,50,0.6506025867136981,54,27
1T69-SHH,MSE,gradcam,55,0.6506025867136981,54,27
1T69-SHH,MSE,gradcam,60,0.6402612433862437,48,24
1T69-SHH,MSE,gradcam,65,0.6266468253968257,40,20
1T69-SHH,MSE,gradcam,70,0.5864583333333333,16,8
1T69-SHH,MSE,gradcam,75,0.5750000000000001,6,3
1T69-SHH,MSE,gradcam,80,0.5,2,1
1T69-SHH,MSE,gradcam,85,,0,0
1T69-SHH,MSE,gradcam,90,,0,0
1T69-SHH,MSE,gradcam,95,,0,0
1T69-SHH,MSE,gradinput,50,0.6809523809523808,54,27
1T69-SHH,MSE,gradinput,55,0.6809523809523808,54,27
1T69-SHH,MSE,gradinput,60,0.6744047619047621,48,24
1T69-SHH,MSE,gradinput,65,0.6731746031746033,40,20
1T69-SHH,MSE,gradinput,70,0.6697916666666666,16,8
1T69-SHH,MSE,gradinput,75,0.6583333333333333,6,3
1T69-SHH,MSE,gradinput,80,0.5,2,1
1T69-SHH,MSE,gradinput,85,,0,0
1T69-SHH,MSE,gradinput,90,,0,0
1T69-SHH,MSE,gradinput,95,,0,0
1T69-SHH,MSE,ig,50,0.7548086686975578,54,27
1T69-SHH,MSE,ig,55,0.7548086686975578,54,27
1T69-SHH,MSE,ig,60,0.750958994708995,48,24
1T69-SHH,MSE,ig,65,0.7365674603174605,40,20
1T69-SHH,MSE,ig,70,0.753125,16,8
1T69-SHH,MSE,ig,75,0.6916666666666668,6,3
1T69-SHH,MSE,ig,80,0.5,2,1
1T69-SHH,MSE,ig,85,,0,0
1T69-SHH,MSE,ig,90,,0,0
1T69-SHH,MSE,ig,95,,0,0
1T69-SHH,MSE,shap,50,0.6039388594944151,54,27
1T69-SHH,MSE,shap,55,0.6039388594944151,54,27
1T69-SHH,MSE,shap,60,0.5877645502645502,48,24
1T69-SHH,MSE,shap,65,0.5670535714285713,40,20
1T69-SHH,MSE,shap,70,0.678125,16,8
1T69-SHH,MSE,shap,75,0.5305555555555556,6,3
1T69-SHH,MSE,shap,80,0.5416666666666666,2,1
1T69-SHH,MSE,shap,85,,0,0
1T69-SHH,MSE,shap,90,,0,0
1T69-SHH,MSE,shap,95,,0,0
1TFQ-998,MSE,cam,50,0.6341948310139165,503,320
1TFQ-998,MSE,cam,55,0.6369168356997972,493,315
1TFQ-998,MSE,cam,60,0.6374745417515275,491,314
1TFQ-998,MSE,cam,65,0.638477801268499,473,303
1TFQ-998,MSE,cam,70,0.6267806267806267,351,221
1TFQ-998,MSE,cam,75,0.600896860986547,223,135
1TFQ-998,MSE,cam,80,0.6305732484076433,157,100
1TFQ-998,MSE,cam,85,0.6282051282051282,78,50
1TFQ-998,MSE,cam,90,0.5625,32,19
1TFQ-998,MSE,cam,95,1.0,2,3
1TFQ-998,MSE,diff,50,0.5671824321353627,503,320
1TFQ-998,MSE,diff,55,0.5671885287682935,493,315
1TFQ-998,MSE,diff,60,0.5672048290354278,491,314
1TFQ-998,MSE,diff,65,0.5712011133445042,473,303
1TFQ-998,MSE,diff,70,0.5728402019000306,351,221
1TFQ-998,MSE,diff,75,0.5526572580384238,223,135
1TFQ-998,MSE,diff,80,0.5725887170154687,157,100
1TFQ-998,MSE,diff,85,0.5258547008547009,78,50
1TFQ-998,MSE,diff,90,0.39583333333333337,32,19
1TFQ-998,MSE,diff,95,1.0,2,3
1TFQ-998,MSE,gradcam,50,0.46026444984607723,503,320
1TFQ-998,MSE,gradcam,55,0.4561246943540221,493,315
1TFQ-998,MSE,gradcam,60,0.4554088351380786,491,314
1TFQ-998,MSE,gradcam,65,0.46180240050405397,473,303
1TFQ-998,MSE,gradcam,70,0.4810932736146411,351,221
1TFQ-998,MSE,gradcam,75,0.4739416910941576,223,135
1TFQ-998,MSE,gradcam,80,0.4955034880194116,157,100
1TFQ-998,MSE,gradcam,85,0.5803418803418805,78,50
1TFQ-998,MSE,gradcam,90,0.5260416666666666,32,19
1TFQ-998,MSE,gradcam,95,1.0,2,3
1TFQ-998,MSE,gradinput,50,0.5284190700150827,503,320
1TFQ-998,MSE,gradinput,55,0.5265678530593224,493,315
1TFQ-998,MSE,gradinput,60,0.5262955974978264,491,314
1TFQ-998,MSE,gradinput,65,0.5257744124769373,473,303
1TFQ-998,MSE,gradinput,70,0.5204736542343383,351,221
1TFQ-998,MSE,gradinput,75,0.4954204116760169,223,135
1TFQ-998,MSE,gradinput,80,0.4860100090991808,157,100
1TFQ-998,MSE,gradinput,85,0.501923076923077,78,50
1TFQ-998,MSE,gradinput,90,0.5520833333333334,32,19
1TFQ-998,MSE,gradinput,95,1.0,2,3
1TFQ-998,MSE,ig,50,0.6297087902806525,503,320
1TFQ-998,MSE,ig,55,0.6320294108177407,493,315
1TFQ-998,MSE,ig,60,0.632589589702923,491,314
1TFQ-998,MSE,ig,65,0.636043539224113,473,303
1TFQ-998,MSE,ig,70,0.629191368934959,351,221
1TFQ-998,MSE,ig,75,0.6202953623357214,223,135
1TFQ-998,MSE,ig,80,0.5914846830451924,157,100
1TFQ-998,MSE,ig,85,0.47585470085470066,78,50
1TFQ-998,MSE,ig,90,0.44270833333333337,32,19
1TFQ-998,MSE,ig,95,0.0,2,3
1TFQ-998,MSE,shap,50,0.4961593074021443,503,320
1TFQ-998,MSE,shap,55,0.4964357223335864,493,315
1TFQ-998,MSE,shap,60,0.4963652516965083,491,314
1TFQ-998,MSE,shap,65,0.49714958382412666,473,303
1TFQ-998,MSE,shap,70,0.4950708598144493,351,221
1TFQ-998,MSE,shap,75,0.47014442956147007,223,135
1TFQ-998,MSE,shap,80,0.44542007885956936,157,100
1TFQ-998,MSE,shap,85,0.4497863247863248,78,50
1TFQ-998,MSE,shap,90,0.40625000000000006,32,19
1TFQ-998,MSE,shap,95,1.0,2,3
1TFT-997,MSE,cam,50,0.5135135135135135,37,20
1TFT-997,MSE,cam,55,0.5135135135135135,37,20
1TFT-997,MSE,cam,60,0.5135135135135135,37,20
1TFT-997,MSE,cam,65,0.5135135135135135,37,20
1TFT-997,MSE,cam,70,0.5142857142857142,35,19
1TFT-997,MSE,cam,75,0.5333333333333333,15,9
1TFT-997,MSE,cam,80,0.0,1,1
1TFT-997,MSE,cam,85,0.0,1,1
1TFT-997,MSE,cam,90,0.0,1,1
1TFT-997,MSE,cam,95,0.0,1,1
1TFT-997,MSE,diff,50,0.5403942903942904,37,20
1TFT-997,MSE,diff,55,0.5403942903942904,37,20
1TFT-997,MSE,diff,60,0.5403942903942904,37,20
1TFT-997,MSE,diff,65,0.5403942903942904,37,20
1TFT-997,MSE,diff,70,0.5365800865800866,35,19
1TFT-997,MSE,diff,75,0.5055555555555555,15,9
1TFT-997,MSE,diff,80,0.0,1,1
1TFT-997,MSE,diff,85,0.0,1,1
1TFT-997,MSE,diff,90,0.0,1,1
1TFT-997,MSE,diff,95,0.0,1,1
1TFT-997,MSE,gradcam,50,0.6640692640692639,37,20
1TFT-997,MSE,gradcam,55,0.6640692640692639,37,20
1TFT-997,MSE,gradcam,60,0.6640692640692639,37,20
1TFT-997,MSE,gradcam,65,0.6640692640692639,37,20
1TFT-997,MSE,gradcam,70,0.6509956709956708,35,19
1TFT-997,MSE,gradcam,75,0.5611111111111111,15,9
1TFT-997,MSE,gradcam,80,0.0,1,1
1TFT-997,MSE,gradcam,85,0.0,1,1
1TFT-997,MSE,gradcam,90,0.0,1,1
1TFT-997,MSE,gradcam,95,0.0,1,1
1TFT-997,MSE,gradinput,50,0.5859151359151359,37,20
1TFT-997,MSE,gradinput,55,0.5859151359151359,37,20
1TFT-997,MSE,gradinput,60,0.5859151359151359,37,20
1TFT-997,MSE,gradinput,65,0.5859151359151359,37,20
1TFT-997,MSE,gradinput,70,0.5806204906204905,35,19
1TFT-997,MSE,gradinput,75,0.5462962962962963,15,9
1TFT-997,MSE,gradinput,80,0.0,1,1
1TFT-997,MSE,gradinput,85,0.0,1,1
1TFT-997,MSE,gradinput,90,0.0,1,1
1TFT-997,MSE,gradinput,95,0.0,1,1
1TFT-997,MSE,ig,50,0.5572774072774073,37,20
1TFT-997,MSE,ig,55,0.5572774072774073,37,20
1TFT-997,MSE,ig,60,0.5572774072774073,37,20
1TFT-997,MSE,ig,65,0.5572774072774073,37,20
1TFT-997,MSE,ig,70,0.5503463203463205,35,19
1TFT-997,MSE,ig,75,0.49999999999999994,15,9
1TFT-997,MSE,ig,80,0.0,1,1
1TFT-997,MSE,ig,85,0.0,1,1
1TFT-997,MSE,ig,90,0.0,1,1
1TFT-997,MSE,ig,95,0.0,1,1
1TFT-997,MSE,shap,50,0.4643315393315394,37,20
1TFT-997,MSE,shap,55,0.4643315393315394,37,20
1TFT-997,MSE,shap,60,0.4643315393315394,37,20
1TFT-997,MSE,shap,65,0.4643315393315394,37,20
1TFT-997,MSE,shap,70,0.44596681096681096,35,19
1TFT-997,MSE,shap,75,0.4157407407407407,15,9
1TFT-997,MSE,shap,80,0.0,1,1
1TFT-997,MSE,shap,85,0.0,1,1
1TFT-997,MSE,shap,90,0.0,1,1
1TFT-997,MSE,shap,95,0.0,1,1
1TU6-FSP,MSE,cam,50,0.5,152,76
1TU6-FSP,MSE,cam,55,0.5,110,55
1TU6-FSP,MSE,cam,60,0.5,54,27
1TU6-FSP,MSE,cam,65,0.5,24,12
1TU6-FSP,MSE,cam,70,0.5,12,6
1TU6-FSP,MSE,cam,75,0.5,6,3
1TU6-FSP,MSE,cam,80,0.5,4,2
1TU6-FSP,MSE,cam,85,,0,0
1TU6-FSP,MSE,cam,90,,0,0
1TU6-FSP,MSE,cam,95,,0,0
1TU6-FSP,MSE,diff,50,0.5404823835039636,152,76
1TU6-FSP,MSE,diff,55,0.5379007961188508,110,55
1TU6-FSP,MSE,diff,60,0.5385912184523295,54,27
1TU6-FSP,MSE,diff,65,0.5678872053872054,24,12
1TU6-FSP,MSE,diff,70,0.43703703703703695,12,6
1TU6-FSP,MSE,diff,75,0.3412698412698412,6,3
1TU6-FSP,MSE,diff,80,0.3333333333333333,4,2
1TU6-FSP,MSE,diff,85,,0,0
1TU6-FSP,MSE,diff,90,,0,0
1TU6-FSP,MSE,diff,95,,0,0
1TU6-FSP,MSE,gradcam,50,0.5460516394487597,152,76
1TU6-FSP,MSE,gradcam,55,0.5402689143267528,110,55
1TU6-FSP,MSE,gradcam,60,0.5519196081696082,54,27
1TU6-FSP,MSE,gradcam,65,0.6004779942279942,24,12
1TU6-FSP,MSE,gradcam,70,0.5265873015873016,12,6
1TU6-FSP,MSE,gradcam,75,0.5,6,3
1TU6-FSP,MSE,gradcam,80,0.5,4,2
1TU6-FSP,MSE,gradcam,85,,0,0
1TU6-FSP,MSE,gradcam,90,,0,0
1TU6-FSP,MSE,gradcam,95,,0,0
1TU6-FSP,MSE,gradinput,50,0.5731043847013073,152,76
1TU6-FSP,MSE,gradinput,55,0.5798399097150153,110,55
1TU6-FSP,MSE,gradinput,60,0.5552775156941824,54,27
1TU6-FSP,MSE,gradinput,65,0.5027867965367965,24,12
1TU6-FSP,MSE,gradinput,70,0.41011904761904755,12,6
1TU6-FSP,MSE,gradinput,75,0.42103174603174603,6,3
1TU6-FSP,MSE,gradinput,80,0.3875,4,2
1TU6-FSP,MSE,gradinput,85,,0,0
1TU6-FSP,MSE,gradinput,90,,0,0
1TU6-FSP,MSE,gradinput,95,,0,0
1TU6-FSP,MSE,ig,50,0.5345562748688759,152,76
1TU6-FSP,MSE,ig,55,0.5391729879792782,110,55
1TU6-FSP,MSE,ig,60,0.5514718049440271,54,27
1TU6-FSP,MSE,ig,65,0.5679292929292931,24,12
1TU6-FSP,MSE,ig,70,0.5555555555555555,12,6
1TU6-FSP,MSE,ig,75,0.5,6,3
1TU6-FSP,MSE,ig,80,0.5,4,2
1TU6-FSP,MSE,ig,85,,0,0
1TU6-FSP,MSE,ig,90,,0,0
1TU6-FSP,MSE,ig,95,,0,0
1TU6-FSP,MSE,shap,50,0.5309625005333416,152,76
1TU6-FSP,MSE,shap,55,0.5337017009322104,110,55
1TU6-FSP,MSE,shap,60,0.5456705331705332,54,27
1TU6-FSP,MSE,shap,65,0.593786075036075,24,12
1TU6-FSP,MSE,shap,70,0.584920634920635,12,6
1TU6-FSP,MSE,shap,75,0.5746031746031747,6,3
1TU6-FSP,MSE,shap,80,0.6,4,2
1TU6-FSP,MSE,shap,85,,0,0
1TU6-FSP,MSE,shap,90,,0,0
1TU6-FSP,MSE,shap,95,,0,0
1UDT-VIA,MSE,cam,50,0.5429960497105719,4614,2353
1UDT-VIA,MSE,cam,55,0.5399003467103334,4037,2052
1UDT-VIA,MSE,cam,60,0.537109212711413,3359,1702
1UDT-VIA,MSE,cam,65,0.5360179154023409,2851,1442
1UDT-VIA,MSE,cam,70,0.5344053202010446,2105,1067
1UDT-VIA,MSE,cam,75,0.535286683430248,1212,619
1UDT-VIA,MSE,cam,80,0.5362340407177363,552,286
1UDT-VIA,MSE,cam,85,0.5410144927536232,230,121
1UDT-VIA,MSE,cam,90,0.528735632183908,58,32
1UDT-VIA,MSE,cam,95,0.6666666666666666,3,4
1UDT-VIA,MSE,diff,50,0.6302481795272578,4614,2353
1UDT-VIA,MSE,diff,55,0.6311672976535269,4037,2052
1UDT-VIA,MSE,diff,60,0.630039724463837,3359,1702
1UDT-VIA,MSE,diff,65,0.6270426794453481,2851,1442
1UDT-VIA,MSE,diff,70,0.6302227621942631,2105,1067
1UDT-VIA,MSE,diff,75,0.6302988632196548,1212,619
1UDT-VIA,MSE,diff,80,0.6366545893719808,552,286
1UDT-VIA,MSE,diff,85,0.6221739130434776,230,121
1UDT-VIA,MSE,diff,90,0.6120689655172413,58,32
1UDT-VIA,MSE,diff,95,0.3333333333333333,3,4
1UDT-VIA,MSE,gradcam,50,0.5873186148215419,4614,2353
1UDT-VIA,MSE,gradcam,55,0.5866023659032443,4037,2052
1UDT-VIA,MSE,gradcam,60,0.5855458019138109,3359,1702
1UDT-VIA,MSE,gradcam,65,0.5864218058141228,2851,1442
1UDT-VIA,MSE,gradcam,70,0.5932363730225975,2105,1067
1UDT-VIA,MSE,gradcam,75,0.599054756666144,1212,619
1UDT-VIA,MSE,gradcam,80,0.5971122325741892,552,286
1UDT-VIA,MSE,gradcam,85,0.5999275362318839,230,121
1UDT-VIA,MSE,gradcam,90,0.6005747126436782,58,32
1UDT-VIA,MSE,gradcam,95,0.3333333333333333,3,4
1UDT-VIA,MSE,gradinput,50,0.5242965099333575,4614,2353
1UDT-VIA,MSE,gradinput,55,0.528074884817751,4037,2052
1UDT-VIA,MSE,gradinput,60,0.533574629405407,3359,1702
1UDT-VIA,MSE,gradinput,65,0.5301214068094103,2851,1442
1UDT-VIA,MSE,gradinput,70,0.5253579002153819,2105,1067
1UDT-VIA,MSE,gradinput,75,0.5144598983707891,1212,619
1UDT-VIA,MSE,gradinput,80,0.5159549689440992,552,286
1UDT-VIA,MSE,gradinput,85,0.5173188405797104,230,121
1UDT-VIA,MSE,gradinput,90,0.5258620689655173,58,32
1UDT-VIA,MSE,gradinput,95,0.0,3,4
1UDT-VIA,MSE,ig,50,0.5577061690913768,4614,2353
1UDT-VIA,MSE,ig,55,0.5642509111381006,4037,2052
1UDT-VIA,MSE,ig,60,0.5730218741665168,3359,1702
1UDT-VIA,MSE,ig,65,0.5749365131730977,2851,1442
1UDT-VIA,MSE,ig,70,0.5805192985953085,2105,1067
1UDT-VIA,MSE,ig,75,0.5888319189061771,1212,619
1UDT-VIA,MSE,ig,80,0.6006232746721883,552,286
1UDT-VIA,MSE,ig,85,0.5945652173913037,230,121
1UDT-VIA,MSE,ig,90,0.6005747126436782,58,32
1UDT-VIA,MSE,ig,95,0.3333333333333333,3,4
1UDT-VIA,MSE,shap,50,0.5193359003845205,4614,2353
1UDT-VIA,MSE,shap,55,0.5191290987996601,4037,2052
1UDT-VIA,MSE,shap,60,0.5177179018457063,3359,1702
1UDT-VIA,MSE,shap,65,0.5173834622449148,2851,1442
1UDT-VIA,MSE,shap,70,0.517567183410414,2105,1067
1UDT-VIA,MSE,shap,75,0.5179167321494051,1212,619
1UDT-VIA,MSE,shap,80,0.5039186507936508,552,286
1UDT-VIA,MSE,shap,85,0.5250724637681158,230,121
1UDT-VIA,MSE,shap,90,0.4827586206896552,58,32
1UDT-VIA,MSE,shap,95,0.6666666666666666,3,4
1UDU-CIA,MSE,cam,50,0.5087329603696084,488,259
1UDU-CIA,MSE,cam,55,0.5093789483463397,460,245
1UDU-CIA,MSE,cam,60,0.5099517441622705,418,224
1UDU-CIA,MSE,cam,65,0.5111512489965528,362,196
1UDU-CIA,MSE,cam,70,0.5188620071684588,248,139
1UDU-CIA,MSE,cam,75,0.5271739130434783,184,107
1UDU-CIA,MSE,cam,80,0.5297619047619048,168,99
1UDU-CIA,MSE,cam,85,0.518796992481203,133,79
1UDU-CIA,MSE,cam,90,0.5405405405405406,37,30
1UDU-CIA,MSE,cam,95,0.8,5,10
1UDU-CIA,MSE,diff,50,0.6685782692919928,488,259
1UDU-CIA,MSE,diff,55,0.6686005519435321,460,245
1UDU-CIA,MSE,diff,60,0.6838531617239757,418,224
1UDU-CIA,MSE,diff,65,0.6975762420513802,362,196
1UDU-CIA,MSE,diff,70,0.6925929804962064,248,139
1UDU-CIA,MSE,diff,75,0.7101147342995165,184,107
1UDU-CIA,MSE,diff,80,0.7180555555555552,168,99
1UDU-CIA,MSE,diff,85,0.720551378446115,133,79
1UDU-CIA,MSE,diff,90,0.7184684684684686,37,30
1UDU-CIA,MSE,diff,95,0.4,5,10
1UDU-CIA,MSE,gradcam,50,0.47604692622155076,488,259
1UDU-CIA,MSE,gradcam,55,0.47245631705232616,460,245
1UDU-CIA,MSE,gradcam,60,0.46682018805224557,418,224
1UDU-CIA,MSE,gradcam,65,0.4592776085179402,362,196
1UDU-CIA,MSE,gradcam,70,0.45609129893404066,248,139
1UDU-CIA,MSE,gradcam,75,0.44109730848861295,184,107
1UDU-CIA,MSE,gradcam,80,0.4344246031746031,168,99
1UDU-CIA,MSE,gradcam,85,0.43082706766917284,133,79
1UDU-CIA,MSE,gradcam,90,0.4009009009009009,37,30
1UDU-CIA,MSE,gradcam,95,0.8,5,10
1UDU-CIA,MSE,gradinput,50,0.6782923546175015,488,259
1UDU-CIA,MSE,gradinput,55,0.6906431529128054,460,245
1UDU-CIA,MSE,gradinput,60,0.7150914409885695,418,224
1UDU-CIA,MSE,gradinput,65,0.7020444487985921,362,196
1UDU-CIA,MSE,gradinput,70,0.6375903330540429,248,139
1UDU-CIA,MSE,gradinput,75,0.5909290890269151,184,107
1UDU-CIA,MSE,gradinput,80,0.6027777777777777,168,99
1UDU-CIA,MSE,gradinput,85,0.5959899749373433,133,79
1UDU-CIA,MSE,gradinput,90,0.47297297297297297,37,30
1UDU-CIA,MSE,gradinput,95,0.8,5,10
1UDU-CIA,MSE,ig,50,0.6383300078386971,488,259
1UDU-CIA,MSE,ig,55,0.6396346617610423,460,245
1UDU-CIA,MSE,ig,60,0.6520938790077552,418,224
1UDU-CIA,MSE,ig,65,0.6464411279328409,362,196
1UDU-CIA,MSE,ig,70,0.6059221244705114,248,139
1UDU-CIA,MSE,ig,75,0.5819487577639753,184,107
1UDU-CIA,MSE,ig,80,0.5817460317460318,168,99
1UDU-CIA,MSE,ig,85,0.6050125313283207,133,79
1UDU-CIA,MSE,ig,90,0.5000000000000001,37,30
1UDU-CIA,MSE,ig,95,0.8,5,10
1UDU-CIA,MSE,shap,50,0.5043497721590048,488,259
1UDU-CIA,MSE,shap,55,0.5062386192108393,460,245
1UDU-CIA,MSE,shap,60,0.5065244829598895,418,224
1UDU-CIA,MSE,shap,65,0.5152721434489388,362,196
1UDU-CIA,MSE,shap,70,0.5080508425266492,248,139
1UDU-CIA,MSE,shap,75,0.4991028295376123,184,107
1UDU-CIA,MSE,shap,80,0.5001984126984128,168,99
1UDU-CIA,MSE,shap,85,0.49022556390977445,133,79
1UDU-CIA,MSE,shap,90,0.5045045045045046,37,30
1UDU-CIA,MSE,shap,95,0.6,5,10
1UHO-VDN,MSE,cam,50,0.5553924905951498,2161,1087
1UHO-VDN,MSE,cam,55,0.5547608786770161,2147,1080
1UHO-VDN,MSE,cam,60,0.5543859522961683,2109,1061
1UHO-VDN,MSE,cam,65,0.5537731234906678,1841,927
1UHO-VDN,MSE,cam,70,0.5554070645907376,1225,619
1UHO-VDN,MSE,cam,75,0.54640556705774,690,351
1UHO-VDN,MSE,cam,80,0.5418269230769233,364,186
1UHO-VDN,MSE,cam,85,0.5496732026143792,204,105
1UHO-VDN,MSE,cam,90,0.5345528455284553,82,42
1UHO-VDN,MSE,cam,95,0.5,2,1
1UHO-VDN,MSE,diff,50,0.6332778252808514,2161,1087
1UHO-VDN,MSE,diff,55,0.6331848813770281,2147,1080
1UHO-VDN,MSE,diff,60,0.6328101155113556,2109,1061
1UHO-VDN,MSE,diff,65,0.6291241500367004,1841,927
1UHO-VDN,MSE,diff,70,0.6328043249267746,1225,619
1UHO-VDN,MSE,diff,75,0.6332976765585465,690,351
1UHO-VDN,MSE,diff,80,0.6246336996336999,364,186
1UHO-VDN,MSE,diff,85,0.6373366013071893,204,105
1UHO-VDN,MSE,diff,90,0.6951219512195121,82,42
1UHO-VDN,MSE,diff,95,0.5,2,1
1UHO-VDN,MSE,gradcam,50,0.5659969935010478,2161,1087
1UHO-VDN,MSE,gradcam,55,0.5667915535341066,2147,1080
1UHO-VDN,MSE,gradcam,60,0.5665897419380386,2109,1061
1UHO-VDN,MSE,gradcam,65,0.5708228008336633,1841,927
1UHO-VDN,MSE,gradcam,70,0.5700234006356462,1225,619
1UHO-VDN,MSE,gradcam,75,0.5659821297864778,690,351
1UHO-VDN,MSE,gradcam,80,0.5699535583464161,364,186
1UHO-VDN,MSE,gradcam,85,0.5693627450980393,204,105
1UHO-VDN,MSE,gradcam,90,0.6117886178861788,82,42
1UHO-VDN,MSE,gradcam,95,0.0,2,1
1UHO-VDN,MSE,gradinput,50,0.5725384124776585,2161,1087
1UHO-VDN,MSE,gradinput,55,0.5724683914058438,2147,1080
1UHO-VDN,MSE,gradinput,60,0.5725230811144135,2109,1061
1UHO-VDN,MSE,gradinput,65,0.5732632748385054,1841,927
1UHO-VDN,MSE,gradinput,70,0.5770303868467139,1225,619
1UHO-VDN,MSE,gradinput,75,0.5745874375222211,690,351
1UHO-VDN,MSE,gradinput,80,0.589998691784406,364,186
1UHO-VDN,MSE,gradinput,85,0.6066176470588235,204,105
1UHO-VDN,MSE,gradinput,90,0.6768292682926829,82,42
1UHO-VDN,MSE,gradinput,95,0.5,2,1
1UHO-VDN,MSE,ig,50,0.6153727752341596,2161,1087
1UHO-VDN,MSE,ig,55,0.6151653961437153,2147,1080
1UHO-VDN,MSE,ig,60,0.6152167609597957,2109,1061
1UHO-VDN,MSE,ig,65,0.6190188078563971,1841,927
1UHO-VDN,MSE,ig,70,0.6270201204691014,1225,619
1UHO-VDN,MSE,ig,75,0.6328137482485324,690,351
1UHO-VDN,MSE,ig,80,0.6654107796964938,364,186
1UHO-VDN,MSE,ig,85,0.6789215686274512,204,105
1UHO-VDN,MSE,ig,90,0.7174796747967478,82,42
1UHO-VDN,MSE,ig,95,1.0,2,1
1UHO-VDN,MSE,shap,50,0.521305314749523,2161,1087
1UHO-VDN,MSE,shap,55,0.5215893979554597,2147,1080
1UHO-VDN,MSE,shap,60,0.521721768006598,2109,1061
1UHO-VDN,MSE,shap,65,0.5232357433742555,1841,927
1UHO-VDN,MSE,shap,70,0.5281483709034729,1225,619
1UHO-VDN,MSE,shap,75,0.5334481983395024,690,351
1UHO-VDN,MSE,shap,80,0.5439822082679225,364,186
1UHO-VDN,MSE,shap,85,0.5608660130718954,204,105
1UHO-VDN,MSE,shap,90,0.5630081300813009,82,42
1UHO-VDN,MSE,shap,95,0.5,2,1
1UMT-0DS,MSE,cam,50,0.49846169519152406,409,212
1UMT-0DS,MSE,cam,55,0.49821240799158784,317,166
1UMT-0DS,MSE,cam,60,0.49809885931558934,263,139
1UMT-0DS,MSE,cam,65,0.49693251533742333,163,89
1UMT-0DS,MSE,cam,70,0.49606299212598426,127,71
1UMT-0DS,MSE,cam,75,0.4945054945054945,91,53
1UMT-0DS,MSE,cam,80,0.49122807017543857,57,36
1UMT-0DS,MSE,cam,85,0.5333333333333333,30,20
1UMT-0DS,MSE,cam,90,0.47368421052631576,19,13
1UMT-0DS,MSE,cam,95,0.4,5,4
1UMT-0DS,MSE,diff,50,0.6131315116563814,409,212
1UMT-0DS,MSE,diff,55,0.603079514916127,317,166
1UMT-0DS,MSE,diff,60,0.6072813909791098,263,139
1UMT-0DS,MSE,diff,65,0.6234183335410326,163,89
1UMT-0DS,MSE,diff,70,0.6458868777766414,127,71
1UMT-0DS,MSE,diff,75,0.666086691086691,91,53
1UMT-0DS,MSE,diff,80,0.6589807852965748,57,36
1UMT-0DS,MSE,diff,85,0.69,30,20
1UMT-0DS,MSE,diff,90,0.7631578947368421,19,13
1UMT-0DS,MSE,diff,95,0.6,5,4
1UMT-0DS,MSE,gradcam,50,0.4944912880423488,409,212
1UMT-0DS,MSE,gradcam,55,0.4891731423253965,317,166
1UMT-0DS,MSE,gradcam,60,0.49629748683931185,263,139
1UMT-0DS,MSE,gradcam,65,0.46421984627506147,163,89
1UMT-0DS,MSE,gradcam,70,0.45789702423560685,127,71
1UMT-0DS,MSE,gradcam,75,0.44857404500261644,91,53
1UMT-0DS,MSE,gradcam,80,0.45116959064327483,57,36
1UMT-0DS,MSE,gradcam,85,0.45,30,20
1UMT-0DS,MSE,gradcam,90,0.5175438596491228,19,13
1UMT-0DS,MSE,gradcam,95,0.6,5,4
1UMT-0DS,MSE,gradinput,50,0.49359884140904503,409,212
1UMT-0DS,MSE,gradinput,55,0.48770474952976384,317,166
1UMT-0DS,MSE,gradinput,60,0.48773296306566283,263,139
1UMT-0DS,MSE,gradinput,65,0.48817610474052187,163,89
1UMT-0DS,MSE,gradinput,70,0.4809978298167273,127,71
1UMT-0DS,MSE,gradinput,75,0.49695621838478976,91,53
1UMT-0DS,MSE,gradinput,80,0.5159147869674185,57,36
1UMT-0DS,MSE,gradinput,85,0.5561111111111111,30,20
1UMT-0DS,MSE,gradinput,90,0.5701754385964912,19,13
1UMT-0DS,MSE,gradinput,95,0.8,5,4
1UMT-0DS,MSE,ig,50,0.5635000363919911,409,212
1UMT-0DS,MSE,ig,55,0.5671745320822141,317,166
1UMT-0DS,MSE,ig,60,0.5702435133518781,263,139
1UMT-0DS,MSE,ig,65,0.5710253618229079,163,89
1UMT-0DS,MSE,ig,70,0.5933309472679552,127,71
1UMT-0DS,MSE,ig,75,0.6045438688295831,91,53
1UMT-0DS,MSE,ig,80,0.6451545530492899,57,36
1UMT-0DS,MSE,ig,85,0.6872222222222223,30,20
1UMT-0DS,MSE,ig,90,0.7456140350877193,19,13
1UMT-0DS,MSE,ig,95,0.5,5,4
1UMT-0DS,MSE,shap,50,0.5238650767679315,409,212
1UMT-0DS,MSE,shap,55,0.5213886696281383,317,166
1UMT-0DS,MSE,shap,60,0.5212202140909364,263,139
1UMT-0DS,MSE,shap,65,0.5273131435708123,163,89
1UMT-0DS,MSE,shap,70,0.5355981070547998,127,71
1UMT-0DS,MSE,shap,75,0.5329495900924474,91,53
1UMT-0DS,MSE,shap,80,0.49922723475355046,57,36
1UMT-0DS,MSE,shap,85,0.4744444444444444,30,20
1UMT-0DS,MSE,shap,90,0.42105263157894735,19,13
1UMT-0DS,MSE,shap,95,0.4,5,4
1UZF-X8Z,MSE,cam,50,0.5982671150904233,266,143
1UZF-X8Z,MSE,cam,55,0.6028937176240082,241,130
1UZF-X8Z,MSE,cam,60,0.6149283705984738,194,106
1UZF-X8Z,MSE,cam,65,0.6213715426290275,167,92
1UZF-X8Z,MSE,cam,70,0.6271946873987689,147,82
1UZF-X8Z,MSE,cam,75,0.5809309309309311,111,63
1UZF-X8Z,MSE,cam,80,0.58,75,43
1UZF-X8Z,MSE,cam,85,0.6666666666666666,33,19
1UZF-X8Z,MSE,cam,90,1.0,1,1
1UZF-X8Z,MSE,cam,95,,0,0
1UZF-X8Z,MSE,diff,50,0.6462399859956249,266,143
1UZF-X8Z,MSE,diff,55,0.6616521560504962,241,130
1UZF-X8Z,MSE,diff,60,0.6797533508873714,194,106
1UZF-X8Z,MSE,diff,65,0.6688907898488734,167,92
1UZF-X8Z,MSE,diff,70,0.6699060576611594,147,82
1UZF-X8Z,MSE,diff,75,0.6647147147147147,111,63
1UZF-X8Z,MSE,diff,80,0.6533333333333334,75,43
1UZF-X8Z,MSE,diff,85,0.6666666666666666,33,19
1UZF-X8Z,MSE,diff,90,1.0,1,1
1UZF-X8Z,MSE,diff,95,,0,0
1UZF-X8Z,MSE,gradcam,50,0.6409234145136407,266,143
1UZF-X8Z,MSE,gradcam,55,0.6448343265770654,241,130
1UZF-X8Z,MSE,gradcam,60,0.662735417503459,194,106
1UZF-X8Z,MSE,gradcam,65,0.688893641288851,167,92
1UZF-X8Z,MSE,gradcam,70,0.6998056365403302,147,82
1UZF-X8Z,MSE,gradcam,75,0.6656156156156156,111,63
1UZF-X8Z,MSE,gradcam,80,0.6866666666666664,75,43
1UZF-X8Z,MSE,gradcam,85,0.7424242424242424,33,19
1UZF-X8Z,MSE,gradcam,90,1.0,1,1
1UZF-X8Z,MSE,gradcam,95,,0,0
1UZF-X8Z,MSE,gradinput,50,0.6460523290410509,266,143
1UZF-X8Z,MSE,gradinput,55,0.6575031238931657,241,130
1UZF-X8Z,MSE,gradinput,60,0.6756978845896374,194,106
1UZF-X8Z,MSE,gradinput,65,0.6738237810094099,167,92
1UZF-X8Z,MSE,gradinput,70,0.6712342079689019,147,82
1UZF-X8Z,MSE,gradinput,75,0.6175675675675676,111,63
1UZF-X8Z,MSE,gradinput,80,0.62,75,43
1UZF-X8Z,MSE,gradinput,85,0.6161616161616161,33,19
1UZF-X8Z,MSE,gradinput,90,1.0,1,1
1UZF-X8Z,MSE,gradinput,95,,0,0
1UZF-X8Z,MSE,ig,50,0.5634651793486383,266,143
1UZF-X8Z,MSE,ig,55,0.5687808388015859,241,130
1UZF-X8Z,MSE,ig,60,0.5753546138855418,194,106
1UZF-X8Z,MSE,ig,65,0.5824493869404049,167,92
1UZF-X8Z,MSE,ig,70,0.58718820861678,147,82
1UZF-X8Z,MSE,ig,75,0.5427927927927927,111,63
1UZF-X8Z,MSE,ig,80,0.568888888888889,75,43
1UZF-X8Z,MSE,ig,85,0.6767676767676767,33,19
1UZF-X8Z,MSE,ig,90,1.0,1,1
1UZF-X8Z,MSE,ig,95,,0,0
1UZF-X8Z,MSE,shap,50,0.5525587194760126,266,143
1UZF-X8Z,MSE,shap,55,0.5524898913903064,241,130
1UZF-X8Z,MSE,shap,60,0.5662443656000357,194,106
1UZF-X8Z,MSE,shap,65,0.5795694325634445,167,92
1UZF-X8Z,MSE,shap,70,0.5800777453838677,147,82
1UZF-X8Z,MSE,shap,75,0.5447447447447447,111,63
1UZF-X8Z,MSE,shap,80,0.5644444444444444,75,43
1UZF-X8Z,MSE,shap,85,0.5707070707070707,33,19
1UZF-X8Z,MSE,shap,90,1.0,1,1
1UZF-X8Z,MSE,shap,95,,0,0
1VYW-292,MSE,cam,50,0.5070422535211268,284,144
1VYW-292,MSE,cam,55,0.5083333333333333,240,122
1VYW-292,MSE,cam,60,0.51010101010101,198,101
1VYW-292,MSE,cam,65,0.5116279069767442,172,88
1VYW-292,MSE,cam,70,0.5222222222222223,90,47
1VYW-292,MSE,cam,75,0.5588235294117647,34,19
1VYW-292,MSE,cam,80,0.5666666666666667,30,17
1VYW-292,MSE,cam,85,0.6111111111111112,18,11
1VYW-292,MSE,cam,90,0.625,8,5
1VYW-292,MSE,cam,95,1.0,1,1
1VYW-292,MSE,diff,50,0.6231653225491257,284,144
1VYW-292,MSE,diff,55,0.6311113076738084,240,122
1VYW-292,MSE,diff,60,0.6370885988310226,198,101
1VYW-292,MSE,diff,65,0.6407138242894053,172,88
1VYW-292,MSE,diff,70,0.6227425044091711,90,47
1VYW-292,MSE,diff,75,0.5926470588235295,34,19
1VYW-292,MSE,diff,80,0.5783333333333333,30,17
1VYW-292,MSE,diff,85,0.48148148148148145,18,11
1VYW-292,MSE,diff,90,0.5,8,5
1VYW-292,MSE,diff,95,1.0,1,1
1VYW-292,MSE,gradcam,50,0.5140347231016255,284,144
1VYW-292,MSE,gradcam,55,0.5023060851185851,240,122
1VYW-292,MSE,gradcam,60,0.5088068637311061,198,101
1VYW-292,MSE,gradcam,65,0.5028677556293836,172,88
1VYW-292,MSE,gradcam,70,0.47485008818342167,90,47
1VYW-292,MSE,gradcam,75,0.5068627450980391,34,19
1VYW-292,MSE,gradcam,80,0.501111111111111,30,17
1VYW-292,MSE,gradcam,85,0.6018518518518519,18,11
1VYW-292,MSE,gradcam,90,0.6875,8,5
1VYW-292,MSE,gradcam,95,1.0,1,1
1VYW-292,MSE,gradinput,50,0.38521503926433537,284,144
1VYW-292,MSE,gradinput,55,0.3474801818551818,240,122
1VYW-292,MSE,gradinput,60,0.32796799160435514,198,101
1VYW-292,MSE,gradinput,65,0.3203534514581026,172,88
1VYW-292,MSE,gradinput,70,0.3460141093474427,90,47
1VYW-292,MSE,gradinput,75,0.338235294117647,34,19
1VYW-292,MSE,gradinput,80,0.35666666666666663,30,17
1VYW-292,MSE,gradinput,85,0.39814814814814814,18,11
1VYW-292,MSE,gradinput,90,0.5625,8,5
1VYW-292,MSE,gradinput,95,1.0,1,1
1VYW-292,MSE,ig,50,0.622217561390097,284,144
1VYW-292,MSE,ig,55,0.6327020086395091,240,122
1VYW-292,MSE,ig,60,0.6595957773988079,198,101
1VYW-292,MSE,ig,65,0.6586217238833517,172,88
1VYW-292,MSE,ig,70,0.6150176366843033,90,47
1VYW-292,MSE,ig,75,0.6215686274509802,34,19
1VYW-292,MSE,ig,80,0.6244444444444444,30,17
1VYW-292,MSE,ig,85,0.5972222222222222,18,11
1VYW-292,MSE,ig,90,0.6875,8,5
1VYW-292,MSE,ig,95,1.0,1,1
1VYW-292,MSE,shap,50,0.5485050942797426,284,144
1VYW-292,MSE,shap,55,0.5507601657601656,240,122
1VYW-292,MSE,shap,60,0.5550891308467066,198,101
1VYW-292,MSE,shap,65,0.541906607604282,172,88
1VYW-292,MSE,shap,70,0.515573192239859,90,47
1VYW-292,MSE,shap,75,0.4132352941176471,34,19
1VYW-292,MSE,shap,80,0.4350000000000001,30,17
1VYW-292,MSE,shap,85,0.47685185185185186,18,11
1VYW-292,MSE,shap,90,0.625,8,5
1VYW-292,MSE,shap,95,1.0,1,1
1W0X-OLO,MSE,cam,50,0.5226602784402222,1436,723
1W0X-OLO,MSE,cam,55,0.5229789046028358,1404,707
1W0X-OLO,MSE,cam,60,0.5204337481571022,1276,643
1W0X-OLO,MSE,cam,65,0.5185309334986458,1084,547
1W0X-OLO,MSE,cam,70,0.5192460317460319,886,448
1W0X-OLO,MSE,cam,75,0.5047336635384082,548,279
1W0X-OLO,MSE,cam,80,0.503071560115759,362,186
1W0X-OLO,MSE,cam,85,0.49716435185185176,288,149
1W0X-OLO,MSE,cam,90,0.49079754601226994,163,84
1W0X-OLO,MSE,cam,95,0.4,10,6
1W0X-OLO,MSE,diff,50,0.6303420663689162,1436,723
1W0X-OLO,MSE,diff,55,0.628901726043819,1404,707
1W0X-OLO,MSE,diff,60,0.6278709926437189,1276,643
1W0X-OLO,MSE,diff,65,0.6371726648710039,1084,547
1W0X-OLO,MSE,diff,70,0.6475901387300941,886,448
1W0X-OLO,MSE,diff,75,0.6779754663422547,548,279
1W0X-OLO,MSE,diff,80,0.7603722704551432,362,186
1W0X-OLO,MSE,diff,85,0.7939814814814814,288,149
1W0X-OLO,MSE,diff,90,0.8476482617586913,163,84
1W0X-OLO,MSE,diff,95,0.8,10,6
1W0X-OLO,MSE,gradcam,50,0.5282535140478973,1436,723
1W0X-OLO,MSE,gradcam,55,0.5282950815803372,1404,707
1W0X-OLO,MSE,gradcam,60,0.5291508517605695,1276,643
1W0X-OLO,MSE,gradcam,65,0.5362695857852683,1084,547
1W0X-OLO,MSE,gradcam,70,0.5521212202645613,886,448
1W0X-OLO,MSE,gradcam,75,0.5925493859344224,548,279
1W0X-OLO,MSE,gradcam,80,0.6290384109444879,362,186
1W0X-OLO,MSE,gradcam,85,0.6483217592592593,288,149
1W0X-OLO,MSE,gradcam,90,0.6697341513292434,163,84
1W0X-OLO,MSE,gradcam,95,1.0,10,6
1W0X-OLO,MSE,gradinput,50,0.6230043603123439,1436,723
1W0X-OLO,MSE,gradinput,55,0.6242509024293206,1404,707
1W0X-OLO,MSE,gradinput,60,0.6287435918313643,1276,643
1W0X-OLO,MSE,gradinput,65,0.6388512957931768,1084,547
1W0X-OLO,MSE,gradinput,70,0.6520864481643259,886,448
1W0X-OLO,MSE,gradinput,75,0.6777966052601085,548,279
1W0X-OLO,MSE,gradinput,80,0.7111549592212575,362,186
1W0X-OLO,MSE,gradinput,85,0.7181134259259261,288,149
1W0X-OLO,MSE,gradinput,90,0.7770961145194274,163,84
1W0X-OLO,MSE,gradinput,95,0.8,10,6
1W0X-OLO,MSE,ig,50,0.6348712678463411,1436,723
1W0X-OLO,MSE,ig,55,0.6352544238762183,1404,707
1W0X-OLO,MSE,ig,60,0.6296790526610266,1276,643
1W0X-OLO,MSE,ig,65,0.6154937979199965,1084,547
1W0X-OLO,MSE,ig,70,0.6060719253157176,886,448
1W0X-OLO,MSE,ig,75,0.5997986907658432,548,279
1W0X-OLO,MSE,ig,80,0.6548802946593002,362,186
1W0X-OLO,MSE,ig,85,0.6690393518518523,288,149
1W0X-OLO,MSE,ig,90,0.696319018404908,163,84
1W0X-OLO,MSE,ig,95,0.6,10,6
1W0X-OLO,MSE,shap,50,0.49915918177531393,1436,723
1W0X-OLO,MSE,shap,55,0.49876715856950965,1404,707
1W0X-OLO,MSE,shap,60,0.49511706945092543,1276,643
1W0X-OLO,MSE,shap,65,0.49369491465893667,1084,547
1W0X-OLO,MSE,shap,70,0.4887436115427087,886,448
1W0X-OLO,MSE,shap,75,0.49066301703163023,548,279
1W0X-OLO,MSE,shap,80,0.4884109444882923,362,186
1W0X-OLO,MSE,shap,85,0.4880787037037035,288,149
1W0X-OLO,MSE,shap,90,0.4928425357873211,163,84
1W0X-OLO,MSE,shap,95,0.5,10,6
1X0N-DTF,MSE,cam,50,0.4936507936507937,102,52
1X0N-DTF,MSE,cam,55,0.4936507936507937,102,52
1X0N-DTF,MSE,cam,60,0.49339164237123423,98,50
1X0N-DTF,MSE,cam,65,0.49339164237123423,98,50
1X0N-DTF,MSE,cam,70,0.4914965986394558,84,43
1X0N-DTF,MSE,cam,75,0.4791666666666667,48,25
1X0N-DTF,MSE,cam,80,0.4,10,6
1X0N-DTF,MSE,cam,85,0.4,10,6
1X0N-DTF,MSE,cam,90,0.4,10,6
1X0N-DTF,MSE,cam,95,0.4,10,6
1X0N-DTF,MSE,diff,50,0.6721710219528786,102,52
1X0N-DTF,MSE,diff,55,0.6721710219528786,102,52
1X0N-DTF,MSE,diff,60,0.6741471147233455,98,50
1X0N-DTF,MSE,diff,65,0.6741471147233455,98,50
1X0N-DTF,MSE,diff,70,0.684477361263076,84,43
1X0N-DTF,MSE,diff,75,0.7057133838383839,48,25
1X0N-DTF,MSE,diff,80,0.9,10,6
1X0N-DTF,MSE,diff,85,0.9,10,6
1X0N-DTF,MSE,diff,90,0.9,10,6
1X0N-DTF,MSE,diff,95,0.9,10,6
1X0N-DTF,MSE,gradcam,50,0.6813358723224076,102,52
1X0N-DTF,MSE,gradcam,55,0.6813358723224076,102,52
1X0N-DTF,MSE,gradcam,60,0.6838919200713918,98,50
1X0N-DTF,MSE,gradcam,65,0.6838919200713918,98,50
1X0N-DTF,MSE,gradcam,70,0.6934135969850256,84,43
1X0N-DTF,MSE,gradcam,75,0.705271464646465,48,25
1X0N-DTF,MSE,gradcam,80,0.9,10,6
1X0N-DTF,MSE,gradcam,85,0.9,10,6
1X0N-DTF,MSE,gradcam,90,0.9,10,6
1X0N-DTF,MSE,gradcam,95,0.9,10,6
1X0N-DTF,MSE,gradinput,50,0.6054796691587725,102,52
1X0N-DTF,MSE,gradinput,55,0.6054796691587725,102,52
1X0N-DTF,MSE,gradinput,60,0.6075797318594438,98,50
1X0N-DTF,MSE,gradinput,65,0.6075797318594438,98,50
1X0N-DTF,MSE,gradinput,70,0.616503007574436,84,43
1X0N-DTF,MSE,gradinput,75,0.6309343434343436,48,25
1X0N-DTF,MSE,gradinput,80,0.9,10,6
1X0N-DTF,MSE,gradinput,85,0.9,10,6
1X0N-DTF,MSE,gradinput,90,0.9,10,6
1X0N-DTF,MSE,gradinput,95,0.9,10,6
1X0N-DTF,MSE,ig,50,0.6035440820400202,102,52
1X0N-DTF,MSE,ig,55,0.6035440820400202,102,52
1X0N-DTF,MSE,ig,60,0.6061726305573846,98,50
1X0N-DTF,MSE,ig,65,0.6061726305573846,98,50
1X0N-DTF,MSE,ig,70,0.6156243227671799,84,43
1X0N-DTF,MSE,ig,75,0.6569760101010101,48,25
1X0N-DTF,MSE,ig,80,0.9,10,6
1X0N-DTF,MSE,ig,85,0.9,10,6
1X0N-DTF,MSE,ig,90,0.9,10,6
1X0N-DTF,MSE,ig,95,0.9,10,6
1X0N-DTF,MSE,shap,50,0.47223715245661263,102,52
1X0N-DTF,MSE,shap,55,0.47223715245661263,102,52
1X0N-DTF,MSE,shap,60,0.47333530231939624,98,50
1X0N-DTF,MSE,shap,65,0.47333530231939624,98,50
1X0N-DTF,MSE,shap,70,0.47278065849494444,84,43
1X0N-DTF,MSE,shap,75,0.44368686868686863,48,25
1X0N-DTF,MSE,shap,80,0.3,10,6
1X0N-DTF,MSE,shap,85,0.3,10,6
1X0N-DTF,MSE,shap,90,0.3,10,6
1X0N-DTF,MSE,shap,95,0.3,10,6
1X8B-824,MSE,cam,50,0.5574940188369453,2737,1387
1X8B-824,MSE,cam,55,0.5583443700011284,2711,1374
1X8B-824,MSE,cam,60,0.5589165023107733,2653,1345
1X8B-824,MSE,cam,65,0.5509629271049028,2430,1233
1X8B-824,MSE,cam,70,0.557337450131568,1870,951
1X8B-824,MSE,cam,75,0.559781488352917,1386,709
1X8B-824,MSE,cam,80,0.5641025641025641,1053,542
1X8B-824,MSE,cam,85,0.5781922525107605,697,364
1X8B-824,MSE,cam,90,0.53125,192,106
1X8B-824,MSE,cam,95,0.56,25,19
1X8B-824,MSE,diff,50,0.7014275772131079,2737,1387
1X8B-824,MSE,diff,55,0.7017746441700041,2711,1374
1X8B-824,MSE,diff,60,0.7021633704068675,2653,1345
1X8B-824,MSE,diff,65,0.7017143944304427,2430,1233
1X8B-824,MSE,diff,70,0.7186125965537721,1870,951
1X8B-824,MSE,diff,75,0.7403344671201804,1386,709
1X8B-824,MSE,diff,80,0.7641817030705915,1053,542
1X8B-824,MSE,diff,85,0.7870636059301772,697,364
1X8B-824,MSE,diff,90,0.8125,192,106
1X8B-824,MSE,diff,95,0.76,25,19
1X8B-824,MSE,gradcam,50,0.664115461791106,2737,1387
1X8B-824,MSE,gradcam,55,0.6657656221155701,2711,1374
1X8B-824,MSE,gradcam,60,0.6690829838587106,2653,1345
1X8B-824,MSE,gradcam,65,0.6599679881161374,2430,1233
1X8B-824,MSE,gradcam,70,0.6644079449961818,1870,951
1X8B-824,MSE,gradcam,75,0.6694968391396955,1386,709
1X8B-824,MSE,gradcam,80,0.6787749287749277,1053,542
1X8B-824,MSE,gradcam,85,0.7100669536107125,697,364
1X8B-824,MSE,gradcam,90,0.6744791666666666,192,106
1X8B-824,MSE,gradcam,95,0.56,25,19
1X8B-824,MSE,gradinput,50,0.5044166841048898,2737,1387
1X8B-824,MSE,gradinput,55,0.5027879450105354,2711,1374
1X8B-824,MSE,gradinput,60,0.500996293985363,2653,1345
1X8B-824,MSE,gradinput,65,0.5117282214813084,2430,1233
1X8B-824,MSE,gradinput,70,0.5184368899074775,1870,951
1X8B-824,MSE,gradinput,75,0.5227032227032226,1386,709
1X8B-824,MSE,gradinput,80,0.5352801519468191,1053,542
1X8B-824,MSE,gradinput,85,0.5297704447632718,697,364
1X8B-824,MSE,gradinput,90,0.5729166666666666,192,106
1X8B-824,MSE,gradinput,95,0.52,25,19
1X8B-824,MSE,ig,50,0.6949198391462909,2737,1387
1X8B-824,MSE,ig,55,0.6957035494033469,2711,1374
1X8B-824,MSE,ig,60,0.6960795047395134,2653,1345
1X8B-824,MSE,ig,65,0.6944813862406461,2430,1233
1X8B-824,MSE,ig,70,0.7053291316526619,1870,951
1X8B-824,MSE,ig,75,0.7185657596371873,1386,709
1X8B-824,MSE,ig,80,0.7253086419753076,1053,542
1X8B-824,MSE,ig,85,0.7376853180296513,697,364
1X8B-824,MSE,ig,90,0.7734375,192,106
1X8B-824,MSE,ig,95,0.72,25,19
1X8B-824,MSE,shap,50,0.5414980246982866,2737,1387
1X8B-824,MSE,shap,55,0.5418551319070984,2711,1374
1X8B-824,MSE,shap,60,0.5417654151351847,2653,1345
1X8B-824,MSE,shap,65,0.5392930937375386,2430,1233
1X8B-824,MSE,shap,70,0.5378520499108737,1870,951
1X8B-824,MSE,shap,75,0.540630797773655,1386,709
1X8B-824,MSE,shap,80,0.5376068376068373,1053,542
1X8B-824,MSE,shap,85,0.5407699665231946,697,364
1X8B-824,MSE,shap,90,0.5520833333333334,192,106
1X8B-824,MSE,shap,95,0.68,25,19
1XJD-STO,MSE,cam,50,0.5053670854593884,94,49
1XJD-STO,MSE,cam,55,0.5053670854593884,94,49
1XJD-STO,MSE,cam,60,0.5053670854593884,94,49
1XJD-STO,MSE,cam,65,0.5060971973762671,86,45
1XJD-STO,MSE,cam,70,0.5117117117117117,74,39
1XJD-STO,MSE,cam,75,0.5166666666666666,10,7
1XJD-STO,MSE,cam,80,0.4895833333333333,8,6
1XJD-STO,MSE,cam,85,0.4895833333333333,8,6
1XJD-STO,MSE,cam,90,0.4895833333333333,8,6
1XJD-STO,MSE,cam,95,0.6666666666666666,3,2
1XJD-STO,MSE,diff,50,0.5025304856108985,94,49
1XJD-STO,MSE,diff,55,0.5025304856108985,94,49
1XJD-STO,MSE,diff,60,0.5025304856108985,94,49
1XJD-STO,MSE,diff,65,0.4883079452846893,86,45
1XJD-STO,MSE,diff,70,0.48316720816720826,74,39
1XJD-STO,MSE,diff,75,0.8625,10,7
1XJD-STO,MSE,diff,80,1.0,8,6
1XJD-STO,MSE,diff,85,1.0,8,6
1XJD-STO,MSE,diff,90,1.0,8,6
1XJD-STO,MSE,diff,95,1.0,3,2
1XJD-STO,MSE,gradcam,50,0.5710141478602052,94,49
1XJD-STO,MSE,gradcam,55,0.5710141478602052,94,49
1XJD-STO,MSE,gradcam,60,0.5710141478602052,94,49
1XJD-STO,MSE,gradcam,65,0.5604347525859151,86,45
1XJD-STO,MSE,gradcam,70,0.5638977388977386,74,39
1XJD-STO,MSE,gradcam,75,0.7958333333333333,10,7
1XJD-STO,MSE,gradcam,80,0.8229166666666666,8,6
1XJD-STO,MSE,gradcam,85,0.8229166666666666,8,6
1XJD-STO,MSE,gradcam,90,0.8229166666666666,8,6
1XJD-STO,MSE,gradcam,95,1.0,3,2
1XJD-STO,MSE,gradinput,50,0.5857554227860865,94,49
1XJD-STO,MSE,gradinput,55,0.5857554227860865,94,49
1XJD-STO,MSE,gradinput,60,0.5857554227860865,94,49
1XJD-STO,MSE,gradinput,65,0.5761369121834242,86,45
1XJD-STO,MSE,gradinput,70,0.5559990309990315,74,39
1XJD-STO,MSE,gradinput,75,0.4958333333333333,10,7
1XJD-STO,MSE,gradinput,80,0.5416666666666666,8,6
1XJD-STO,MSE,gradinput,85,0.5416666666666666,8,6
1XJD-STO,MSE,gradinput,90,0.5416666666666666,8,6
1XJD-STO,MSE,gradinput,95,0.6666666666666666,3,2
1XJD-STO,MSE,ig,50,0.5964799107164561,94,49
1XJD-STO,MSE,ig,55,0.5964799107164561,94,49
1XJD-STO,MSE,ig,60,0.5964799107164561,94,49
1XJD-STO,MSE,ig,65,0.6022742115765368,86,45
1XJD-STO,MSE,ig,70,0.6127038877038874,74,39
1XJD-STO,MSE,ig,75,0.8875,10,7
1XJD-STO,MSE,ig,80,1.0,8,6
1XJD-STO,MSE,ig,85,1.0,8,6
1XJD-STO,MSE,ig,90,1.0,8,6
1XJD-STO,MSE,ig,95,1.0,3,2
1XJD-STO,MSE,shap,50,0.5408708642907641,94,49
1XJD-STO,MSE,shap,55,0.5408708642907641,94,49
1XJD-STO,MSE,shap,60,0.5408708642907641,94,49
1XJD-STO,MSE,shap,65,0.5458697955790979,86,45
1XJD-STO,MSE,shap,70,0.5540098040098038,74,39
1XJD-STO,MSE,shap,75,0.7541666666666667,10,7
1XJD-STO,MSE,shap,80,0.8333333333333333,8,6
1XJD-STO,MSE,shap,85,0.8333333333333333,8,6
1XJD-STO,MSE,shap,90,0.8333333333333333,8,6
1XJD-STO,MSE,shap,95,1.0,3,2
1XKK-FMM,MSE,cam,50,0.5,134,67
1XKK-FMM,MSE,cam,55,0.5,134,67
1XKK-FMM,MSE,cam,60,0.5,126,63
1XKK-FMM,MSE,cam,65,0.5,110,55
1XKK-FMM,MSE,cam,70,0.5,106,53
1XKK-FMM,MSE,cam,75,0.5,80,40
1XKK-FMM,MSE,cam,80,0.5,58,29
1XKK-FMM,MSE,cam,85,0.5,40,20
1XKK-FMM,MSE,cam,90,0.5,14,7
1XKK-FMM,MSE,cam,95,,0,0
1XKK-FMM,MSE,diff,50,0.6286035572332416,134,67
1XKK-FMM,MSE,diff,55,0.6286035572332416,134,67
1XKK-FMM,MSE,diff,60,0.6380458166172451,126,63
1XKK-FMM,MSE,diff,65,0.6579666293302657,110,55
1XKK-FMM,MSE,diff,70,0.663821451085602,106,53
1XKK-FMM,MSE,diff,75,0.7067690295815297,80,40
1XKK-FMM,MSE,diff,80,0.7557676518883415,58,29
1XKK-FMM,MSE,diff,85,0.7797023809523809,40,20
1XKK-FMM,MSE,diff,90,0.8690476190476192,14,7
1XKK-FMM,MSE,diff,95,,0,0
1XKK-FMM,MSE,gradcam,50,0.6178841541258365,134,67
1XKK-FMM,MSE,gradcam,55,0.6178841541258365,134,67
1XKK-FMM,MSE,gradcam,60,0.6248020167663025,126,63
1XKK-FMM,MSE,gradcam,65,0.6375473768655587,110,55
1XKK-FMM,MSE,gradcam,70,0.6420354017052132,106,53
1XKK-FMM,MSE,gradcam,75,0.6849661796536798,80,40
1XKK-FMM,MSE,gradcam,80,0.7265325670498086,58,29
1XKK-FMM,MSE,gradcam,85,0.7752976190476188,40,20
1XKK-FMM,MSE,gradcam,90,0.875,14,7
1XKK-FMM,MSE,gradcam,95,,0,0
1XKK-FMM,MSE,gradinput,50,0.5508484872963757,134,67
1XKK-FMM,MSE,gradinput,55,0.5508484872963757,134,67
1XKK-FMM,MSE,gradinput,60,0.5537208712803953,126,63
1XKK-FMM,MSE,gradinput,65,0.5674945004490459,110,55
1XKK-FMM,MSE,gradinput,70,0.5686243264073453,106,53
1XKK-FMM,MSE,gradinput,75,0.5905618686868683,80,40
1XKK-FMM,MSE,gradinput,80,0.6185002736726873,58,29
1XKK-FMM,MSE,gradinput,85,0.6447023809523809,40,20
1XKK-FMM,MSE,gradinput,90,0.7559523809523808,14,7
1XKK-FMM,MSE,gradinput,95,,0,0
1XKK-FMM,MSE,ig,50,0.7101556934342502,134,67
1XKK-FMM,MSE,ig,55,0.7101556934342502,134,67
1XKK-FMM,MSE,ig,60,0.7214429860263192,126,63
1XKK-FMM,MSE,ig,65,0.7455972310517764,110,55
1XKK-FMM,MSE,ig,70,0.7537215405139932,106,53
1XKK-FMM,MSE,ig,75,0.802316468253968,80,40
1XKK-FMM,MSE,ig,80,0.8610769020251777,58,29
1XKK-FMM,MSE,ig,85,0.9161904761904763,40,20
1XKK-FMM,MSE,ig,90,0.9761904761904762,14,7
1XKK-FMM,MSE,ig,95,,0,0
1XKK-FMM,MSE,shap,50,0.5185290581477217,134,67
1XKK-FMM,MSE,shap,55,0.5185290581477217,134,67
1XKK-FMM,MSE,shap,60,0.5194914653247985,126,63
1XKK-FMM,MSE,shap,65,0.5297956841138659,110,55
1XKK-FMM,MSE,shap,70,0.5333214217648179,106,53
1XKK-FMM,MSE,shap,75,0.5288194444444445,80,40
1XKK-FMM,MSE,shap,80,0.5049329501915708,58,29
1XKK-FMM,MSE,shap,85,0.5188690476190476,40,20
1XKK-FMM,MSE,shap,90,0.47023809523809523,14,7
1XKK-FMM,MSE,shap,95,,0,0
1XOW-R18,MSE,cam,50,0.4883720930232558,43,22
1XOW-R18,MSE,cam,55,0.4883720930232558,43,22
1XOW-R18,MSE,cam,60,0.4878048780487805,41,21
1XOW-R18,MSE,cam,65,0.4857142857142857,35,18
1XOW-R18,MSE,cam,70,0.4838709677419355,31,16
1XOW-R18,MSE,cam,75,0.4827586206896552,29,15
1XOW-R18,MSE,cam,80,0.4782608695652174,23,12
1XOW-R18,MSE,cam,85,0.5,18,9
1XOW-R18,MSE,cam,90,0.5,14,7
1XOW-R18,MSE,cam,95,0.5,4,2
1XOW-R18,MSE,diff,50,0.5413585768236931,43,22
1XOW-R18,MSE,diff,55,0.5413585768236931,43,22
1XOW-R18,MSE,diff,60,0.5414998957681885,41,21
1XOW-R18,MSE,diff,65,0.5667460317460319,35,18
1XOW-R18,MSE,diff,70,0.5588709677419355,31,16
1XOW-R18,MSE,diff,75,0.5701149425287355,29,15
1XOW-R18,MSE,diff,80,0.5724637681159421,23,12
1XOW-R18,MSE,diff,85,0.5462962962962963,18,9
1XOW-R18,MSE,diff,90,0.6071428571428571,14,7
1XOW-R18,MSE,diff,95,0.75,4,2
1XOW-R18,MSE,gradcam,50,0.5900964023057047,43,22
1XOW-R18,MSE,gradcam,55,0.5900964023057047,43,22
1XOW-R18,MSE,gradcam,60,0.5801073587658955,41,21
1XOW-R18,MSE,gradcam,65,0.629920634920635,35,18
1XOW-R18,MSE,gradcam,70,0.6448924731182796,31,16
1XOW-R18,MSE,gradcam,75,0.6362068965517241,29,15
1XOW-R18,MSE,gradcam,80,0.6268115942028986,23,12
1XOW-R18,MSE,gradcam,85,0.712962962962963,18,9
1XOW-R18,MSE,gradcam,90,0.7857142857142857,14,7
1XOW-R18,MSE,gradcam,95,1.0,4,2
1XOW-R18,MSE,gradinput,50,0.6275939177101968,43,22
1XOW-R18,MSE,gradinput,55,0.6275939177101968,43,22
1XOW-R18,MSE,gradinput,60,0.6313164477798624,41,21
1XOW-R18,MSE,gradinput,65,0.6792857142857144,35,18
1XOW-R18,MSE,gradinput,70,0.7120967741935484,31,16
1XOW-R18,MSE,gradinput,75,0.7166666666666667,29,15
1XOW-R18,MSE,gradinput,80,0.75,23,12
1XOW-R18,MSE,gradinput,85,0.8148148148148149,18,9
1XOW-R18,MSE,gradinput,90,0.8928571428571429,14,7
1XOW-R18,MSE,gradinput,95,1.0,4,2
1XOW-R18,MSE,ig,50,0.5105148081892268,43,22
1XOW-R18,MSE,ig,55,0.5105148081892268,43,22
1XOW-R18,MSE,ig,60,0.5066499895768188,41,21
1XOW-R18,MSE,ig,65,0.5565079365079366,35,18
1XOW-R18,MSE,ig,70,0.5763440860215054,31,16
1XOW-R18,MSE,ig,75,0.5902298850574713,29,15
1XOW-R18,MSE,ig,80,0.6195652173913043,23,12
1XOW-R18,MSE,ig,85,0.6296296296296297,18,9
1XOW-R18,MSE,ig,90,0.6785714285714286,14,7
1XOW-R18,MSE,ig,95,0.75,4,2
1XOW-R18,MSE,shap,50,0.5249602464718742,43,22
1XOW-R18,MSE,shap,55,0.5249602464718742,43,22
1XOW-R18,MSE,shap,60,0.5268032103397956,41,21
1XOW-R18,MSE,shap,65,0.5596031746031745,35,18
1XOW-R18,MSE,shap,70,0.5744623655913977,31,16
1XOW-R18,MSE,shap,75,0.560919540229885,29,15
1XOW-R18,MSE,shap,80,0.5289855072463768,23,12
1XOW-R18,MSE,shap,85,0.5462962962962963,18,9
1XOW-R18,MSE,shap,90,0.5,14,7
1XOW-R18,MSE,shap,95,0.25,4,2
1XS7-MMI,MSE,cam,50,0.5268817204301075,93,50
1XS7-MMI,MSE,cam,55,0.5268817204301075,93,50
1XS7-MMI,MSE,cam,60,0.5268817204301075,93,50
1XS7-MMI,MSE,cam,65,0.5268817204301075,93,50
1XS7-MMI,MSE,cam,70,0.5301204819277109,83,45
1XS7-MMI,MSE,cam,75,0.5301204819277109,83,45
1XS7-MMI,MSE,cam,80,0.5263157894736842,57,31
1XS7-MMI,MSE,cam,85,0.5384615384615384,26,15
1XS7-MMI,MSE,cam,90,0.6,15,9
1XS7-MMI,MSE,cam,95,0.6666666666666666,9,6
1XS7-MMI,MSE,diff,50,0.5270454526147127,93,50
1XS7-MMI,MSE,diff,55,0.5270454526147127,93,50
1XS7-MMI,MSE,diff,60,0.5270454526147127,93,50
1XS7-MMI,MSE,diff,65,0.5270454526147127,93,50
1XS7-MMI,MSE,diff,70,0.5295098141483685,83,45
1XS7-MMI,MSE,diff,75,0.5295098141483685,83,45
1XS7-MMI,MSE,diff,80,0.5527081592871066,57,31
1XS7-MMI,MSE,diff,85,0.552930402930403,26,15
1XS7-MMI,MSE,diff,90,0.6444444444444445,15,9
1XS7-MMI,MSE,diff,95,0.6111111111111112,9,6
1XS7-MMI,MSE,gradcam,50,0.5496745225397978,93,50
1XS7-MMI,MSE,gradcam,55,0.5496745225397978,93,50
1XS7-MMI,MSE,gradcam,60,0.5496745225397978,93,50
1XS7-MMI,MSE,gradcam,65,0.5496745225397978,93,50
1XS7-MMI,MSE,gradcam,70,0.5558250317286462,83,45
1XS7-MMI,MSE,gradcam,75,0.5558250317286462,83,45
1XS7-MMI,MSE,gradcam,80,0.572326649958229,57,31
1XS7-MMI,MSE,gradcam,85,0.6229853479853479,26,15
1XS7-MMI,MSE,gradcam,90,0.861111111111111,15,9
1XS7-MMI,MSE,gradcam,95,0.9444444444444444,9,6
1XS7-MMI,MSE,gradinput,50,0.508493566486925,93,50
1XS7-MMI,MSE,gradinput,55,0.508493566486925,93,50
1XS7-MMI,MSE,gradinput,60,0.508493566486925,93,50
1XS7-MMI,MSE,gradinput,65,0.508493566486925,93,50
1XS7-MMI,MSE,gradinput,70,0.5127010205323459,83,45
1XS7-MMI,MSE,gradinput,75,0.5127010205323459,83,45
1XS7-MMI,MSE,gradinput,80,0.5242272347535504,57,31
1XS7-MMI,MSE,gradinput,85,0.5367216117216118,26,15
1XS7-MMI,MSE,gradinput,90,0.7277777777777779,15,9
1XS7-MMI,MSE,gradinput,95,0.8333333333333334,9,6
1XS7-MMI,MSE,ig,50,0.5701634580192456,93,50
1XS7-MMI,MSE,ig,55,0.5701634580192456,93,50
1XS7-MMI,MSE,ig,60,0.5701634580192456,93,50
1XS7-MMI,MSE,ig,65,0.5701634580192456,93,50
1XS7-MMI,MSE,ig,70,0.5786109807194145,83,45
1XS7-MMI,MSE,ig,75,0.5786109807194145,83,45
1XS7-MMI,MSE,ig,80,0.6128028404344193,57,31
1XS7-MMI,MSE,ig,85,0.6610805860805862,26,15
1XS7-MMI,MSE,ig,90,0.6166666666666667,15,9
1XS7-MMI,MSE,ig,95,0.6111111111111112,9,6
1XS7-MMI,MSE,shap,50,0.5296560448125913,93,50
1XS7-MMI,MSE,shap,55,0.5296560448125913,93,50
1XS7-MMI,MSE,shap,60,0.5296560448125913,93,50
1XS7-MMI,MSE,shap,65,0.5296560448125913,93,50
1XS7-MMI,MSE,shap,70,0.5299800935343104,83,45
1XS7-MMI,MSE,shap,75,0.5299800935343104,83,45
1XS7-MMI,MSE,shap,80,0.5267404622667781,57,31
1XS7-MMI,MSE,shap,85,0.48946886446886445,26,15
1XS7-MMI,MSE,shap,90,0.48333333333333334,15,9
1XS7-MMI,MSE,shap,95,0.2777777777777778,9,6
1Y91-CT9,MSE,cam,50,0.5292659417659419,222,112
1Y91-CT9,MSE,cam,55,0.5290335193906623,210,106
1Y91-CT9,MSE,cam,60,0.5245365587695132,176,89
1Y91-CT9,MSE,cam,65,0.5258819815805109,136,69
1Y91-CT9,MSE,cam,70,0.5215277777777778,100,51
1Y91-CT9,MSE,cam,75,0.5,44,23
1Y91-CT9,MSE,cam,80,0.5,16,9
1Y91-CT9,MSE,cam,85,0.5,14,8
1Y91-CT9,MSE,cam,90,0.5,2,2
1Y91-CT9,MSE,cam,95,0.5,2,2
1Y91-CT9,MSE,diff,50,0.5856516481516484,222,112
1Y91-CT9,MSE,diff,55,0.5886385175670894,210,106
1Y91-CT9,MSE,diff,60,0.5896829653931929,176,89
1Y91-CT9,MSE,diff,65,0.601415679908327,136,69
1Y91-CT9,MSE,diff,70,0.6075912698412698,100,51
1Y91-CT9,MSE,diff,75,0.6449945887445888,44,23
1Y91-CT9,MSE,diff,80,0.5791666666666666,16,9
1Y91-CT9,MSE,diff,85,0.5476190476190476,14,8
1Y91-CT9,MSE,diff,90,0.5,2,2
1Y91-CT9,MSE,diff,95,0.5,2,2
1Y91-CT9,MSE,gradcam,50,0.6164530414530416,222,112
1Y91-CT9,MSE,gradcam,55,0.6205636955636956,210,106
1Y91-CT9,MSE,gradcam,60,0.6333590651772469,176,89
1Y91-CT9,MSE,gradcam,65,0.6474524658348184,136,69
1Y91-CT9,MSE,gradcam,70,0.6592817460317462,100,51
1Y91-CT9,MSE,gradcam,75,0.7109848484848486,44,23
1Y91-CT9,MSE,gradcam,80,0.6729166666666666,16,9
1Y91-CT9,MSE,gradcam,85,0.6547619047619048,14,8
1Y91-CT9,MSE,gradcam,90,1.0,2,2
1Y91-CT9,MSE,gradcam,95,1.0,2,2
1Y91-CT9,MSE,gradinput,50,0.6206913581913583,222,112
1Y91-CT9,MSE,gradinput,55,0.617346476275048,210,106
1Y91-CT9,MSE,gradinput,60,0.6288127749775477,176,89
1Y91-CT9,MSE,gradinput,65,0.639864771666242,136,69
1Y91-CT9,MSE,gradinput,70,0.6546230158730155,100,51
1Y91-CT9,MSE,gradinput,75,0.6715909090909092,44,23
1Y91-CT9,MSE,gradinput,80,0.6416666666666666,16,9
1Y91-CT9,MSE,gradinput,85,0.6547619047619048,14,8
1Y91-CT9,MSE,gradinput,90,1.0,2,2
1Y91-CT9,MSE,gradinput,95,1.0,2,2
1Y91-CT9,MSE,ig,50,0.6245245495245495,222,112
1Y91-CT9,MSE,ig,55,0.6275826554397983,210,106
1Y91-CT9,MSE,ig,60,0.6360676570903845,176,89
1Y91-CT9,MSE,ig,65,0.6348055131143364,136,69
1Y91-CT9,MSE,ig,70,0.6432182539682539,100,51
1Y91-CT9,MSE,ig,75,0.6881493506493507,44,23
1Y91-CT9,MSE,ig,80,0.7072916666666667,16,9
1Y91-CT9,MSE,ig,85,0.7083333333333333,14,8
1Y91-CT9,MSE,ig,90,0.5,2,2
1Y91-CT9,MSE,ig,95,0.5,2,2
1Y91-CT9,MSE,shap,50,0.5227988477988478,222,112
1Y91-CT9,MSE,shap,55,0.5224318802890231,210,106
1Y91-CT9,MSE,shap,60,0.5266108102755831,176,89
1Y91-CT9,MSE,shap,65,0.5326720460911637,136,69
1Y91-CT9,MSE,shap,70,0.5325912698412699,100,51
1Y91-CT9,MSE,shap,75,0.4907196969696969,44,23
1Y91-CT9,MSE,shap,80,0.44375,16,9
1Y91-CT9,MSE,shap,85,0.42857142857142855,14,8
1Y91-CT9,MSE,shap,90,0.0,2,2
1Y91-CT9,MSE,shap,95,0.0,2,2
1YHO-TOP,MSE,cam,50,0.5128205128205128,39,20
1YHO-TOP,MSE,cam,55,0.5128205128205128,39,20
1YHO-TOP,MSE,cam,60,0.5151515151515151,33,17
1YHO-TOP,MSE,cam,65,0.5172413793103449,29,15
1YHO-TOP,MSE,cam,70,0.5185185185185185,27,14
1YHO-TOP,MSE,cam,75,0.5217391304347826,23,12
1YHO-TOP,MSE,cam,80,0.5333333333333333,15,8
1YHO-TOP,MSE,cam,85,0.5714285714285714,7,4
1YHO-TOP,MSE,cam,90,1.0,1,1
1YHO-TOP,MSE,cam,95,1.0,1,1
1YHO-TOP,MSE,diff,50,0.8242599992599994,39,20
1YHO-TOP,MSE,diff,55,0.8242599992599994,39,20
1YHO-TOP,MSE,diff,60,0.8496469019196293,33,17
1YHO-TOP,MSE,diff,65,0.8887931034482761,29,15
1YHO-TOP,MSE,diff,70,0.9222222222222224,27,14
1YHO-TOP,MSE,diff,75,0.9231884057971016,23,12
1YHO-TOP,MSE,diff,80,0.9222222222222222,15,8
1YHO-TOP,MSE,diff,85,0.9047619047619048,7,4
1YHO-TOP,MSE,diff,90,1.0,1,1
1YHO-TOP,MSE,diff,95,1.0,1,1
1YHO-TOP,MSE,gradcam,50,0.6293142043142045,39,20
1YHO-TOP,MSE,gradcam,55,0.6293142043142045,39,20
1YHO-TOP,MSE,gradcam,60,0.6384614543705454,33,17
1YHO-TOP,MSE,gradcam,65,0.6347701149425288,29,15
1YHO-TOP,MSE,gradcam,70,0.6493827160493828,27,14
1YHO-TOP,MSE,gradcam,75,0.644927536231884,23,12
1YHO-TOP,MSE,gradcam,80,0.5888888888888889,15,8
1YHO-TOP,MSE,gradcam,85,0.7857142857142857,7,4
1YHO-TOP,MSE,gradcam,90,1.0,1,1
1YHO-TOP,MSE,gradcam,95,1.0,1,1
1YHO-TOP,MSE,gradinput,50,0.710996410996411,39,20
1YHO-TOP,MSE,gradinput,55,0.710996410996411,39,20
1YHO-TOP,MSE,gradinput,60,0.7190170099261008,33,17
1YHO-TOP,MSE,gradinput,65,0.7436781609195402,29,15
1YHO-TOP,MSE,gradinput,70,0.7709876543209876,27,14
1YHO-TOP,MSE,gradinput,75,0.7891304347826086,23,12
1YHO-TOP,MSE,gradinput,80,0.85,15,8
1YHO-TOP,MSE,gradinput,85,0.9047619047619048,7,4
1YHO-TOP,MSE,gradinput,90,1.0,1,1
1YHO-TOP,MSE,gradinput,95,1.0,1,1
1YHO-TOP,MSE,ig,50,0.5237216487216488,39,20
1YHO-TOP,MSE,ig,55,0.5237216487216488,39,20
1YHO-TOP,MSE,ig,60,0.5070193274738729,33,17
1YHO-TOP,MSE,ig,65,0.4974137931034483,29,15
1YHO-TOP,MSE,ig,70,0.5111111111111112,27,14
1YHO-TOP,MSE,ig,75,0.5130434782608696,23,12
1YHO-TOP,MSE,ig,80,0.5333333333333333,15,8
1YHO-TOP,MSE,ig,85,0.5714285714285714,7,4
1YHO-TOP,MSE,ig,90,1.0,1,1
1YHO-TOP,MSE,ig,95,1.0,1,1
1YHO-TOP,MSE,shap,50,0.5981490731490733,39,20
1YHO-TOP,MSE,shap,55,0.5981490731490733,39,20
1YHO-TOP,MSE,shap,60,0.596277712186803,33,17
1YHO-TOP,MSE,shap,65,0.5922413793103447,29,15
1YHO-TOP,MSE,shap,70,0.6037037037037036,27,14
1YHO-TOP,MSE,shap,75,0.6130434782608695,23,12
1YHO-TOP,MSE,shap,80,0.65,15,8
1YHO-TOP,MSE,shap,85,0.6904761904761905,7,4
1YHO-TOP,MSE,shap,90,1.0,1,1
1YHO-TOP,MSE,shap,95,1.0,1,1
1YRS-L47,MSE,cam,50,0.5526315789473685,76,42
1YRS-L47,MSE,cam,55,0.5526315789473685,76,42
1YRS-L47,MSE,cam,60,0.5526315789473685,76,42
1YRS-L47,MSE,cam,65,0.5571428571428572,70,39
1YRS-L47,MSE,cam,70,0.5636363636363636,55,31
1YRS-L47,MSE,cam,75,0.5333333333333333,45,24
1YRS-L47,MSE,cam,80,0.5294117647058824,34,18
1YRS-L47,MSE,cam,85,0.5172413793103449,29,15
1YRS-L47,MSE,cam,90,0.52,25,13
1YRS-L47,MSE,cam,95,0.6,5,3
1YRS-L47,MSE,diff,50,0.3730714095845676,76,42
1YRS-L47,MSE,diff,55,0.3730714095845676,76,42
1YRS-L47,MSE,diff,60,0.3730714095845676,76,42
1YRS-L47,MSE,diff,65,0.3949840239125954,70,39
1YRS-L47,MSE,diff,70,0.476976911976912,55,31
1YRS-L47,MSE,diff,75,0.5340740740740741,45,24
1YRS-L47,MSE,diff,80,0.5794117647058823,34,18
1YRS-L47,MSE,diff,85,0.6206896551724138,29,15
1YRS-L47,MSE,diff,90,0.6,25,13
1YRS-L47,MSE,diff,95,0.6,5,3
1YRS-L47,MSE,gradcam,50,0.4506151742993848,76,42
1YRS-L47,MSE,gradcam,55,0.4506151742993848,76,42
1YRS-L47,MSE,gradcam,60,0.4506151742993848,76,42
1YRS-L47,MSE,gradcam,65,0.46272418058132336,70,39
1YRS-L47,MSE,gradcam,70,0.5137518037518037,55,31
1YRS-L47,MSE,gradcam,75,0.5437037037037037,45,24
1YRS-L47,MSE,gradcam,80,0.5647058823529412,34,18
1YRS-L47,MSE,gradcam,85,0.6206896551724138,29,15
1YRS-L47,MSE,gradcam,90,0.6,25,13
1YRS-L47,MSE,gradcam,95,0.6,5,3
1YRS-L47,MSE,gradinput,50,0.4396910837700312,76,42
1YRS-L47,MSE,gradinput,55,0.4396910837700312,76,42
1YRS-L47,MSE,gradinput,60,0.4396910837700312,76,42
1YRS-L47,MSE,gradinput,65,0.45356936714079577,70,39
1YRS-L47,MSE,gradinput,70,0.5002453102453103,55,31
1YRS-L47,MSE,gradinput,75,0.5377777777777778,45,24
1YRS-L47,MSE,gradinput,80,0.5794117647058823,34,18
1YRS-L47,MSE,gradinput,85,0.6206896551724138,29,15
1YRS-L47,MSE,gradinput,90,0.6,25,13
1YRS-L47,MSE,gradinput,95,0.6,5,3
1YRS-L47,MSE,ig,50,0.3555797638034481,76,42
1YRS-L47,MSE,ig,55,0.3555797638034481,76,42
1YRS-L47,MSE,ig,60,0.3555797638034481,76,42
1YRS-L47,MSE,ig,65,0.3758848690991548,70,39
1YRS-L47,MSE,ig,70,0.45432178932178935,55,31
1YRS-L47,MSE,ig,75,0.5007407407407408,45,24
1YRS-L47,MSE,ig,80,0.5352941176470588,34,18
1YRS-L47,MSE,ig,85,0.5862068965517241,29,15
1YRS-L47,MSE,ig,90,0.56,25,13
1YRS-L47,MSE,ig,95,0.6,5,3
1YRS-L47,MSE,shap,50,0.4841023012075645,76,42
1YRS-L47,MSE,shap,55,0.4841023012075645,76,42
1YRS-L47,MSE,shap,60,0.4841023012075645,76,42
1YRS-L47,MSE,shap,65,0.48869202226345093,70,39
1YRS-L47,MSE,shap,70,0.4933766233766235,55,31
1YRS-L47,MSE,shap,75,0.4392592592592593,45,24
1YRS-L47,MSE,shap,80,0.42745098039215684,34,18
1YRS-L47,MSE,shap,85,0.45977011494252873,29,15
1YRS-L47,MSE,shap,90,0.46,25,13
1YRS-L47,MSE,shap,95,0.4,5,3
1Z6E-IK8,MSE,cam,50,0.5181157194060421,155,79
1Z6E-IK8,MSE,cam,55,0.5196359196359196,143,73
1Z6E-IK8,MSE,cam,60,0.5196359196359196,143,73
1Z6E-IK8,MSE,cam,65,0.5195521102497845,129,66
1Z6E-IK8,MSE,cam,70,0.5227227227227227,111,57
1Z6E-IK8,MSE,cam,75,0.5303882195448459,83,43
1Z6E-IK8,MSE,cam,80,0.5315068493150683,73,38
1Z6E-IK8,MSE,cam,85,0.53224043715847,61,32
1Z6E-IK8,MSE,cam,90,0.5299145299145299,39,21
1Z6E-IK8,MSE,cam,95,0.5454545454545454,11,7
1Z6E-IK8,MSE,diff,50,0.6143945877906729,155,79
1Z6E-IK8,MSE,diff,55,0.6175941009034387,143,73
1Z6E-IK8,MSE,diff,60,0.6175941009034387,143,73
1Z6E-IK8,MSE,diff,65,0.6221755419429839,129,66
1Z6E-IK8,MSE,diff,70,0.6492060242060242,111,57
1Z6E-IK8,MSE,diff,75,0.7389892904953144,83,43
1Z6E-IK8,MSE,diff,80,0.728538812785388,73,38
1Z6E-IK8,MSE,diff,85,0.7270491803278689,61,32
1Z6E-IK8,MSE,diff,90,0.717948717948718,39,21
1Z6E-IK8,MSE,diff,95,0.7272727272727273,11,7
1Z6E-IK8,MSE,gradcam,50,0.5332387482796952,155,79
1Z6E-IK8,MSE,gradcam,55,0.5154732762095988,143,73
1Z6E-IK8,MSE,gradcam,60,0.5154732762095988,143,73
1Z6E-IK8,MSE,gradcam,65,0.5118516711539969,129,66
1Z6E-IK8,MSE,gradcam,70,0.5264218764218764,111,57
1Z6E-IK8,MSE,gradcam,75,0.5671017402945113,83,43
1Z6E-IK8,MSE,gradcam,80,0.5639269406392693,73,38
1Z6E-IK8,MSE,gradcam,85,0.5792349726775957,61,32
1Z6E-IK8,MSE,gradcam,90,0.5854700854700854,39,21
1Z6E-IK8,MSE,gradcam,95,0.8181818181818182,11,7
1Z6E-IK8,MSE,gradinput,50,0.5157421594019017,155,79
1Z6E-IK8,MSE,gradinput,55,0.5095385406677058,143,73
1Z6E-IK8,MSE,gradinput,60,0.5095385406677058,143,73
1Z6E-IK8,MSE,gradinput,65,0.5059604693325626,129,66
1Z6E-IK8,MSE,gradinput,70,0.5172422422422424,111,57
1Z6E-IK8,MSE,gradinput,75,0.5378179384203482,83,43
1Z6E-IK8,MSE,gradinput,80,0.5593607305936074,73,38
1Z6E-IK8,MSE,gradinput,85,0.581967213114754,61,32
1Z6E-IK8,MSE,gradinput,90,0.564102564102564,39,21
1Z6E-IK8,MSE,gradinput,95,0.8181818181818182,11,7
1Z6E-IK8,MSE,ig,50,0.6764759226536415,155,79
1Z6E-IK8,MSE,ig,55,0.6846064625990583,143,73
1Z6E-IK8,MSE,ig,60,0.6846064625990583,143,73
1Z6E-IK8,MSE,ig,65,0.6868909729374845,129,66
1Z6E-IK8,MSE,ig,70,0.6957229957229955,111,57
1Z6E-IK8,MSE,ig,75,0.7018072289156626,83,43
1Z6E-IK8,MSE,ig,80,0.7100456621004566,73,38
1Z6E-IK8,MSE,ig,85,0.7202185792349727,61,32
1Z6E-IK8,MSE,ig,90,0.7393162393162395,39,21
1Z6E-IK8,MSE,ig,95,0.8181818181818182,11,7
1Z6E-IK8,MSE,shap,50,0.5184110007362277,155,79
1Z6E-IK8,MSE,shap,55,0.5212518330885257,143,73
1Z6E-IK8,MSE,shap,60,0.5212518330885257,143,73
1Z6E-IK8,MSE,shap,65,0.5154168398354444,129,66
1Z6E-IK8,MSE,shap,70,0.5286240786240787,111,57
1Z6E-IK8,MSE,shap,75,0.5440763052208837,83,43
1Z6E-IK8,MSE,shap,80,0.5518264840182651,73,38
1Z6E-IK8,MSE,shap,85,0.5603825136612023,61,32
1Z6E-IK8,MSE,shap,90,0.5854700854700854,39,21
1Z6E-IK8,MSE,shap,95,0.7272727272727273,11,7
1Z6J-PY3,MSE,cam,50,0.6342170581579104,718,375
1Z6J-PY3,MSE,cam,55,0.6349346036790608,712,372
1Z6J-PY3,MSE,cam,60,0.6403214111547454,666,349
1Z6J-PY3,MSE,cam,65,0.641804409678242,642,337
1Z6J-PY3,MSE,cam,70,0.6469143859094026,602,317
1Z6J-PY3,MSE,cam,75,0.6523861542119964,534,283
1Z6J-PY3,MSE,cam,80,0.6509726112667283,459,245
1Z6J-PY3,MSE,cam,85,0.6593509350935091,303,164
1Z6J-PY3,MSE,cam,90,0.7182795698924732,155,85
1Z6J-PY3,MSE,cam,95,0.6923076923076923,26,15
1Z6J-PY3,MSE,diff,50,0.6849023418235032,718,375
1Z6J-PY3,MSE,diff,55,0.6848483923347174,712,372
1Z6J-PY3,MSE,diff,60,0.6899562107895447,666,349
1Z6J-PY3,MSE,diff,65,0.6921401850140173,642,337
1Z6J-PY3,MSE,diff,70,0.6965900701365823,602,317
1Z6J-PY3,MSE,diff,75,0.7039912906485938,534,283
1Z6J-PY3,MSE,diff,80,0.7086575370889091,459,245
1Z6J-PY3,MSE,diff,85,0.7272827282728265,303,164
1Z6J-PY3,MSE,diff,90,0.7806451612903226,155,85
1Z6J-PY3,MSE,diff,95,0.7692307692307693,26,15
1Z6J-PY3,MSE,gradcam,50,0.5411700533848881,718,375
1Z6J-PY3,MSE,gradcam,55,0.5404038648124982,712,372
1Z6J-PY3,MSE,gradcam,60,0.5339152839152833,666,349
1Z6J-PY3,MSE,gradcam,65,0.5305905067587304,642,337
1Z6J-PY3,MSE,gradcam,70,0.5334714611707965,602,317
1Z6J-PY3,MSE,gradcam,75,0.5446101599191484,534,283
1Z6J-PY3,MSE,gradcam,80,0.5773161116298366,459,245
1Z6J-PY3,MSE,gradcam,85,0.6360836083608359,303,164
1Z6J-PY3,MSE,gradcam,90,0.6526881720430107,155,85
1Z6J-PY3,MSE,gradcam,95,0.6538461538461539,26,15
1Z6J-PY3,MSE,gradinput,50,0.5420793882995806,718,375
1Z6J-PY3,MSE,gradinput,55,0.5411481360235789,712,372
1Z6J-PY3,MSE,gradinput,60,0.5315605107271768,666,349
1Z6J-PY3,MSE,gradinput,65,0.5289288982045982,642,337
1Z6J-PY3,MSE,gradinput,70,0.5349441256417993,602,317
1Z6J-PY3,MSE,gradinput,75,0.5518503656144097,534,283
1Z6J-PY3,MSE,gradinput,80,0.5837820313310501,459,245
1Z6J-PY3,MSE,gradinput,85,0.6390539053905389,303,164
1Z6J-PY3,MSE,gradinput,90,0.6666666666666666,155,85
1Z6J-PY3,MSE,gradinput,95,0.6923076923076923,26,15
1Z6J-PY3,MSE,ig,50,0.6233780695591408,718,375
1Z6J-PY3,MSE,ig,55,0.6241525759377621,712,372
1Z6J-PY3,MSE,ig,60,0.6319393819393815,666,349
1Z6J-PY3,MSE,ig,65,0.6340718558008271,642,337
1Z6J-PY3,MSE,ig,70,0.6428955549802718,602,317
1Z6J-PY3,MSE,ig,75,0.6593372867249264,534,283
1Z6J-PY3,MSE,ig,80,0.6731792717086829,459,245
1Z6J-PY3,MSE,ig,85,0.6936193619361941,303,164
1Z6J-PY3,MSE,ig,90,0.7473118279569889,155,85
1Z6J-PY3,MSE,ig,95,0.7307692307692307,26,15
1Z6J-PY3,MSE,shap,50,0.5342184298282158,718,375
1Z6J-PY3,MSE,shap,55,0.5341281845495333,712,372
1Z6J-PY3,MSE,shap,60,0.5343433093433099,666,349
1Z6J-PY3,MSE,shap,65,0.532724583308696,642,337
1Z6J-PY3,MSE,shap,70,0.5358658368209867,602,317
1Z6J-PY3,MSE,shap,75,0.5379607336068014,534,283
1Z6J-PY3,MSE,shap,80,0.5317512190061208,459,245
1Z6J-PY3,MSE,shap,85,0.52013201320132,303,164
1Z6J-PY3,MSE,shap,90,0.5086021505376344,155,85
1Z6J-PY3,MSE,shap,95,0.5769230769230769,26,15
1ZD2-NC3,MSE,cam,50,0.546877066903158,620,318
1ZD2-NC3,MSE,cam,55,0.5531028256222811,514,265
1ZD2-NC3,MSE,cam,60,0.5420509692006509,314,164
1ZD2-NC3,MSE,cam,65,0.5373626373626373,247,130
1ZD2-NC3,MSE,cam,70,0.5378863826232249,171,91
1ZD2-NC3,MSE,cam,75,0.530841121495327,107,57
1ZD2-NC3,MSE,cam,80,0.5545977011494254,58,32
1ZD2-NC3,MSE,cam,85,0.5462962962962963,36,20
1ZD2-NC3,MSE,cam,90,0.6153846153846154,13,8
1ZD2-NC3,MSE,cam,95,1.0,1,1
1ZD2-NC3,MSE,diff,50,0.6267206412604891,620,318
1ZD2-NC3,MSE,diff,55,0.631409932479971,514,265
1ZD2-NC3,MSE,diff,60,0.6509488830348704,314,164
1ZD2-NC3,MSE,diff,65,0.6593056066740277,247,130
1ZD2-NC3,MSE,diff,70,0.6909008632692842,171,91
1ZD2-NC3,MSE,diff,75,0.7162883845126836,107,57
1ZD2-NC3,MSE,diff,80,0.7468390804597701,58,32
1ZD2-NC3,MSE,diff,85,0.7986111111111112,36,20
1ZD2-NC3,MSE,diff,90,0.9615384615384616,13,8
1ZD2-NC3,MSE,diff,95,1.0,1,1
1ZD2-NC3,MSE,gradcam,50,0.6653717903433255,620,318
1ZD2-NC3,MSE,gradcam,55,0.6729761429664136,514,265
1ZD2-NC3,MSE,gradcam,60,0.6663704572144068,314,164
1ZD2-NC3,MSE,gradcam,65,0.6867455643771437,247,130
1ZD2-NC3,MSE,gradcam,70,0.7233221943748256,171,91
1ZD2-NC3,MSE,gradcam,75,0.7572763684913216,107,57
1ZD2-NC3,MSE,gradcam,80,0.7839080459770114,58,32
1ZD2-NC3,MSE,gradcam,85,0.8171296296296295,36,20
1ZD2-NC3,MSE,gradcam,90,0.8846153846153846,13,8
1ZD2-NC3,MSE,gradcam,95,1.0,1,1
1ZD2-NC3,MSE,gradinput,50,0.4999173025477584,620,318
1ZD2-NC3,MSE,gradinput,55,0.5012877362585528,514,265
1ZD2-NC3,MSE,gradinput,60,0.49869431700641864,314,164
1ZD2-NC3,MSE,gradinput,65,0.49665524533945604,247,130
1ZD2-NC3,MSE,gradinput,70,0.5138401559454192,171,91
1ZD2-NC3,MSE,gradinput,75,0.47854917668001773,107,57
1ZD2-NC3,MSE,gradinput,80,0.5382183908045978,58,32
1ZD2-NC3,MSE,gradinput,85,0.5439814814814814,36,20
1ZD2-NC3,MSE,gradinput,90,0.6153846153846154,13,8
1ZD2-NC3,MSE,gradinput,95,1.0,1,1
1ZD2-NC3,MSE,ig,50,0.6330881542029545,620,318
1ZD2-NC3,MSE,ig,55,0.6407488479959292,514,265
1ZD2-NC3,MSE,ig,60,0.6449672673398785,314,164
1ZD2-NC3,MSE,ig,65,0.6706188548293807,247,130
1ZD2-NC3,MSE,ig,70,0.7030655342058849,171,91
1ZD2-NC3,MSE,ig,75,0.7268802848242099,107,57
1ZD2-NC3,MSE,ig,80,0.7215517241379309,58,32
1ZD2-NC3,MSE,ig,85,0.7893518518518519,36,20
1ZD2-NC3,MSE,ig,90,0.9230769230769231,13,8
1ZD2-NC3,MSE,ig,95,1.0,1,1
1ZD2-NC3,MSE,shap,50,0.5335923685212111,620,318
1ZD2-NC3,MSE,shap,55,0.531126569064312,514,265
1ZD2-NC3,MSE,shap,60,0.5327509450917093,314,164
1ZD2-NC3,MSE,shap,65,0.5366601235022289,247,130
1ZD2-NC3,MSE,shap,70,0.5320941241993875,171,91
1ZD2-NC3,MSE,shap,75,0.5298175344904317,107,57
1ZD2-NC3,MSE,shap,80,0.4902298850574712,58,32
1ZD2-NC3,MSE,shap,85,0.5162037037037037,36,20
1ZD2-NC3,MSE,shap,90,0.6538461538461539,13,8
1ZD2-NC3,MSE,shap,95,0.0,1,1
1ZFQ-ZEC,MSE,cam,50,0.5,30,15
1ZFQ-ZEC,MSE,cam,55,0.5,24,12
1ZFQ-ZEC,MSE,cam,60,0.5,18,9
1ZFQ-ZEC,MSE,cam,65,0.5,12,6
1ZFQ-ZEC,MSE,cam,70,0.5,6,3
1ZFQ-ZEC,MSE,cam,75,0.5,6,3
1ZFQ-ZEC,MSE,cam,80,0.5,4,2
1ZFQ-ZEC,MSE,cam,85,,0,0
1ZFQ-ZEC,MSE,cam,90,,0,0
1ZFQ-ZEC,MSE,cam,95,,0,0
1ZFQ-ZEC,MSE,diff,50,0.5256709956709956,30,15
1ZFQ-ZEC,MSE,diff,55,0.5549062049062049,24,12
1ZFQ-ZEC,MSE,diff,60,0.5522486772486772,18,9
1ZFQ-ZEC,MSE,diff,65,0.5555555555555556,12,6
1ZFQ-ZEC,MSE,diff,70,0.5,6,3
1ZFQ-ZEC,MSE,diff,75,0.5,6,3
1ZFQ-ZEC,MSE,diff,80,0.5,4,2
1ZFQ-ZEC,MSE,diff,85,,0,0
1ZFQ-ZEC,MSE,diff,90,,0,0
1ZFQ-ZEC,MSE,diff,95,,0,0
1ZFQ-ZEC,MSE,gradcam,50,0.5406517556517556,30,15
1ZFQ-ZEC,MSE,gradcam,55,0.5334535834535835,24,12
1ZFQ-ZEC,MSE,gradcam,60,0.5575396825396824,18,9
1ZFQ-ZEC,MSE,gradcam,65,0.5833333333333334,12,6
1ZFQ-ZEC,MSE,gradcam,70,0.6666666666666666,6,3
1ZFQ-ZEC,MSE,gradcam,75,0.6666666666666666,6,3
1ZFQ-ZEC,MSE,gradcam,80,0.6666666666666666,4,2
1ZFQ-ZEC,MSE,gradcam,85,,0,0
1ZFQ-ZEC,MSE,gradcam,90,,0,0
1ZFQ-ZEC,MSE,gradcam,95,,0,0
1ZFQ-ZEC,MSE,gradinput,50,0.5066197691197691,30,15
1ZFQ-ZEC,MSE,gradinput,55,0.5256358225108225,24,12
1ZFQ-ZEC,MSE,gradinput,60,0.5390211640211641,18,9
1ZFQ-ZEC,MSE,gradinput,65,0.585648148148148,12,6
1ZFQ-ZEC,MSE,gradinput,70,0.625,6,3
1ZFQ-ZEC,MSE,gradinput,75,0.625,6,3
1ZFQ-ZEC,MSE,gradinput,80,0.6041666666666666,4,2
1ZFQ-ZEC,MSE,gradinput,85,,0,0
1ZFQ-ZEC,MSE,gradinput,90,,0,0
1ZFQ-ZEC,MSE,gradinput,95,,0,0
1ZFQ-ZEC,MSE,ig,50,0.5376659451659453,30,15
1ZFQ-ZEC,MSE,ig,55,0.5614673520923521,24,12
1ZFQ-ZEC,MSE,ig,60,0.563999118165785,18,9
1ZFQ-ZEC,MSE,ig,65,0.5981481481481482,12,6
1ZFQ-ZEC,MSE,ig,70,0.5666666666666667,6,3
1ZFQ-ZEC,MSE,ig,75,0.5666666666666667,6,3
1ZFQ-ZEC,MSE,ig,80,0.5166666666666666,4,2
1ZFQ-ZEC,MSE,ig,85,,0,0
1ZFQ-ZEC,MSE,ig,90,,0,0
1ZFQ-ZEC,MSE,ig,95,,0,0
1ZFQ-ZEC,MSE,shap,50,0.5835954785954786,30,15
1ZFQ-ZEC,MSE,shap,55,0.6233435545935545,24,12
1ZFQ-ZEC,MSE,shap,60,0.6287257495590829,18,9
1ZFQ-ZEC,MSE,shap,65,0.6138888888888889,12,6
1ZFQ-ZEC,MSE,shap,70,0.6722222222222222,6,3
1ZFQ-ZEC,MSE,shap,75,0.6722222222222222,6,3
1ZFQ-ZEC,MSE,shap,80,0.5916666666666667,4,2
1ZFQ-ZEC,MSE,shap,85,,0,0
1ZFQ-ZEC,MSE,shap,90,,0,0
1ZFQ-ZEC,MSE,shap,95,,0,0
1ZTQ-033,MSE,cam,50,0.4745762711864407,59,31
1ZTQ-033,MSE,cam,55,0.4745762711864407,59,31
1ZTQ-033,MSE,cam,60,0.42857142857142855,21,12
1ZTQ-033,MSE,cam,65,0.4,15,9
1ZTQ-033,MSE,cam,70,0.4,15,9
1ZTQ-033,MSE,cam,75,0.4,15,9
1ZTQ-033,MSE,cam,80,0.4,15,9
1ZTQ-033,MSE,cam,85,0.42857142857142855,7,4
1ZTQ-033,MSE,cam,90,0.5,4,2
1ZTQ-033,MSE,cam,95,,0,0
1ZTQ-033,MSE,diff,50,0.516978490657454,59,31
1ZTQ-033,MSE,diff,55,0.516978490657454,59,31
1ZTQ-033,MSE,diff,60,0.49939531368102796,21,12
1ZTQ-033,MSE,diff,65,0.49915343915343907,15,9
1ZTQ-033,MSE,diff,70,0.49915343915343907,15,9
1ZTQ-033,MSE,diff,75,0.49915343915343907,15,9
1ZTQ-033,MSE,diff,80,0.49915343915343907,15,9
1ZTQ-033,MSE,diff,85,0.4619047619047619,7,4
1ZTQ-033,MSE,diff,90,0.45833333333333326,4,2
1ZTQ-033,MSE,diff,95,,0,0
1ZTQ-033,MSE,gradcam,50,0.479589938974286,59,31
1ZTQ-033,MSE,gradcam,55,0.479589938974286,59,31
1ZTQ-033,MSE,gradcam,60,0.4931158788301645,21,12
1ZTQ-033,MSE,gradcam,65,0.4791534391534391,15,9
1ZTQ-033,MSE,gradcam,70,0.4791534391534391,15,9
1ZTQ-033,MSE,gradcam,75,0.4791534391534391,15,9
1ZTQ-033,MSE,gradcam,80,0.4791534391534391,15,9
1ZTQ-033,MSE,gradcam,85,0.6095238095238095,7,4
1ZTQ-033,MSE,gradcam,90,0.6666666666666666,4,2
1ZTQ-033,MSE,gradcam,95,,0,0
1ZTQ-033,MSE,gradinput,50,0.5598012738341749,59,31
1ZTQ-033,MSE,gradinput,55,0.5598012738341749,59,31
1ZTQ-033,MSE,gradinput,60,0.630760509331938,21,12
1ZTQ-033,MSE,gradinput,65,0.6577777777777777,15,9
1ZTQ-033,MSE,gradinput,70,0.6577777777777777,15,9
1ZTQ-033,MSE,gradinput,75,0.6577777777777777,15,9
1ZTQ-033,MSE,gradinput,80,0.6577777777777777,15,9
1ZTQ-033,MSE,gradinput,85,0.7904761904761904,7,4
1ZTQ-033,MSE,gradinput,90,0.8333333333333333,4,2
1ZTQ-033,MSE,gradinput,95,,0,0
1ZTQ-033,MSE,ig,50,0.5684102150203845,59,31
1ZTQ-033,MSE,ig,55,0.5684102150203845,59,31
1ZTQ-033,MSE,ig,60,0.5753561253561253,21,12
1ZTQ-033,MSE,ig,65,0.6062433862433863,15,9
1ZTQ-033,MSE,ig,70,0.6062433862433863,15,9
1ZTQ-033,MSE,ig,75,0.6062433862433863,15,9
1ZTQ-033,MSE,ig,80,0.6062433862433863,15,9
1ZTQ-033,MSE,ig,85,0.49523809523809526,7,4
1ZTQ-033,MSE,ig,90,0.29166666666666663,4,2
1ZTQ-033,MSE,ig,95,,0,0
1ZTQ-033,MSE,shap,50,0.5353981553507975,59,31
1ZTQ-033,MSE,shap,55,0.5353981553507975,59,31
1ZTQ-033,MSE,shap,60,0.5473835688121402,21,12
1ZTQ-033,MSE,shap,65,0.5492063492063491,15,9
1ZTQ-033,MSE,shap,70,0.5492063492063491,15,9
1ZTQ-033,MSE,shap,75,0.5492063492063491,15,9
1ZTQ-033,MSE,shap,80,0.5492063492063491,15,9
1ZTQ-033,MSE,shap,85,0.5238095238095238,7,4
1ZTQ-033,MSE,shap,90,0.6666666666666666,4,2
1ZTQ-033,MSE,shap,95,,0,0
2A4L-RRC,MSE,cam,50,0.5212627665741804,2117,1066
2A4L-RRC,MSE,cam,55,0.5216803468009386,2067,1041
2A4L-RRC,MSE,cam,60,0.5183433236418707,1859,937
2A4L-RRC,MSE,cam,65,0.5146928879487017,1591,803
2A4L-RRC,MSE,cam,70,0.5134363686995266,1311,663
2A4L-RRC,MSE,cam,75,0.5116406725291744,861,438
2A4L-RRC,MSE,cam,80,0.5171625122844633,533,273
2A4L-RRC,MSE,cam,85,0.5181739879414298,387,199
2A4L-RRC,MSE,cam,90,0.5144230769230769,208,107
2A4L-RRC,MSE,cam,95,0.4166666666666667,12,7
2A4L-RRC,MSE,diff,50,0.6443635475117323,2117,1066
2A4L-RRC,MSE,diff,55,0.6432845160284756,2067,1041
2A4L-RRC,MSE,diff,60,0.6485570149771345,1859,937
2A4L-RRC,MSE,diff,65,0.6574913842355705,1591,803
2A4L-RRC,MSE,diff,70,0.671540924115295,1311,663
2A4L-RRC,MSE,diff,75,0.7273155061482585,861,438
2A4L-RRC,MSE,diff,80,0.7712856249441623,533,273
2A4L-RRC,MSE,diff,85,0.7947889750215335,387,199
2A4L-RRC,MSE,diff,90,0.8293269230769228,208,107
2A4L-RRC,MSE,diff,95,0.8333333333333334,12,7
2A4L-RRC,MSE,gradcam,50,0.4837536550362005,2117,1066
2A4L-RRC,MSE,gradcam,55,0.48202106568345005,2067,1041
2A4L-RRC,MSE,gradcam,60,0.4880558715685132,1859,937
2A4L-RRC,MSE,gradcam,65,0.49680887064607987,1591,803
2A4L-RRC,MSE,gradcam,70,0.4868940577178564,1311,663
2A4L-RRC,MSE,gradcam,75,0.4821622144792874,861,438
2A4L-RRC,MSE,gradcam,80,0.4577905834003395,533,273
2A4L-RRC,MSE,gradcam,85,0.45478036175710596,387,199
2A4L-RRC,MSE,gradcam,90,0.45112179487179477,208,107
2A4L-RRC,MSE,gradcam,95,0.6666666666666666,12,7
2A4L-RRC,MSE,gradinput,50,0.4786840559864951,2117,1066
2A4L-RRC,MSE,gradinput,55,0.47753148019091757,2067,1041
2A4L-RRC,MSE,gradinput,60,0.4750691302600929,1859,937
2A4L-RRC,MSE,gradinput,65,0.46936773680959876,1591,803
2A4L-RRC,MSE,gradinput,70,0.4634377720762172,1311,663
2A4L-RRC,MSE,gradinput,75,0.4449117858525519,861,438
2A4L-RRC,MSE,gradinput,80,0.4223577235772358,533,273
2A4L-RRC,MSE,gradinput,85,0.3935400516795865,387,199
2A4L-RRC,MSE,gradinput,90,0.37900641025641024,208,107
2A4L-RRC,MSE,gradinput,95,0.4166666666666667,12,7
2A4L-RRC,MSE,ig,50,0.6555092600290443,2117,1066
2A4L-RRC,MSE,ig,55,0.653050873580414,2067,1041
2A4L-RRC,MSE,ig,60,0.6409995374895875,1859,937
2A4L-RRC,MSE,ig,65,0.6204267744965424,1591,803
2A4L-RRC,MSE,ig,70,0.6275033488420227,1311,663
2A4L-RRC,MSE,ig,75,0.6350948509485097,861,438
2A4L-RRC,MSE,ig,80,0.5997677119628341,533,273
2A4L-RRC,MSE,ig,85,0.5818260120585702,387,199
2A4L-RRC,MSE,ig,90,0.6121794871794873,208,107
2A4L-RRC,MSE,ig,95,0.6666666666666666,12,7
2A4L-RRC,MSE,shap,50,0.5232863207428353,2117,1066
2A4L-RRC,MSE,shap,55,0.5226343485542667,2067,1041
2A4L-RRC,MSE,shap,60,0.521671328193652,1859,937
2A4L-RRC,MSE,shap,65,0.5195777596940391,1591,803
2A4L-RRC,MSE,shap,70,0.5078614410422195,1311,663
2A4L-RRC,MSE,shap,75,0.5061934258798371,861,438
2A4L-RRC,MSE,shap,80,0.5121638524077551,533,273
2A4L-RRC,MSE,shap,85,0.5260981912144703,387,199
2A4L-RRC,MSE,shap,90,0.5280448717948718,208,107
2A4L-RRC,MSE,shap,95,0.8333333333333334,12,7
2AEI-03R,MSE,cam,50,0.5916300536387147,158,84
2AEI-03R,MSE,cam,55,0.592804797916134,156,83
2AEI-03R,MSE,cam,60,0.5972187442187442,150,80
2AEI-03R,MSE,cam,65,0.6034783291825547,142,76
2AEI-03R,MSE,cam,70,0.6127715026908578,124,67
2AEI-03R,MSE,cam,75,0.6172661263086796,94,52
2AEI-03R,MSE,cam,80,0.6422902494331066,63,36
2AEI-03R,MSE,cam,85,0.6528239202657807,43,26
2AEI-03R,MSE,cam,90,0.6944444444444445,30,19
2AEI-03R,MSE,cam,95,0.75,18,12
2AEI-03R,MSE,diff,50,0.6348949588905554,158,84
2AEI-03R,MSE,diff,55,0.6351611707380932,156,83
2AEI-03R,MSE,diff,60,0.635567617567617,150,80
2AEI-03R,MSE,diff,65,0.6365542126105502,142,76
2AEI-03R,MSE,diff,70,0.6541881953172273,124,67
2AEI-03R,MSE,diff,75,0.6843296183721715,94,52
2AEI-03R,MSE,diff,80,0.6959813555051653,63,36
2AEI-03R,MSE,diff,85,0.7811184939091915,43,26
2AEI-03R,MSE,diff,90,0.7805555555555554,30,19
2AEI-03R,MSE,diff,95,0.75,18,12
2AEI-03R,MSE,gradcam,50,0.5888957870290968,158,84
2AEI-03R,MSE,gradcam,55,0.5908715970077307,156,83
2AEI-03R,MSE,gradcam,60,0.5969099696599699,150,80
2AEI-03R,MSE,gradcam,65,0.6037879178724251,142,76
2AEI-03R,MSE,gradcam,70,0.6216642004948455,124,67
2AEI-03R,MSE,gradcam,75,0.6678414080009824,94,52
2AEI-03R,MSE,gradcam,80,0.6710128495842781,63,36
2AEI-03R,MSE,gradcam,85,0.7533222591362126,43,26
2AEI-03R,MSE,gradcam,90,0.7472222222222221,30,19
2AEI-03R,MSE,gradcam,95,0.75,18,12
2AEI-03R,MSE,gradinput,50,0.5500006636479059,158,84
2AEI-03R,MSE,gradinput,55,0.5496662239956773,156,83
2AEI-03R,MSE,gradinput,60,0.5485476097976096,150,80
2AEI-03R,MSE,gradinput,65,0.5460499008034219,142,76
2AEI-03R,MSE,gradinput,70,0.5516971603665153,124,67
2AEI-03R,MSE,gradinput,75,0.5848726627981947,94,52
2AEI-03R,MSE,gradinput,80,0.576158982111363,63,36
2AEI-03R,MSE,gradinput,85,0.6322812846068661,43,26
2AEI-03R,MSE,gradinput,90,0.6138888888888889,30,19
2AEI-03R,MSE,gradinput,95,0.6666666666666666,18,12
2AEI-03R,MSE,ig,50,0.6393068035793535,158,84
2AEI-03R,MSE,ig,55,0.6387237804368369,156,83
2AEI-03R,MSE,ig,60,0.63667624042624,150,80
2AEI-03R,MSE,ig,65,0.6344486890261535,142,76
2AEI-03R,MSE,ig,70,0.6531818092301963,124,67
2AEI-03R,MSE,ig,75,0.6924948573884744,94,52
2AEI-03R,MSE,ig,80,0.7138133030990175,63,36
2AEI-03R,MSE,ig,85,0.7760243632336656,43,26
2AEI-03R,MSE,ig,90,0.8138888888888888,30,19
2AEI-03R,MSE,ig,95,0.8055555555555556,18,12
2AEI-03R,MSE,shap,50,0.5395856732724547,158,84
2AEI-03R,MSE,shap,55,0.5399538285039298,156,83
2AEI-03R,MSE,shap,60,0.5375344377844378,150,80
2AEI-03R,MSE,shap,65,0.539453435844281,142,76
2AEI-03R,MSE,shap,70,0.5335071738297544,124,67
2AEI-03R,MSE,shap,75,0.5557566546928249,94,52
2AEI-03R,MSE,shap,80,0.5928193499622071,63,36
2AEI-03R,MSE,shap,85,0.602436323366556,43,26
2AEI-03R,MSE,shap,90,0.6222222222222221,30,19
2AEI-03R,MSE,shap,95,0.6388888888888888,18,12
2AUX-CT1,MSE,cam,50,0.41818181818181815,55,32
2AUX-CT1,MSE,cam,55,0.41818181818181815,55,32
2AUX-CT1,MSE,cam,60,0.4117647058823529,51,30
2AUX-CT1,MSE,cam,65,0.40625,32,19
2AUX-CT1,MSE,cam,70,0.42857142857142855,14,8
2AUX-CT1,MSE,cam,75,0.42857142857142855,14,8
2AUX-CT1,MSE,cam,80,0.4,10,6
2AUX-CT1,MSE,cam,85,0.42857142857142855,7,4
2AUX-CT1,MSE,cam,90,0.5,6,3
2AUX-CT1,MSE,cam,95,0.5,2,1
2AUX-CT1,MSE,diff,50,0.7817387158296251,55,32
2AUX-CT1,MSE,diff,55,0.7817387158296251,55,32
2AUX-CT1,MSE,diff,60,0.7758246655305481,51,30
2AUX-CT1,MSE,diff,65,0.8046198593073591,32,19
2AUX-CT1,MSE,diff,70,0.8571428571428571,14,8
2AUX-CT1,MSE,diff,75,0.8571428571428571,14,8
2AUX-CT1,MSE,diff,80,0.8,10,6
2AUX-CT1,MSE,diff,85,0.7142857142857143,7,4
2AUX-CT1,MSE,diff,90,0.6666666666666666,6,3
2AUX-CT1,MSE,diff,95,1.0,2,1
2AUX-CT1,MSE,gradcam,50,0.4379907970817062,55,32
2AUX-CT1,MSE,gradcam,55,0.4379907970817062,55,32
2AUX-CT1,MSE,gradcam,60,0.4345278904102434,51,30
2AUX-CT1,MSE,gradcam,65,0.4269987824675326,32,19
2AUX-CT1,MSE,gradcam,70,0.42857142857142855,14,8
2AUX-CT1,MSE,gradcam,75,0.42857142857142855,14,8
2AUX-CT1,MSE,gradcam,80,0.4,10,6
2AUX-CT1,MSE,gradcam,85,0.42857142857142855,7,4
2AUX-CT1,MSE,gradcam,90,0.5,6,3
2AUX-CT1,MSE,gradcam,95,0.5,2,1
2AUX-CT1,MSE,gradinput,50,0.4181424635970091,55,32
2AUX-CT1,MSE,gradinput,55,0.4181424635970091,55,32
2AUX-CT1,MSE,gradinput,60,0.4131228248875308,51,30
2AUX-CT1,MSE,gradinput,65,0.41472199675324684,32,19
2AUX-CT1,MSE,gradinput,70,0.35714285714285715,14,8
2AUX-CT1,MSE,gradinput,75,0.35714285714285715,14,8
2AUX-CT1,MSE,gradinput,80,0.3,10,6
2AUX-CT1,MSE,gradinput,85,0.2857142857142857,7,4
2AUX-CT1,MSE,gradinput,90,0.3333333333333333,6,3
2AUX-CT1,MSE,gradinput,95,0.5,2,1
2AUX-CT1,MSE,ig,50,0.661067871522417,55,32
2AUX-CT1,MSE,ig,55,0.661067871522417,55,32
2AUX-CT1,MSE,ig,60,0.6470900015017663,51,30
2AUX-CT1,MSE,ig,65,0.5978828463203464,32,19
2AUX-CT1,MSE,ig,70,0.5333333333333333,14,8
2AUX-CT1,MSE,ig,75,0.5333333333333333,14,8
2AUX-CT1,MSE,ig,80,0.38,10,6
2AUX-CT1,MSE,ig,85,0.2857142857142857,7,4
2AUX-CT1,MSE,ig,90,0.16666666666666666,6,3
2AUX-CT1,MSE,ig,95,0.0,2,1
2AUX-CT1,MSE,shap,50,0.5737946901583265,55,32
2AUX-CT1,MSE,shap,55,0.5737946901583265,55,32
2AUX-CT1,MSE,shap,60,0.578181948770184,51,30
2AUX-CT1,MSE,shap,65,0.5992931547619047,32,19
2AUX-CT1,MSE,shap,70,0.46071428571428574,14,8
2AUX-CT1,MSE,shap,75,0.46071428571428574,14,8
2AUX-CT1,MSE,shap,80,0.41166666666666674,10,6
2AUX-CT1,MSE,shap,85,0.38095238095238093,7,4
2AUX-CT1,MSE,shap,90,0.3333333333333333,6,3
2AUX-CT1,MSE,shap,95,0.0,2,1
2AYP-43A,MSE,cam,50,0.6888888888888888,60,32
2AYP-43A,MSE,cam,55,0.6888888888888888,60,32
2AYP-43A,MSE,cam,60,0.6888888888888888,60,32
2AYP-43A,MSE,cam,65,0.6888888888888888,60,32
2AYP-43A,MSE,cam,70,0.6630434782608695,46,25
2AYP-43A,MSE,cam,75,0.6625,40,22
2AYP-43A,MSE,cam,80,0.7619047619047619,21,12
2AYP-43A,MSE,cam,85,0.8181818181818182,11,6
2AYP-43A,MSE,cam,90,1.0,5,3
2AYP-43A,MSE,cam,95,,0,0
2AYP-43A,MSE,diff,50,0.6557100769600771,60,32
2AYP-43A,MSE,diff,55,0.6557100769600771,60,32
2AYP-43A,MSE,diff,60,0.6557100769600771,60,32
2AYP-43A,MSE,diff,65,0.6557100769600771,60,32
2AYP-43A,MSE,diff,70,0.6419340924775707,46,25
2AYP-43A,MSE,diff,75,0.6362797619047618,40,22
2AYP-43A,MSE,diff,80,0.6809523809523809,21,12
2AYP-43A,MSE,diff,85,0.6590909090909091,11,6
2AYP-43A,MSE,diff,90,0.7,5,3
2AYP-43A,MSE,diff,95,,0,0
2AYP-43A,MSE,gradcam,50,0.6443458393458396,60,32
2AYP-43A,MSE,gradcam,55,0.6443458393458396,60,32
2AYP-43A,MSE,gradcam,60,0.6443458393458396,60,32
2AYP-43A,MSE,gradcam,65,0.6443458393458396,60,32
2AYP-43A,MSE,gradcam,70,0.6196342305037955,46,25
2AYP-43A,MSE,gradcam,75,0.6141071428571426,40,22
2AYP-43A,MSE,gradcam,80,0.6404761904761905,21,12
2AYP-43A,MSE,gradcam,85,0.6363636363636364,11,6
2AYP-43A,MSE,gradcam,90,0.7,5,3
2AYP-43A,MSE,gradcam,95,,0,0
2AYP-43A,MSE,gradinput,50,0.4479587542087542,60,32
2AYP-43A,MSE,gradinput,55,0.4479587542087542,60,32
2AYP-43A,MSE,gradinput,60,0.4479587542087542,60,32
2AYP-43A,MSE,gradinput,65,0.4479587542087542,60,32
2AYP-43A,MSE,gradinput,70,0.4593599033816425,46,25
2AYP-43A,MSE,gradinput,75,0.44354166666666667,40,22
2AYP-43A,MSE,gradinput,80,0.3666666666666667,21,12
2AYP-43A,MSE,gradinput,85,0.3409090909090909,11,6
2AYP-43A,MSE,gradinput,90,0.3,5,3
2AYP-43A,MSE,gradinput,95,,0,0
2AYP-43A,MSE,ig,50,0.6163949013949014,60,32
2AYP-43A,MSE,ig,55,0.6163949013949014,60,32
2AYP-43A,MSE,ig,60,0.6163949013949014,60,32
2AYP-43A,MSE,ig,65,0.6163949013949014,60,32
2AYP-43A,MSE,ig,70,0.5818754313319529,46,25
2AYP-43A,MSE,ig,75,0.5775595238095237,40,22
2AYP-43A,MSE,ig,80,0.5976190476190476,21,12
2AYP-43A,MSE,ig,85,0.5909090909090909,11,6
2AYP-43A,MSE,ig,90,0.7,5,3
2AYP-43A,MSE,ig,95,,0,0
2AYP-43A,MSE,shap,50,0.5517568542568543,60,32
2AYP-43A,MSE,shap,55,0.5517568542568543,60,32
2AYP-43A,MSE,shap,60,0.5517568542568543,60,32
2AYP-43A,MSE,shap,65,0.5517568542568543,60,32
2AYP-43A,MSE,shap,70,0.5681677018633541,46,25
2AYP-43A,MSE,shap,75,0.5763095238095237,40,22
2AYP-43A,MSE,shap,80,0.5666666666666667,21,12
2AYP-43A,MSE,shap,85,0.5,11,6
2AYP-43A,MSE,shap,90,0.3,5,3
2AYP-43A,MSE,shap,95,,0,0
2B36-5PP,MSE,cam,50,0.4375,32,18
2B36-5PP,MSE,cam,55,0.4375,32,18
2B36-5PP,MSE,cam,60,0.4375,32,18
2B36-5PP,MSE,cam,65,0.4375,32,18
2B36-5PP,MSE,cam,70,0.4375,32,18
2B36-5PP,MSE,cam,75,0.46153846153846156,26,14
2B36-5PP,MSE,cam,80,0.4444444444444444,18,10
2B36-5PP,MSE,cam,85,0.4,5,3
2B36-5PP,MSE,cam,90,0.5,4,2
2B36-5PP,MSE,cam,95,0.5,2,1
2B36-5PP,MSE,diff,50,0.6860863095238094,32,18
2B36-5PP,MSE,diff,55,0.6860863095238094,32,18
2B36-5PP,MSE,diff,60,0.6860863095238094,32,18
2B36-5PP,MSE,diff,65,0.6860863095238094,32,18
2B36-5PP,MSE,diff,70,0.6860863095238094,32,18
2B36-5PP,MSE,diff,75,0.7423076923076923,26,14
2B36-5PP,MSE,diff,80,0.7203703703703703,18,10
2B36-5PP,MSE,diff,85,0.7333333333333333,5,3
2B36-5PP,MSE,diff,90,0.75,4,2
2B36-5PP,MSE,diff,95,0.5,2,1
2B36-5PP,MSE,gradcam,50,0.6180059523809524,32,18
2B36-5PP,MSE,gradcam,55,0.6180059523809524,32,18
2B36-5PP,MSE,gradcam,60,0.6180059523809524,32,18
2B36-5PP,MSE,gradcam,65,0.6180059523809524,32,18
2B36-5PP,MSE,gradcam,70,0.6180059523809524,32,18
2B36-5PP,MSE,gradcam,75,0.6269230769230769,26,14
2B36-5PP,MSE,gradcam,80,0.6092592592592593,18,10
2B36-5PP,MSE,gradcam,85,0.7333333333333333,5,3
2B36-5PP,MSE,gradcam,90,0.75,4,2
2B36-5PP,MSE,gradcam,95,0.5,2,1
2B36-5PP,MSE,gradinput,50,0.7249627976190475,32,18
2B36-5PP,MSE,gradinput,55,0.7249627976190475,32,18
2B36-5PP,MSE,gradinput,60,0.7249627976190475,32,18
2B36-5PP,MSE,gradinput,65,0.7249627976190475,32,18
2B36-5PP,MSE,gradinput,70,0.7249627976190475,32,18
2B36-5PP,MSE,gradinput,75,0.7743589743589744,26,14
2B36-5PP,MSE,gradinput,80,0.7666666666666667,18,10
2B36-5PP,MSE,gradinput,85,0.8,5,3
2B36-5PP,MSE,gradinput,90,0.75,4,2
2B36-5PP,MSE,gradinput,95,0.5,2,1
2B36-5PP,MSE,ig,50,0.4843377976190476,32,18
2B36-5PP,MSE,ig,55,0.4843377976190476,32,18
2B36-5PP,MSE,ig,60,0.4843377976190476,32,18
2B36-5PP,MSE,ig,65,0.4843377976190476,32,18
2B36-5PP,MSE,ig,70,0.4843377976190476,32,18
2B36-5PP,MSE,ig,75,0.4846153846153846,26,14
2B36-5PP,MSE,ig,80,0.5148148148148147,18,10
2B36-5PP,MSE,ig,85,0.7333333333333333,5,3
2B36-5PP,MSE,ig,90,0.75,4,2
2B36-5PP,MSE,ig,95,0.5,2,1
2B36-5PP,MSE,shap,50,0.5505208333333333,32,18
2B36-5PP,MSE,shap,55,0.5505208333333333,32,18
2B36-5PP,MSE,shap,60,0.5505208333333333,32,18
2B36-5PP,MSE,shap,65,0.5505208333333333,32,18
2B36-5PP,MSE,shap,70,0.5505208333333333,32,18
2B36-5PP,MSE,shap,75,0.5878205128205128,26,14
2B36-5PP,MSE,shap,80,0.5342592592592593,18,10
2B36-5PP,MSE,shap,85,0.6333333333333333,5,3
2B36-5PP,MSE,shap,90,0.625,4,2
2B36-5PP,MSE,shap,95,1.0,2,1
2B52-D42,MSE,cam,50,0.5,64,32
2B52-D42,MSE,cam,55,0.5,60,30
2B52-D42,MSE,cam,60,0.5,28,14
2B52-D42,MSE,cam,65,0.5,24,12
2B52-D42,MSE,cam,70,0.5,14,7
2B52-D42,MSE,cam,75,0.5,8,4
2B52-D42,MSE,cam,80,0.5,6,3
2B52-D42,MSE,cam,85,0.5,2,1
2B52-D42,MSE,cam,90,,0,0
2B52-D42,MSE,cam,95,,0,0
2B52-D42,MSE,diff,50,0.7491563315667175,64,32
2B52-D42,MSE,diff,55,0.7458865793792263,60,30
2B52-D42,MSE,diff,60,0.7461412595341167,28,14
2B52-D42,MSE,diff,65,0.7325562169312171,24,12
2B52-D42,MSE,diff,70,0.6645408163265305,14,7
2B52-D42,MSE,diff,75,0.59375,8,4
2B52-D42,MSE,diff,80,0.5138888888888888,6,3
2B52-D42,MSE,diff,85,0.5,2,1
2B52-D42,MSE,diff,90,,0,0
2B52-D42,MSE,diff,95,,0,0
2B52-D42,MSE,gradcam,50,0.7724306483957218,64,32
2B52-D42,MSE,gradcam,55,0.7716384432560903,60,30
2B52-D42,MSE,gradcam,60,0.8097634508348796,28,14
2B52-D42,MSE,gradcam,65,0.795734126984127,24,12
2B52-D42,MSE,gradcam,70,0.7355442176870748,14,7
2B52-D42,MSE,gradcam,75,0.6354166666666666,8,4
2B52-D42,MSE,gradcam,80,0.5138888888888888,6,3
2B52-D42,MSE,gradcam,85,0.5,2,1
2B52-D42,MSE,gradcam,90,,0,0
2B52-D42,MSE,gradcam,95,,0,0
2B52-D42,MSE,gradinput,50,0.42197997570240214,64,32
2B52-D42,MSE,gradinput,55,0.42941480632657103,60,30
2B52-D42,MSE,gradinput,60,0.44932874665017525,28,14
2B52-D42,MSE,gradinput,65,0.43520171957671955,24,12
2B52-D42,MSE,gradinput,70,0.45875850340136054,14,7
2B52-D42,MSE,gradinput,75,0.4583333333333333,8,4
2B52-D42,MSE,gradinput,80,0.4444444444444444,6,3
2B52-D42,MSE,gradinput,85,0.5,2,1
2B52-D42,MSE,gradinput,90,,0,0
2B52-D42,MSE,gradinput,95,,0,0
2B52-D42,MSE,ig,50,0.8237325162072405,64,32
2B52-D42,MSE,ig,55,0.8196066229522112,60,30
2B52-D42,MSE,ig,60,0.774018243661101,28,14
2B52-D42,MSE,ig,65,0.761607142857143,24,12
2B52-D42,MSE,ig,70,0.6913265306122448,14,7
2B52-D42,MSE,ig,75,0.59375,8,4
2B52-D42,MSE,ig,80,0.5138888888888888,6,3
2B52-D42,MSE,ig,85,0.5,2,1
2B52-D42,MSE,ig,90,,0,0
2B52-D42,MSE,ig,95,,0,0
2B52-D42,MSE,shap,50,0.5929921921420083,64,32
2B52-D42,MSE,shap,55,0.582034808873044,60,30
2B52-D42,MSE,shap,60,0.5618132859204288,28,14
2B52-D42,MSE,shap,65,0.5216104497354498,24,12
2B52-D42,MSE,shap,70,0.5378401360544218,14,7
2B52-D42,MSE,shap,75,0.45833333333333326,8,4
2B52-D42,MSE,shap,80,0.49999999999999994,6,3
2B52-D42,MSE,shap,85,0.6666666666666666,2,1
2B52-D42,MSE,shap,90,,0,0
2B52-D42,MSE,shap,95,,0,0
2B53-D23,MSE,cam,50,0.48936170212765956,47,24
2B53-D23,MSE,cam,55,0.4883720930232558,43,22
2B53-D23,MSE,cam,60,0.48484848484848486,33,17
2B53-D23,MSE,cam,65,0.47619047619047616,21,11
2B53-D23,MSE,cam,70,0.4666666666666667,15,8
2B53-D23,MSE,cam,75,0.45454545454545453,11,6
2B53-D23,MSE,cam,80,0.3333333333333333,3,2
2B53-D23,MSE,cam,85,0.3333333333333333,3,2
2B53-D23,MSE,cam,90,0.0,1,1
2B53-D23,MSE,cam,95,0.0,1,1
2B53-D23,MSE,diff,50,0.5166160081053698,47,24
2B53-D23,MSE,diff,55,0.4953488372093023,43,22
2B53-D23,MSE,diff,60,0.4991101491101491,33,17
2B53-D23,MSE,diff,65,0.5179138321995465,21,11
2B53-D23,MSE,diff,70,0.5117460317460317,15,8
2B53-D23,MSE,diff,75,0.503030303030303,11,6
2B53-D23,MSE,diff,80,0.6666666666666666,3,2
2B53-D23,MSE,diff,85,0.6666666666666666,3,2
2B53-D23,MSE,diff,90,1.0,1,1
2B53-D23,MSE,diff,95,1.0,1,1
2B53-D23,MSE,gradcam,50,0.6402566700439043,47,24
2B53-D23,MSE,gradcam,55,0.6446659283868588,43,22
2B53-D23,MSE,gradcam,60,0.6328763828763829,33,17
2B53-D23,MSE,gradcam,65,0.556689342403628,21,11
2B53-D23,MSE,gradcam,70,0.5626984126984127,15,8
2B53-D23,MSE,gradcam,75,0.5303030303030303,11,6
2B53-D23,MSE,gradcam,80,0.16666666666666666,3,2
2B53-D23,MSE,gradcam,85,0.16666666666666666,3,2
2B53-D23,MSE,gradcam,90,0.0,1,1
2B53-D23,MSE,gradcam,95,0.0,1,1
2B53-D23,MSE,gradinput,50,0.7187436676798379,47,24
2B53-D23,MSE,gradinput,55,0.711111111111111,43,22
2B53-D23,MSE,gradinput,60,0.6809283309283308,33,17
2B53-D23,MSE,gradinput,65,0.6163265306122448,21,11
2B53-D23,MSE,gradinput,70,0.635079365079365,15,8
2B53-D23,MSE,gradinput,75,0.5803030303030302,11,6
2B53-D23,MSE,gradinput,80,0.6666666666666666,3,2
2B53-D23,MSE,gradinput,85,0.6666666666666666,3,2
2B53-D23,MSE,gradinput,90,1.0,1,1
2B53-D23,MSE,gradinput,95,1.0,1,1
2B53-D23,MSE,ig,50,0.7670803782505912,47,24
2B53-D23,MSE,ig,55,0.7870524178663714,43,22
2B53-D23,MSE,ig,60,0.8028499278499278,33,17
2B53-D23,MSE,ig,65,0.8092403628117915,21,11
2B53-D23,MSE,ig,70,0.8607142857142858,15,8
2B53-D23,MSE,ig,75,0.8863636363636364,11,6
2B53-D23,MSE,ig,80,1.0,3,2
2B53-D23,MSE,ig,85,1.0,3,2
2B53-D23,MSE,ig,90,1.0,1,1
2B53-D23,MSE,ig,95,1.0,1,1
2B53-D23,MSE,shap,50,0.501063829787234,47,24
2B53-D23,MSE,shap,55,0.5093576965669988,43,22
2B53-D23,MSE,shap,60,0.49656084656084665,33,17
2B53-D23,MSE,shap,65,0.5197278911564626,21,11
2B53-D23,MSE,shap,70,0.5153968253968254,15,8
2B53-D23,MSE,shap,75,0.5393939393939394,11,6
2B53-D23,MSE,shap,80,0.75,3,2
2B53-D23,MSE,shap,85,0.75,3,2
2B53-D23,MSE,shap,90,1.0,1,1
2B53-D23,MSE,shap,95,1.0,1,1
2B54-D05,MSE,cam,50,0.5805614675179893,299,152
2B54-D05,MSE,cam,55,0.5786045508465438,281,143
2B54-D05,MSE,cam,60,0.5637210089724057,179,92
2B54-D05,MSE,cam,65,0.545692883895131,89,47
2B54-D05,MSE,cam,70,0.5333333333333333,67,36
2B54-D05,MSE,cam,75,0.4909090909090909,33,18
2B54-D05,MSE,cam,80,0.4375,16,9
2B54-D05,MSE,cam,85,0.45454545454545453,11,6
2B54-D05,MSE,cam,90,0.4,5,3
2B54-D05,MSE,cam,95,0.4,5,3
2B54-D05,MSE,diff,50,0.7248708084164505,299,152
2B54-D05,MSE,diff,55,0.7226947380417129,281,143
2B54-D05,MSE,diff,60,0.7485203964254245,179,92
2B54-D05,MSE,diff,65,0.7898600775005271,89,47
2B54-D05,MSE,diff,70,0.7931414356787488,67,36
2B54-D05,MSE,diff,75,0.7297979797979799,33,18
2B54-D05,MSE,diff,80,0.5302083333333334,16,9
2B54-D05,MSE,diff,85,0.4242424242424242,11,6
2B54-D05,MSE,diff,90,0.0,5,3
2B54-D05,MSE,diff,95,0.0,5,3
2B54-D05,MSE,gradcam,50,0.7064735404495384,299,152
2B54-D05,MSE,gradcam,55,0.7042720920834794,281,143
2B54-D05,MSE,gradcam,60,0.7226016534675751,179,92
2B54-D05,MSE,gradcam,65,0.766429544238533,89,47
2B54-D05,MSE,gradcam,70,0.7545131485429992,67,36
2B54-D05,MSE,gradcam,75,0.6311688311688312,33,18
2B54-D05,MSE,gradcam,80,0.41875,16,9
2B54-D05,MSE,gradcam,85,0.37878787878787873,11,6
2B54-D05,MSE,gradcam,90,0.2,5,3
2B54-D05,MSE,gradcam,95,0.2,5,3
2B54-D05,MSE,gradinput,50,0.675705878160137,299,152
2B54-D05,MSE,gradinput,55,0.673767632130621,281,143
2B54-D05,MSE,gradinput,60,0.6826375672744387,179,92
2B54-D05,MSE,gradinput,65,0.707628046111192,89,47
2B54-D05,MSE,gradinput,70,0.7110222696043591,67,36
2B54-D05,MSE,gradinput,75,0.5869408369408369,33,18
2B54-D05,MSE,gradinput,80,0.4114583333333333,16,9
2B54-D05,MSE,gradinput,85,0.40151515151515144,11,6
2B54-D05,MSE,gradinput,90,0.2,5,3
2B54-D05,MSE,gradinput,95,0.2,5,3
2B54-D05,MSE,ig,50,0.6371139424110108,299,152
2B54-D05,MSE,ig,55,0.6378934134272208,281,143
2B54-D05,MSE,ig,60,0.6653775771094204,179,92
2B54-D05,MSE,ig,65,0.7276602299074207,89,47
2B54-D05,MSE,ig,70,0.7422115612414119,67,36
2B54-D05,MSE,ig,75,0.641919191919192,33,18
2B54-D05,MSE,ig,80,0.4802083333333333,16,9
2B54-D05,MSE,ig,85,0.4469696969696969,11,6
2B54-D05,MSE,ig,90,0.4,5,3
2B54-D05,MSE,ig,95,0.4,5,3
2B54-D05,MSE,shap,50,0.5254898270243538,299,152
2B54-D05,MSE,shap,55,0.5219412605978442,281,143
2B54-D05,MSE,shap,60,0.5130966178452212,179,92
2B54-D05,MSE,shap,65,0.49746907274997165,89,47
2B54-D05,MSE,shap,70,0.5220149253731343,67,36
2B54-D05,MSE,shap,75,0.401082251082251,33,18
2B54-D05,MSE,shap,80,0.271875,16,9
2B54-D05,MSE,shap,85,0.1515151515151515,11,6
2B54-D05,MSE,shap,90,0.0,5,3
2B54-D05,MSE,shap,95,0.0,5,3
2B55-D31,MSE,cam,50,0.8055555555555556,36,29
2B55-D31,MSE,cam,55,0.8,35,28
2B55-D31,MSE,cam,60,0.7586206896551724,29,22
2B55-D31,MSE,cam,65,0.65,20,13
2B55-D31,MSE,cam,70,0.6111111111111112,18,11
2B55-D31,MSE,cam,75,0.5882352941176471,17,10
2B55-D31,MSE,cam,80,0.6,15,9
2B55-D31,MSE,cam,85,0.6363636363636364,11,7
2B55-D31,MSE,cam,90,0.8,5,4
2B55-D31,MSE,cam,95,,0,0
2B55-D31,MSE,diff,50,0.6817676173681075,36,29
2B55-D31,MSE,diff,55,0.6894819862677005,35,28
2B55-D31,MSE,diff,60,0.7019404924577338,29,22
2B55-D31,MSE,diff,65,0.7551388888888888,20,13
2B55-D31,MSE,diff,70,0.7773148148148148,18,11
2B55-D31,MSE,diff,75,0.7862745098039214,17,10
2B55-D31,MSE,diff,80,0.7577777777777777,15,9
2B55-D31,MSE,diff,85,0.7000000000000001,11,7
2B55-D31,MSE,diff,90,0.7,5,4
2B55-D31,MSE,diff,95,,0,0
2B55-D31,MSE,gradcam,50,0.5723922614241244,36,29
2B55-D31,MSE,gradcam,55,0.5668975865404438,35,28
2B55-D31,MSE,gradcam,60,0.5471793532138359,29,22
2B55-D31,MSE,gradcam,65,0.5048611111111111,20,13
2B55-D31,MSE,gradcam,70,0.5115740740740741,18,11
2B55-D31,MSE,gradcam,75,0.5196078431372549,17,10
2B55-D31,MSE,gradcam,80,0.5444444444444445,15,9
2B55-D31,MSE,gradcam,85,0.6272727272727273,11,7
2B55-D31,MSE,gradcam,90,0.7,5,4
2B55-D31,MSE,gradcam,95,,0,0
2B55-D31,MSE,gradinput,50,0.6446590446590448,36,29
2B55-D31,MSE,gradinput,55,0.6345064459350175,35,28
2B55-D31,MSE,gradinput,60,0.5962844626637732,29,22
2B55-D31,MSE,gradinput,65,0.5604166666666666,20,13
2B55-D31,MSE,gradinput,70,0.5115740740740741,18,11
2B55-D31,MSE,gradinput,75,0.5196078431372549,17,10
2B55-D31,MSE,gradinput,80,0.5444444444444445,15,9
2B55-D31,MSE,gradinput,85,0.6272727272727273,11,7
2B55-D31,MSE,gradinput,90,0.7,5,4
2B55-D31,MSE,gradinput,95,,0,0
2B55-D31,MSE,ig,50,0.48852177461246094,36,29
2B55-D31,MSE,ig,55,0.4974375227946657,35,28
2B55-D31,MSE,ig,60,0.5375682746372401,29,22
2B55-D31,MSE,ig,65,0.6947420634920635,20,13
2B55-D31,MSE,ig,70,0.72255291005291,18,11
2B55-D31,MSE,ig,75,0.757703081232493,17,10
2B55-D31,MSE,ig,80,0.7753968253968253,15,9
2B55-D31,MSE,ig,85,0.8318181818181819,11,7
2B55-D31,MSE,ig,90,0.8,5,4
2B55-D31,MSE,ig,95,,0,0
2B55-D31,MSE,shap,50,0.5108187042623318,36,29
2B55-D31,MSE,shap,55,0.5069261294261295,35,28
2B55-D31,MSE,shap,60,0.5167129805060839,29,22
2B55-D31,MSE,shap,65,0.5088492063492064,20,13
2B55-D31,MSE,shap,70,0.516005291005291,18,11
2B55-D31,MSE,shap,75,0.5022408963585435,17,10
2B55-D31,MSE,shap,80,0.49142857142857144,15,9
2B55-D31,MSE,shap,85,0.5363636363636364,11,7
2B55-D31,MSE,shap,90,0.6,5,4
2B55-D31,MSE,shap,95,,0,0
2BKT-RPF,MSE,cam,50,0.5202552536522002,262,138
2BKT-RPF,MSE,cam,55,0.5202552536522002,262,138
2BKT-RPF,MSE,cam,60,0.5202552536522002,262,138
2BKT-RPF,MSE,cam,65,0.5183024939662108,226,120
2BKT-RPF,MSE,cam,70,0.5183024939662108,226,120
2BKT-RPF,MSE,cam,75,0.5183024939662108,226,120
2BKT-RPF,MSE,cam,80,0.5093669250645995,172,90
2BKT-RPF,MSE,cam,85,0.5117845117845118,99,52
2BKT-RPF,MSE,cam,90,0.5045045045045045,37,19
2BKT-RPF,MSE,cam,95,0.5,4,2
2BKT-RPF,MSE,diff,50,0.5269334143379948,262,138
2BKT-RPF,MSE,diff,55,0.5269334143379948,262,138
2BKT-RPF,MSE,diff,60,0.5269334143379948,262,138
2BKT-RPF,MSE,diff,65,0.5322541151080976,226,120
2BKT-RPF,MSE,diff,70,0.5322541151080976,226,120
2BKT-RPF,MSE,diff,75,0.5322541151080976,226,120
2BKT-RPF,MSE,diff,80,0.5127145625692137,172,90
2BKT-RPF,MSE,diff,85,0.530976430976431,99,52
2BKT-RPF,MSE,diff,90,0.5630630630630631,37,19
2BKT-RPF,MSE,diff,95,0.5,4,2
2BKT-RPF,MSE,gradcam,50,0.41102781990747855,262,138
2BKT-RPF,MSE,gradcam,55,0.41102781990747855,262,138
2BKT-RPF,MSE,gradcam,60,0.41102781990747855,262,138
2BKT-RPF,MSE,gradcam,65,0.3875592205238222,226,120
2BKT-RPF,MSE,gradcam,70,0.3875592205238222,226,120
2BKT-RPF,MSE,gradcam,75,0.3875592205238222,226,120
2BKT-RPF,MSE,gradcam,80,0.3936369509043927,172,90
2BKT-RPF,MSE,gradcam,85,0.39478114478114473,99,52
2BKT-RPF,MSE,gradcam,90,0.4009009009009009,37,19
2BKT-RPF,MSE,gradcam,95,0.0,4,2
2BKT-RPF,MSE,gradinput,50,0.4714728911013148,262,138
2BKT-RPF,MSE,gradinput,55,0.4714728911013148,262,138
2BKT-RPF,MSE,gradinput,60,0.4714728911013148,262,138
2BKT-RPF,MSE,gradinput,65,0.4550249652019561,226,120
2BKT-RPF,MSE,gradinput,70,0.4550249652019561,226,120
2BKT-RPF,MSE,gradinput,75,0.4550249652019561,226,120
2BKT-RPF,MSE,gradinput,80,0.4417035806570691,172,90
2BKT-RPF,MSE,gradinput,85,0.4178451178451179,99,52
2BKT-RPF,MSE,gradinput,90,0.4189189189189189,37,19
2BKT-RPF,MSE,gradinput,95,0.0,4,2
2BKT-RPF,MSE,ig,50,0.6349131971157114,262,138
2BKT-RPF,MSE,ig,55,0.6349131971157114,262,138
2BKT-RPF,MSE,ig,60,0.6349131971157114,262,138
2BKT-RPF,MSE,ig,65,0.6377365628471818,226,120
2BKT-RPF,MSE,ig,70,0.6377365628471818,226,120
2BKT-RPF,MSE,ig,75,0.6377365628471818,226,120
2BKT-RPF,MSE,ig,80,0.6151555001845699,172,90
2BKT-RPF,MSE,ig,85,0.5846801346801347,99,52
2BKT-RPF,MSE,ig,90,0.5855855855855856,37,19
2BKT-RPF,MSE,ig,95,0.5,4,2
2BKT-RPF,MSE,shap,50,0.4808127489060356,262,138
2BKT-RPF,MSE,shap,55,0.4808127489060356,262,138
2BKT-RPF,MSE,shap,60,0.4808127489060356,262,138
2BKT-RPF,MSE,shap,65,0.4726299020546806,226,120
2BKT-RPF,MSE,shap,70,0.4726299020546806,226,120
2BKT-RPF,MSE,shap,75,0.4726299020546806,226,120
2BKT-RPF,MSE,shap,80,0.44737910668143227,172,90
2BKT-RPF,MSE,shap,85,0.4297979797979798,99,52
2BKT-RPF,MSE,shap,90,0.3648648648648649,37,19
2BKT-RPF,MSE,shap,95,0.25,4,2
2BUB-FPB,MSE,cam,50,0.5250005902857943,3465,1826
2BUB-FPB,MSE,cam,55,0.5255505063274323,2999,1590
2BUB-FPB,MSE,cam,60,0.5255696473872864,2506,1328
2BUB-FPB,MSE,cam,65,0.5266144420689878,2035,1080
2BUB-FPB,MSE,cam,70,0.5231785875065816,1436,758
2BUB-FPB,MSE,cam,75,0.5078022875817001,884,472
2BUB-FPB,MSE,cam,80,0.5073747680890536,462,246
2BUB-FPB,MSE,cam,85,0.5383944153577662,191,104
2BUB-FPB,MSE,cam,90,0.5787878787878787,55,33
2BUB-FPB,MSE,cam,95,0.625,8,6
2BUB-FPB,MSE,diff,50,0.5918930374631794,3465,1826
2BUB-FPB,MSE,diff,55,0.5836845536235804,2999,1590
2BUB-FPB,MSE,diff,60,0.5845270108538277,2506,1328
2BUB-FPB,MSE,diff,65,0.5870062806426452,2035,1080
2BUB-FPB,MSE,diff,70,0.5829660010370311,1436,758
2BUB-FPB,MSE,diff,75,0.5791877648495296,884,472
2BUB-FPB,MSE,diff,80,0.5819624819624819,462,246
2BUB-FPB,MSE,diff,85,0.6170157068062827,191,104
2BUB-FPB,MSE,diff,90,0.718181818181818,55,33
2BUB-FPB,MSE,diff,95,0.75,8,6
2BUB-FPB,MSE,gradcam,50,0.5711545828110287,3465,1826
2BUB-FPB,MSE,gradcam,55,0.5755412738670712,2999,1590
2BUB-FPB,MSE,gradcam,60,0.5797673783607552,2506,1328
2BUB-FPB,MSE,gradcam,65,0.5920570066024614,2035,1080
2BUB-FPB,MSE,gradcam,70,0.6130862947018932,1436,758
2BUB-FPB,MSE,gradcam,75,0.626230876966171,884,472
2BUB-FPB,MSE,gradcam,80,0.6341424448567305,462,246
2BUB-FPB,MSE,gradcam,85,0.6175392670157067,191,104
2BUB-FPB,MSE,gradcam,90,0.5575757575757576,55,33
2BUB-FPB,MSE,gradcam,95,0.625,8,6
2BUB-FPB,MSE,gradinput,50,0.5188453465379071,3465,1826
2BUB-FPB,MSE,gradinput,55,0.5196434005214706,2999,1590
2BUB-FPB,MSE,gradinput,60,0.5203264634629369,2506,1328
2BUB-FPB,MSE,gradinput,65,0.5256375074556893,2035,1080
2BUB-FPB,MSE,gradinput,70,0.5277482093115797,1436,758
2BUB-FPB,MSE,gradinput,75,0.5436732385261799,884,472
2BUB-FPB,MSE,gradinput,80,0.5645794681508963,462,246
2BUB-FPB,MSE,gradinput,85,0.5808900523560211,191,104
2BUB-FPB,MSE,gradinput,90,0.5121212121212122,55,33
2BUB-FPB,MSE,gradinput,95,0.375,8,6
2BUB-FPB,MSE,ig,50,0.5448847248122531,3465,1826
2BUB-FPB,MSE,ig,55,0.5442623074335085,2999,1590
2BUB-FPB,MSE,ig,60,0.5485168440675243,2506,1328
2BUB-FPB,MSE,ig,65,0.5463328999692653,2035,1080
2BUB-FPB,MSE,ig,70,0.5370911663390765,1436,758
2BUB-FPB,MSE,ig,75,0.5369554873231346,884,472
2BUB-FPB,MSE,ig,80,0.5543135435992577,462,246
2BUB-FPB,MSE,ig,85,0.5811518324607332,191,104
2BUB-FPB,MSE,ig,90,0.5454545454545455,55,33
2BUB-FPB,MSE,ig,95,0.5,8,6
2BUB-FPB,MSE,shap,50,0.518240122815129,3465,1826
2BUB-FPB,MSE,shap,55,0.516538100571555,2999,1590
2BUB-FPB,MSE,shap,60,0.514049920993257,2506,1328
2BUB-FPB,MSE,shap,65,0.5148089229907413,2035,1080
2BUB-FPB,MSE,shap,70,0.5112689519548846,1436,758
2BUB-FPB,MSE,shap,75,0.5143283595489482,884,472
2BUB-FPB,MSE,shap,80,0.5122603586889303,462,246
2BUB-FPB,MSE,shap,85,0.5021815008726005,191,104
2BUB-FPB,MSE,shap,90,0.5454545454545454,55,33
2BUB-FPB,MSE,shap,95,0.25,8,6
2CJI-GSK,MSE,cam,50,0.6169537012990525,279,146
2CJI-GSK,MSE,cam,55,0.6229390660425145,261,137
2CJI-GSK,MSE,cam,60,0.6612686255543399,189,101
2CJI-GSK,MSE,cam,65,0.7045563496905778,149,81
2CJI-GSK,MSE,cam,70,0.7096612016824783,141,76
2CJI-GSK,MSE,cam,75,0.6810064935064936,110,60
2CJI-GSK,MSE,cam,80,0.5826226012793176,67,37
2CJI-GSK,MSE,cam,85,0.5328947368421053,38,22
2CJI-GSK,MSE,cam,90,0.46153846153846156,13,9
2CJI-GSK,MSE,cam,95,0.0,1,1
2CJI-GSK,MSE,diff,50,0.5959143572433795,279,146
2CJI-GSK,MSE,diff,55,0.5920336252908934,261,137
2CJI-GSK,MSE,diff,60,0.5931496119988187,189,101
2CJI-GSK,MSE,diff,65,0.5900401984294602,149,81
2CJI-GSK,MSE,diff,70,0.5910771852261214,141,76
2CJI-GSK,MSE,diff,75,0.5768867243867245,110,60
2CJI-GSK,MSE,diff,80,0.5349324804548684,67,37
2CJI-GSK,MSE,diff,85,0.5276315789473685,38,22
2CJI-GSK,MSE,diff,90,0.5512820512820512,13,9
2CJI-GSK,MSE,diff,95,1.0,1,1
2CJI-GSK,MSE,gradcam,50,0.5695846755885373,279,146
2CJI-GSK,MSE,gradcam,55,0.569166403175869,261,137
2CJI-GSK,MSE,gradcam,60,0.5869444121428251,189,101
2CJI-GSK,MSE,gradcam,65,0.6022842556399607,149,81
2CJI-GSK,MSE,gradcam,70,0.6056443359634852,141,76
2CJI-GSK,MSE,gradcam,75,0.5990945165945166,110,60
2CJI-GSK,MSE,gradcam,80,0.5895167022032691,67,37
2CJI-GSK,MSE,gradcam,85,0.6245614035087719,38,22
2CJI-GSK,MSE,gradcam,90,0.6538461538461539,13,9
2CJI-GSK,MSE,gradcam,95,1.0,1,1
2CJI-GSK,MSE,gradinput,50,0.578635970827372,279,146
2CJI-GSK,MSE,gradinput,55,0.5790405275614873,261,137
2CJI-GSK,MSE,gradinput,60,0.5926559551559549,189,101
2CJI-GSK,MSE,gradinput,65,0.6037139407944776,149,81
2CJI-GSK,MSE,gradinput,70,0.6063133871644509,141,76
2CJI-GSK,MSE,gradinput,75,0.6020779220779218,110,60
2CJI-GSK,MSE,gradinput,80,0.5789267945984363,67,37
2CJI-GSK,MSE,gradinput,85,0.5750000000000001,38,22
2CJI-GSK,MSE,gradinput,90,0.43589743589743585,13,9
2CJI-GSK,MSE,gradinput,95,0.0,1,1
2CJI-GSK,MSE,ig,50,0.6527235423890609,279,146
2CJI-GSK,MSE,ig,55,0.6490298206914166,261,137
2CJI-GSK,MSE,ig,60,0.6544502748867828,189,101
2CJI-GSK,MSE,ig,65,0.6470836397010893,149,81
2CJI-GSK,MSE,ig,70,0.6519378178952647,141,76
2CJI-GSK,MSE,ig,75,0.6516161616161616,110,60
2CJI-GSK,MSE,ig,80,0.6564676616915422,67,37
2CJI-GSK,MSE,ig,85,0.6758771929824562,38,22
2CJI-GSK,MSE,ig,90,0.6538461538461539,13,9
2CJI-GSK,MSE,ig,95,1.0,1,1
2CJI-GSK,MSE,shap,50,0.5188170408038747,279,146
2CJI-GSK,MSE,shap,55,0.5181900509402199,261,137
2CJI-GSK,MSE,shap,60,0.5220850945057292,189,101
2CJI-GSK,MSE,shap,65,0.5184672151115102,149,81
2CJI-GSK,MSE,shap,70,0.5227986552454635,141,76
2CJI-GSK,MSE,shap,75,0.5134271284271285,110,60
2CJI-GSK,MSE,shap,80,0.49847192608386637,67,37
2CJI-GSK,MSE,shap,85,0.5030701754385964,38,22
2CJI-GSK,MSE,shap,90,0.43589743589743585,13,9
2CJI-GSK,MSE,shap,95,0.0,1,1
2CNF-F32,MSE,cam,50,0.5,280,140
2CNF-F32,MSE,cam,55,0.5,280,140
2CNF-F32,MSE,cam,60,0.5,280,140
2CNF-F32,MSE,cam,65,0.5,250,125
2CNF-F32,MSE,cam,70,0.5,128,64
2CNF-F32,MSE,cam,75,0.5,12,6
2CNF-F32,MSE,cam,80,0.5,4,2
2CNF-F32,MSE,cam,85,0.5,2,1
2CNF-F32,MSE,cam,90,0.5,2,1
2CNF-F32,MSE,cam,95,0.5,2,1
2CNF-F32,MSE,diff,50,0.7110686932115493,280,140
2CNF-F32,MSE,diff,55,0.7110686932115493,280,140
2CNF-F32,MSE,diff,60,0.7110686932115493,280,140
2CNF-F32,MSE,diff,65,0.7223016983016972,250,125
2CNF-F32,MSE,diff,70,0.7379836309523811,128,64
2CNF-F32,MSE,diff,75,0.6128186628186629,12,6
2CNF-F32,MSE,diff,80,0.6071428571428572,4,2
2CNF-F32,MSE,diff,85,0.5,2,1
2CNF-F32,MSE,diff,90,0.5,2,1
2CNF-F32,MSE,diff,95,0.5,2,1
2CNF-F32,MSE,gradcam,50,0.7153717760414189,280,140
2CNF-F32,MSE,gradcam,55,0.7153717760414189,280,140
2CNF-F32,MSE,gradcam,60,0.7153717760414189,280,140
2CNF-F32,MSE,gradcam,65,0.7331274281274277,250,125
2CNF-F32,MSE,gradcam,70,0.7613794191919189,128,64
2CNF-F32,MSE,gradcam,75,0.677946127946128,12,6
2CNF-F32,MSE,gradcam,80,0.5,4,2
2CNF-F32,MSE,gradcam,85,0.5,2,1
2CNF-F32,MSE,gradcam,90,0.5,2,1
2CNF-F32,MSE,gradcam,95,0.5,2,1
2CNF-F32,MSE,gradinput,50,0.7220823571270005,280,140
2CNF-F32,MSE,gradinput,55,0.7220823571270005,280,140
2CNF-F32,MSE,gradinput,60,0.7220823571270005,280,140
2CNF-F32,MSE,gradinput,65,0.7234575646575648,250,125
2CNF-F32,MSE,gradinput,70,0.7239132395382392,128,64
2CNF-F32,MSE,gradinput,75,0.3273809523809524,12,6
2CNF-F32,MSE,gradinput,80,0.35714285714285715,4,2
2CNF-F32,MSE,gradinput,85,0.5,2,1
2CNF-F32,MSE,gradinput,90,0.5,2,1
2CNF-F32,MSE,gradinput,95,0.5,2,1
2CNF-F32,MSE,ig,50,0.6557852068566353,280,140
2CNF-F32,MSE,ig,55,0.6557852068566353,280,140
2CNF-F32,MSE,ig,60,0.6557852068566353,280,140
2CNF-F32,MSE,ig,65,0.6691850593850595,250,125
2CNF-F32,MSE,ig,70,0.6956247745310252,128,64
2CNF-F32,MSE,ig,75,0.7136844636844636,12,6
2CNF-F32,MSE,ig,80,0.9642857142857143,4,2
2CNF-F32,MSE,ig,85,1.0,2,1
2CNF-F32,MSE,ig,90,1.0,2,1
2CNF-F32,MSE,ig,95,1.0,2,1
2CNF-F32,MSE,shap,50,0.5341411069089637,280,140
2CNF-F32,MSE,shap,55,0.5341411069089637,280,140
2CNF-F32,MSE,shap,60,0.5341411069089637,280,140
2CNF-F32,MSE,shap,65,0.5341683427683428,250,125
2CNF-F32,MSE,shap,70,0.5306964736652237,128,64
2CNF-F32,MSE,shap,75,0.5504088504088503,12,6
2CNF-F32,MSE,shap,80,0.4464285714285714,4,2
2CNF-F32,MSE,shap,85,0.5,2,1
2CNF-F32,MSE,shap,90,0.5,2,1
2CNF-F32,MSE,shap,95,0.5,2,1
2CNG-IZE,MSE,cam,50,0.5139949109414759,393,202
2CNG-IZE,MSE,cam,55,0.5139949109414759,393,202
2CNG-IZE,MSE,cam,60,0.5142118863049095,387,199
2CNG-IZE,MSE,cam,65,0.5165165165165165,333,172
2CNG-IZE,MSE,cam,70,0.5240384615384616,208,109
2CNG-IZE,MSE,cam,75,0.5849056603773585,53,31
2CNG-IZE,MSE,cam,80,0.5909090909090909,44,26
2CNG-IZE,MSE,cam,85,0.5,20,10
2CNG-IZE,MSE,cam,90,0.5,16,8
2CNG-IZE,MSE,cam,95,,0,0
2CNG-IZE,MSE,diff,50,0.5580686761689043,393,202
2CNG-IZE,MSE,diff,55,0.5580686761689043,393,202
2CNG-IZE,MSE,diff,60,0.5600093573987771,387,199
2CNG-IZE,MSE,diff,65,0.565243173576506,333,172
2CNG-IZE,MSE,diff,70,0.5492894258519263,208,109
2CNG-IZE,MSE,diff,75,0.5070550518663728,53,31
2CNG-IZE,MSE,diff,80,0.5089285714285714,44,26
2CNG-IZE,MSE,diff,85,0.525,20,10
2CNG-IZE,MSE,diff,90,0.5729166666666666,16,8
2CNG-IZE,MSE,diff,95,,0,0
2CNG-IZE,MSE,gradcam,50,0.5984518931653972,393,202
2CNG-IZE,MSE,gradcam,55,0.5984518931653972,393,202
2CNG-IZE,MSE,gradcam,60,0.5971835014641671,387,199
2CNG-IZE,MSE,gradcam,65,0.591369399702734,333,172
2CNG-IZE,MSE,gradcam,70,0.5879746989121991,208,109
2CNG-IZE,MSE,gradcam,75,0.47887840670859555,53,31
2CNG-IZE,MSE,gradcam,80,0.49886363636363634,44,26
2CNG-IZE,MSE,gradcam,85,0.51,20,10
2CNG-IZE,MSE,gradcam,90,0.5416666666666667,16,8
2CNG-IZE,MSE,gradcam,95,,0,0
2CNG-IZE,MSE,gradinput,50,0.5004398737042945,393,202
2CNG-IZE,MSE,gradinput,55,0.5004398737042945,393,202
2CNG-IZE,MSE,gradinput,60,0.5006846915476632,387,199
2CNG-IZE,MSE,gradinput,65,0.4996704663371313,333,172
2CNG-IZE,MSE,gradinput,70,0.49424672549672555,208,109
2CNG-IZE,MSE,gradinput,75,0.4536360913719405,53,31
2CNG-IZE,MSE,gradinput,80,0.46693722943722943,44,26
2CNG-IZE,MSE,gradinput,85,0.45166666666666666,20,10
2CNG-IZE,MSE,gradinput,90,0.4791666666666667,16,8
2CNG-IZE,MSE,gradinput,95,,0,0
2CNG-IZE,MSE,ig,50,0.6380017021232507,393,202
2CNG-IZE,MSE,ig,55,0.6380017021232507,393,202
2CNG-IZE,MSE,ig,60,0.6360612960362183,387,199
2CNG-IZE,MSE,ig,65,0.6235446818780161,333,172
2CNG-IZE,MSE,ig,70,0.6299597971472964,208,109
2CNG-IZE,MSE,ig,75,0.393840698085981,53,31
2CNG-IZE,MSE,ig,80,0.3935335497835499,44,26
2CNG-IZE,MSE,ig,85,0.275,20,10
2CNG-IZE,MSE,ig,90,0.2708333333333333,16,8
2CNG-IZE,MSE,ig,95,,0,0
2CNG-IZE,MSE,shap,50,0.5272361622132969,393,202
2CNG-IZE,MSE,shap,55,0.5272361622132969,393,202
2CNG-IZE,MSE,shap,60,0.5258360428732067,387,199
2CNG-IZE,MSE,shap,65,0.5225143308476645,333,172
2CNG-IZE,MSE,shap,70,0.5193089896214896,208,109
2CNG-IZE,MSE,shap,75,0.5278369952898256,53,31
2CNG-IZE,MSE,shap,80,0.5125541125541125,44,26
2CNG-IZE,MSE,shap,85,0.5050000000000001,20,10
2CNG-IZE,MSE,shap,90,0.45833333333333337,16,8
2CNG-IZE,MSE,shap,95,,0,0
2CNH-IZB,MSE,cam,50,0.5,86,43
2CNH-IZB,MSE,cam,55,0.5,86,43
2CNH-IZB,MSE,cam,60,0.5,86,43
2CNH-IZB,MSE,cam,65,0.5,82,41
2CNH-IZB,MSE,cam,70,0.5,82,41
2CNH-IZB,MSE,cam,75,0.5,60,30
2CNH-IZB,MSE,cam,80,0.5,56,28
2CNH-IZB,MSE,cam,85,0.5,34,17
2CNH-IZB,MSE,cam,90,0.5,20,10
2CNH-IZB,MSE,cam,95,,0,0
2CNH-IZB,MSE,diff,50,0.6924522183243113,86,43
2CNH-IZB,MSE,diff,55,0.6924522183243113,86,43
2CNH-IZB,MSE,diff,60,0.6924522183243113,86,43
2CNH-IZB,MSE,diff,65,0.6885363620119717,82,41
2CNH-IZB,MSE,diff,70,0.6885363620119717,82,41
2CNH-IZB,MSE,diff,75,0.6856944444444445,60,30
2CNH-IZB,MSE,diff,80,0.684077380952381,56,28
2CNH-IZB,MSE,diff,85,0.6151960784313726,34,17
2CNH-IZB,MSE,diff,90,0.6041666666666667,20,10
2CNH-IZB,MSE,diff,95,,0,0
2CNH-IZB,MSE,gradcam,50,0.7771494332540846,86,43
2CNH-IZB,MSE,gradcam,55,0.7771494332540846,86,43
2CNH-IZB,MSE,gradcam,60,0.7771494332540846,86,43
2CNH-IZB,MSE,gradcam,65,0.7817997382021772,82,41
2CNH-IZB,MSE,gradcam,70,0.7817997382021772,82,41
2CNH-IZB,MSE,gradcam,75,0.8396362433862433,60,30
2CNH-IZB,MSE,gradcam,80,0.8527848639455782,56,28
2CNH-IZB,MSE,gradcam,85,0.9098039215686273,34,17
2CNH-IZB,MSE,gradcam,90,0.975,20,10
2CNH-IZB,MSE,gradcam,95,,0,0
2CNH-IZB,MSE,gradinput,50,0.6293732430360339,86,43
2CNH-IZB,MSE,gradinput,55,0.6293732430360339,86,43
2CNH-IZB,MSE,gradinput,60,0.6293732430360339,86,43
2CNH-IZB,MSE,gradinput,65,0.6336054189712729,82,41
2CNH-IZB,MSE,gradinput,70,0.6336054189712729,82,41
2CNH-IZB,MSE,gradinput,75,0.671468253968254,60,30
2CNH-IZB,MSE,gradinput,80,0.6878826530612245,56,28
2CNH-IZB,MSE,gradinput,85,0.7647058823529411,34,17
2CNH-IZB,MSE,gradinput,90,0.8291666666666666,20,10
2CNH-IZB,MSE,gradinput,95,,0,0
2CNH-IZB,MSE,ig,50,0.4802925756414128,86,43
2CNH-IZB,MSE,ig,55,0.4802925756414128,86,43
2CNH-IZB,MSE,ig,60,0.4802925756414128,86,43
2CNH-IZB,MSE,ig,65,0.47572813365496286,82,41
2CNH-IZB,MSE,ig,70,0.47572813365496286,82,41
2CNH-IZB,MSE,ig,75,0.44500000000000006,60,30
2CNH-IZB,MSE,ig,80,0.44523809523809527,56,28
2CNH-IZB,MSE,ig,85,0.40147058823529413,34,17
2CNH-IZB,MSE,ig,90,0.35416666666666663,20,10
2CNH-IZB,MSE,ig,95,,0,0
2CNH-IZB,MSE,shap,50,0.5451613147834078,86,43
2CNH-IZB,MSE,shap,55,0.5451613147834078,86,43
2CNH-IZB,MSE,shap,60,0.5451613147834078,86,43
2CNH-IZB,MSE,shap,65,0.5503437957706251,82,41
2CNH-IZB,MSE,shap,70,0.5503437957706251,82,41
2CNH-IZB,MSE,shap,75,0.5426521164021164,60,30
2CNH-IZB,MSE,shap,80,0.5435161564625851,56,28
2CNH-IZB,MSE,shap,85,0.5490196078431373,34,17
2CNH-IZB,MSE,shap,90,0.5916666666666666,20,10
2CNH-IZB,MSE,shap,95,,0,0
2E2B-406,MSE,cam,50,0.5108543417366946,308,158
2E2B-406,MSE,cam,55,0.5139297385620915,240,124
2E2B-406,MSE,cam,60,0.5177826449728827,188,98
2E2B-406,MSE,cam,65,0.5184108527131783,172,90
2E2B-406,MSE,cam,70,0.5232843137254902,136,72
2E2B-406,MSE,cam,75,0.5376984126984127,84,46
2E2B-406,MSE,cam,80,0.5545977011494252,58,33
2E2B-406,MSE,cam,85,0.5659722222222222,48,28
2E2B-406,MSE,cam,90,0.5128205128205128,39,21
2E2B-406,MSE,cam,95,0.47619047619047616,21,11
2E2B-406,MSE,diff,50,0.5428846281433128,308,158
2E2B-406,MSE,diff,55,0.5436336029166908,240,124
2E2B-406,MSE,diff,60,0.5235444381095193,188,98
2E2B-406,MSE,diff,65,0.5238720420406465,172,90
2E2B-406,MSE,diff,70,0.5626244058229353,136,72
2E2B-406,MSE,diff,75,0.6420871126228269,84,46
2E2B-406,MSE,diff,80,0.6896141215106731,58,33
2E2B-406,MSE,diff,85,0.6899305555555556,48,28
2E2B-406,MSE,diff,90,0.7606837606837608,39,21
2E2B-406,MSE,diff,95,0.8095238095238095,21,11
2E2B-406,MSE,gradcam,50,0.567606074157505,308,158
2E2B-406,MSE,gradcam,55,0.5787378746661839,240,124
2E2B-406,MSE,gradcam,60,0.5878074500766932,188,98
2E2B-406,MSE,gradcam,65,0.597645329476725,172,90
2E2B-406,MSE,gradcam,70,0.6278260546642901,136,72
2E2B-406,MSE,gradcam,75,0.6889691987906273,84,46
2E2B-406,MSE,gradcam,80,0.7425287356321839,58,33
2E2B-406,MSE,gradcam,85,0.7791666666666667,48,28
2E2B-406,MSE,gradcam,90,0.8290598290598289,39,21
2E2B-406,MSE,gradcam,95,0.8571428571428571,21,11
2E2B-406,MSE,gradinput,50,0.610193419556734,308,158
2E2B-406,MSE,gradinput,55,0.6261387400725641,240,124
2E2B-406,MSE,gradinput,60,0.6436395273652784,188,98
2E2B-406,MSE,gradinput,65,0.6425113323369139,172,90
2E2B-406,MSE,gradinput,70,0.6103925282234102,136,72
2E2B-406,MSE,gradinput,75,0.5178193499622071,84,46
2E2B-406,MSE,gradinput,80,0.5107142857142858,58,33
2E2B-406,MSE,gradinput,85,0.5010416666666666,48,28
2E2B-406,MSE,gradinput,90,0.5256410256410257,39,21
2E2B-406,MSE,gradinput,95,0.5714285714285714,21,11
2E2B-406,MSE,ig,50,0.5788873456248359,308,158
2E2B-406,MSE,ig,55,0.572004699072713,240,124
2E2B-406,MSE,ig,60,0.5722314788882369,188,98
2E2B-406,MSE,ig,65,0.5731679496214376,172,90
2E2B-406,MSE,ig,70,0.5931035671844496,136,72
2E2B-406,MSE,ig,75,0.6402258125472411,84,46
2E2B-406,MSE,ig,80,0.6458538587848931,58,33
2E2B-406,MSE,ig,85,0.6246527777777778,48,28
2E2B-406,MSE,ig,90,0.6752136752136753,39,21
2E2B-406,MSE,ig,95,0.7142857142857143,21,11
2E2B-406,MSE,shap,50,0.5180589612547266,308,158
2E2B-406,MSE,shap,55,0.516868853844957,240,124
2E2B-406,MSE,shap,60,0.5155229474495744,188,98
2E2B-406,MSE,shap,65,0.5266808772622728,172,90
2E2B-406,MSE,shap,70,0.5421587195484254,136,72
2E2B-406,MSE,shap,75,0.5476426681783826,84,46
2E2B-406,MSE,shap,80,0.5240147783251231,58,33
2E2B-406,MSE,shap,85,0.5052083333333334,48,28
2E2B-406,MSE,shap,90,0.48717948717948717,39,21
2E2B-406,MSE,shap,95,0.40476190476190477,21,11
2E9N-76A,MSE,cam,50,0.5064138607414281,797,402
2E9N-76A,MSE,cam,55,0.5062060180665018,737,372
2E9N-76A,MSE,cam,60,0.5063728424459017,657,332
2E9N-76A,MSE,cam,65,0.5076345268126091,511,259
2E9N-76A,MSE,cam,70,0.5089532931494785,367,187
2E9N-76A,MSE,cam,75,0.5122268712226871,239,123
2E9N-76A,MSE,cam,80,0.5159763313609467,169,88
2E9N-76A,MSE,cam,85,0.5393258426966292,89,48
2E9N-76A,MSE,cam,90,0.5833333333333334,36,21
2E9N-76A,MSE,cam,95,0.4444444444444444,9,5
2E9N-76A,MSE,diff,50,0.6274645667283901,797,402
2E9N-76A,MSE,diff,55,0.6306460790298299,737,372
2E9N-76A,MSE,diff,60,0.6309878604399168,657,332
2E9N-76A,MSE,diff,65,0.6265636896263127,511,259
2E9N-76A,MSE,diff,70,0.6242919659813387,367,187
2E9N-76A,MSE,diff,75,0.6208673706581656,239,123
2E9N-76A,MSE,diff,80,0.600704423781347,169,88
2E9N-76A,MSE,diff,85,0.6393258426966292,89,48
2E9N-76A,MSE,diff,90,0.6527777777777778,36,21
2E9N-76A,MSE,diff,95,0.4444444444444444,9,5
2E9N-76A,MSE,gradcam,50,0.6454232838378977,797,402
2E9N-76A,MSE,gradcam,55,0.6452567232388049,737,372
2E9N-76A,MSE,gradcam,60,0.642129513476546,657,332
2E9N-76A,MSE,gradcam,65,0.629915518271683,511,259
2E9N-76A,MSE,gradcam,70,0.6012415906830076,367,187
2E9N-76A,MSE,gradcam,75,0.5772232184366076,239,123
2E9N-76A,MSE,gradcam,80,0.5500140884756268,169,88
2E9N-76A,MSE,gradcam,85,0.5187265917602997,89,48
2E9N-76A,MSE,gradcam,90,0.48148148148148157,36,21
2E9N-76A,MSE,gradcam,95,0.4444444444444444,9,5
2E9N-76A,MSE,gradinput,50,0.42909272920236985,797,402
2E9N-76A,MSE,gradinput,55,0.4322949958006629,737,372
2E9N-76A,MSE,gradinput,60,0.4333054692643734,657,332
2E9N-76A,MSE,gradinput,65,0.4478793493959838,511,259
2E9N-76A,MSE,gradinput,70,0.4534906283543885,367,187
2E9N-76A,MSE,gradinput,75,0.46358670385867035,239,123
2E9N-76A,MSE,gradinput,80,0.4781346858269934,169,88
2E9N-76A,MSE,gradinput,85,0.43632958801498123,89,48
2E9N-76A,MSE,gradinput,90,0.4074074074074074,36,21
2E9N-76A,MSE,gradinput,95,0.2222222222222222,9,5
2E9N-76A,MSE,ig,50,0.5657553914778661,797,402
2E9N-76A,MSE,ig,55,0.5646744797934032,737,372
2E9N-76A,MSE,ig,60,0.5636698368433519,657,332
2E9N-76A,MSE,ig,65,0.5601060930806533,511,259
2E9N-76A,MSE,ig,70,0.5636419665711218,367,187
2E9N-76A,MSE,ig,75,0.5645729561001528,239,123
2E9N-76A,MSE,ig,80,0.5360242321780784,169,88
2E9N-76A,MSE,ig,85,0.5717228464419477,89,48
2E9N-76A,MSE,ig,90,0.5046296296296297,36,21
2E9N-76A,MSE,ig,95,0.4444444444444444,9,5
2E9N-76A,MSE,shap,50,0.5415392529679461,797,402
2E9N-76A,MSE,shap,55,0.5417506896266175,737,372
2E9N-76A,MSE,shap,60,0.546587485742737,657,332
2E9N-76A,MSE,shap,65,0.5458354322346494,511,259
2E9N-76A,MSE,shap,70,0.548630426491462,367,187
2E9N-76A,MSE,shap,75,0.551227004051272,239,123
2E9N-76A,MSE,shap,80,0.5473231896308819,169,88
2E9N-76A,MSE,shap,85,0.5383895131086142,89,48
2E9N-76A,MSE,shap,90,0.4259259259259259,36,21
2E9N-76A,MSE,shap,95,0.3333333333333333,9,5
2E9P-77A,MSE,cam,50,0.5574314237370562,4520,2272
2E9P-77A,MSE,cam,55,0.5575416532075216,4404,2214
2E9P-77A,MSE,cam,60,0.5622966515418509,3438,1731
2E9P-77A,MSE,cam,65,0.5677403542870781,1862,943
2E9P-77A,MSE,cam,70,0.5809931044958274,1102,563
2E9P-77A,MSE,cam,75,0.5929800533782833,678,351
2E9P-77A,MSE,cam,80,0.6052964042759962,343,180
2E9P-77A,MSE,cam,85,0.6770833333333334,144,77
2E9P-77A,MSE,cam,90,0.6746031746031746,63,36
2E9P-77A,MSE,cam,95,0.8333333333333334,6,5
2E9P-77A,MSE,diff,50,0.6811553582391661,4520,2272
2E9P-77A,MSE,diff,55,0.6822934827167277,4404,2214
2E9P-77A,MSE,diff,60,0.6875437317191205,3438,1731
2E9P-77A,MSE,diff,65,0.7062329930482467,1862,943
2E9P-77A,MSE,diff,70,0.7287885007712597,1102,563
2E9P-77A,MSE,diff,75,0.761493304303039,678,351
2E9P-77A,MSE,diff,80,0.7946550048590868,343,180
2E9P-77A,MSE,diff,85,0.808912037037037,144,77
2E9P-77A,MSE,diff,90,0.8306878306878305,63,36
2E9P-77A,MSE,diff,95,1.0,6,5
2E9P-77A,MSE,gradcam,50,0.5396626332496645,4520,2272
2E9P-77A,MSE,gradcam,55,0.5407970593642352,4404,2214
2E9P-77A,MSE,gradcam,60,0.5499858828392845,3438,1731
2E9P-77A,MSE,gradcam,65,0.5513275198962647,1862,943
2E9P-77A,MSE,gradcam,70,0.5643437551559156,1102,563
2E9P-77A,MSE,gradcam,75,0.5724188790560476,678,351
2E9P-77A,MSE,gradcam,80,0.5767458003609603,343,180
2E9P-77A,MSE,gradcam,85,0.6195601851851851,144,77
2E9P-77A,MSE,gradcam,90,0.6455026455026454,63,36
2E9P-77A,MSE,gradcam,95,0.3333333333333333,6,5
2E9P-77A,MSE,gradinput,50,0.5202864262101348,4520,2272
2E9P-77A,MSE,gradinput,55,0.5213817784316879,4404,2214
2E9P-77A,MSE,gradinput,60,0.5233480726499941,3438,1731
2E9P-77A,MSE,gradinput,65,0.5199756592613737,1862,943
2E9P-77A,MSE,gradinput,70,0.5161692436420203,1102,563
2E9P-77A,MSE,gradinput,75,0.5083386009270963,678,351
2E9P-77A,MSE,gradinput,80,0.47339303068166033,343,180
2E9P-77A,MSE,gradinput,85,0.48206018518518523,144,77
2E9P-77A,MSE,gradinput,90,0.43915343915343913,63,36
2E9P-77A,MSE,gradinput,95,0.5,6,5
2E9P-77A,MSE,ig,50,0.5926528379355912,4520,2272
2E9P-77A,MSE,ig,55,0.5940833062326863,4404,2214
2E9P-77A,MSE,ig,60,0.6034192166827391,3438,1731
2E9P-77A,MSE,ig,65,0.6257770350546941,1862,943
2E9P-77A,MSE,ig,70,0.6464365262686494,1102,563
2E9P-77A,MSE,ig,75,0.6740295921711857,678,351
2E9P-77A,MSE,ig,80,0.7257531584062199,343,180
2E9P-77A,MSE,ig,85,0.7744212962962962,144,77
2E9P-77A,MSE,ig,90,0.7671957671957671,63,36
2E9P-77A,MSE,ig,95,1.0,6,5
2E9P-77A,MSE,shap,50,0.534056804624036,4520,2272
2E9P-77A,MSE,shap,55,0.5343259510624055,4404,2214
2E9P-77A,MSE,shap,60,0.5357312900724757,3438,1731
2E9P-77A,MSE,shap,65,0.5385742971672078,1862,943
2E9P-77A,MSE,shap,70,0.5466051165007607,1102,563
2E9P-77A,MSE,shap,75,0.5486274991805971,678,351
2E9P-77A,MSE,shap,80,0.5623073719283628,343,180
2E9P-77A,MSE,shap,85,0.5577546296296299,144,77
2E9P-77A,MSE,shap,90,0.5925925925925926,63,36
2E9P-77A,MSE,shap,95,0.8333333333333334,6,5
2EI6-D92,MSE,cam,50,0.534573464989341,558,300
2EI6-D92,MSE,cam,55,0.5371426060464026,502,272
2EI6-D92,MSE,cam,60,0.5392913033758103,426,234
2EI6-D92,MSE,cam,65,0.542844742063492,384,213
2EI6-D92,MSE,cam,70,0.5486756832910679,338,190
2EI6-D92,MSE,cam,75,0.5517370470200659,318,180
2EI6-D92,MSE,cam,80,0.5588303282478041,206,120
2EI6-D92,MSE,cam,85,0.5445544554455446,101,61
2EI6-D92,MSE,cam,90,0.5740740740740741,54,36
2EI6-D92,MSE,cam,95,0.5714285714285714,7,9
2EI6-D92,MSE,diff,50,0.6477871651899578,558,300
2EI6-D92,MSE,diff,55,0.6584319971360051,502,272
2EI6-D92,MSE,diff,60,0.6642040373554464,426,234
2EI6-D92,MSE,diff,65,0.6704957802614055,384,213
2EI6-D92,MSE,diff,70,0.6767444094367171,338,190
2EI6-D92,MSE,diff,75,0.6736522911051214,318,180
2EI6-D92,MSE,diff,80,0.6860032362459545,206,120
2EI6-D92,MSE,diff,85,0.7757425742574259,101,61
2EI6-D92,MSE,diff,90,0.7962962962962964,54,36
2EI6-D92,MSE,diff,95,0.7142857142857143,7,9
2EI6-D92,MSE,gradcam,50,0.5640342001014795,558,300
2EI6-D92,MSE,gradcam,55,0.565654448798344,502,272
2EI6-D92,MSE,gradcam,60,0.5703119878295938,426,234
2EI6-D92,MSE,gradcam,65,0.5661926325988828,384,213
2EI6-D92,MSE,gradcam,70,0.5610340514186667,338,190
2EI6-D92,MSE,gradcam,75,0.5601652191274832,318,180
2EI6-D92,MSE,gradcam,80,0.5603791030975497,206,120
2EI6-D92,MSE,gradcam,85,0.5917491749174916,101,61
2EI6-D92,MSE,gradcam,90,0.6635802469135803,54,36
2EI6-D92,MSE,gradcam,95,0.8571428571428571,7,9
2EI6-D92,MSE,gradinput,50,0.560342848288727,558,300
2EI6-D92,MSE,gradinput,55,0.5557478430222758,502,272
2EI6-D92,MSE,gradinput,60,0.5482001761931347,426,234
2EI6-D92,MSE,gradinput,65,0.5463308826590084,384,213
2EI6-D92,MSE,gradinput,70,0.5451260278183359,338,190
2EI6-D92,MSE,gradinput,75,0.5472970949386046,318,180
2EI6-D92,MSE,gradinput,80,0.5826282940360609,206,120
2EI6-D92,MSE,gradinput,85,0.6628712871287129,101,61
2EI6-D92,MSE,gradinput,90,0.6296296296296295,54,36
2EI6-D92,MSE,gradinput,95,0.7142857142857143,7,9
2EI6-D92,MSE,ig,50,0.5464373224780515,558,300
2EI6-D92,MSE,ig,55,0.5471045471792475,502,272
2EI6-D92,MSE,ig,60,0.54346787797492,426,234
2EI6-D92,MSE,ig,65,0.5418500770063269,384,213
2EI6-D92,MSE,ig,70,0.536716488639566,338,190
2EI6-D92,MSE,ig,75,0.5414270739742439,318,180
2EI6-D92,MSE,ig,80,0.5786523347202961,206,120
2EI6-D92,MSE,ig,85,0.596204620462046,101,61
2EI6-D92,MSE,ig,90,0.6172839506172839,54,36
2EI6-D92,MSE,ig,95,0.8571428571428571,7,9
2EI6-D92,MSE,shap,50,0.5184579264313114,558,300
2EI6-D92,MSE,shap,55,0.5176667179655229,502,272
2EI6-D92,MSE,shap,60,0.5146611408935354,426,234
2EI6-D92,MSE,shap,65,0.5116473153582531,384,213
2EI6-D92,MSE,shap,70,0.5090790619636775,338,190
2EI6-D92,MSE,shap,75,0.5098644803833482,318,180
2EI6-D92,MSE,shap,80,0.5132223763291724,206,120
2EI6-D92,MSE,shap,85,0.5247524752475248,101,61
2EI6-D92,MSE,shap,90,0.5354938271604938,54,36
2EI6-D92,MSE,shap,95,0.5714285714285714,7,9
2ETM-7PY,MSE,cam,50,0.6338105881047055,425,216
2ETM-7PY,MSE,cam,55,0.6338105881047055,425,216
2ETM-7PY,MSE,cam,60,0.6389092008341399,413,210
2ETM-7PY,MSE,cam,65,0.6410127953361032,399,203
2ETM-7PY,MSE,cam,70,0.6510614806069347,363,185
2ETM-7PY,MSE,cam,75,0.6640434159125743,321,164
2ETM-7PY,MSE,cam,80,0.665846434267487,209,108
2ETM-7PY,MSE,cam,85,0.69187675070028,119,63
2ETM-7PY,MSE,cam,90,0.7272727272727273,55,30
2ETM-7PY,MSE,cam,95,1.0,1,1
2ETM-7PY,MSE,diff,50,0.679401715931128,425,216
2ETM-7PY,MSE,diff,55,0.679401715931128,425,216
2ETM-7PY,MSE,diff,60,0.6880647197838483,413,210
2ETM-7PY,MSE,diff,65,0.6924334646139161,399,203
2ETM-7PY,MSE,diff,70,0.703712449166995,363,185
2ETM-7PY,MSE,diff,75,0.7062960490530584,321,164
2ETM-7PY,MSE,diff,80,0.7255297334244704,209,108
2ETM-7PY,MSE,diff,85,0.7061624649859943,119,63
2ETM-7PY,MSE,diff,90,0.7242424242424245,55,30
2ETM-7PY,MSE,diff,95,1.0,1,1
2ETM-7PY,MSE,gradcam,50,0.4940110543051721,425,216
2ETM-7PY,MSE,gradcam,55,0.4940110543051721,425,216
2ETM-7PY,MSE,gradcam,60,0.4893778000315533,413,210
2ETM-7PY,MSE,gradcam,65,0.4845260698644159,399,203
2ETM-7PY,MSE,gradcam,70,0.47789365516638255,363,185
2ETM-7PY,MSE,gradcam,75,0.4761187756514859,321,164
2ETM-7PY,MSE,gradcam,80,0.5022442469810892,209,108
2ETM-7PY,MSE,gradcam,85,0.4521008403361345,119,63
2ETM-7PY,MSE,gradcam,90,0.45454545454545453,55,30
2ETM-7PY,MSE,gradcam,95,0.0,1,1
2ETM-7PY,MSE,gradinput,50,0.4845434957199665,425,216
2ETM-7PY,MSE,gradinput,55,0.4845434957199665,425,216
2ETM-7PY,MSE,gradinput,60,0.4860314423268423,413,210
2ETM-7PY,MSE,gradinput,65,0.4894601221668896,399,203
2ETM-7PY,MSE,gradinput,70,0.49125453670908276,363,185
2ETM-7PY,MSE,gradinput,75,0.49842506057459396,321,164
2ETM-7PY,MSE,gradinput,80,0.5305650489861016,209,108
2ETM-7PY,MSE,gradinput,85,0.5928571428571429,119,63
2ETM-7PY,MSE,gradinput,90,0.7060606060606063,55,30
2ETM-7PY,MSE,gradinput,95,1.0,1,1
2ETM-7PY,MSE,ig,50,0.6185700443347505,425,216
2ETM-7PY,MSE,ig,55,0.6185700443347505,425,216
2ETM-7PY,MSE,ig,60,0.6260910464300299,413,210
2ETM-7PY,MSE,ig,65,0.631250565085152,399,203
2ETM-7PY,MSE,ig,70,0.6406510997420095,363,185
2ETM-7PY,MSE,ig,75,0.6530732334470657,321,164
2ETM-7PY,MSE,ig,80,0.6680109364319888,209,108
2ETM-7PY,MSE,ig,85,0.6714285714285714,119,63
2ETM-7PY,MSE,ig,90,0.7272727272727274,55,30
2ETM-7PY,MSE,ig,95,1.0,1,1
2ETM-7PY,MSE,shap,50,0.5269773559773562,425,216
2ETM-7PY,MSE,shap,55,0.5269773559773562,425,216
2ETM-7PY,MSE,shap,60,0.5250574082898539,413,210
2ETM-7PY,MSE,shap,65,0.5284528963100394,399,203
2ETM-7PY,MSE,shap,70,0.528622808168263,363,185
2ETM-7PY,MSE,shap,75,0.5265069475349852,321,164
2ETM-7PY,MSE,shap,80,0.5250284802916384,209,108
2ETM-7PY,MSE,shap,85,0.5406162464985993,119,63
2ETM-7PY,MSE,shap,90,0.5545454545454546,55,30
2ETM-7PY,MSE,shap,95,0.0,1,1
2EUF-LQQ,MSE,cam,50,0.4972217127696253,2790,1424
2EUF-LQQ,MSE,cam,55,0.49582109981331024,2054,1056
2EUF-LQQ,MSE,cam,60,0.49529375043987506,1574,816
2EUF-LQQ,MSE,cam,65,0.49535295075295077,1500,779
2EUF-LQQ,MSE,cam,70,0.4946633518676932,1336,697
2EUF-LQQ,MSE,cam,75,0.49423726508938404,1109,583
2EUF-LQQ,MSE,cam,80,0.49441340782122895,895,475
2EUF-LQQ,MSE,cam,85,0.4885149572649573,624,339
2EUF-LQQ,MSE,cam,90,0.4841269841269841,357,203
2EUF-LQQ,MSE,cam,95,0.4090909090909091,44,36
2EUF-LQQ,MSE,diff,50,0.6278303430577549,2790,1424
2EUF-LQQ,MSE,diff,55,0.6474259721002094,2054,1056
2EUF-LQQ,MSE,diff,60,0.6608123646084251,1574,816
2EUF-LQQ,MSE,diff,65,0.6625926610426606,1500,779
2EUF-LQQ,MSE,diff,70,0.663747423983202,1336,697
2EUF-LQQ,MSE,diff,75,0.6615687663703896,1109,583
2EUF-LQQ,MSE,diff,80,0.6475099760574625,895,475
2EUF-LQQ,MSE,diff,85,0.6481036324786329,624,339
2EUF-LQQ,MSE,diff,90,0.6680672268907563,357,203
2EUF-LQQ,MSE,diff,95,0.6590909090909091,44,36
2EUF-LQQ,MSE,gradcam,50,0.5312724031242454,2790,1424
2EUF-LQQ,MSE,gradcam,55,0.5495454396365095,2054,1056
2EUF-LQQ,MSE,gradcam,60,0.5617348520461615,1574,816
2EUF-LQQ,MSE,gradcam,65,0.559793347393348,1500,779
2EUF-LQQ,MSE,gradcam,70,0.5648442292903371,1336,697
2EUF-LQQ,MSE,gradcam,75,0.5545543675841239,1109,583
2EUF-LQQ,MSE,gradcam,80,0.5350332535248735,895,475
2EUF-LQQ,MSE,gradcam,85,0.5156784188034185,624,339
2EUF-LQQ,MSE,gradcam,90,0.5214752567693746,357,203
2EUF-LQQ,MSE,gradcam,95,0.5,44,36
2EUF-LQQ,MSE,gradinput,50,0.5618787131270474,2790,1424
2EUF-LQQ,MSE,gradinput,55,0.5777894445036018,2054,1056
2EUF-LQQ,MSE,gradinput,60,0.5874941326497878,1574,816
2EUF-LQQ,MSE,gradinput,65,0.5867383930883933,1500,779
2EUF-LQQ,MSE,gradinput,70,0.5885976693798556,1336,697
2EUF-LQQ,MSE,gradinput,75,0.5767629925429744,1109,583
2EUF-LQQ,MSE,gradinput,80,0.5548443735035918,895,475
2EUF-LQQ,MSE,gradinput,85,0.5397168803418809,624,339
2EUF-LQQ,MSE,gradinput,90,0.5247432306255837,357,203
2EUF-LQQ,MSE,gradinput,95,0.5454545454545454,44,36
2EUF-LQQ,MSE,ig,50,0.5989063526270585,2790,1424
2EUF-LQQ,MSE,ig,55,0.6136145915708036,2054,1056
2EUF-LQQ,MSE,ig,60,0.6275144504655308,1574,816
2EUF-LQQ,MSE,ig,65,0.6278856717356714,1500,779
2EUF-LQQ,MSE,ig,70,0.6276246208880935,1336,697
2EUF-LQQ,MSE,ig,75,0.6202967781642258,1109,583
2EUF-LQQ,MSE,ig,80,0.6055945730247407,895,475
2EUF-LQQ,MSE,ig,85,0.598477564102564,624,339
2EUF-LQQ,MSE,ig,90,0.6260504201680672,357,203
2EUF-LQQ,MSE,ig,95,0.6590909090909091,44,36
2EUF-LQQ,MSE,shap,50,0.5283445763471306,2790,1424
2EUF-LQQ,MSE,shap,55,0.5289260932059775,2054,1056
2EUF-LQQ,MSE,shap,60,0.5321650730322902,1574,816
2EUF-LQQ,MSE,shap,65,0.5325434361934361,1500,779
2EUF-LQQ,MSE,shap,70,0.5313329779834274,1336,697
2EUF-LQQ,MSE,shap,75,0.5321718407832025,1109,583
2EUF-LQQ,MSE,shap,80,0.5318196328810855,895,475
2EUF-LQQ,MSE,shap,85,0.5322649572649573,624,339
2EUF-LQQ,MSE,shap,90,0.53828197945845,357,203
2EUF-LQQ,MSE,shap,95,0.5454545454545454,44,36
2F3E-AXQ,MSE,cam,50,0.5047916666666666,40,21
2F3E-AXQ,MSE,cam,55,0.5047916666666666,40,21
2F3E-AXQ,MSE,cam,60,0.5056372549019608,34,18
2F3E-AXQ,MSE,cam,65,0.5068452380952381,28,15
2F3E-AXQ,MSE,cam,70,0.5052083333333334,24,13
2F3E-AXQ,MSE,cam,75,0.5125,10,6
2F3E-AXQ,MSE,cam,80,0.53125,4,3
2F3E-AXQ,MSE,cam,85,,0,1
2F3E-AXQ,MSE,cam,90,,0,1
2F3E-AXQ,MSE,cam,95,,0,1
2F3E-AXQ,MSE,diff,50,0.6290467555105714,40,21
2F3E-AXQ,MSE,diff,55,0.6290467555105714,40,21
2F3E-AXQ,MSE,diff,60,0.6285458414134886,34,18
2F3E-AXQ,MSE,diff,65,0.6361012994941566,28,15
2F3E-AXQ,MSE,diff,70,0.6596686877936876,24,13
2F3E-AXQ,MSE,diff,75,0.6194444444444445,10,6
2F3E-AXQ,MSE,diff,80,0.5590277777777778,4,3
2F3E-AXQ,MSE,diff,85,,0,1
2F3E-AXQ,MSE,diff,90,,0,1
2F3E-AXQ,MSE,diff,95,,0,1
2F3E-AXQ,MSE,gradcam,50,0.5626082032003084,40,21
2F3E-AXQ,MSE,gradcam,55,0.5626082032003084,40,21
2F3E-AXQ,MSE,gradcam,60,0.566054370466135,34,18
2F3E-AXQ,MSE,gradcam,65,0.5746533228676085,28,15
2F3E-AXQ,MSE,gradcam,70,0.5607066544566545,24,13
2F3E-AXQ,MSE,gradcam,75,0.6125,10,6
2F3E-AXQ,MSE,gradcam,80,0.6875,4,3
2F3E-AXQ,MSE,gradcam,85,,0,1
2F3E-AXQ,MSE,gradcam,90,,0,1
2F3E-AXQ,MSE,gradcam,95,,0,1
2F3E-AXQ,MSE,gradinput,50,0.5643129786879786,40,21
2F3E-AXQ,MSE,gradinput,55,0.5643129786879786,40,21
2F3E-AXQ,MSE,gradinput,60,0.5650414128355304,34,18
2F3E-AXQ,MSE,gradinput,65,0.5734233028875886,28,15
2F3E-AXQ,MSE,gradinput,70,0.5773271867021867,24,13
2F3E-AXQ,MSE,gradinput,75,0.5916666666666667,10,6
2F3E-AXQ,MSE,gradinput,80,0.6770833333333333,4,3
2F3E-AXQ,MSE,gradinput,85,,0,1
2F3E-AXQ,MSE,gradinput,90,,0,1
2F3E-AXQ,MSE,gradinput,95,,0,1
2F3E-AXQ,MSE,ig,50,0.584340303337014,40,21
2F3E-AXQ,MSE,ig,55,0.584340303337014,40,21
2F3E-AXQ,MSE,ig,60,0.5988418036212153,34,18
2F3E-AXQ,MSE,ig,65,0.6464606821749678,28,15
2F3E-AXQ,MSE,ig,70,0.6312874625374625,24,13
2F3E-AXQ,MSE,ig,75,0.7166666666666666,10,6
2F3E-AXQ,MSE,ig,80,0.75,4,3
2F3E-AXQ,MSE,ig,85,,0,1
2F3E-AXQ,MSE,ig,90,,0,1
2F3E-AXQ,MSE,ig,95,,0,1
2F3E-AXQ,MSE,shap,50,0.5228206588732904,40,21
2F3E-AXQ,MSE,shap,55,0.5228206588732904,40,21
2F3E-AXQ,MSE,shap,60,0.5102837521955168,34,18
2F3E-AXQ,MSE,shap,65,0.5089159848088419,28,15
2F3E-AXQ,MSE,shap,70,0.5120433964183965,24,13
2F3E-AXQ,MSE,shap,75,0.5202020202020202,10,6
2F3E-AXQ,MSE,shap,80,0.579861111111111,4,3
2F3E-AXQ,MSE,shap,85,,0,1
2F3E-AXQ,MSE,shap,90,,0,1
2F3E-AXQ,MSE,shap,95,,0,1
2F89-210,MSE,cam,50,0.49523809523809526,105,56
2F89-210,MSE,cam,55,0.4927536231884058,69,38
2F89-210,MSE,cam,60,0.49122807017543857,57,31
2F89-210,MSE,cam,65,0.5,42,23
2F89-210,MSE,cam,70,0.5,14,9
2F89-210,MSE,cam,75,0.5,6,5
2F89-210,MSE,cam,80,0.5,4,4
2F89-210,MSE,cam,85,0.6666666666666666,3,3
2F89-210,MSE,cam,90,0.6666666666666666,3,3
2F89-210,MSE,cam,95,0.0,1,1
2F89-210,MSE,diff,50,0.5418570054284341,105,56
2F89-210,MSE,diff,55,0.5810721082460212,69,38
2F89-210,MSE,diff,60,0.5852896129211917,57,31
2F89-210,MSE,diff,65,0.5920918367346938,42,23
2F89-210,MSE,diff,70,0.5989795918367348,14,9
2F89-210,MSE,diff,75,0.6833333333333332,6,5
2F89-210,MSE,diff,80,0.625,4,4
2F89-210,MSE,diff,85,0.5,3,3
2F89-210,MSE,diff,90,0.5,3,3
2F89-210,MSE,diff,95,1.0,1,1
2F89-210,MSE,gradcam,50,0.4057342128770699,105,56
2F89-210,MSE,gradcam,55,0.45216031955162367,69,38
2F89-210,MSE,gradcam,60,0.453982177666388,57,31
2F89-210,MSE,gradcam,65,0.4751511715797429,42,23
2F89-210,MSE,gradcam,70,0.5739795918367346,14,9
2F89-210,MSE,gradcam,75,0.625,6,5
2F89-210,MSE,gradcam,80,0.6875,4,4
2F89-210,MSE,gradcam,85,0.6666666666666666,3,3
2F89-210,MSE,gradcam,90,0.6666666666666666,3,3
2F89-210,MSE,gradcam,95,0.0,1,1
2F89-210,MSE,gradinput,50,0.4149591149591149,105,56
2F89-210,MSE,gradinput,55,0.4856536378275508,69,38
2F89-210,MSE,gradinput,60,0.46438318017265384,57,31
2F89-210,MSE,gradinput,65,0.4583144368858655,42,23
2F89-210,MSE,gradinput,70,0.5806122448979592,14,9
2F89-210,MSE,gradinput,75,0.7083333333333334,6,5
2F89-210,MSE,gradinput,80,0.8125,4,4
2F89-210,MSE,gradinput,85,0.8333333333333334,3,3
2F89-210,MSE,gradinput,90,0.8333333333333334,3,3
2F89-210,MSE,gradinput,95,1.0,1,1
2F89-210,MSE,ig,50,0.5272844087129802,105,56
2F89-210,MSE,ig,55,0.5654401154401155,69,38
2F89-210,MSE,ig,60,0.5677666388192703,57,31
2F89-210,MSE,ig,65,0.5733371126228268,42,23
2F89-210,MSE,ig,70,0.6448979591836734,14,9
2F89-210,MSE,ig,75,0.7666666666666666,6,5
2F89-210,MSE,ig,80,0.75,4,4
2F89-210,MSE,ig,85,0.6666666666666666,3,3
2F89-210,MSE,ig,90,0.6666666666666666,3,3
2F89-210,MSE,ig,95,1.0,1,1
2F89-210,MSE,shap,50,0.5116326530612246,105,56
2F89-210,MSE,shap,55,0.5017085973607713,69,38
2F89-210,MSE,shap,60,0.5039264828738513,57,31
2F89-210,MSE,shap,65,0.4961829176114891,42,23
2F89-210,MSE,shap,70,0.4918367346938775,14,9
2F89-210,MSE,shap,75,0.5499999999999999,6,5
2F89-210,MSE,shap,80,0.375,4,4
2F89-210,MSE,shap,85,0.5,3,3
2F89-210,MSE,shap,90,0.5,3,3
2F89-210,MSE,shap,95,0.0,1,1
2F8C-ZOL,MSE,cam,50,0.22058823529411764,68,53
2F8C-ZOL,MSE,cam,55,0.2222222222222222,63,49
2F8C-ZOL,MSE,cam,60,0.23636363636363636,55,42
2F8C-ZOL,MSE,cam,65,0.22727272727272727,44,34
2F8C-ZOL,MSE,cam,70,0.21428571428571427,28,22
2F8C-ZOL,MSE,cam,75,0.19047619047619047,21,17
2F8C-ZOL,MSE,cam,80,0.1111111111111111,9,8
2F8C-ZOL,MSE,cam,85,0.0,6,6
2F8C-ZOL,MSE,cam,90,0.0,6,6
2F8C-ZOL,MSE,cam,95,0.0,1,1
2F8C-ZOL,MSE,diff,50,0.6012791538526834,68,53
2F8C-ZOL,MSE,diff,55,0.6043459626792962,63,49
2F8C-ZOL,MSE,diff,60,0.5970293847566576,55,42
2F8C-ZOL,MSE,diff,65,0.5658459595959597,44,34
2F8C-ZOL,MSE,diff,70,0.5322704081632653,28,22
2F8C-ZOL,MSE,diff,75,0.5664399092970521,21,17
2F8C-ZOL,MSE,diff,80,0.5148148148148148,9,8
2F8C-ZOL,MSE,diff,85,0.5277777777777778,6,6
2F8C-ZOL,MSE,diff,90,0.5277777777777778,6,6
2F8C-ZOL,MSE,diff,95,1.0,1,1
2F8C-ZOL,MSE,gradcam,50,0.5015240070387127,68,53
2F8C-ZOL,MSE,gradcam,55,0.5019066030970791,63,49
2F8C-ZOL,MSE,gradcam,60,0.5054473304473303,55,42
2F8C-ZOL,MSE,gradcam,65,0.4941829004329002,44,34
2F8C-ZOL,MSE,gradcam,70,0.4644982993197279,28,22
2F8C-ZOL,MSE,gradcam,75,0.4236961451247166,21,17
2F8C-ZOL,MSE,gradcam,80,0.2148148148148148,9,8
2F8C-ZOL,MSE,gradcam,85,0.0,6,6
2F8C-ZOL,MSE,gradcam,90,0.0,6,6
2F8C-ZOL,MSE,gradcam,95,0.0,1,1
2F8C-ZOL,MSE,gradinput,50,0.761670763876646,68,53
2F8C-ZOL,MSE,gradinput,55,0.7544424711091375,63,49
2F8C-ZOL,MSE,gradinput,60,0.7377226813590446,55,42
2F8C-ZOL,MSE,gradinput,65,0.7358585858585858,44,34
2F8C-ZOL,MSE,gradinput,70,0.6917517006802721,28,22
2F8C-ZOL,MSE,gradinput,75,0.6548752834467122,21,17
2F8C-ZOL,MSE,gradinput,80,0.4222222222222223,9,8
2F8C-ZOL,MSE,gradinput,85,0.2222222222222222,6,6
2F8C-ZOL,MSE,gradinput,90,0.2222222222222222,6,6
2F8C-ZOL,MSE,gradinput,95,0.0,1,1
2F8C-ZOL,MSE,ig,50,0.6451268094650445,68,53
2F8C-ZOL,MSE,ig,55,0.6422544386830099,63,49
2F8C-ZOL,MSE,ig,60,0.6244844549390003,55,42
2F8C-ZOL,MSE,ig,65,0.5990169552669552,44,34
2F8C-ZOL,MSE,ig,70,0.5584608843537415,28,22
2F8C-ZOL,MSE,ig,75,0.5664399092970521,21,17
2F8C-ZOL,MSE,ig,80,0.5148148148148148,9,8
2F8C-ZOL,MSE,ig,85,0.5277777777777778,6,6
2F8C-ZOL,MSE,ig,90,0.5277777777777778,6,6
2F8C-ZOL,MSE,ig,95,1.0,1,1
2F8C-ZOL,MSE,shap,50,0.4874859617506675,68,53
2F8C-ZOL,MSE,shap,55,0.4819576367195414,63,49
2F8C-ZOL,MSE,shap,60,0.461734225370589,55,42
2F8C-ZOL,MSE,shap,65,0.44264069264069267,44,34
2F8C-ZOL,MSE,shap,70,0.40467687074829933,28,22
2F8C-ZOL,MSE,shap,75,0.3824263038548753,21,17
2F8C-ZOL,MSE,shap,80,0.4148148148148148,9,8
2F8C-ZOL,MSE,shap,85,0.3333333333333333,6,6
2F8C-ZOL,MSE,shap,90,0.3333333333333333,6,6
2F8C-ZOL,MSE,shap,95,1.0,1,1
2FME-3QC,MSE,cam,50,0.5094339622641509,53,27
2FME-3QC,MSE,cam,55,0.5094339622641509,53,27
2FME-3QC,MSE,cam,60,0.5094339622641509,53,27
2FME-3QC,MSE,cam,65,0.5094339622641509,53,27
2FME-3QC,MSE,cam,70,0.5094339622641509,53,27
2FME-3QC,MSE,cam,75,0.5111111111111111,45,23
2FME-3QC,MSE,cam,80,0.5172413793103449,29,15
2FME-3QC,MSE,cam,85,0.5454545454545454,11,6
2FME-3QC,MSE,cam,90,0.6666666666666666,3,2
2FME-3QC,MSE,cam,95,1.0,1,1
2FME-3QC,MSE,diff,50,0.5267744833782569,53,27
2FME-3QC,MSE,diff,55,0.5267744833782569,53,27
2FME-3QC,MSE,diff,60,0.5267744833782569,53,27
2FME-3QC,MSE,diff,65,0.5267744833782569,53,27
2FME-3QC,MSE,diff,70,0.5267744833782569,53,27
2FME-3QC,MSE,diff,75,0.5303703703703704,45,23
2FME-3QC,MSE,diff,80,0.5620689655172414,29,15
2FME-3QC,MSE,diff,85,0.5454545454545454,11,6
2FME-3QC,MSE,diff,90,0.6666666666666666,3,2
2FME-3QC,MSE,diff,95,0.0,1,1
2FME-3QC,MSE,gradcam,50,0.6557053009883197,53,27
2FME-3QC,MSE,gradcam,55,0.6557053009883197,53,27
2FME-3QC,MSE,gradcam,60,0.6557053009883197,53,27
2FME-3QC,MSE,gradcam,65,0.6557053009883197,53,27
2FME-3QC,MSE,gradcam,70,0.6557053009883197,53,27
2FME-3QC,MSE,gradcam,75,0.6918518518518518,45,23
2FME-3QC,MSE,gradcam,80,0.7689655172413793,29,15
2FME-3QC,MSE,gradcam,85,0.9545454545454546,11,6
2FME-3QC,MSE,gradcam,90,0.8333333333333334,3,2
2FME-3QC,MSE,gradcam,95,1.0,1,1
2FME-3QC,MSE,gradinput,50,0.5859389038634324,53,27
2FME-3QC,MSE,gradinput,55,0.5859389038634324,53,27
2FME-3QC,MSE,gradinput,60,0.5859389038634324,53,27
2FME-3QC,MSE,gradinput,65,0.5859389038634324,53,27
2FME-3QC,MSE,gradinput,70,0.5859389038634324,53,27
2FME-3QC,MSE,gradinput,75,0.5911111111111113,45,23
2FME-3QC,MSE,gradinput,80,0.603448275862069,29,15
2FME-3QC,MSE,gradinput,85,0.5,11,6
2FME-3QC,MSE,gradinput,90,0.5,3,2
2FME-3QC,MSE,gradinput,95,0.0,1,1
2FME-3QC,MSE,ig,50,0.6220575022461815,53,27
2FME-3QC,MSE,ig,55,0.6220575022461815,53,27
2FME-3QC,MSE,ig,60,0.6220575022461815,53,27
2FME-3QC,MSE,ig,65,0.6220575022461815,53,27
2FME-3QC,MSE,ig,70,0.6220575022461815,53,27
2FME-3QC,MSE,ig,75,0.6474074074074074,45,23
2FME-3QC,MSE,ig,80,0.6137931034482759,29,15
2FME-3QC,MSE,ig,85,0.5454545454545454,11,6
2FME-3QC,MSE,ig,90,0.6666666666666666,3,2
2FME-3QC,MSE,ig,95,0.0,1,1
2FME-3QC,MSE,shap,50,0.5265498652291105,53,27
2FME-3QC,MSE,shap,55,0.5265498652291105,53,27
2FME-3QC,MSE,shap,60,0.5265498652291105,53,27
2FME-3QC,MSE,shap,65,0.5265498652291105,53,27
2FME-3QC,MSE,shap,70,0.5265498652291105,53,27
2FME-3QC,MSE,shap,75,0.5007407407407407,45,23
2FME-3QC,MSE,shap,80,0.5551724137931034,29,15
2FME-3QC,MSE,shap,85,0.6590909090909091,11,6
2FME-3QC,MSE,shap,90,0.5,3,2
2FME-3QC,MSE,shap,95,0.0,1,1
2FPT-ILB,MSE,cam,50,0.5212765957446809,94,49
2FPT-ILB,MSE,cam,55,0.5212765957446809,94,49
2FPT-ILB,MSE,cam,60,0.5212765957446809,94,49
2FPT-ILB,MSE,cam,65,0.5212765957446809,94,49
2FPT-ILB,MSE,cam,70,0.5217391304347826,92,48
2FPT-ILB,MSE,cam,75,0.5256410256410257,78,41
2FPT-ILB,MSE,cam,80,0.5238095238095238,63,33
2FPT-ILB,MSE,cam,85,0.5277777777777778,36,19
2FPT-ILB,MSE,cam,90,0.5384615384615384,13,7
2FPT-ILB,MSE,cam,95,,0,0
2FPT-ILB,MSE,diff,50,0.5146361026680176,94,49
2FPT-ILB,MSE,diff,55,0.5146361026680176,94,49
2FPT-ILB,MSE,diff,60,0.5146361026680176,94,49
2FPT-ILB,MSE,diff,65,0.5146361026680176,94,49
2FPT-ILB,MSE,diff,70,0.5138673222912352,92,48
2FPT-ILB,MSE,diff,75,0.5309218559218559,78,41
2FPT-ILB,MSE,diff,80,0.5462962962962963,63,33
2FPT-ILB,MSE,diff,85,0.574074074074074,36,19
2FPT-ILB,MSE,diff,90,0.5769230769230769,13,7
2FPT-ILB,MSE,diff,95,,0,0
2FPT-ILB,MSE,gradcam,50,0.567937352245863,94,49
2FPT-ILB,MSE,gradcam,55,0.567937352245863,94,49
2FPT-ILB,MSE,gradcam,60,0.567937352245863,94,49
2FPT-ILB,MSE,gradcam,65,0.567937352245863,94,49
2FPT-ILB,MSE,gradcam,70,0.5705012077294687,92,48
2FPT-ILB,MSE,gradcam,75,0.5876068376068377,78,41
2FPT-ILB,MSE,gradcam,80,0.6005291005291007,63,33
2FPT-ILB,MSE,gradcam,85,0.6157407407407407,36,19
2FPT-ILB,MSE,gradcam,90,0.6538461538461539,13,7
2FPT-ILB,MSE,gradcam,95,,0,0
2FPT-ILB,MSE,gradinput,50,0.6060579196217495,94,49
2FPT-ILB,MSE,gradinput,55,0.6060579196217495,94,49
2FPT-ILB,MSE,gradinput,60,0.6060579196217495,94,49
2FPT-ILB,MSE,gradinput,65,0.6060579196217495,94,49
2FPT-ILB,MSE,gradinput,70,0.6094504830917874,92,48
2FPT-ILB,MSE,gradinput,75,0.6260683760683762,78,41
2FPT-ILB,MSE,gradinput,80,0.6481481481481483,63,33
2FPT-ILB,MSE,gradinput,85,0.6435185185185185,36,19
2FPT-ILB,MSE,gradinput,90,0.6923076923076923,13,7
2FPT-ILB,MSE,gradinput,95,,0,0
2FPT-ILB,MSE,ig,50,0.4835824045930428,94,49
2FPT-ILB,MSE,ig,55,0.4835824045930428,94,49
2FPT-ILB,MSE,ig,60,0.4835824045930428,94,49
2FPT-ILB,MSE,ig,65,0.4835824045930428,94,49
2FPT-ILB,MSE,ig,70,0.4859428916494133,92,48
2FPT-ILB,MSE,ig,75,0.5007631257631258,78,41
2FPT-ILB,MSE,ig,80,0.4907407407407408,63,33
2FPT-ILB,MSE,ig,85,0.4305555555555556,36,19
2FPT-ILB,MSE,ig,90,0.4230769230769231,13,7
2FPT-ILB,MSE,ig,95,,0,0
2FPT-ILB,MSE,shap,50,0.4920845997973657,94,49
2FPT-ILB,MSE,shap,55,0.4920845997973657,94,49
2FPT-ILB,MSE,shap,60,0.4920845997973657,94,49
2FPT-ILB,MSE,shap,65,0.4920845997973657,94,49
2FPT-ILB,MSE,shap,70,0.4984342650103519,92,48
2FPT-ILB,MSE,shap,75,0.4777472527472527,78,41
2FPT-ILB,MSE,shap,80,0.4753968253968254,63,33
2FPT-ILB,MSE,shap,85,0.462962962962963,36,19
2FPT-ILB,MSE,shap,90,0.5,13,7
2FPT-ILB,MSE,shap,95,,0,0
2FWZ-H71,MSE,cam,50,0.5038639876352395,647,326
2FWZ-H71,MSE,cam,55,0.5038639876352395,647,326
2FWZ-H71,MSE,cam,60,0.5039619651347068,631,318
2FWZ-H71,MSE,cam,65,0.5042016806722689,595,300
2FWZ-H71,MSE,cam,70,0.5039164490861618,383,193
2FWZ-H71,MSE,cam,75,0.5081081081081081,185,94
2FWZ-H71,MSE,cam,80,0.5205479452054794,73,38
2FWZ-H71,MSE,cam,85,0.5652173913043478,23,13
2FWZ-H71,MSE,cam,90,0.625,8,5
2FWZ-H71,MSE,cam,95,1.0,2,2
2FWZ-H71,MSE,diff,50,0.5424534121211096,647,326
2FWZ-H71,MSE,diff,55,0.5424534121211096,647,326
2FWZ-H71,MSE,diff,60,0.5423412957882058,631,318
2FWZ-H71,MSE,diff,65,0.5437587762377684,595,300
2FWZ-H71,MSE,diff,70,0.5367659248207555,383,193
2FWZ-H71,MSE,diff,75,0.5486743886743888,185,94
2FWZ-H71,MSE,diff,80,0.5664383561643835,73,38
2FWZ-H71,MSE,diff,85,0.6992753623188407,23,13
2FWZ-H71,MSE,diff,90,0.875,8,5
2FWZ-H71,MSE,diff,95,1.0,2,2
2FWZ-H71,MSE,gradcam,50,0.546901196862556,647,326
2FWZ-H71,MSE,gradcam,55,0.546901196862556,647,326
2FWZ-H71,MSE,gradcam,60,0.5464113321086368,631,318
2FWZ-H71,MSE,gradcam,65,0.5459930032619096,595,300
2FWZ-H71,MSE,gradcam,70,0.5573656181358537,383,193
2FWZ-H71,MSE,gradcam,75,0.5829729729729728,185,94
2FWZ-H71,MSE,gradcam,80,0.6235159817351597,73,38
2FWZ-H71,MSE,gradcam,85,0.8442028985507245,23,13
2FWZ-H71,MSE,gradcam,90,0.875,8,5
2FWZ-H71,MSE,gradcam,95,1.0,2,2
2FWZ-H71,MSE,gradinput,50,0.48718966933804675,647,326
2FWZ-H71,MSE,gradinput,55,0.48718966933804675,647,326
2FWZ-H71,MSE,gradinput,60,0.48709124121168473,631,318
2FWZ-H71,MSE,gradinput,65,0.4880463700631765,595,300
2FWZ-H71,MSE,gradinput,70,0.492737991628331,383,193
2FWZ-H71,MSE,gradinput,75,0.49563706563706583,185,94
2FWZ-H71,MSE,gradinput,80,0.4936073059360731,73,38
2FWZ-H71,MSE,gradinput,85,0.48188405797101447,23,13
2FWZ-H71,MSE,gradinput,90,0.5,8,5
2FWZ-H71,MSE,gradinput,95,0.5,2,2
2FWZ-H71,MSE,ig,50,0.5143547162094297,647,326
2FWZ-H71,MSE,ig,55,0.5143547162094297,647,326
2FWZ-H71,MSE,ig,60,0.5142093071570087,631,318
2FWZ-H71,MSE,ig,65,0.5121829944098855,595,300
2FWZ-H71,MSE,ig,70,0.5180529653114501,383,193
2FWZ-H71,MSE,ig,75,0.5152767052767055,185,94
2FWZ-H71,MSE,ig,80,0.5226027397260276,73,38
2FWZ-H71,MSE,ig,85,0.7137681159420289,23,13
2FWZ-H71,MSE,ig,90,0.8125,8,5
2FWZ-H71,MSE,ig,95,0.5,2,2
2FWZ-H71,MSE,shap,50,0.5280927384482255,647,326
2FWZ-H71,MSE,shap,55,0.5280927384482255,647,326
2FWZ-H71,MSE,shap,60,0.5255977690209072,631,318
2FWZ-H71,MSE,shap,65,0.5246559229752508,595,300
2FWZ-H71,MSE,shap,70,0.5149135894566703,383,193
2FWZ-H71,MSE,shap,75,0.5090090090090088,185,94
2FWZ-H71,MSE,shap,80,0.4874429223744294,73,38
2FWZ-H71,MSE,shap,85,0.4275362318840579,23,13
2FWZ-H71,MSE,shap,90,0.3125,8,5
2FWZ-H71,MSE,shap,95,0.5,2,2
2G19-4HG,MSE,cam,50,0.5106382978723404,94,47
2G19-4HG,MSE,cam,55,0.5111111111111111,90,45
2G19-4HG,MSE,cam,60,0.5185185185185185,54,27
2G19-4HG,MSE,cam,65,0.525,40,20
2G19-4HG,MSE,cam,70,0.5294117647058824,34,17
2G19-4HG,MSE,cam,75,0.5333333333333333,30,15
2G19-4HG,MSE,cam,80,0.5,20,10
2G19-4HG,MSE,cam,85,0.5,8,4
2G19-4HG,MSE,cam,90,,0,0
2G19-4HG,MSE,cam,95,,0,0
2G19-4HG,MSE,diff,50,0.6628057226461477,94,47
2G19-4HG,MSE,diff,55,0.6677664002663999,90,45
2G19-4HG,MSE,diff,60,0.7453737106514886,54,27
2G19-4HG,MSE,diff,65,0.78843253968254,40,20
2G19-4HG,MSE,diff,70,0.8103291316526614,34,17
2G19-4HG,MSE,diff,75,0.8261111111111114,30,15
2G19-4HG,MSE,diff,80,0.8224999999999998,20,10
2G19-4HG,MSE,diff,85,0.7708333333333334,8,4
2G19-4HG,MSE,diff,90,,0,0
2G19-4HG,MSE,diff,95,,0,0
2G19-4HG,MSE,gradcam,50,0.5881640522597972,94,47
2G19-4HG,MSE,gradcam,55,0.5937403029069698,90,45
2G19-4HG,MSE,gradcam,60,0.6487393779060446,54,27
2G19-4HG,MSE,gradcam,65,0.6495039682539682,40,20
2G19-4HG,MSE,gradcam,70,0.6444327731092435,34,17
2G19-4HG,MSE,gradcam,75,0.625,30,15
2G19-4HG,MSE,gradcam,80,0.6541666666666668,20,10
2G19-4HG,MSE,gradcam,85,0.7083333333333334,8,4
2G19-4HG,MSE,gradcam,90,,0,0
2G19-4HG,MSE,gradcam,95,,0,0
2G19-4HG,MSE,gradinput,50,0.4662667710540048,94,47
2G19-4HG,MSE,gradinput,55,0.46531425364758683,90,45
2G19-4HG,MSE,gradinput,60,0.4498035914702581,54,27
2G19-4HG,MSE,gradinput,65,0.4261111111111111,40,20
2G19-4HG,MSE,gradinput,70,0.391421568627451,34,17
2G19-4HG,MSE,gradinput,75,0.3561111111111111,30,15
2G19-4HG,MSE,gradinput,80,0.36750000000000005,20,10
2G19-4HG,MSE,gradinput,85,0.46875,8,4
2G19-4HG,MSE,gradinput,90,,0,0
2G19-4HG,MSE,gradinput,95,,0,0
2G19-4HG,MSE,ig,50,0.5976183686290067,94,47
2G19-4HG,MSE,ig,55,0.5989234530901196,90,45
2G19-4HG,MSE,ig,60,0.6012993693549249,54,27
2G19-4HG,MSE,ig,65,0.585188492063492,40,20
2G19-4HG,MSE,ig,70,0.5822478991596638,34,17
2G19-4HG,MSE,ig,75,0.5866666666666667,30,15
2G19-4HG,MSE,ig,80,0.5800000000000001,20,10
2G19-4HG,MSE,ig,85,0.53125,8,4
2G19-4HG,MSE,ig,90,,0,0
2G19-4HG,MSE,ig,95,,0,0
2G19-4HG,MSE,shap,50,0.5137026980112087,94,47
2G19-4HG,MSE,shap,55,0.509443981943982,90,45
2G19-4HG,MSE,shap,60,0.48768772379883496,54,27
2G19-4HG,MSE,shap,65,0.4674503968253969,40,20
2G19-4HG,MSE,shap,70,0.4596638655462185,34,17
2G19-4HG,MSE,shap,75,0.4566666666666667,30,15
2G19-4HG,MSE,shap,80,0.43499999999999994,20,10
2G19-4HG,MSE,shap,85,0.5729166666666667,8,4
2G19-4HG,MSE,shap,90,,0,0
2G19-4HG,MSE,shap,95,,0,0
2G1R-3IG,MSE,cam,50,0.5049239537494571,149,76
2G1R-3IG,MSE,cam,55,0.5049909463174769,147,75
2G1R-3IG,MSE,cam,60,0.5051305532074762,143,73
2G1R-3IG,MSE,cam,65,0.5052781950263965,139,71
2G1R-3IG,MSE,cam,70,0.5050133284866108,131,67
2G1R-3IG,MSE,cam,75,0.504774986917844,91,47
2G1R-3IG,MSE,cam,80,0.5022831050228311,73,38
2G1R-3IG,MSE,cam,85,0.4829931972789115,49,25
2G1R-3IG,MSE,cam,90,0.42857142857142855,7,4
2G1R-3IG,MSE,cam,95,0.0,1,1
2G1R-3IG,MSE,diff,50,0.5425454928861452,149,76
2G1R-3IG,MSE,diff,55,0.5419412612010704,147,75
2G1R-3IG,MSE,diff,60,0.5412864467677302,143,73
2G1R-3IG,MSE,diff,65,0.5427499558794522,139,71
2G1R-3IG,MSE,diff,70,0.5439727151559212,131,67
2G1R-3IG,MSE,diff,75,0.5626242804814232,91,47
2G1R-3IG,MSE,diff,80,0.5743966079582519,73,38
2G1R-3IG,MSE,diff,85,0.5853741496598638,49,25
2G1R-3IG,MSE,diff,90,0.6428571428571429,7,4
2G1R-3IG,MSE,diff,95,1.0,1,1
2G1R-3IG,MSE,gradcam,50,0.5189847430072115,149,76
2G1R-3IG,MSE,gradcam,55,0.5174684159378035,147,75
2G1R-3IG,MSE,gradcam,60,0.5158591408591406,143,73
2G1R-3IG,MSE,gradcam,65,0.5139174374785883,139,71
2G1R-3IG,MSE,gradcam,70,0.5147673573246092,131,67
2G1R-3IG,MSE,gradcam,75,0.5212585034013606,91,47
2G1R-3IG,MSE,gradcam,80,0.5228310502283106,73,38
2G1R-3IG,MSE,gradcam,85,0.5136054421768707,49,25
2G1R-3IG,MSE,gradcam,90,0.5,7,4
2G1R-3IG,MSE,gradcam,95,0.0,1,1
2G1R-3IG,MSE,gradinput,50,0.4958172358511451,149,76
2G1R-3IG,MSE,gradinput,55,0.49719692697989265,147,75
2G1R-3IG,MSE,gradinput,60,0.49515557001159627,143,73
2G1R-3IG,MSE,gradinput,65,0.4939548261490707,139,71
2G1R-3IG,MSE,gradinput,70,0.5012802507077317,131,67
2G1R-3IG,MSE,gradinput,75,0.5349686028257457,91,47
2G1R-3IG,MSE,gradinput,80,0.5516634050880627,73,38
2G1R-3IG,MSE,gradinput,85,0.5431972789115644,49,25
2G1R-3IG,MSE,gradinput,90,0.5,7,4
2G1R-3IG,MSE,gradinput,95,0.0,1,1
2G1R-3IG,MSE,ig,50,0.5559958997564527,149,76
2G1R-3IG,MSE,ig,55,0.5543915848758839,147,75
2G1R-3IG,MSE,ig,60,0.552686429846035,143,73
2G1R-3IG,MSE,ig,65,0.545570836038462,139,71
2G1R-3IG,MSE,ig,70,0.5403999096747187,131,67
2G1R-3IG,MSE,ig,75,0.5600340136054419,91,47
2G1R-3IG,MSE,ig,80,0.5745923026744941,73,38
2G1R-3IG,MSE,ig,85,0.5819727891156464,49,25
2G1R-3IG,MSE,ig,90,0.6666666666666666,7,4
2G1R-3IG,MSE,ig,95,1.0,1,1
2G1R-3IG,MSE,shap,50,0.500945266104094,149,76
2G1R-3IG,MSE,shap,55,0.5009158739413998,147,75
2G1R-3IG,MSE,shap,60,0.4971058547467431,143,73
2G1R-3IG,MSE,shap,65,0.49745919548077794,139,71
2G1R-3IG,MSE,shap,70,0.49648805393080203,131,67
2G1R-3IG,MSE,shap,75,0.49678178963893255,91,47
2G1R-3IG,MSE,shap,80,0.5231245923026747,73,38
2G1R-3IG,MSE,shap,85,0.536734693877551,49,25
2G1R-3IG,MSE,shap,90,0.7380952380952381,7,4
2G1R-3IG,MSE,shap,95,1.0,1,1
2GM1-2AZ,MSE,cam,50,0.5050430189965074,559,281
2GM1-2AZ,MSE,cam,55,0.5050430189965074,559,281
2GM1-2AZ,MSE,cam,60,0.5050430189965074,559,281
2GM1-2AZ,MSE,cam,65,0.5050430189965074,559,281
2GM1-2AZ,MSE,cam,70,0.5050430189965074,559,281
2GM1-2AZ,MSE,cam,75,0.5050611267846457,557,280
2GM1-2AZ,MSE,cam,80,0.5052692478860703,535,269
2GM1-2AZ,MSE,cam,85,0.5053789731051345,409,206
2GM1-2AZ,MSE,cam,90,0.5029585798816568,169,86
2GM1-2AZ,MSE,cam,95,0.5384615384615384,13,7
2GM1-2AZ,MSE,diff,50,0.7080067864951578,559,281
2GM1-2AZ,MSE,diff,55,0.7080067864951578,559,281
2GM1-2AZ,MSE,diff,60,0.7080067864951578,559,281
2GM1-2AZ,MSE,diff,65,0.7080067864951578,559,281
2GM1-2AZ,MSE,diff,70,0.7080067864951578,559,281
2GM1-2AZ,MSE,diff,75,0.7076764697500776,557,280
2GM1-2AZ,MSE,diff,80,0.7055562972852684,535,269
2GM1-2AZ,MSE,diff,85,0.7174001629991852,409,206
2GM1-2AZ,MSE,diff,90,0.7179487179487181,169,86
2GM1-2AZ,MSE,diff,95,0.8461538461538461,13,7
2GM1-2AZ,MSE,gradcam,50,0.7158552687622457,559,281
2GM1-2AZ,MSE,gradcam,55,0.7158552687622457,559,281
2GM1-2AZ,MSE,gradcam,60,0.7158552687622457,559,281
2GM1-2AZ,MSE,gradcam,65,0.7158552687622457,559,281
2GM1-2AZ,MSE,gradcam,70,0.7158552687622457,559,281
2GM1-2AZ,MSE,gradcam,75,0.7155531332820384,557,280
2GM1-2AZ,MSE,gradcam,80,0.7172140631953716,535,269
2GM1-2AZ,MSE,gradcam,85,0.7168704156479222,409,206
2GM1-2AZ,MSE,gradcam,90,0.715976331360947,169,86
2GM1-2AZ,MSE,gradcam,95,0.8461538461538461,13,7
2GM1-2AZ,MSE,gradinput,50,0.6997259846097054,559,281
2GM1-2AZ,MSE,gradinput,55,0.6997259846097054,559,281
2GM1-2AZ,MSE,gradinput,60,0.6997259846097054,559,281
2GM1-2AZ,MSE,gradinput,65,0.6997259846097054,559,281
2GM1-2AZ,MSE,gradinput,70,0.6997259846097054,559,281
2GM1-2AZ,MSE,gradinput,75,0.6988273346442107,557,280
2GM1-2AZ,MSE,gradinput,80,0.6998909657320869,535,269
2GM1-2AZ,MSE,gradinput,85,0.6988182559087199,409,206
2GM1-2AZ,MSE,gradinput,90,0.6873767258382644,169,86
2GM1-2AZ,MSE,gradinput,95,0.7692307692307693,13,7
2GM1-2AZ,MSE,ig,50,0.7072472101541861,559,281
2GM1-2AZ,MSE,ig,55,0.7072472101541861,559,281
2GM1-2AZ,MSE,ig,60,0.7072472101541861,559,281
2GM1-2AZ,MSE,ig,65,0.7072472101541861,559,281
2GM1-2AZ,MSE,ig,70,0.7072472101541861,559,281
2GM1-2AZ,MSE,ig,75,0.707273232452765,557,280
2GM1-2AZ,MSE,ig,80,0.7071117044948814,535,269
2GM1-2AZ,MSE,ig,85,0.7270578647106765,409,206
2GM1-2AZ,MSE,ig,90,0.7435897435897438,169,86
2GM1-2AZ,MSE,ig,95,0.8461538461538461,13,7
2GM1-2AZ,MSE,shap,50,0.5324324899906296,559,281
2GM1-2AZ,MSE,shap,55,0.5324324899906296,559,281
2GM1-2AZ,MSE,shap,60,0.5324324899906296,559,281
2GM1-2AZ,MSE,shap,65,0.5324324899906296,559,281
2GM1-2AZ,MSE,shap,70,0.5324324899906296,559,281
2GM1-2AZ,MSE,shap,75,0.5320103445327863,557,280
2GM1-2AZ,MSE,shap,80,0.5323075211392968,535,269
2GM1-2AZ,MSE,shap,85,0.5290138549307253,409,206
2GM1-2AZ,MSE,shap,90,0.5601577909270218,169,86
2GM1-2AZ,MSE,shap,95,0.6153846153846154,13,7
2H8H-H8H,MSE,cam,50,0.510752688172043,186,96
2H8H-H8H,MSE,cam,55,0.510752688172043,186,96
2H8H-H8H,MSE,cam,60,0.510752688172043,186,96
2H8H-H8H,MSE,cam,65,0.5111111111111111,180,93
2H8H-H8H,MSE,cam,70,0.5125,160,83
2H8H-H8H,MSE,cam,75,0.5166666666666667,120,63
2H8H-H8H,MSE,cam,80,0.5256410256410257,78,42
2H8H-H8H,MSE,cam,85,0.55,40,23
2H8H-H8H,MSE,cam,90,0.5789473684210527,19,12
2H8H-H8H,MSE,cam,95,0.0,1,1
2H8H-H8H,MSE,diff,50,0.5651685530717786,186,96
2H8H-H8H,MSE,diff,55,0.5651685530717786,186,96
2H8H-H8H,MSE,diff,60,0.5651685530717786,186,96
2H8H-H8H,MSE,diff,65,0.5664963123296454,180,93
2H8H-H8H,MSE,diff,70,0.5740854978354973,160,83
2H8H-H8H,MSE,diff,75,0.5761574074074074,120,63
2H8H-H8H,MSE,diff,80,0.5753052503052505,78,42
2H8H-H8H,MSE,diff,85,0.5412499999999999,40,23
2H8H-H8H,MSE,diff,90,0.6491228070175439,19,12
2H8H-H8H,MSE,diff,95,1.0,1,1
2H8H-H8H,MSE,gradcam,50,0.5360954606922351,186,96
2H8H-H8H,MSE,gradcam,55,0.5360954606922351,186,96
2H8H-H8H,MSE,gradcam,60,0.5360954606922351,186,96
2H8H-H8H,MSE,gradcam,65,0.53766494308161,180,93
2H8H-H8H,MSE,gradcam,70,0.543645156926407,160,83
2H8H-H8H,MSE,gradcam,75,0.5554431216931216,120,63
2H8H-H8H,MSE,gradcam,80,0.5832417582417582,78,42
2H8H-H8H,MSE,gradcam,85,0.6108333333333333,40,23
2H8H-H8H,MSE,gradcam,90,0.7192982456140351,19,12
2H8H-H8H,MSE,gradcam,95,1.0,1,1
2H8H-H8H,MSE,gradinput,50,0.5312592723883048,186,96
2H8H-H8H,MSE,gradinput,55,0.5312592723883048,186,96
2H8H-H8H,MSE,gradinput,60,0.5312592723883048,186,96
2H8H-H8H,MSE,gradinput,65,0.5317283950617285,180,93
2H8H-H8H,MSE,gradinput,70,0.5281344696969695,160,83
2H8H-H8H,MSE,gradinput,75,0.5108928571428571,120,63
2H8H-H8H,MSE,gradinput,80,0.5059523809523809,78,42
2H8H-H8H,MSE,gradinput,85,0.5104166666666665,40,23
2H8H-H8H,MSE,gradinput,90,0.6491228070175438,19,12
2H8H-H8H,MSE,gradinput,95,1.0,1,1
2H8H-H8H,MSE,ig,50,0.578544454350906,186,96
2H8H-H8H,MSE,ig,55,0.578544454350906,186,96
2H8H-H8H,MSE,ig,60,0.578544454350906,186,96
2H8H-H8H,MSE,ig,65,0.5828104457271125,180,93
2H8H-H8H,MSE,ig,70,0.5932501352813851,160,83
2H8H-H8H,MSE,ig,75,0.5928604497354496,120,63
2H8H-H8H,MSE,ig,80,0.6003663003663005,78,42
2H8H-H8H,MSE,ig,85,0.6179166666666667,40,23
2H8H-H8H,MSE,ig,90,0.7456140350877193,19,12
2H8H-H8H,MSE,ig,95,1.0,1,1
2H8H-H8H,MSE,shap,50,0.5224350171930817,186,96
2H8H-H8H,MSE,shap,55,0.5224350171930817,186,96
2H8H-H8H,MSE,shap,60,0.5224350171930817,186,96
2H8H-H8H,MSE,shap,65,0.5206014510181178,180,93
2H8H-H8H,MSE,shap,70,0.5239815566378068,160,83
2H8H-H8H,MSE,shap,75,0.5468121693121692,120,63
2H8H-H8H,MSE,shap,80,0.5514041514041512,78,42
2H8H-H8H,MSE,shap,85,0.5258333333333333,40,23
2H8H-H8H,MSE,shap,90,0.5438596491228069,19,12
2H8H-H8H,MSE,shap,95,1.0,1,1
2HXL-422,MSE,cam,50,0.5377232142857142,64,32
2HXL-422,MSE,cam,55,0.5377232142857142,64,32
2HXL-422,MSE,cam,60,0.5377232142857142,64,32
2HXL-422,MSE,cam,65,0.5377232142857142,64,32
2HXL-422,MSE,cam,70,0.5402380952380952,60,30
2HXL-422,MSE,cam,75,0.5489130434782609,46,23
2HXL-422,MSE,cam,80,0.5265151515151515,22,11
2HXL-422,MSE,cam,85,,0,0
2HXL-422,MSE,cam,90,,0,0
2HXL-422,MSE,cam,95,,0,0
2HXL-422,MSE,diff,50,0.677967171717172,64,32
2HXL-422,MSE,diff,55,0.677967171717172,64,32
2HXL-422,MSE,diff,60,0.677967171717172,64,32
2HXL-422,MSE,diff,65,0.677967171717172,64,32
2HXL-422,MSE,diff,70,0.6900000000000003,60,30
2HXL-422,MSE,diff,75,0.7202639751552795,46,23
2HXL-422,MSE,diff,80,0.7113636363636363,22,11
2HXL-422,MSE,diff,85,,0,0
2HXL-422,MSE,diff,90,,0,0
2HXL-422,MSE,diff,95,,0,0
2HXL-422,MSE,gradcam,50,0.6689512310606063,64,32
2HXL-422,MSE,gradcam,55,0.6689512310606063,64,32
2HXL-422,MSE,gradcam,60,0.6689512310606063,64,32
2HXL-422,MSE,gradcam,65,0.6689512310606063,64,32
2HXL-422,MSE,gradcam,70,0.6689351851851855,60,30
2HXL-422,MSE,gradcam,75,0.722256728778468,46,23
2HXL-422,MSE,gradcam,80,0.6946969696969697,22,11
2HXL-422,MSE,gradcam,85,,0,0
2HXL-422,MSE,gradcam,90,,0,0
2HXL-422,MSE,gradcam,95,,0,0
2HXL-422,MSE,gradinput,50,0.586711985930736,64,32
2HXL-422,MSE,gradinput,55,0.586711985930736,64,32
2HXL-422,MSE,gradinput,60,0.586711985930736,64,32
2HXL-422,MSE,gradinput,65,0.586711985930736,64,32
2HXL-422,MSE,gradinput,70,0.5866005291005292,60,30
2HXL-422,MSE,gradinput,75,0.6043995859213249,46,23
2HXL-422,MSE,gradinput,80,0.5840909090909091,22,11
2HXL-422,MSE,gradinput,85,,0,0
2HXL-422,MSE,gradinput,90,,0,0
2HXL-422,MSE,gradinput,95,,0,0
2HXL-422,MSE,ig,50,0.7234341179653682,64,32
2HXL-422,MSE,ig,55,0.7234341179653682,64,32
2HXL-422,MSE,ig,60,0.7234341179653682,64,32
2HXL-422,MSE,ig,65,0.7234341179653682,64,32
2HXL-422,MSE,ig,70,0.7214947089947092,60,30
2HXL-422,MSE,ig,75,0.7474120082815737,46,23
2HXL-422,MSE,ig,80,0.731060606060606,22,11
2HXL-422,MSE,ig,85,,0,0
2HXL-422,MSE,ig,90,,0,0
2HXL-422,MSE,ig,95,,0,0
2HXL-422,MSE,shap,50,0.599833152958153,64,32
2HXL-422,MSE,shap,55,0.599833152958153,64,32
2HXL-422,MSE,shap,60,0.599833152958153,64,32
2HXL-422,MSE,shap,65,0.599833152958153,64,32
2HXL-422,MSE,shap,70,0.5994179894179895,60,30
2HXL-422,MSE,shap,75,0.5907608695652175,46,23
2HXL-422,MSE,shap,80,0.5515151515151515,22,11
2HXL-422,MSE,shap,85,,0,0
2HXL-422,MSE,shap,90,,0,0
2HXL-422,MSE,shap,95,,0,0
2HYY-STI,MSE,cam,50,0.5042345191040846,575,293
2HYY-STI,MSE,cam,55,0.5019228088418689,383,197
2HYY-STI,MSE,cam,60,0.5026975669832814,273,142
2HYY-STI,MSE,cam,65,0.5031073239934,237,124
2HYY-STI,MSE,cam,70,0.5067715195432586,184,97
2HYY-STI,MSE,cam,75,0.49678604224058764,121,64
2HYY-STI,MSE,cam,80,0.4871794871794872,65,34
2HYY-STI,MSE,cam,85,0.48148148148148145,27,14
2HYY-STI,MSE,cam,90,0.5,16,8
2HYY-STI,MSE,cam,95,0.5,4,2
2HYY-STI,MSE,diff,50,0.5625876559763348,575,293
2HYY-STI,MSE,diff,55,0.5618793909379072,383,197
2HYY-STI,MSE,diff,60,0.5573771442711327,273,142
2HYY-STI,MSE,diff,65,0.5568376887997142,237,124
2HYY-STI,MSE,diff,70,0.5649956474684739,184,97
2HYY-STI,MSE,diff,75,0.5946543355634267,121,64
2HYY-STI,MSE,diff,80,0.6011172161172159,65,34
2HYY-STI,MSE,diff,85,0.5944444444444444,27,14
2HYY-STI,MSE,diff,90,0.625,16,8
2HYY-STI,MSE,diff,95,1.0,4,2
2HYY-STI,MSE,gradcam,50,0.4828298278425477,575,293
2HYY-STI,MSE,gradcam,55,0.48846372019079753,383,197
2HYY-STI,MSE,gradcam,60,0.49739644617634254,273,142
2HYY-STI,MSE,gradcam,65,0.5027559758572415,237,124
2HYY-STI,MSE,gradcam,70,0.500440742832047,184,97
2HYY-STI,MSE,gradcam,75,0.5001115046569593,121,64
2HYY-STI,MSE,gradcam,80,0.5163736263736263,65,34
2HYY-STI,MSE,gradcam,85,0.4864197530864197,27,14
2HYY-STI,MSE,gradcam,90,0.48958333333333337,16,8
2HYY-STI,MSE,gradcam,95,0.75,4,2
2HYY-STI,MSE,gradinput,50,0.5379281789089294,575,293
2HYY-STI,MSE,gradinput,55,0.5381224266015384,383,197
2HYY-STI,MSE,gradinput,60,0.5285891665254956,273,142
2HYY-STI,MSE,gradinput,65,0.5248582875165153,237,124
2HYY-STI,MSE,gradinput,70,0.5190529126670428,184,97
2HYY-STI,MSE,gradinput,75,0.5458251344614983,121,64
2HYY-STI,MSE,gradinput,80,0.5270329670329669,65,34
2HYY-STI,MSE,gradinput,85,0.5617283950617284,27,14
2HYY-STI,MSE,gradinput,90,0.5729166666666666,16,8
2HYY-STI,MSE,gradinput,95,1.0,4,2
2HYY-STI,MSE,ig,50,0.45786267791376145,575,293
2HYY-STI,MSE,ig,55,0.4469895136689797,383,197
2HYY-STI,MSE,ig,60,0.426449939846837,273,142
2HYY-STI,MSE,ig,65,0.4208410319169809,237,124
2HYY-STI,MSE,ig,70,0.4025430939833111,184,97
2HYY-STI,MSE,ig,75,0.41917880099698296,121,64
2HYY-STI,MSE,ig,80,0.41274725274725255,65,34
2HYY-STI,MSE,ig,85,0.43333333333333346,27,14
2HYY-STI,MSE,ig,90,0.46874999999999994,16,8
2HYY-STI,MSE,ig,95,0.75,4,2
2HYY-STI,MSE,shap,50,0.5258607206496554,575,293
2HYY-STI,MSE,shap,55,0.5201221720650381,383,197
2HYY-STI,MSE,shap,60,0.5202128104843038,273,142
2HYY-STI,MSE,shap,65,0.5186259942589055,237,124
2HYY-STI,MSE,shap,70,0.5113871635610764,184,97
2HYY-STI,MSE,shap,75,0.49135838908566204,121,64
2HYY-STI,MSE,shap,80,0.47293040293040295,65,34
2HYY-STI,MSE,shap,85,0.4271604938271605,27,14
2HYY-STI,MSE,shap,90,0.39583333333333337,16,8
2HYY-STI,MSE,shap,95,0.25,4,2
2ICA-2IC,MSE,cam,50,0.5,56,28
2ICA-2IC,MSE,cam,55,0.5,56,28
2ICA-2IC,MSE,cam,60,0.5,56,28
2ICA-2IC,MSE,cam,65,0.5,56,28
2ICA-2IC,MSE,cam,70,0.5,52,26
2ICA-2IC,MSE,cam,75,0.5,40,20
2ICA-2IC,MSE,cam,80,0.5,34,17
2ICA-2IC,MSE,cam,85,0.5,12,6
2ICA-2IC,MSE,cam,90,0.5,4,2
2ICA-2IC,MSE,cam,95,,0,0
2ICA-2IC,MSE,diff,50,0.6813234384662955,56,28
2ICA-2IC,MSE,diff,55,0.6813234384662955,56,28
2ICA-2IC,MSE,diff,60,0.6813234384662955,56,28
2ICA-2IC,MSE,diff,65,0.6813234384662955,56,28
2ICA-2IC,MSE,diff,70,0.67764319014319,52,26
2ICA-2IC,MSE,diff,75,0.6918452380952381,40,20
2ICA-2IC,MSE,diff,80,0.6933473389355743,34,17
2ICA-2IC,MSE,diff,85,0.65,12,6
2ICA-2IC,MSE,diff,90,1.0,4,2
2ICA-2IC,MSE,diff,95,,0,0
2ICA-2IC,MSE,gradcam,50,0.5404085497835499,56,28
2ICA-2IC,MSE,gradcam,55,0.5404085497835499,56,28
2ICA-2IC,MSE,gradcam,60,0.5404085497835499,56,28
2ICA-2IC,MSE,gradcam,65,0.5404085497835499,56,28
2ICA-2IC,MSE,gradcam,70,0.5379079254079255,52,26
2ICA-2IC,MSE,gradcam,75,0.5129166666666667,40,20
2ICA-2IC,MSE,gradcam,80,0.49313725490196075,34,17
2ICA-2IC,MSE,gradcam,85,0.4527777777777778,12,6
2ICA-2IC,MSE,gradcam,90,0.5833333333333333,4,2
2ICA-2IC,MSE,gradcam,95,,0,0
2ICA-2IC,MSE,gradinput,50,0.6036100803957947,56,28
2ICA-2IC,MSE,gradinput,55,0.6036100803957947,56,28
2ICA-2IC,MSE,gradinput,60,0.6036100803957947,56,28
2ICA-2IC,MSE,gradinput,65,0.6036100803957947,56,28
2ICA-2IC,MSE,gradinput,70,0.6059711122211123,52,26
2ICA-2IC,MSE,gradinput,75,0.6013988095238096,40,20
2ICA-2IC,MSE,gradinput,80,0.5862044817927172,34,17
2ICA-2IC,MSE,gradinput,85,0.5875,12,6
2ICA-2IC,MSE,gradinput,90,0.875,4,2
2ICA-2IC,MSE,gradinput,95,,0,0
2ICA-2IC,MSE,ig,50,0.5681612038754896,56,28
2ICA-2IC,MSE,ig,55,0.5681612038754896,56,28
2ICA-2IC,MSE,ig,60,0.5681612038754896,56,28
2ICA-2IC,MSE,ig,65,0.5681612038754896,56,28
2ICA-2IC,MSE,ig,70,0.566727022977023,52,26
2ICA-2IC,MSE,ig,75,0.5440178571428571,40,20
2ICA-2IC,MSE,ig,80,0.5436974789915967,34,17
2ICA-2IC,MSE,ig,85,0.48194444444444445,12,6
2ICA-2IC,MSE,ig,90,0.5833333333333333,4,2
2ICA-2IC,MSE,ig,95,,0,0
2ICA-2IC,MSE,shap,50,0.5495754741290456,56,28
2ICA-2IC,MSE,shap,55,0.5495754741290456,56,28
2ICA-2IC,MSE,shap,60,0.5495754741290456,56,28
2ICA-2IC,MSE,shap,65,0.5495754741290456,56,28
2ICA-2IC,MSE,shap,70,0.5467116217116218,52,26
2ICA-2IC,MSE,shap,75,0.5067857142857142,40,20
2ICA-2IC,MSE,shap,80,0.5197478991596638,34,17
2ICA-2IC,MSE,shap,85,0.47361111111111115,12,6
2ICA-2IC,MSE,shap,90,0.7083333333333333,4,2
2ICA-2IC,MSE,shap,95,,0,0
2ITW-STO,MSE,cam,50,0.4936708860759494,79,41
2ITW-STO,MSE,cam,55,0.4936708860759494,79,41
2ITW-STO,MSE,cam,60,0.4936708860759494,79,41
2ITW-STO,MSE,cam,65,0.4925373134328358,67,35
2ITW-STO,MSE,cam,70,0.4925373134328358,67,35
2ITW-STO,MSE,cam,75,0.4925373134328358,67,35
2ITW-STO,MSE,cam,80,0.48936170212765956,47,25
2ITW-STO,MSE,cam,85,0.48717948717948717,39,21
2ITW-STO,MSE,cam,90,0.48,25,14
2ITW-STO,MSE,cam,95,0.3333333333333333,3,2
2ITW-STO,MSE,diff,50,0.7126582278481013,79,41
2ITW-STO,MSE,diff,55,0.7126582278481013,79,41
2ITW-STO,MSE,diff,60,0.7126582278481013,79,41
2ITW-STO,MSE,diff,65,0.7328358208955225,67,35
2ITW-STO,MSE,diff,70,0.7328358208955225,67,35
2ITW-STO,MSE,diff,75,0.7328358208955225,67,35
2ITW-STO,MSE,diff,80,0.7529888551165146,47,25
2ITW-STO,MSE,diff,85,0.7764957264957264,39,21
2ITW-STO,MSE,diff,90,0.76,25,14
2ITW-STO,MSE,diff,95,1.0,3,2
2ITW-STO,MSE,gradcam,50,0.7300508811119383,79,41
2ITW-STO,MSE,gradcam,55,0.7300508811119383,79,41
2ITW-STO,MSE,gradcam,60,0.7300508811119383,79,41
2ITW-STO,MSE,gradcam,65,0.7334577114427859,67,35
2ITW-STO,MSE,gradcam,70,0.7334577114427859,67,35
2ITW-STO,MSE,gradcam,75,0.7334577114427859,67,35
2ITW-STO,MSE,gradcam,80,0.7176545086119555,47,25
2ITW-STO,MSE,gradcam,85,0.7252136752136753,39,21
2ITW-STO,MSE,gradcam,90,0.7133333333333332,25,14
2ITW-STO,MSE,gradcam,95,0.6666666666666666,3,2
2ITW-STO,MSE,gradinput,50,0.6394957983193277,79,41
2ITW-STO,MSE,gradinput,55,0.6394957983193277,79,41
2ITW-STO,MSE,gradinput,60,0.6394957983193277,79,41
2ITW-STO,MSE,gradinput,65,0.6350390902629705,67,35
2ITW-STO,MSE,gradinput,70,0.6350390902629705,67,35
2ITW-STO,MSE,gradinput,75,0.6350390902629705,67,35
2ITW-STO,MSE,gradinput,80,0.6357649442755827,47,25
2ITW-STO,MSE,gradinput,85,0.6132478632478634,39,21
2ITW-STO,MSE,gradinput,90,0.5866666666666667,25,14
2ITW-STO,MSE,gradinput,95,1.0,3,2
2ITW-STO,MSE,ig,50,0.4844780106135282,79,41
2ITW-STO,MSE,ig,55,0.4844780106135282,79,41
2ITW-STO,MSE,ig,60,0.4844780106135282,79,41
2ITW-STO,MSE,ig,65,0.5085050935797205,67,35
2ITW-STO,MSE,ig,70,0.5085050935797205,67,35
2ITW-STO,MSE,ig,75,0.5085050935797205,67,35
2ITW-STO,MSE,ig,80,0.535663627152989,47,25
2ITW-STO,MSE,ig,85,0.564957264957265,39,21
2ITW-STO,MSE,ig,90,0.6033333333333332,25,14
2ITW-STO,MSE,ig,95,0.6666666666666666,3,2
2ITW-STO,MSE,shap,50,0.5440213216088122,79,41
2ITW-STO,MSE,shap,55,0.5440213216088122,79,41
2ITW-STO,MSE,shap,60,0.5440213216088122,79,41
2ITW-STO,MSE,shap,65,0.5565150438284766,67,35
2ITW-STO,MSE,shap,70,0.5565150438284766,67,35
2ITW-STO,MSE,shap,75,0.5565150438284766,67,35
2ITW-STO,MSE,shap,80,0.5674265450861196,47,25
2ITW-STO,MSE,shap,85,0.5888888888888888,39,21
2ITW-STO,MSE,shap,90,0.6466666666666667,25,14
2ITW-STO,MSE,shap,95,0.3333333333333333,3,2
2J5F-DJK,MSE,cam,50,0.5161628650801652,9952,5091
2J5F-DJK,MSE,cam,55,0.5166228496382573,9410,4811
2J5F-DJK,MSE,cam,60,0.5181616241329531,7603,3893
2J5F-DJK,MSE,cam,65,0.5205553929777232,5858,3011
2J5F-DJK,MSE,cam,70,0.5210205781418308,3802,1968
2J5F-DJK,MSE,cam,75,0.5260104646697386,1984,1040
2J5F-DJK,MSE,cam,80,0.5320272572402039,1174,623
2J5F-DJK,MSE,cam,85,0.5223300970873787,515,279
2J5F-DJK,MSE,cam,90,0.5337078651685393,178,104
2J5F-DJK,MSE,cam,95,0.5384615384615384,39,28
2J5F-DJK,MSE,diff,50,0.6549005672715023,9952,5091
2J5F-DJK,MSE,diff,55,0.6554165538676815,9410,4811
2J5F-DJK,MSE,diff,60,0.6553519113035124,7603,3893
2J5F-DJK,MSE,diff,65,0.6586748022092848,5858,3011
2J5F-DJK,MSE,diff,70,0.6681063851105913,3802,1968
2J5F-DJK,MSE,diff,75,0.6725074404761899,1984,1040
2J5F-DJK,MSE,diff,80,0.6814168086314586,1174,623
2J5F-DJK,MSE,diff,85,0.6613268608414244,515,279
2J5F-DJK,MSE,diff,90,0.6151685393258427,178,104
2J5F-DJK,MSE,diff,95,0.5384615384615384,39,28
2J5F-DJK,MSE,gradcam,50,0.5555314022108274,9952,5091
2J5F-DJK,MSE,gradcam,55,0.5536483291770222,9410,4811
2J5F-DJK,MSE,gradcam,60,0.5528433109848333,7603,3893
2J5F-DJK,MSE,gradcam,65,0.5567785411546076,5858,3011
2J5F-DJK,MSE,gradcam,70,0.5609998497031642,3802,1968
2J5F-DJK,MSE,gradcam,75,0.5619299635176647,1984,1040
2J5F-DJK,MSE,gradcam,80,0.5736939239068719,1174,623
2J5F-DJK,MSE,gradcam,85,0.6050161812297734,515,279
2J5F-DJK,MSE,gradcam,90,0.6657303370786517,178,104
2J5F-DJK,MSE,gradcam,95,0.6153846153846154,39,28
2J5F-DJK,MSE,gradinput,50,0.523296308497185,9952,5091
2J5F-DJK,MSE,gradinput,55,0.5226282944827064,9410,4811
2J5F-DJK,MSE,gradinput,60,0.5201593969185709,7603,3893
2J5F-DJK,MSE,gradinput,65,0.5206712481592963,5858,3011
2J5F-DJK,MSE,gradinput,70,0.5287323714335823,3802,1968
2J5F-DJK,MSE,gradinput,75,0.5265216973886334,1984,1040
2J5F-DJK,MSE,gradinput,80,0.5381743327654747,1174,623
2J5F-DJK,MSE,gradinput,85,0.549676375404531,515,279
2J5F-DJK,MSE,gradinput,90,0.5646067415730337,178,104
2J5F-DJK,MSE,gradinput,95,0.6153846153846154,39,28
2J5F-DJK,MSE,ig,50,0.5599308411880844,9952,5091
2J5F-DJK,MSE,ig,55,0.5586494397679341,9410,4811
2J5F-DJK,MSE,ig,60,0.5511711632223305,7603,3893
2J5F-DJK,MSE,ig,65,0.5505499564734805,5858,3011
2J5F-DJK,MSE,ig,70,0.5571459883269452,3802,1968
2J5F-DJK,MSE,ig,75,0.5512600806451601,1984,1040
2J5F-DJK,MSE,ig,80,0.5539750141964781,1174,623
2J5F-DJK,MSE,ig,85,0.5373786407766992,515,279
2J5F-DJK,MSE,ig,90,0.5196629213483146,178,104
2J5F-DJK,MSE,ig,95,0.41025641025641024,39,28
2J5F-DJK,MSE,shap,50,0.5313804997279825,9952,5091
2J5F-DJK,MSE,shap,55,0.5317385280323669,9410,4811
2J5F-DJK,MSE,shap,60,0.5306517809575815,7603,3893
2J5F-DJK,MSE,shap,65,0.5311313890009693,5858,3011
2J5F-DJK,MSE,shap,70,0.5332927323129852,3802,1968
2J5F-DJK,MSE,shap,75,0.5371975806451613,1984,1040
2J5F-DJK,MSE,shap,80,0.5342844974446338,1174,623
2J5F-DJK,MSE,shap,85,0.5488673139158575,515,279
2J5F-DJK,MSE,shap,90,0.5308988764044944,178,104
2J5F-DJK,MSE,shap,95,0.5384615384615384,39,28
2J6M-AEE,MSE,cam,50,0.36363636363636365,22,14
2J6M-AEE,MSE,cam,55,0.36363636363636365,22,14
2J6M-AEE,MSE,cam,60,0.36363636363636365,22,14
2J6M-AEE,MSE,cam,65,0.36363636363636365,22,14
2J6M-AEE,MSE,cam,70,0.36363636363636365,22,14
2J6M-AEE,MSE,cam,75,0.38095238095238093,21,13
2J6M-AEE,MSE,cam,80,0.38095238095238093,21,13
2J6M-AEE,MSE,cam,85,0.4,15,9
2J6M-AEE,MSE,cam,90,0.375,8,5
2J6M-AEE,MSE,cam,95,0.5,4,2
2J6M-AEE,MSE,diff,50,0.7414141414141414,22,14
2J6M-AEE,MSE,diff,55,0.7414141414141414,22,14
2J6M-AEE,MSE,diff,60,0.7414141414141414,22,14
2J6M-AEE,MSE,diff,65,0.7414141414141414,22,14
2J6M-AEE,MSE,diff,70,0.7414141414141414,22,14
2J6M-AEE,MSE,diff,75,0.7714285714285716,21,13
2J6M-AEE,MSE,diff,80,0.7714285714285716,21,13
2J6M-AEE,MSE,diff,85,0.8,15,9
2J6M-AEE,MSE,diff,90,0.75,8,5
2J6M-AEE,MSE,diff,95,1.0,4,2
2J6M-AEE,MSE,gradcam,50,0.40606060606060607,22,14
2J6M-AEE,MSE,gradcam,55,0.40606060606060607,22,14
2J6M-AEE,MSE,gradcam,60,0.40606060606060607,22,14
2J6M-AEE,MSE,gradcam,65,0.40606060606060607,22,14
2J6M-AEE,MSE,gradcam,70,0.40606060606060607,22,14
2J6M-AEE,MSE,gradcam,75,0.4253968253968254,21,13
2J6M-AEE,MSE,gradcam,80,0.4253968253968254,21,13
2J6M-AEE,MSE,gradcam,85,0.3555555555555555,15,9
2J6M-AEE,MSE,gradcam,90,0.125,8,5
2J6M-AEE,MSE,gradcam,95,0.0,4,2
2J6M-AEE,MSE,gradinput,50,0.2696969696969697,22,14
2J6M-AEE,MSE,gradinput,55,0.2696969696969697,22,14
2J6M-AEE,MSE,gradinput,60,0.2696969696969697,22,14
2J6M-AEE,MSE,gradinput,65,0.2696969696969697,22,14
2J6M-AEE,MSE,gradinput,70,0.2696969696969697,22,14
2J6M-AEE,MSE,gradinput,75,0.28253968253968254,21,13
2J6M-AEE,MSE,gradinput,80,0.28253968253968254,21,13
2J6M-AEE,MSE,gradinput,85,0.28888888888888886,15,9
2J6M-AEE,MSE,gradinput,90,0.0,8,5
2J6M-AEE,MSE,gradinput,95,0.0,4,2
2J6M-AEE,MSE,ig,50,0.43232323232323233,22,14
2J6M-AEE,MSE,ig,55,0.43232323232323233,22,14
2J6M-AEE,MSE,ig,60,0.43232323232323233,22,14
2J6M-AEE,MSE,ig,65,0.43232323232323233,22,14
2J6M-AEE,MSE,ig,70,0.43232323232323233,22,14
2J6M-AEE,MSE,ig,75,0.44761904761904764,21,13
2J6M-AEE,MSE,ig,80,0.44761904761904764,21,13
2J6M-AEE,MSE,ig,85,0.4666666666666667,15,9
2J6M-AEE,MSE,ig,90,0.4375,8,5
2J6M-AEE,MSE,ig,95,0.5,4,2
2J6M-AEE,MSE,shap,50,0.5669191919191919,22,14
2J6M-AEE,MSE,shap,55,0.5669191919191919,22,14
2J6M-AEE,MSE,shap,60,0.5669191919191919,22,14
2J6M-AEE,MSE,shap,65,0.5669191919191919,22,14
2J6M-AEE,MSE,shap,70,0.5669191919191919,22,14
2J6M-AEE,MSE,shap,75,0.5833333333333334,21,13
2J6M-AEE,MSE,shap,80,0.5833333333333334,21,13
2J6M-AEE,MSE,shap,85,0.55,15,9
2J6M-AEE,MSE,shap,90,0.6875,8,5
2J6M-AEE,MSE,shap,95,0.75,4,2
2JBO-P4O,MSE,cam,50,0.516089279059499,319,166
2JBO-P4O,MSE,cam,55,0.5159188078235701,315,164
2JBO-P4O,MSE,cam,60,0.5157964114274798,309,161
2JBO-P4O,MSE,cam,65,0.5146014978761462,284,148
2JBO-P4O,MSE,cam,70,0.5112698412698412,225,118
2JBO-P4O,MSE,cam,75,0.4871873929427887,139,75
2JBO-P4O,MSE,cam,80,0.45680751173708917,71,40
2JBO-P4O,MSE,cam,85,0.42857142857142855,42,25
2JBO-P4O,MSE,cam,90,0.39285714285714285,14,9
2JBO-P4O,MSE,cam,95,0.42857142857142855,7,4
2JBO-P4O,MSE,diff,50,0.44845310123523296,319,166
2JBO-P4O,MSE,diff,55,0.44773239987525704,315,164
2JBO-P4O,MSE,diff,60,0.44441063251742857,309,161
2JBO-P4O,MSE,diff,65,0.44203287909273825,284,148
2JBO-P4O,MSE,diff,70,0.433820105820106,225,118
2JBO-P4O,MSE,diff,75,0.42290167865707445,139,75
2JBO-P4O,MSE,diff,80,0.44929577464788734,71,40
2JBO-P4O,MSE,diff,85,0.45238095238095244,42,25
2JBO-P4O,MSE,diff,90,0.619047619047619,14,9
2JBO-P4O,MSE,diff,95,0.8571428571428571,7,4
2JBO-P4O,MSE,gradcam,50,0.46630415039505935,319,166
2JBO-P4O,MSE,gradcam,55,0.46649355054116937,315,164
2JBO-P4O,MSE,gradcam,60,0.4702575112769285,309,161
2JBO-P4O,MSE,gradcam,65,0.47048947726764623,284,148
2JBO-P4O,MSE,gradcam,70,0.4475414462081126,225,118
2JBO-P4O,MSE,gradcam,75,0.4342754367934224,139,75
2JBO-P4O,MSE,gradcam,80,0.4633802816901407,71,40
2JBO-P4O,MSE,gradcam,85,0.5059523809523809,42,25
2JBO-P4O,MSE,gradcam,90,0.5714285714285714,14,9
2JBO-P4O,MSE,gradcam,95,0.5714285714285714,7,4
2JBO-P4O,MSE,gradinput,50,0.3732650447775839,319,166
2JBO-P4O,MSE,gradinput,55,0.3690322552227313,315,164
2JBO-P4O,MSE,gradinput,60,0.37130207081663386,309,161
2JBO-P4O,MSE,gradinput,65,0.36314122106375624,284,148
2JBO-P4O,MSE,gradinput,70,0.32525749559082884,225,118
2JBO-P4O,MSE,gradinput,75,0.30623501199040765,139,75
2JBO-P4O,MSE,gradinput,80,0.30539906103286385,71,40
2JBO-P4O,MSE,gradinput,85,0.33333333333333337,42,25
2JBO-P4O,MSE,gradinput,90,0.38095238095238093,14,9
2JBO-P4O,MSE,gradinput,95,0.42857142857142855,7,4
2JBO-P4O,MSE,ig,50,0.4581406054760285,319,166
2JBO-P4O,MSE,ig,55,0.4622827789494455,315,164
2JBO-P4O,MSE,ig,60,0.4633759803662715,309,161
2JBO-P4O,MSE,ig,65,0.4707995447432072,284,148
2JBO-P4O,MSE,ig,70,0.462218694885362,225,118
2JBO-P4O,MSE,ig,75,0.4465227817745801,139,75
2JBO-P4O,MSE,ig,80,0.4711267605633803,71,40
2JBO-P4O,MSE,ig,85,0.5238095238095238,42,25
2JBO-P4O,MSE,ig,90,0.5476190476190477,14,9
2JBO-P4O,MSE,ig,95,0.5714285714285714,7,4
2JBO-P4O,MSE,shap,50,0.5102036547569462,319,166
2JBO-P4O,MSE,shap,55,0.5115898387326957,315,164
2JBO-P4O,MSE,shap,60,0.5121634029401018,309,161
2JBO-P4O,MSE,shap,65,0.5119352478507408,284,148
2JBO-P4O,MSE,shap,70,0.5194761904761905,225,118
2JBO-P4O,MSE,shap,75,0.5271154504967455,139,75
2JBO-P4O,MSE,shap,80,0.5197183098591549,71,40
2JBO-P4O,MSE,shap,85,0.498015873015873,42,25
2JBO-P4O,MSE,shap,90,0.7261904761904762,14,9
2JBO-P4O,MSE,shap,95,0.7142857142857143,7,4
2OAG-DLI,MSE,cam,50,0.5079365079365079,63,33
2OAG-DLI,MSE,cam,55,0.5081967213114754,61,32
2OAG-DLI,MSE,cam,60,0.5081967213114754,61,32
2OAG-DLI,MSE,cam,65,0.5094339622641509,53,28
2OAG-DLI,MSE,cam,70,0.5094339622641509,53,28
2OAG-DLI,MSE,cam,75,0.5102040816326531,49,26
2OAG-DLI,MSE,cam,80,0.5111111111111111,45,24
2OAG-DLI,MSE,cam,85,0.5135135135135135,37,20
2OAG-DLI,MSE,cam,90,0.46153846153846156,13,7
2OAG-DLI,MSE,cam,95,0.0,1,1
2OAG-DLI,MSE,diff,50,0.7328403078403076,63,33
2OAG-DLI,MSE,diff,55,0.735556383507203,61,32
2OAG-DLI,MSE,diff,60,0.735556383507203,61,32
2OAG-DLI,MSE,diff,65,0.7446540880503144,53,28
2OAG-DLI,MSE,diff,70,0.7446540880503144,53,28
2OAG-DLI,MSE,diff,75,0.7442176870748298,49,26
2OAG-DLI,MSE,diff,80,0.7511111111111111,45,24
2OAG-DLI,MSE,diff,85,0.7567567567567568,37,20
2OAG-DLI,MSE,diff,90,0.6538461538461539,13,7
2OAG-DLI,MSE,diff,95,1.0,1,1
2OAG-DLI,MSE,gradcam,50,0.5632996632996631,63,33
2OAG-DLI,MSE,gradcam,55,0.560457029309488,61,32
2OAG-DLI,MSE,gradcam,60,0.560457029309488,61,32
2OAG-DLI,MSE,gradcam,65,0.5447439353099728,53,28
2OAG-DLI,MSE,gradcam,70,0.5447439353099728,53,28
2OAG-DLI,MSE,gradcam,75,0.5401360544217685,49,26
2OAG-DLI,MSE,gradcam,80,0.5362962962962962,45,24
2OAG-DLI,MSE,gradcam,85,0.5945945945945946,37,20
2OAG-DLI,MSE,gradcam,90,0.6923076923076923,13,7
2OAG-DLI,MSE,gradcam,95,1.0,1,1
2OAG-DLI,MSE,gradinput,50,0.547968345587393,63,33
2OAG-DLI,MSE,gradinput,55,0.5446230454427174,61,32
2OAG-DLI,MSE,gradinput,60,0.5446230454427174,61,32
2OAG-DLI,MSE,gradinput,65,0.538724168912848,53,28
2OAG-DLI,MSE,gradinput,70,0.538724168912848,53,28
2OAG-DLI,MSE,gradinput,75,0.5462585034013605,49,26
2OAG-DLI,MSE,gradinput,80,0.5577777777777777,45,24
2OAG-DLI,MSE,gradinput,85,0.5810810810810811,37,20
2OAG-DLI,MSE,gradinput,90,0.6153846153846154,13,7
2OAG-DLI,MSE,gradinput,95,1.0,1,1
2OAG-DLI,MSE,ig,50,0.575084747703795,63,33
2OAG-DLI,MSE,ig,55,0.5742678541858867,61,32
2OAG-DLI,MSE,ig,60,0.5742678541858867,61,32
2OAG-DLI,MSE,ig,65,0.5969002695417788,53,28
2OAG-DLI,MSE,ig,70,0.5969002695417788,53,28
2OAG-DLI,MSE,ig,75,0.6023809523809522,49,26
2OAG-DLI,MSE,ig,80,0.604074074074074,45,24
2OAG-DLI,MSE,ig,85,0.6283783783783785,37,20
2OAG-DLI,MSE,ig,90,0.6538461538461539,13,7
2OAG-DLI,MSE,ig,95,1.0,1,1
2OAG-DLI,MSE,shap,50,0.5626652007604389,63,33
2OAG-DLI,MSE,shap,55,0.5598017647197976,61,32
2OAG-DLI,MSE,shap,60,0.5598017647197976,61,32
2OAG-DLI,MSE,shap,65,0.5515049415992811,53,28
2OAG-DLI,MSE,shap,70,0.5515049415992811,53,28
2OAG-DLI,MSE,shap,75,0.5499999999999999,49,26
2OAG-DLI,MSE,shap,80,0.5544444444444444,45,24
2OAG-DLI,MSE,shap,85,0.5427927927927927,37,20
2OAG-DLI,MSE,shap,90,0.5769230769230769,13,7
2OAG-DLI,MSE,shap,95,1.0,1,1
2OJ9-BMI,MSE,cam,50,0.5337362987766558,882,449
2OJ9-BMI,MSE,cam,55,0.5343259800638085,870,443
2OJ9-BMI,MSE,cam,60,0.53776762194445,820,418
2OJ9-BMI,MSE,cam,65,0.546270376617401,706,361
2OJ9-BMI,MSE,cam,70,0.557627700668938,582,299
2OJ9-BMI,MSE,cam,75,0.574506556245687,460,238
2OJ9-BMI,MSE,cam,80,0.586894349576566,343,179
2OJ9-BMI,MSE,cam,85,0.5922348484848486,176,92
2OJ9-BMI,MSE,cam,90,0.5496453900709221,47,26
2OJ9-BMI,MSE,cam,95,0.75,4,2
2OJ9-BMI,MSE,diff,50,0.6721623139180952,882,449
2OJ9-BMI,MSE,diff,55,0.6710456712358338,870,443
2OJ9-BMI,MSE,diff,60,0.6683376176668862,820,418
2OJ9-BMI,MSE,diff,65,0.6683361217001452,706,361
2OJ9-BMI,MSE,diff,70,0.6675073637702512,582,299
2OJ9-BMI,MSE,diff,75,0.6641658040027628,460,238
2OJ9-BMI,MSE,diff,80,0.6565805914202426,343,179
2OJ9-BMI,MSE,diff,85,0.6840909090909082,176,92
2OJ9-BMI,MSE,diff,90,0.6879432624113477,47,26
2OJ9-BMI,MSE,diff,95,1.0,4,2
2OJ9-BMI,MSE,gradcam,50,0.5877215788080136,882,449
2OJ9-BMI,MSE,gradcam,55,0.5861154396651355,870,443
2OJ9-BMI,MSE,gradcam,60,0.5814405225533276,820,418
2OJ9-BMI,MSE,gradcam,65,0.5745363976596272,706,361
2OJ9-BMI,MSE,gradcam,70,0.5733611892117052,582,299
2OJ9-BMI,MSE,gradcam,75,0.5754925810904066,460,238
2OJ9-BMI,MSE,gradcam,80,0.5937317784256544,343,179
2OJ9-BMI,MSE,gradcam,85,0.6047348484848485,176,92
2OJ9-BMI,MSE,gradcam,90,0.6418439716312057,47,26
2OJ9-BMI,MSE,gradcam,95,0.75,4,2
2OJ9-BMI,MSE,gradinput,50,0.5729480171915053,882,449
2OJ9-BMI,MSE,gradinput,55,0.5710623166556242,870,443
2OJ9-BMI,MSE,gradinput,60,0.5626652886408999,820,418
2OJ9-BMI,MSE,gradinput,65,0.5422044944353743,706,361
2OJ9-BMI,MSE,gradinput,70,0.5321101912596764,582,299
2OJ9-BMI,MSE,gradinput,75,0.5308186680469281,460,238
2OJ9-BMI,MSE,gradinput,80,0.5477995279744543,343,179
2OJ9-BMI,MSE,gradinput,85,0.5353219696969691,176,92
2OJ9-BMI,MSE,gradinput,90,0.5992907801418441,47,26
2OJ9-BMI,MSE,gradinput,95,0.75,4,2
2OJ9-BMI,MSE,ig,50,0.6027151826830907,882,449
2OJ9-BMI,MSE,ig,55,0.6018505698906307,870,443
2OJ9-BMI,MSE,ig,60,0.6007490070904704,820,418
2OJ9-BMI,MSE,ig,65,0.5997533667151234,706,361
2OJ9-BMI,MSE,ig,70,0.5981443670876677,582,299
2OJ9-BMI,MSE,ig,75,0.5982703588681862,460,238
2OJ9-BMI,MSE,ig,80,0.5983617936970712,343,179
2OJ9-BMI,MSE,ig,85,0.5832386363636357,176,92
2OJ9-BMI,MSE,ig,90,0.5390070921985813,47,26
2OJ9-BMI,MSE,ig,95,0.75,4,2
2OJ9-BMI,MSE,shap,50,0.5263080853942198,882,449
2OJ9-BMI,MSE,shap,55,0.5264378776320967,870,443
2OJ9-BMI,MSE,shap,60,0.5248905413692,820,418
2OJ9-BMI,MSE,shap,65,0.5232998548508466,706,361
2OJ9-BMI,MSE,shap,70,0.5194423989527085,582,299
2OJ9-BMI,MSE,shap,75,0.520860075914424,460,238
2OJ9-BMI,MSE,shap,80,0.5207760655282526,343,179
2OJ9-BMI,MSE,shap,85,0.5083333333333334,176,92
2OJ9-BMI,MSE,shap,90,0.5177304964539008,47,26
2OJ9-BMI,MSE,shap,95,0.5,4,2
2P4I-MR9,MSE,cam,50,0.4864864864864865,37,19
2P4I-MR9,MSE,cam,55,0.48148148148148145,27,14
2P4I-MR9,MSE,cam,60,0.47368421052631576,19,10
2P4I-MR9,MSE,cam,65,0.4666666666666667,15,8
2P4I-MR9,MSE,cam,70,0.4666666666666667,15,8
2P4I-MR9,MSE,cam,75,0.4666666666666667,15,8
2P4I-MR9,MSE,cam,80,0.4444444444444444,9,5
2P4I-MR9,MSE,cam,85,0.3333333333333333,3,2
2P4I-MR9,MSE,cam,90,0.5,2,1
2P4I-MR9,MSE,cam,95,,0,0
2P4I-MR9,MSE,diff,50,0.6252867963394281,37,19
2P4I-MR9,MSE,diff,55,0.6046669380002713,27,14
2P4I-MR9,MSE,diff,60,0.590582224792751,19,10
2P4I-MR9,MSE,diff,65,0.5895238095238095,15,8
2P4I-MR9,MSE,diff,70,0.5895238095238095,15,8
2P4I-MR9,MSE,diff,75,0.5895238095238095,15,8
2P4I-MR9,MSE,diff,80,0.5343915343915344,9,5
2P4I-MR9,MSE,diff,85,0.5,3,2
2P4I-MR9,MSE,diff,90,0.5,2,1
2P4I-MR9,MSE,diff,95,,0,0
2P4I-MR9,MSE,gradcam,50,0.3803078382025751,37,19
2P4I-MR9,MSE,gradcam,55,0.3462962962962962,27,14
2P4I-MR9,MSE,gradcam,60,0.3124156545209177,19,10
2P4I-MR9,MSE,gradcam,65,0.28888888888888886,15,8
2P4I-MR9,MSE,gradcam,70,0.28888888888888886,15,8
2P4I-MR9,MSE,gradcam,75,0.28888888888888886,15,8
2P4I-MR9,MSE,gradcam,80,0.25925925925925924,9,5
2P4I-MR9,MSE,gradcam,85,0.2222222222222222,3,2
2P4I-MR9,MSE,gradcam,90,0.3333333333333333,2,1
2P4I-MR9,MSE,gradcam,95,,0,0
2P4I-MR9,MSE,gradinput,50,0.40827892669997945,37,19
2P4I-MR9,MSE,gradinput,55,0.35959164292497625,27,14
2P4I-MR9,MSE,gradinput,60,0.3521592442645074,19,10
2P4I-MR9,MSE,gradinput,65,0.35333333333333333,15,8
2P4I-MR9,MSE,gradinput,70,0.35333333333333333,15,8
2P4I-MR9,MSE,gradinput,75,0.35333333333333333,15,8
2P4I-MR9,MSE,gradinput,80,0.25925925925925924,9,5
2P4I-MR9,MSE,gradinput,85,0.2222222222222222,3,2
2P4I-MR9,MSE,gradinput,90,0.3333333333333333,2,1
2P4I-MR9,MSE,gradinput,95,,0,0
2P4I-MR9,MSE,ig,50,0.6164172993120361,37,19
2P4I-MR9,MSE,ig,55,0.6576029937141049,27,14
2P4I-MR9,MSE,ig,60,0.6565050446629395,19,10
2P4I-MR9,MSE,ig,65,0.6525132275132275,15,8
2P4I-MR9,MSE,ig,70,0.6525132275132275,15,8
2P4I-MR9,MSE,ig,75,0.6525132275132275,15,8
2P4I-MR9,MSE,ig,80,0.5443121693121693,9,5
2P4I-MR9,MSE,ig,85,0.5555555555555555,3,2
2P4I-MR9,MSE,ig,90,0.3333333333333333,2,1
2P4I-MR9,MSE,ig,95,,0,0
2P4I-MR9,MSE,shap,50,0.5625012375012375,37,19
2P4I-MR9,MSE,shap,55,0.5721329082440193,27,14
2P4I-MR9,MSE,shap,60,0.6125393612235717,19,10
2P4I-MR9,MSE,shap,65,0.6331481481481481,15,8
2P4I-MR9,MSE,shap,70,0.6331481481481481,15,8
2P4I-MR9,MSE,shap,75,0.6331481481481481,15,8
2P4I-MR9,MSE,shap,80,0.587962962962963,9,5
2P4I-MR9,MSE,shap,85,0.4444444444444444,3,2
2P4I-MR9,MSE,shap,90,0.5,2,1
2P4I-MR9,MSE,shap,95,,0,0
2P4J-23I,MSE,cam,50,0.5233627452105301,139,75
2P4J-23I,MSE,cam,55,0.5233627452105301,139,75
2P4J-23I,MSE,cam,60,0.5233627452105301,139,75
2P4J-23I,MSE,cam,65,0.5297584364952787,75,43
2P4J-23I,MSE,cam,70,0.5510116361180191,47,29
2P4J-23I,MSE,cam,75,0.561961074156196,41,26
2P4J-23I,MSE,cam,80,0.6074879227053139,23,16
2P4J-23I,MSE,cam,85,0.625,16,12
2P4J-23I,MSE,cam,90,0.5,8,7
2P4J-23I,MSE,cam,95,0.6666666666666666,3,4
2P4J-23I,MSE,diff,50,0.5797266062840596,139,75
2P4J-23I,MSE,diff,55,0.5797266062840596,139,75
2P4J-23I,MSE,diff,60,0.5797266062840596,139,75
2P4J-23I,MSE,diff,65,0.6018451900123729,75,43
2P4J-23I,MSE,diff,70,0.6009425562617052,47,29
2P4J-23I,MSE,diff,75,0.6072941963185866,41,26
2P4J-23I,MSE,diff,80,0.6635955831608006,23,16
2P4J-23I,MSE,diff,85,0.6577380952380952,16,12
2P4J-23I,MSE,diff,90,0.7291666666666666,8,7
2P4J-23I,MSE,diff,95,0.8333333333333334,3,4
2P4J-23I,MSE,gradcam,50,0.5522747120576597,139,75
2P4J-23I,MSE,gradcam,55,0.5522747120576597,139,75
2P4J-23I,MSE,gradcam,60,0.5522747120576597,139,75
2P4J-23I,MSE,gradcam,65,0.5742091163050913,75,43
2P4J-23I,MSE,gradcam,70,0.5692333671057075,47,29
2P4J-23I,MSE,gradcam,75,0.563395276809911,41,26
2P4J-23I,MSE,gradcam,80,0.5785886818495513,23,16
2P4J-23I,MSE,gradcam,85,0.587797619047619,16,12
2P4J-23I,MSE,gradcam,90,0.6458333333333334,8,7
2P4J-23I,MSE,gradcam,95,0.8333333333333334,3,4
2P4J-23I,MSE,gradinput,50,0.5759968205911139,139,75
2P4J-23I,MSE,gradinput,55,0.5759968205911139,139,75
2P4J-23I,MSE,gradinput,60,0.5759968205911139,139,75
2P4J-23I,MSE,gradinput,65,0.5544965636358828,75,43
2P4J-23I,MSE,gradinput,70,0.5365969727671857,47,29
2P4J-23I,MSE,gradinput,75,0.532951465878295,41,26
2P4J-23I,MSE,gradinput,80,0.571256038647343,23,16
2P4J-23I,MSE,gradinput,85,0.6145833333333334,16,12
2P4J-23I,MSE,gradinput,90,0.5,8,7
2P4J-23I,MSE,gradinput,95,0.3333333333333333,3,4
2P4J-23I,MSE,ig,50,0.5512458068296987,139,75
2P4J-23I,MSE,ig,55,0.5512458068296987,139,75
2P4J-23I,MSE,ig,60,0.5512458068296987,139,75
2P4J-23I,MSE,ig,65,0.5769997892257954,75,43
2P4J-23I,MSE,ig,70,0.5901645635688189,47,29
2P4J-23I,MSE,ig,75,0.6062629782141977,41,26
2P4J-23I,MSE,ig,80,0.7180814354727398,23,16
2P4J-23I,MSE,ig,85,0.8169642857142857,16,12
2P4J-23I,MSE,ig,90,0.8333333333333333,8,7
2P4J-23I,MSE,ig,95,1.0,3,4
2P4J-23I,MSE,shap,50,0.5082797959972382,139,75
2P4J-23I,MSE,shap,55,0.5082797959972382,139,75
2P4J-23I,MSE,shap,60,0.5082797959972382,139,75
2P4J-23I,MSE,shap,65,0.5004975471724697,75,43
2P4J-23I,MSE,shap,70,0.49889702496085475,47,29
2P4J-23I,MSE,shap,75,0.5039620948157534,41,26
2P4J-23I,MSE,shap,80,0.5184265010351966,23,16
2P4J-23I,MSE,shap,85,0.5223214285714286,16,12
2P4J-23I,MSE,shap,90,0.6041666666666666,8,7
2P4J-23I,MSE,shap,95,0.6666666666666666,3,4
2PHB-230,MSE,cam,50,0.5,58,29
2PHB-230,MSE,cam,55,0.5,56,28
2PHB-230,MSE,cam,60,0.5,44,22
2PHB-230,MSE,cam,65,0.5,40,20
2PHB-230,MSE,cam,70,0.5,18,9
2PHB-230,MSE,cam,75,0.5,16,8
2PHB-230,MSE,cam,80,0.5,16,8
2PHB-230,MSE,cam,85,0.5,14,7
2PHB-230,MSE,cam,90,0.5,8,4
2PHB-230,MSE,cam,95,,0,0
2PHB-230,MSE,diff,50,0.5496347177815364,58,29
2PHB-230,MSE,diff,55,0.551913459148228,56,28
2PHB-230,MSE,diff,60,0.570872940191122,44,22
2PHB-230,MSE,diff,65,0.5806691919191919,40,20
2PHB-230,MSE,diff,70,0.6771604938271606,18,9
2PHB-230,MSE,diff,75,0.6979166666666666,16,8
2PHB-230,MSE,diff,80,0.6979166666666666,16,8
2PHB-230,MSE,diff,85,0.6904761904761905,14,7
2PHB-230,MSE,diff,90,0.7708333333333333,8,4
2PHB-230,MSE,diff,95,,0,0
2PHB-230,MSE,gradcam,50,0.5085625536136639,58,29
2PHB-230,MSE,gradcam,55,0.5103142815984202,56,28
2PHB-230,MSE,gradcam,60,0.5110769281223827,44,22
2PHB-230,MSE,gradcam,65,0.5183459595959595,40,20
2PHB-230,MSE,gradcam,70,0.5487654320987655,18,9
2PHB-230,MSE,gradcam,75,0.5395833333333333,16,8
2PHB-230,MSE,gradcam,80,0.5395833333333333,16,8
2PHB-230,MSE,gradcam,85,0.5333333333333333,14,7
2PHB-230,MSE,gradcam,90,0.5833333333333333,8,4
2PHB-230,MSE,gradcam,95,,0,0
2PHB-230,MSE,gradinput,50,0.5457068360746165,58,29
2PHB-230,MSE,gradinput,55,0.5455318199540888,56,28
2PHB-230,MSE,gradinput,60,0.5536817979999799,44,22
2PHB-230,MSE,gradinput,65,0.5598358585858586,40,20
2PHB-230,MSE,gradinput,70,0.6308641975308641,18,9
2PHB-230,MSE,gradinput,75,0.6458333333333333,16,8
2PHB-230,MSE,gradinput,80,0.6458333333333333,16,8
2PHB-230,MSE,gradinput,85,0.619047619047619,14,7
2PHB-230,MSE,gradinput,90,0.7083333333333333,8,4
2PHB-230,MSE,gradinput,95,,0,0
2PHB-230,MSE,ig,50,0.63156847948737,58,29
2PHB-230,MSE,ig,55,0.6317849940092586,56,28
2PHB-230,MSE,ig,60,0.6214169668715123,44,22
2PHB-230,MSE,ig,65,0.6145959595959596,40,20
2PHB-230,MSE,ig,70,0.6552469135802469,18,9
2PHB-230,MSE,ig,75,0.6802083333333333,16,8
2PHB-230,MSE,ig,80,0.6802083333333333,16,8
2PHB-230,MSE,ig,85,0.6761904761904762,14,7
2PHB-230,MSE,ig,90,0.6458333333333333,8,4
2PHB-230,MSE,ig,95,,0,0
2PHB-230,MSE,shap,50,0.49076173350687585,58,29
2PHB-230,MSE,shap,55,0.4944080822888595,56,28
2PHB-230,MSE,shap,60,0.4873618805436987,44,22
2PHB-230,MSE,shap,65,0.49371212121212105,40,20
2PHB-230,MSE,shap,70,0.5212962962962964,18,9
2PHB-230,MSE,shap,75,0.521875,16,8
2PHB-230,MSE,shap,80,0.521875,16,8
2PHB-230,MSE,shap,85,0.5369047619047619,14,7
2PHB-230,MSE,shap,90,0.5833333333333333,8,4
2PHB-230,MSE,shap,95,,0,0
2PZY-B18,MSE,cam,50,0.49937078425450515,258,129
2PZY-B18,MSE,cam,55,0.49961479198767333,236,118
2PZY-B18,MSE,cam,60,0.49944567627494457,164,82
2PZY-B18,MSE,cam,65,0.5,122,61
2PZY-B18,MSE,cam,70,0.5,68,34
2PZY-B18,MSE,cam,75,0.5,34,17
2PZY-B18,MSE,cam,80,0.5,12,6
2PZY-B18,MSE,cam,85,0.5,2,1
2PZY-B18,MSE,cam,90,,0,0
2PZY-B18,MSE,cam,95,,0,0
2PZY-B18,MSE,diff,50,0.6294516751425098,258,129
2PZY-B18,MSE,diff,55,0.6372997197772873,236,118
2PZY-B18,MSE,diff,60,0.6526825139630016,164,82
2PZY-B18,MSE,diff,65,0.6735998746244645,122,61
2PZY-B18,MSE,diff,70,0.6175303454715221,68,34
2PZY-B18,MSE,diff,75,0.6373599439775909,34,17
2PZY-B18,MSE,diff,80,0.6912698412698411,12,6
2PZY-B18,MSE,diff,85,0.25,2,1
2PZY-B18,MSE,diff,90,,0,0
2PZY-B18,MSE,diff,95,,0,0
2PZY-B18,MSE,gradcam,50,0.49258944956079376,258,129
2PZY-B18,MSE,gradcam,55,0.5008985572420267,236,118
2PZY-B18,MSE,gradcam,60,0.5279163925505388,164,82
2PZY-B18,MSE,gradcam,65,0.5392058760911218,122,61
2PZY-B18,MSE,gradcam,70,0.48923319327731085,68,34
2PZY-B18,MSE,gradcam,75,0.5076447245564895,34,17
2PZY-B18,MSE,gradcam,80,0.46448412698412694,12,6
2PZY-B18,MSE,gradcam,85,0.375,2,1
2PZY-B18,MSE,gradcam,90,,0,0
2PZY-B18,MSE,gradcam,95,,0,0
2PZY-B18,MSE,gradinput,50,0.39580251378302006,258,129
2PZY-B18,MSE,gradinput,55,0.404957871349322,236,118
2PZY-B18,MSE,gradinput,60,0.43280821482040993,164,82
2PZY-B18,MSE,gradinput,65,0.4333602417618811,122,61
2PZY-B18,MSE,gradinput,70,0.4282679738562093,68,34
2PZY-B18,MSE,gradinput,75,0.3967787114845938,34,17
2PZY-B18,MSE,gradinput,80,0.41726190476190467,12,6
2PZY-B18,MSE,gradinput,85,0.375,2,1
2PZY-B18,MSE,gradinput,90,,0,0
2PZY-B18,MSE,gradinput,95,,0,0
2PZY-B18,MSE,ig,50,0.5610819098961695,258,129
2PZY-B18,MSE,ig,55,0.5659449069126288,236,118
2PZY-B18,MSE,ig,60,0.5818200769420281,164,82
2PZY-B18,MSE,ig,65,0.5975563598514415,122,61
2PZY-B18,MSE,ig,70,0.6045226423902894,68,34
2PZY-B18,MSE,ig,75,0.6048319327731093,34,17
2PZY-B18,MSE,ig,80,0.5359126984126984,12,6
2PZY-B18,MSE,ig,85,0.625,2,1
2PZY-B18,MSE,ig,90,,0,0
2PZY-B18,MSE,ig,95,,0,0
2PZY-B18,MSE,shap,50,0.5499384466962224,258,129
2PZY-B18,MSE,shap,55,0.5512213453296454,236,118
2PZY-B18,MSE,shap,60,0.5587886537581661,164,82
2PZY-B18,MSE,shap,65,0.5663195183686989,122,61
2PZY-B18,MSE,shap,70,0.5680322128851543,68,34
2PZY-B18,MSE,shap,75,0.5795168067226891,34,17
2PZY-B18,MSE,shap,80,0.5232142857142857,12,6
2PZY-B18,MSE,shap,85,0.375,2,1
2PZY-B18,MSE,shap,90,,0,0
2PZY-B18,MSE,shap,95,,0,0
2Q59-240,MSE,cam,50,0.5,116,61
2Q59-240,MSE,cam,55,0.5,116,61
2Q59-240,MSE,cam,60,0.5,112,59
2Q59-240,MSE,cam,65,0.5,104,55
2Q59-240,MSE,cam,70,0.5,80,43
2Q59-240,MSE,cam,75,0.5,44,25
2Q59-240,MSE,cam,80,0.5,34,20
2Q59-240,MSE,cam,85,0.5,22,14
2Q59-240,MSE,cam,90,0.5,10,8
2Q59-240,MSE,cam,95,0.0,1,2
2Q59-240,MSE,diff,50,0.4560871360440325,116,61
2Q59-240,MSE,diff,55,0.4560871360440325,116,61
2Q59-240,MSE,diff,60,0.4560813194741765,112,59
2Q59-240,MSE,diff,65,0.45787695210772117,104,55
2Q59-240,MSE,diff,70,0.47678661616161583,80,43
2Q59-240,MSE,diff,75,0.5182900432900431,44,25
2Q59-240,MSE,diff,80,0.5442577030812326,34,20
2Q59-240,MSE,diff,85,0.5727272727272728,22,14
2Q59-240,MSE,diff,90,0.5499999999999999,10,8
2Q59-240,MSE,diff,95,1.0,1,2
2Q59-240,MSE,gradcam,50,0.48766606956262104,116,61
2Q59-240,MSE,gradcam,55,0.48766606956262104,116,61
2Q59-240,MSE,gradcam,60,0.484547000618429,112,59
2Q59-240,MSE,gradcam,65,0.48010739260739255,104,55
2Q59-240,MSE,gradcam,70,0.4649945887445888,80,43
2Q59-240,MSE,gradcam,75,0.44808802308802315,44,25
2Q59-240,MSE,gradcam,80,0.4018207282913165,34,20
2Q59-240,MSE,gradcam,85,0.3818181818181818,22,14
2Q59-240,MSE,gradcam,90,0.45,10,8
2Q59-240,MSE,gradcam,95,1.0,1,2
2Q59-240,MSE,gradinput,50,0.5625318527258181,116,61
2Q59-240,MSE,gradinput,55,0.5625318527258181,116,61
2Q59-240,MSE,gradinput,60,0.567332097466026,112,59
2Q59-240,MSE,gradinput,65,0.5730304150977227,104,55
2Q59-240,MSE,gradinput,70,0.607761093073593,80,43
2Q59-240,MSE,gradinput,75,0.6940025252525251,44,25
2Q59-240,MSE,gradinput,80,0.7240196078431371,34,20
2Q59-240,MSE,gradinput,85,0.7780303030303031,22,14
2Q59-240,MSE,gradinput,90,0.9166666666666666,10,8
2Q59-240,MSE,gradinput,95,1.0,1,2
2Q59-240,MSE,ig,50,0.5288611173309447,116,61
2Q59-240,MSE,ig,55,0.5288611173309447,116,61
2Q59-240,MSE,ig,60,0.5311195500927642,112,59
2Q59-240,MSE,ig,65,0.5384278915528913,104,55
2Q59-240,MSE,ig,70,0.5734749278499277,80,43
2Q59-240,MSE,ig,75,0.6741071428571428,44,25
2Q59-240,MSE,ig,80,0.7039915966386554,34,20
2Q59-240,MSE,ig,85,0.7265151515151514,22,14
2Q59-240,MSE,ig,90,0.7833333333333333,10,8
2Q59-240,MSE,ig,95,1.0,1,2
2Q59-240,MSE,shap,50,0.5075297906116873,116,61
2Q59-240,MSE,shap,55,0.5075297906116873,116,61
2Q59-240,MSE,shap,60,0.5119281759906761,112,59
2Q59-240,MSE,shap,65,0.5127236278678587,104,55
2Q59-240,MSE,shap,70,0.5199846681096683,80,43
2Q59-240,MSE,shap,75,0.5190386002886003,44,25
2Q59-240,MSE,shap,80,0.5256302521008402,34,20
2Q59-240,MSE,shap,85,0.5287878787878788,22,14
2Q59-240,MSE,shap,90,0.6333333333333333,10,8
2Q59-240,MSE,shap,95,1.0,1,2
2Q8S-L92,MSE,cam,50,0.5,24,12
2Q8S-L92,MSE,cam,55,0.5,24,12
2Q8S-L92,MSE,cam,60,0.5,24,12
2Q8S-L92,MSE,cam,65,0.5,24,12
2Q8S-L92,MSE,cam,70,0.5,20,10
2Q8S-L92,MSE,cam,75,0.5,20,10
2Q8S-L92,MSE,cam,80,0.5,20,10
2Q8S-L92,MSE,cam,85,0.5,10,5
2Q8S-L92,MSE,cam,90,0.5,6,3
2Q8S-L92,MSE,cam,95,0.5,6,3
2Q8S-L92,MSE,diff,50,0.8583333333333334,24,12
2Q8S-L92,MSE,diff,55,0.8583333333333334,24,12
2Q8S-L92,MSE,diff,60,0.8583333333333334,24,12
2Q8S-L92,MSE,diff,65,0.8583333333333334,24,12
2Q8S-L92,MSE,diff,70,0.8383333333333333,20,10
2Q8S-L92,MSE,diff,75,0.8383333333333333,20,10
2Q8S-L92,MSE,diff,80,0.8383333333333333,20,10
2Q8S-L92,MSE,diff,85,0.85,10,5
2Q8S-L92,MSE,diff,90,1.0,6,3
2Q8S-L92,MSE,diff,95,1.0,6,3
2Q8S-L92,MSE,gradcam,50,0.6333333333333333,24,12
2Q8S-L92,MSE,gradcam,55,0.6333333333333333,24,12
2Q8S-L92,MSE,gradcam,60,0.6333333333333333,24,12
2Q8S-L92,MSE,gradcam,65,0.6333333333333333,24,12
2Q8S-L92,MSE,gradcam,70,0.6516666666666666,20,10
2Q8S-L92,MSE,gradcam,75,0.6516666666666666,20,10
2Q8S-L92,MSE,gradcam,80,0.6516666666666666,20,10
2Q8S-L92,MSE,gradcam,85,0.7,10,5
2Q8S-L92,MSE,gradcam,90,0.8333333333333334,6,3
2Q8S-L92,MSE,gradcam,95,0.8333333333333334,6,3
2Q8S-L92,MSE,gradinput,50,0.6305555555555556,24,12
2Q8S-L92,MSE,gradinput,55,0.6305555555555556,24,12
2Q8S-L92,MSE,gradinput,60,0.6305555555555556,24,12
2Q8S-L92,MSE,gradinput,65,0.6305555555555556,24,12
2Q8S-L92,MSE,gradinput,70,0.6266666666666667,20,10
2Q8S-L92,MSE,gradinput,75,0.6266666666666667,20,10
2Q8S-L92,MSE,gradinput,80,0.6266666666666667,20,10
2Q8S-L92,MSE,gradinput,85,0.7,10,5
2Q8S-L92,MSE,gradinput,90,0.8333333333333334,6,3
2Q8S-L92,MSE,gradinput,95,0.8333333333333334,6,3
2Q8S-L92,MSE,ig,50,0.5437499999999998,24,12
2Q8S-L92,MSE,ig,55,0.5437499999999998,24,12
2Q8S-L92,MSE,ig,60,0.5437499999999998,24,12
2Q8S-L92,MSE,ig,65,0.5437499999999998,24,12
2Q8S-L92,MSE,ig,70,0.5633333333333332,20,10
2Q8S-L92,MSE,ig,75,0.5633333333333332,20,10
2Q8S-L92,MSE,ig,80,0.5633333333333332,20,10
2Q8S-L92,MSE,ig,85,0.5,10,5
2Q8S-L92,MSE,ig,90,0.5,6,3
2Q8S-L92,MSE,ig,95,0.5,6,3
2Q8S-L92,MSE,shap,50,0.5562499999999999,24,12
2Q8S-L92,MSE,shap,55,0.5562499999999999,24,12
2Q8S-L92,MSE,shap,60,0.5562499999999999,24,12
2Q8S-L92,MSE,shap,65,0.5562499999999999,24,12
2Q8S-L92,MSE,shap,70,0.5833333333333333,20,10
2Q8S-L92,MSE,shap,75,0.5833333333333333,20,10
2Q8S-L92,MSE,shap,80,0.5833333333333333,20,10
2Q8S-L92,MSE,shap,85,0.6,10,5
2Q8S-L92,MSE,shap,90,0.6666666666666666,6,3
2Q8S-L92,MSE,shap,95,0.6666666666666666,6,3
2QN1-0AS,MSE,cam,50,0.5722085813492065,320,171
2QN1-0AS,MSE,cam,55,0.5722085813492065,320,171
2QN1-0AS,MSE,cam,60,0.5722085813492065,320,171
2QN1-0AS,MSE,cam,65,0.5705662873115704,318,170
2QN1-0AS,MSE,cam,70,0.5710129093831626,316,169
2QN1-0AS,MSE,cam,75,0.5716230680868839,304,163
2QN1-0AS,MSE,cam,80,0.5584708783911972,251,135
2QN1-0AS,MSE,cam,85,0.5683087027914614,203,109
2QN1-0AS,MSE,cam,90,0.5885057471264367,145,78
2QN1-0AS,MSE,cam,95,0.3684210526315789,19,13
2QN1-0AS,MSE,diff,50,0.6203872863247863,320,171
2QN1-0AS,MSE,diff,55,0.6203872863247863,320,171
2QN1-0AS,MSE,diff,60,0.6203872863247863,320,171
2QN1-0AS,MSE,diff,65,0.6209697360640758,318,170
2QN1-0AS,MSE,diff,70,0.6237132154062535,316,169
2QN1-0AS,MSE,diff,75,0.6247167397660819,304,163
2QN1-0AS,MSE,diff,80,0.6114209827357235,251,135
2QN1-0AS,MSE,diff,85,0.6155993431855499,203,109
2QN1-0AS,MSE,diff,90,0.6022988505747127,145,78
2QN1-0AS,MSE,diff,95,0.6842105263157895,19,13
2QN1-0AS,MSE,gradcam,50,0.6287641655219776,320,171
2QN1-0AS,MSE,gradcam,55,0.6287641655219776,320,171
2QN1-0AS,MSE,gradcam,60,0.6287641655219776,320,171
2QN1-0AS,MSE,gradcam,65,0.6304475180654422,318,170
2QN1-0AS,MSE,gradcam,70,0.6314709200785147,316,169
2QN1-0AS,MSE,gradcam,75,0.6337928153717625,304,163
2QN1-0AS,MSE,gradcam,80,0.6443701384936441,251,135
2QN1-0AS,MSE,gradcam,85,0.6330870279146142,203,109
2QN1-0AS,MSE,gradcam,90,0.6356321839080459,145,78
2QN1-0AS,MSE,gradcam,95,0.631578947368421,19,13
2QN1-0AS,MSE,gradinput,50,0.5150711614774113,320,171
2QN1-0AS,MSE,gradinput,55,0.5150711614774113,320,171
2QN1-0AS,MSE,gradinput,60,0.5150711614774113,320,171
2QN1-0AS,MSE,gradinput,65,0.5148165426467312,318,170
2QN1-0AS,MSE,gradinput,70,0.515305887853356,316,169
2QN1-0AS,MSE,gradinput,75,0.5138014306599832,304,163
2QN1-0AS,MSE,gradinput,80,0.5102305065452476,251,135
2QN1-0AS,MSE,gradinput,85,0.5183087027914615,203,109
2QN1-0AS,MSE,gradinput,90,0.49540229885057446,145,78
2QN1-0AS,MSE,gradinput,95,0.47368421052631576,19,13
2QN1-0AS,MSE,ig,50,0.659806881486569,320,171
2QN1-0AS,MSE,ig,55,0.659806881486569,320,171
2QN1-0AS,MSE,ig,60,0.659806881486569,320,171
2QN1-0AS,MSE,ig,65,0.660637253208008,318,170
2QN1-0AS,MSE,ig,70,0.6622472991143877,316,169
2QN1-0AS,MSE,ig,75,0.6669016290726816,304,163
2QN1-0AS,MSE,ig,80,0.6521106051982546,251,135
2QN1-0AS,MSE,ig,85,0.6555008210180624,203,109
2QN1-0AS,MSE,ig,90,0.6609195402298849,145,78
2QN1-0AS,MSE,ig,95,0.631578947368421,19,13
2QN1-0AS,MSE,shap,50,0.555306394993895,320,171
2QN1-0AS,MSE,shap,55,0.555306394993895,320,171
2QN1-0AS,MSE,shap,60,0.555306394993895,320,171
2QN1-0AS,MSE,shap,65,0.5563530459756876,318,170
2QN1-0AS,MSE,shap,70,0.5563141412033817,316,169
2QN1-0AS,MSE,shap,75,0.5542776211361738,304,163
2QN1-0AS,MSE,shap,80,0.5563982166571808,251,135
2QN1-0AS,MSE,shap,85,0.5541050903119866,203,109
2QN1-0AS,MSE,shap,90,0.5563218390804596,145,78
2QN1-0AS,MSE,shap,95,0.47368421052631576,19,13
2QU2-251,MSE,cam,50,0.6363636363636364,66,42
2QU2-251,MSE,cam,55,0.6363636363636364,66,42
2QU2-251,MSE,cam,60,0.6363636363636364,66,42
2QU2-251,MSE,cam,65,0.6190476190476191,63,39
2QU2-251,MSE,cam,70,0.5818181818181818,55,32
2QU2-251,MSE,cam,75,0.5,34,17
2QU2-251,MSE,cam,80,0.5,12,6
2QU2-251,MSE,cam,85,0.5,6,3
2QU2-251,MSE,cam,90,0.5,6,3
2QU2-251,MSE,cam,95,,0,0
2QU2-251,MSE,diff,50,0.7676951836042746,66,42
2QU2-251,MSE,diff,55,0.7676951836042746,66,42
2QU2-251,MSE,diff,60,0.7676951836042746,66,42
2QU2-251,MSE,diff,65,0.7632206417920704,63,39
2QU2-251,MSE,diff,70,0.7727194018103111,55,32
2QU2-251,MSE,diff,75,0.7487394957983193,34,17
2QU2-251,MSE,diff,80,0.8194444444444445,12,6
2QU2-251,MSE,diff,85,0.8333333333333334,6,3
2QU2-251,MSE,diff,90,0.8333333333333334,6,3
2QU2-251,MSE,diff,95,,0,0
2QU2-251,MSE,gradcam,50,0.6870108006471645,66,42
2QU2-251,MSE,gradcam,55,0.6870108006471645,66,42
2QU2-251,MSE,gradcam,60,0.6870108006471645,66,42
2QU2-251,MSE,gradcam,65,0.6766417004512245,63,39
2QU2-251,MSE,gradcam,70,0.6508198871835236,55,32
2QU2-251,MSE,gradcam,75,0.6108776844070962,34,17
2QU2-251,MSE,gradcam,80,0.5833333333333334,12,6
2QU2-251,MSE,gradcam,85,0.5,6,3
2QU2-251,MSE,gradcam,90,0.5,6,3
2QU2-251,MSE,gradcam,95,,0,0
2QU2-251,MSE,gradinput,50,0.6749336942518761,66,42
2QU2-251,MSE,gradinput,55,0.6749336942518761,66,42
2QU2-251,MSE,gradinput,60,0.6749336942518761,66,42
2QU2-251,MSE,gradinput,65,0.6662686960306008,63,39
2QU2-251,MSE,gradinput,70,0.6644201757838122,55,32
2QU2-251,MSE,gradinput,75,0.6360644257703081,34,17
2QU2-251,MSE,gradinput,80,0.6666666666666666,12,6
2QU2-251,MSE,gradinput,85,0.6944444444444443,6,3
2QU2-251,MSE,gradinput,90,0.6944444444444443,6,3
2QU2-251,MSE,gradinput,95,,0,0
2QU2-251,MSE,ig,50,0.8480328173509988,66,42
2QU2-251,MSE,ig,55,0.8480328173509988,66,42
2QU2-251,MSE,ig,60,0.8480328173509988,66,42
2QU2-251,MSE,ig,65,0.8440464738083782,63,39
2QU2-251,MSE,ig,70,0.8442273383182471,55,32
2QU2-251,MSE,ig,75,0.857061157796452,34,17
2QU2-251,MSE,ig,80,0.9583333333333334,12,6
2QU2-251,MSE,ig,85,1.0,6,3
2QU2-251,MSE,ig,90,1.0,6,3
2QU2-251,MSE,ig,95,,0,0
2QU2-251,MSE,shap,50,0.5251438376438377,66,42
2QU2-251,MSE,shap,55,0.5251438376438377,66,42
2QU2-251,MSE,shap,60,0.5251438376438377,66,42
2QU2-251,MSE,shap,65,0.526108591584782,63,39
2QU2-251,MSE,shap,70,0.5219172241899515,55,32
2QU2-251,MSE,shap,75,0.5201914098972922,34,17
2QU2-251,MSE,shap,80,0.5319444444444444,12,6
2QU2-251,MSE,shap,85,0.3611111111111111,6,3
2QU2-251,MSE,shap,90,0.3611111111111111,6,3
2QU2-251,MSE,shap,95,,0,0
2R3R-6SC,MSE,cam,50,0.5,112,56
2R3R-6SC,MSE,cam,55,0.5,104,52
2R3R-6SC,MSE,cam,60,0.5,82,41
2R3R-6SC,MSE,cam,65,0.5,60,30
2R3R-6SC,MSE,cam,70,0.5,48,24
2R3R-6SC,MSE,cam,75,0.5,36,18
2R3R-6SC,MSE,cam,80,0.5,22,11
2R3R-6SC,MSE,cam,85,0.5,20,10
2R3R-6SC,MSE,cam,90,0.5,12,6
2R3R-6SC,MSE,cam,95,0.5,2,1
2R3R-6SC,MSE,diff,50,0.6364030832321272,112,56
2R3R-6SC,MSE,diff,55,0.6410674795290178,104,52
2R3R-6SC,MSE,diff,60,0.6600593173763902,82,41
2R3R-6SC,MSE,diff,65,0.6878619528619526,60,30
2R3R-6SC,MSE,diff,70,0.7005787037037035,48,24
2R3R-6SC,MSE,diff,75,0.7087962962962961,36,18
2R3R-6SC,MSE,diff,80,0.7083333333333334,22,11
2R3R-6SC,MSE,diff,85,0.6916666666666667,20,10
2R3R-6SC,MSE,diff,90,0.7083333333333334,12,6
2R3R-6SC,MSE,diff,95,0.5,2,1
2R3R-6SC,MSE,gradcam,50,0.33261268814052436,112,56
2R3R-6SC,MSE,gradcam,55,0.3322037471075934,104,52
2R3R-6SC,MSE,gradcam,60,0.30542431822919636,82,41
2R3R-6SC,MSE,gradcam,65,0.2738720538720539,60,30
2R3R-6SC,MSE,gradcam,70,0.25960648148148147,48,24
2R3R-6SC,MSE,gradcam,75,0.2875,36,18
2R3R-6SC,MSE,gradcam,80,0.23106060606060605,22,11
2R3R-6SC,MSE,gradcam,85,0.2416666666666667,20,10
2R3R-6SC,MSE,gradcam,90,0.20833333333333334,12,6
2R3R-6SC,MSE,gradcam,95,0.5,2,1
2R3R-6SC,MSE,gradinput,50,0.34398643490030045,112,56
2R3R-6SC,MSE,gradinput,55,0.34062038388961463,104,52
2R3R-6SC,MSE,gradinput,60,0.3208833172247807,82,41
2R3R-6SC,MSE,gradinput,65,0.29847643097643106,60,30
2R3R-6SC,MSE,gradinput,70,0.2799768518518519,48,24
2R3R-6SC,MSE,gradinput,75,0.24675925925925923,36,18
2R3R-6SC,MSE,gradinput,80,0.14772727272727273,22,11
2R3R-6SC,MSE,gradinput,85,0.125,20,10
2R3R-6SC,MSE,gradinput,90,0.125,12,6
2R3R-6SC,MSE,gradinput,95,0.0,2,1
2R3R-6SC,MSE,ig,50,0.43074878698565666,112,56
2R3R-6SC,MSE,ig,55,0.433005669544131,104,52
2R3R-6SC,MSE,ig,60,0.4134435347849982,82,41
2R3R-6SC,MSE,ig,65,0.4048316498316498,60,30
2R3R-6SC,MSE,ig,70,0.4052083333333334,48,24
2R3R-6SC,MSE,ig,75,0.39675925925925926,36,18
2R3R-6SC,MSE,ig,80,0.3371212121212121,22,11
2R3R-6SC,MSE,ig,85,0.3333333333333333,20,10
2R3R-6SC,MSE,ig,90,0.3333333333333333,12,6
2R3R-6SC,MSE,ig,95,0.5,2,1
2R3R-6SC,MSE,shap,50,0.5127805434528123,112,56
2R3R-6SC,MSE,shap,55,0.5146026516218823,104,52
2R3R-6SC,MSE,shap,60,0.5370610419390908,82,41
2R3R-6SC,MSE,shap,65,0.5323905723905725,60,30
2R3R-6SC,MSE,shap,70,0.5318287037037038,48,24
2R3R-6SC,MSE,shap,75,0.5277777777777778,36,18
2R3R-6SC,MSE,shap,80,0.45075757575757575,22,11
2R3R-6SC,MSE,shap,85,0.4333333333333333,20,10
2R3R-6SC,MSE,shap,90,0.4583333333333333,12,6
2R3R-6SC,MSE,shap,95,0.0,2,1
2R64-740,MSE,cam,50,0.6574074074074074,36,18
2R64-740,MSE,cam,55,0.6574074074074074,36,18
2R64-740,MSE,cam,60,0.6574074074074074,36,18
2R64-740,MSE,cam,65,0.6574074074074074,36,18
2R64-740,MSE,cam,70,0.6574074074074074,36,18
2R64-740,MSE,cam,75,0.6388888888888888,24,12
2R64-740,MSE,cam,80,0.5833333333333333,8,4
2R64-740,MSE,cam,85,0.611111111111111,6,3
2R64-740,MSE,cam,90,,0,0
2R64-740,MSE,cam,95,,0,0
2R64-740,MSE,diff,50,0.6715388007054671,36,18
2R64-740,MSE,diff,55,0.6715388007054671,36,18
2R64-740,MSE,diff,60,0.6715388007054671,36,18
2R64-740,MSE,diff,65,0.6715388007054671,36,18
2R64-740,MSE,diff,70,0.6715388007054671,36,18
2R64-740,MSE,diff,75,0.6762896825396826,24,12
2R64-740,MSE,diff,80,0.60625,8,4
2R64-740,MSE,diff,85,0.625,6,3
2R64-740,MSE,diff,90,,0,0
2R64-740,MSE,diff,95,,0,0
2R64-740,MSE,gradcam,50,0.6712962962962963,36,18
2R64-740,MSE,gradcam,55,0.6712962962962963,36,18
2R64-740,MSE,gradcam,60,0.6712962962962963,36,18
2R64-740,MSE,gradcam,65,0.6712962962962963,36,18
2R64-740,MSE,gradcam,70,0.6712962962962963,36,18
2R64-740,MSE,gradcam,75,0.6597222222222222,24,12
2R64-740,MSE,gradcam,80,0.6458333333333334,8,4
2R64-740,MSE,gradcam,85,0.6944444444444443,6,3
2R64-740,MSE,gradcam,90,,0,0
2R64-740,MSE,gradcam,95,,0,0
2R64-740,MSE,gradinput,50,0.4634259259259259,36,18
2R64-740,MSE,gradinput,55,0.4634259259259259,36,18
2R64-740,MSE,gradinput,60,0.4634259259259259,36,18
2R64-740,MSE,gradinput,65,0.4634259259259259,36,18
2R64-740,MSE,gradinput,70,0.4634259259259259,36,18
2R64-740,MSE,gradinput,75,0.4798611111111111,24,12
2R64-740,MSE,gradinput,80,0.48125,8,4
2R64-740,MSE,gradinput,85,0.4583333333333333,6,3
2R64-740,MSE,gradinput,90,,0,0
2R64-740,MSE,gradinput,95,,0,0
2R64-740,MSE,ig,50,0.7035493827160493,36,18
2R64-740,MSE,ig,55,0.7035493827160493,36,18
2R64-740,MSE,ig,60,0.7035493827160493,36,18
2R64-740,MSE,ig,65,0.7035493827160493,36,18
2R64-740,MSE,ig,70,0.7035493827160493,36,18
2R64-740,MSE,ig,75,0.6895833333333333,24,12
2R64-740,MSE,ig,80,0.56875,8,4
2R64-740,MSE,ig,85,0.625,6,3
2R64-740,MSE,ig,90,,0,0
2R64-740,MSE,ig,95,,0,0
2R64-740,MSE,shap,50,0.5228284832451499,36,18
2R64-740,MSE,shap,55,0.5228284832451499,36,18
2R64-740,MSE,shap,60,0.5228284832451499,36,18
2R64-740,MSE,shap,65,0.5228284832451499,36,18
2R64-740,MSE,shap,70,0.5228284832451499,36,18
2R64-740,MSE,shap,75,0.5382936507936508,24,12
2R64-740,MSE,shap,80,0.6,8,4
2R64-740,MSE,shap,85,0.49999999999999994,6,3
2R64-740,MSE,shap,90,,0,0
2R64-740,MSE,shap,95,,0,0
2RGU-356,MSE,cam,50,0.5867091972549627,1546,783
2RGU-356,MSE,cam,55,0.5846841121716191,1490,755
2RGU-356,MSE,cam,60,0.578352925143343,1304,662
2RGU-356,MSE,cam,65,0.5566925101110903,958,489
2RGU-356,MSE,cam,70,0.5360573882564619,648,334
2RGU-356,MSE,cam,75,0.5237459926499337,406,213
2RGU-356,MSE,cam,80,0.5314647377938515,237,128
2RGU-356,MSE,cam,85,0.5460629921259842,127,72
2RGU-356,MSE,cam,90,0.5288461538461539,52,31
2RGU-356,MSE,cam,95,0.5,12,8
2RGU-356,MSE,diff,50,0.6432008780915284,1546,783
2RGU-356,MSE,diff,55,0.6388640737550925,1490,755
2RGU-356,MSE,diff,60,0.63241444457894,1304,662
2RGU-356,MSE,diff,65,0.6189571973389376,958,489
2RGU-356,MSE,diff,70,0.6096575877825875,648,334
2RGU-356,MSE,diff,75,0.5962067010712333,406,213
2RGU-356,MSE,diff,80,0.6038075145670085,237,128
2RGU-356,MSE,diff,85,0.6493438320209975,127,72
2RGU-356,MSE,diff,90,0.7852564102564104,52,31
2RGU-356,MSE,diff,95,1.0,12,8
2RGU-356,MSE,gradcam,50,0.5810468388719351,1546,783
2RGU-356,MSE,gradcam,55,0.5795451540964959,1490,755
2RGU-356,MSE,gradcam,60,0.578774567211728,1304,662
2RGU-356,MSE,gradcam,65,0.5678806664837611,958,489
2RGU-356,MSE,gradcam,70,0.550320444301925,648,334
2RGU-356,MSE,gradcam,75,0.5416265931660024,406,213
2RGU-356,MSE,gradcam,80,0.5305203938115326,237,128
2RGU-356,MSE,gradcam,85,0.539501312335958,127,72
2RGU-356,MSE,gradcam,90,0.5641025641025642,52,31
2RGU-356,MSE,gradcam,95,0.6666666666666666,12,8
2RGU-356,MSE,gradinput,50,0.5828712967383513,1546,783
2RGU-356,MSE,gradinput,55,0.5827107769684177,1490,755
2RGU-356,MSE,gradinput,60,0.5830562165464944,1304,662
2RGU-356,MSE,gradinput,65,0.5896076260238736,958,489
2RGU-356,MSE,gradinput,70,0.5876409041918303,648,334
2RGU-356,MSE,gradinput,75,0.5969182500586444,406,213
2RGU-356,MSE,gradinput,80,0.5868896925858955,237,128
2RGU-356,MSE,gradinput,85,0.6149606299212594,127,72
2RGU-356,MSE,gradinput,90,0.6634615384615384,52,31
2RGU-356,MSE,gradinput,95,0.8333333333333334,12,8
2RGU-356,MSE,ig,50,0.5334425714583355,1546,783
2RGU-356,MSE,ig,55,0.531640292423794,1490,755
2RGU-356,MSE,ig,60,0.5303549319805877,1304,662
2RGU-356,MSE,ig,65,0.5351111179199709,958,489
2RGU-356,MSE,ig,70,0.5366733917659833,648,334
2RGU-356,MSE,ig,75,0.5258708655876142,406,213
2RGU-356,MSE,ig,80,0.5198111312035367,237,128
2RGU-356,MSE,ig,85,0.5156167979002624,127,72
2RGU-356,MSE,ig,90,0.5288461538461539,52,31
2RGU-356,MSE,ig,95,0.5,12,8
2RGU-356,MSE,shap,50,0.5199139585004032,1546,783
2RGU-356,MSE,shap,55,0.5204230784037854,1490,755
2RGU-356,MSE,shap,60,0.519813314329622,1304,662
2RGU-356,MSE,shap,65,0.5185372824741002,958,489
2RGU-356,MSE,shap,70,0.5067061710580232,648,334
2RGU-356,MSE,shap,75,0.4984850261943858,406,213
2RGU-356,MSE,shap,80,0.4946252762708457,237,128
2RGU-356,MSE,shap,85,0.4656167979002626,127,72
2RGU-356,MSE,shap,90,0.42948717948717946,52,31
2RGU-356,MSE,shap,95,0.25,12,8
2TCL-RO4,MSE,cam,50,0.5302013422818792,149,79
2TCL-RO4,MSE,cam,55,0.5323741007194245,139,74
2TCL-RO4,MSE,cam,60,0.5391304347826087,115,62
2TCL-RO4,MSE,cam,65,0.5454545454545454,88,48
2TCL-RO4,MSE,cam,70,0.5625,64,36
2TCL-RO4,MSE,cam,75,0.5789473684210527,38,22
2TCL-RO4,MSE,cam,80,0.5714285714285714,28,16
2TCL-RO4,MSE,cam,85,0.55,20,11
2TCL-RO4,MSE,cam,90,0.5,6,3
2TCL-RO4,MSE,cam,95,,0,0
2TCL-RO4,MSE,diff,50,0.6826318256687381,149,79
2TCL-RO4,MSE,diff,55,0.6864266828295604,139,74
2TCL-RO4,MSE,diff,60,0.6756716713238452,115,62
2TCL-RO4,MSE,diff,65,0.6905663780663781,88,48
2TCL-RO4,MSE,diff,70,0.6873511904761905,64,36
2TCL-RO4,MSE,diff,75,0.7456140350877193,38,22
2TCL-RO4,MSE,diff,80,0.7648809523809524,28,16
2TCL-RO4,MSE,diff,85,0.7625,20,11
2TCL-RO4,MSE,diff,90,1.0,6,3
2TCL-RO4,MSE,diff,95,,0,0
2TCL-RO4,MSE,gradcam,50,0.6081312889198792,149,79
2TCL-RO4,MSE,gradcam,55,0.6081537966430052,139,74
2TCL-RO4,MSE,gradcam,60,0.6223520923520921,115,62
2TCL-RO4,MSE,gradcam,65,0.6111910501115047,88,48
2TCL-RO4,MSE,gradcam,70,0.5879650297619046,64,36
2TCL-RO4,MSE,gradcam,75,0.5956140350877193,38,22
2TCL-RO4,MSE,gradcam,80,0.5565476190476191,28,16
2TCL-RO4,MSE,gradcam,85,0.5333333333333333,20,11
2TCL-RO4,MSE,gradcam,90,0.6666666666666666,6,3
2TCL-RO4,MSE,gradcam,95,,0,0
2TCL-RO4,MSE,gradinput,50,0.48956601750225903,149,79
2TCL-RO4,MSE,gradinput,55,0.4875288979605525,139,74
2TCL-RO4,MSE,gradinput,60,0.47894101068014094,115,62
2TCL-RO4,MSE,gradinput,65,0.4756231142594778,88,48
2TCL-RO4,MSE,gradinput,70,0.471893601190476,64,36
2TCL-RO4,MSE,gradinput,75,0.4750000000000001,38,22
2TCL-RO4,MSE,gradinput,80,0.4553571428571429,28,16
2TCL-RO4,MSE,gradinput,85,0.4291666666666666,20,11
2TCL-RO4,MSE,gradinput,90,0.5,6,3
2TCL-RO4,MSE,gradinput,95,,0,0
2TCL-RO4,MSE,ig,50,0.7358157223090106,149,79
2TCL-RO4,MSE,ig,55,0.7385894880499194,139,74
2TCL-RO4,MSE,ig,60,0.7400917198743284,115,62
2TCL-RO4,MSE,ig,65,0.7524621212121214,88,48
2TCL-RO4,MSE,ig,70,0.7530133928571427,64,36
2TCL-RO4,MSE,ig,75,0.8135964912280702,38,22
2TCL-RO4,MSE,ig,80,0.7886904761904763,28,16
2TCL-RO4,MSE,ig,85,0.7541666666666667,20,11
2TCL-RO4,MSE,ig,90,0.6666666666666666,6,3
2TCL-RO4,MSE,ig,95,,0,0
2TCL-RO4,MSE,shap,50,0.5532226628703134,149,79
2TCL-RO4,MSE,shap,55,0.5550880973542839,139,74
2TCL-RO4,MSE,shap,60,0.5544144502840153,115,62
2TCL-RO4,MSE,shap,65,0.5508371048143773,88,48
2TCL-RO4,MSE,shap,70,0.5465029761904763,64,36
2TCL-RO4,MSE,shap,75,0.5508771929824562,38,22
2TCL-RO4,MSE,shap,80,0.5714285714285714,28,16
2TCL-RO4,MSE,shap,85,0.6500000000000001,20,11
2TCL-RO4,MSE,shap,90,0.5,6,3
2TCL-RO4,MSE,shap,95,,0,0
2UWL-895,MSE,cam,50,0.5304772956088745,456,243
2UWL-895,MSE,cam,55,0.5316838171748886,448,239
2UWL-895,MSE,cam,60,0.5341203680186731,354,192
2UWL-895,MSE,cam,65,0.5293279432985315,272,151
2UWL-895,MSE,cam,70,0.5304010225885226,208,119
2UWL-895,MSE,cam,75,0.5417796865581676,158,94
2UWL-895,MSE,cam,80,0.5087945087945088,111,70
2UWL-895,MSE,cam,85,0.56,50,33
2UWL-895,MSE,cam,90,0.5,22,17
2UWL-895,MSE,cam,95,1.0,2,2
2UWL-895,MSE,diff,50,0.6534706392678529,456,243
2UWL-895,MSE,diff,55,0.6558155173126945,448,239
2UWL-895,MSE,diff,60,0.6701888193413613,354,192
2UWL-895,MSE,diff,65,0.6813656319171025,272,151
2UWL-895,MSE,diff,70,0.6975444694194691,208,119
2UWL-895,MSE,diff,75,0.7290762507534664,158,94
2UWL-895,MSE,diff,80,0.734749034749035,111,70
2UWL-895,MSE,diff,85,0.782,50,33
2UWL-895,MSE,diff,90,0.7878787878787878,22,17
2UWL-895,MSE,diff,95,1.0,2,2
2UWL-895,MSE,gradcam,50,0.600058026088406,456,243
2UWL-895,MSE,gradcam,55,0.6009497851442448,448,239
2UWL-895,MSE,gradcam,60,0.6073703368194898,354,192
2UWL-895,MSE,gradcam,65,0.6121792321240849,272,151
2UWL-895,MSE,gradcam,70,0.64281916000666,208,119
2UWL-895,MSE,gradcam,75,0.6457730560578665,158,94
2UWL-895,MSE,gradcam,80,0.6365508365508363,111,70
2UWL-895,MSE,gradcam,85,0.6733333333333335,50,33
2UWL-895,MSE,gradcam,90,0.712121212121212,22,17
2UWL-895,MSE,gradcam,95,1.0,2,2
2UWL-895,MSE,gradinput,50,0.504916485876237,456,243
2UWL-895,MSE,gradinput,55,0.5039533671131612,448,239
2UWL-895,MSE,gradinput,60,0.4997343365987421,354,192
2UWL-895,MSE,gradinput,65,0.4947206388382861,272,151
2UWL-895,MSE,gradinput,70,0.485650807525808,208,119
2UWL-895,MSE,gradinput,75,0.45831072935503325,158,94
2UWL-895,MSE,gradinput,80,0.4578721578721577,111,70
2UWL-895,MSE,gradinput,85,0.44000000000000006,50,33
2UWL-895,MSE,gradinput,90,0.38636363636363635,22,17
2UWL-895,MSE,gradinput,95,0.0,2,2
2UWL-895,MSE,ig,50,0.5582527857634285,456,243
2UWL-895,MSE,ig,55,0.5594593486433037,448,239
2UWL-895,MSE,ig,60,0.5653720259652464,354,192
2UWL-895,MSE,ig,65,0.5753094128094132,272,151
2UWL-895,MSE,ig,70,0.5817978896103891,208,119
2UWL-895,MSE,ig,75,0.6054776974080768,158,94
2UWL-895,MSE,ig,80,0.6063277563277569,111,70
2UWL-895,MSE,ig,85,0.6289999999999999,50,33
2UWL-895,MSE,ig,90,0.7045454545454546,22,17
2UWL-895,MSE,ig,95,0.0,2,2
2UWL-895,MSE,shap,50,0.5223212939737706,456,243
2UWL-895,MSE,shap,55,0.5218130293711305,448,239
2UWL-895,MSE,shap,60,0.5258158508158504,354,192
2UWL-895,MSE,shap,65,0.5308351778940016,272,151
2UWL-895,MSE,shap,70,0.5336077117327119,208,119
2UWL-895,MSE,shap,75,0.5400843881856541,158,94
2UWL-895,MSE,shap,80,0.5415057915057914,111,70
2UWL-895,MSE,shap,85,0.5586666666666666,50,33
2UWL-895,MSE,shap,90,0.5833333333333334,22,17
2UWL-895,MSE,shap,95,0.5,2,2
2V0M-KKK,MSE,cam,50,0.5,36,20
2V0M-KKK,MSE,cam,55,0.5,36,20
2V0M-KKK,MSE,cam,60,0.5,36,20
2V0M-KKK,MSE,cam,65,0.5,36,20
2V0M-KKK,MSE,cam,70,,0,2
2V0M-KKK,MSE,cam,75,,0,2
2V0M-KKK,MSE,cam,80,,0,2
2V0M-KKK,MSE,cam,85,,0,2
2V0M-KKK,MSE,cam,90,,0,2
2V0M-KKK,MSE,cam,95,,0,2
2V0M-KKK,MSE,diff,50,0.8924214130096486,36,20
2V0M-KKK,MSE,diff,55,0.8924214130096486,36,20
2V0M-KKK,MSE,diff,60,0.8924214130096486,36,20
2V0M-KKK,MSE,diff,65,0.8924214130096486,36,20
2V0M-KKK,MSE,diff,70,,0,2
2V0M-KKK,MSE,diff,75,,0,2
2V0M-KKK,MSE,diff,80,,0,2
2V0M-KKK,MSE,diff,85,,0,2
2V0M-KKK,MSE,diff,90,,0,2
2V0M-KKK,MSE,diff,95,,0,2
2V0M-KKK,MSE,gradcam,50,0.5,36,20
2V0M-KKK,MSE,gradcam,55,0.5,36,20
2V0M-KKK,MSE,gradcam,60,0.5,36,20
2V0M-KKK,MSE,gradcam,65,0.5,36,20
2V0M-KKK,MSE,gradcam,70,,0,2
2V0M-KKK,MSE,gradcam,75,,0,2
2V0M-KKK,MSE,gradcam,80,,0,2
2V0M-KKK,MSE,gradcam,85,,0,2
2V0M-KKK,MSE,gradcam,90,,0,2
2V0M-KKK,MSE,gradcam,95,,0,2
2V0M-KKK,MSE,gradinput,50,0.6202251270878721,36,20
2V0M-KKK,MSE,gradinput,55,0.6202251270878721,36,20
2V0M-KKK,MSE,gradinput,60,0.6202251270878721,36,20
2V0M-KKK,MSE,gradinput,65,0.6202251270878721,36,20
2V0M-KKK,MSE,gradinput,70,,0,2
2V0M-KKK,MSE,gradinput,75,,0,2
2V0M-KKK,MSE,gradinput,80,,0,2
2V0M-KKK,MSE,gradinput,85,,0,2
2V0M-KKK,MSE,gradinput,90,,0,2
2V0M-KKK,MSE,gradinput,95,,0,2
2V0M-KKK,MSE,ig,50,0.5923021060275961,36,20
2V0M-KKK,MSE,ig,55,0.5923021060275961,36,20
2V0M-KKK,MSE,ig,60,0.5923021060275961,36,20
2V0M-KKK,MSE,ig,65,0.5923021060275961,36,20
2V0M-KKK,MSE,ig,70,,0,2
2V0M-KKK,MSE,ig,75,,0,2
2V0M-KKK,MSE,ig,80,,0,2
2V0M-KKK,MSE,ig,85,,0,2
2V0M-KKK,MSE,ig,90,,0,2
2V0M-KKK,MSE,ig,95,,0,2
2V0M-KKK,MSE,shap,50,0.4682254383234776,36,20
2V0M-KKK,MSE,shap,55,0.4682254383234776,36,20
2V0M-KKK,MSE,shap,60,0.4682254383234776,36,20
2V0M-KKK,MSE,shap,65,0.4682254383234776,36,20
2V0M-KKK,MSE,shap,70,,0,2
2V0M-KKK,MSE,shap,75,,0,2
2V0M-KKK,MSE,shap,80,,0,2
2V0M-KKK,MSE,shap,85,,0,2
2V0M-KKK,MSE,shap,90,,0,2
2V0M-KKK,MSE,shap,95,,0,2
2V0Z-C41,MSE,cam,50,0.5829940259839408,1395,712
2V0Z-C41,MSE,cam,55,0.5753106279145395,1305,667
2V0Z-C41,MSE,cam,60,0.5586739394230247,1109,569
2V0Z-C41,MSE,cam,65,0.541051605359169,899,464
2V0Z-C41,MSE,cam,70,0.5247697828305304,642,335
2V0Z-C41,MSE,cam,75,0.5058776022972004,398,210
2V0Z-C41,MSE,cam,80,0.4868347338935574,204,109
2V0Z-C41,MSE,cam,85,0.4888888888888889,90,48
2V0Z-C41,MSE,cam,90,0.48,25,14
2V0Z-C41,MSE,cam,95,0.3333333333333333,3,3
2V0Z-C41,MSE,diff,50,0.6457946969663675,1395,712
2V0Z-C41,MSE,diff,55,0.6487381360064723,1305,667
2V0Z-C41,MSE,diff,60,0.6516819302533295,1109,569
2V0Z-C41,MSE,diff,65,0.6517127769974075,899,464
2V0Z-C41,MSE,diff,70,0.6476660108669448,642,335
2V0Z-C41,MSE,diff,75,0.6425118014313996,398,210
2V0Z-C41,MSE,diff,80,0.6498074229691877,204,109
2V0Z-C41,MSE,diff,85,0.6870370370370371,90,48
2V0Z-C41,MSE,diff,90,0.6933333333333335,25,14
2V0Z-C41,MSE,diff,95,0.6666666666666666,3,3
2V0Z-C41,MSE,gradcam,50,0.5408638725653959,1395,712
2V0Z-C41,MSE,gradcam,55,0.5493962841977151,1305,667
2V0Z-C41,MSE,gradcam,60,0.5690837909280032,1109,569
2V0Z-C41,MSE,gradcam,65,0.5867156527195453,899,464
2V0Z-C41,MSE,gradcam,70,0.6022695848630422,642,335
2V0Z-C41,MSE,gradcam,75,0.6180754965302705,398,210
2V0Z-C41,MSE,gradcam,80,0.6282154528478061,204,109
2V0Z-C41,MSE,gradcam,85,0.6581481481481483,90,48
2V0Z-C41,MSE,gradcam,90,0.5533333333333333,25,14
2V0Z-C41,MSE,gradcam,95,0.0,3,3
2V0Z-C41,MSE,gradinput,50,0.4539662241665974,1395,712
2V0Z-C41,MSE,gradinput,55,0.45648946508115273,1305,667
2V0Z-C41,MSE,gradinput,60,0.46286581738813276,1109,569
2V0Z-C41,MSE,gradinput,65,0.46923313850536913,899,464
2V0Z-C41,MSE,gradinput,70,0.47641395468498265,642,335
2V0Z-C41,MSE,gradinput,75,0.4812814070351757,398,210
2V0Z-C41,MSE,gradinput,80,0.4868697478991599,204,109
2V0Z-C41,MSE,gradinput,85,0.49851851851851847,90,48
2V0Z-C41,MSE,gradinput,90,0.4533333333333333,25,14
2V0Z-C41,MSE,gradinput,95,0.0,3,3
2V0Z-C41,MSE,ig,50,0.5353239858542137,1395,712
2V0Z-C41,MSE,ig,55,0.5395072276881637,1305,667
2V0Z-C41,MSE,ig,60,0.5504244069793107,1109,569
2V0Z-C41,MSE,ig,65,0.5582176162804968,899,464
2V0Z-C41,MSE,ig,70,0.5644043607828658,642,335
2V0Z-C41,MSE,ig,75,0.5581469758605435,398,210
2V0Z-C41,MSE,ig,80,0.5434757236227825,204,109
2V0Z-C41,MSE,ig,85,0.5279629629629629,90,48
2V0Z-C41,MSE,ig,90,0.4600000000000001,25,14
2V0Z-C41,MSE,ig,95,0.6666666666666666,3,3
2VCI-2GJ,MSE,cam,50,0.49749694749694745,90,45
2VCI-2GJ,MSE,cam,55,0.49821109123434704,86,43
2VCI-2GJ,MSE,cam,60,0.5,74,37
2VCI-2GJ,MSE,cam,65,0.5,64,32
2VCI-2GJ,MSE,cam,70,0.5,36,18
2VCI-2GJ,MSE,cam,75,0.5,14,7
2VCI-2GJ,MSE,cam,80,0.5,10,5
2VCI-2GJ,MSE,cam,85,0.5,2,1
2VCI-2GJ,MSE,cam,90,,0,0
2VCI-2GJ,MSE,cam,95,,0,0
2VCI-2GJ,MSE,diff,50,0.5235855463383843,90,45
2VCI-2GJ,MSE,diff,55,0.5223954596475116,86,43
2VCI-2GJ,MSE,diff,60,0.53006033006033,74,37
2VCI-2GJ,MSE,diff,65,0.5282334852647351,64,32
2VCI-2GJ,MSE,diff,70,0.5158443408443408,36,18
2VCI-2GJ,MSE,diff,75,0.5139455782312926,14,7
2VCI-2GJ,MSE,diff,80,0.571904761904762,10,5
2VCI-2GJ,MSE,diff,85,1.0,2,1
2VCI-2GJ,MSE,diff,90,,0,0
2VCI-2GJ,MSE,diff,95,,0,0
2VCI-2GJ,MSE,gradcam,50,0.550343333662477,90,45
2VCI-2GJ,MSE,gradcam,55,0.5524693500753691,86,43
2VCI-2GJ,MSE,gradcam,60,0.5476954164454164,74,37
2VCI-2GJ,MSE,gradcam,65,0.5569757499444999,64,32
2VCI-2GJ,MSE,gradcam,70,0.5393933227266562,36,18
2VCI-2GJ,MSE,gradcam,75,0.4712585034013606,14,7
2VCI-2GJ,MSE,gradcam,80,0.4883333333333333,10,5
2VCI-2GJ,MSE,gradcam,85,0.625,2,1
2VCI-2GJ,MSE,gradcam,90,,0,0
2VCI-2GJ,MSE,gradcam,95,,0,0
2VCI-2GJ,MSE,gradinput,50,0.4471544823712005,90,45
2VCI-2GJ,MSE,gradinput,55,0.4482798797949275,86,43
2VCI-2GJ,MSE,gradinput,60,0.4424237174237175,74,37
2VCI-2GJ,MSE,gradinput,65,0.4364489243395494,64,32
2VCI-2GJ,MSE,gradinput,70,0.46861741653408334,36,18
2VCI-2GJ,MSE,gradinput,75,0.47471655328798185,14,7
2VCI-2GJ,MSE,gradinput,80,0.4423809523809523,10,5
2VCI-2GJ,MSE,gradinput,85,0.5,2,1
2VCI-2GJ,MSE,gradinput,90,,0,0
2VCI-2GJ,MSE,gradinput,95,,0,0
2VCI-2GJ,MSE,ig,50,0.6376095088453189,90,45
2VCI-2GJ,MSE,ig,55,0.6393762739008977,86,43
2VCI-2GJ,MSE,ig,60,0.6450812325812326,74,37
2VCI-2GJ,MSE,ig,65,0.6279865533771782,64,32
2VCI-2GJ,MSE,ig,70,0.5712902067068735,36,18
2VCI-2GJ,MSE,ig,75,0.5599206349206348,14,7
2VCI-2GJ,MSE,ig,80,0.5473809523809524,10,5
2VCI-2GJ,MSE,ig,85,0.625,2,1
2VCI-2GJ,MSE,ig,90,,0,0
2VCI-2GJ,MSE,ig,95,,0,0
2VCI-2GJ,MSE,shap,50,0.5121973803630147,90,45
2VCI-2GJ,MSE,shap,55,0.5138994413019718,86,43
2VCI-2GJ,MSE,shap,60,0.50649495024495,74,37
2VCI-2GJ,MSE,shap,65,0.5037253978660227,64,32
2VCI-2GJ,MSE,shap,70,0.48880232421899095,36,18
2VCI-2GJ,MSE,shap,75,0.5732426303854875,14,7
2VCI-2GJ,MSE,shap,80,0.6723809523809523,10,5
2VCI-2GJ,MSE,shap,85,0.75,2,1
2VCI-2GJ,MSE,shap,90,,0,0
2VCI-2GJ,MSE,shap,95,,0,0
2VCJ-2EQ,MSE,cam,50,0.45454545454545453,44,24
2VCJ-2EQ,MSE,cam,55,0.45454545454545453,44,24
2VCJ-2EQ,MSE,cam,60,0.45454545454545453,44,24
2VCJ-2EQ,MSE,cam,65,0.4473684210526316,38,21
2VCJ-2EQ,MSE,cam,70,0.42857142857142855,28,16
2VCJ-2EQ,MSE,cam,75,0.36363636363636365,11,7
2VCJ-2EQ,MSE,cam,80,0.0,1,1
2VCJ-2EQ,MSE,cam,85,,0,0
2VCJ-2EQ,MSE,cam,90,,0,0
2VCJ-2EQ,MSE,cam,95,,0,0
2VCJ-2EQ,MSE,diff,50,0.5823398823398823,44,24
2VCJ-2EQ,MSE,diff,55,0.5823398823398823,44,24
2VCJ-2EQ,MSE,diff,60,0.5823398823398823,44,24
2VCJ-2EQ,MSE,diff,65,0.5814520275046592,38,21
2VCJ-2EQ,MSE,diff,70,0.5787393162393163,28,16
2VCJ-2EQ,MSE,diff,75,0.647979797979798,11,7
2VCJ-2EQ,MSE,diff,80,1.0,1,1
2VCJ-2EQ,MSE,diff,85,,0,0
2VCJ-2EQ,MSE,diff,90,,0,0
2VCJ-2EQ,MSE,diff,95,,0,0
2VCJ-2EQ,MSE,gradcam,50,0.6621711621711619,44,24
2VCJ-2EQ,MSE,gradcam,55,0.6621711621711619,44,24
2VCJ-2EQ,MSE,gradcam,60,0.6621711621711619,44,24
2VCJ-2EQ,MSE,gradcam,65,0.6687712871923396,38,21
2VCJ-2EQ,MSE,gradcam,70,0.6747100122100119,28,16
2VCJ-2EQ,MSE,gradcam,75,0.7267676767676767,11,7
2VCJ-2EQ,MSE,gradcam,80,0.8333333333333334,1,1
2VCJ-2EQ,MSE,gradcam,85,,0,0
2VCJ-2EQ,MSE,gradcam,90,,0,0
2VCJ-2EQ,MSE,gradcam,95,,0,0
2VCJ-2EQ,MSE,gradinput,50,0.677813159063159,44,24
2VCJ-2EQ,MSE,gradinput,55,0.677813159063159,44,24
2VCJ-2EQ,MSE,gradinput,60,0.677813159063159,44,24
2VCJ-2EQ,MSE,gradinput,65,0.7033304414883361,38,21
2VCJ-2EQ,MSE,gradinput,70,0.7275641025641024,28,16
2VCJ-2EQ,MSE,gradinput,75,0.8030303030303029,11,7
2VCJ-2EQ,MSE,gradinput,80,1.0,1,1
2VCJ-2EQ,MSE,gradinput,85,,0,0
2VCJ-2EQ,MSE,gradinput,90,,0,0
2VCJ-2EQ,MSE,gradinput,95,,0,0
2VCJ-2EQ,MSE,ig,50,0.7505362692862693,44,24
2VCJ-2EQ,MSE,ig,55,0.7505362692862693,44,24
2VCJ-2EQ,MSE,ig,60,0.7505362692862693,44,24
2VCJ-2EQ,MSE,ig,65,0.8094659726238673,38,21
2VCJ-2EQ,MSE,ig,70,0.8560439560439559,28,16
2VCJ-2EQ,MSE,ig,75,0.9272727272727274,11,7
2VCJ-2EQ,MSE,ig,80,1.0,1,1
2VCJ-2EQ,MSE,ig,85,,0,0
2VCJ-2EQ,MSE,ig,90,,0,0
2VCJ-2EQ,MSE,ig,95,,0,0
2VCJ-2EQ,MSE,shap,50,0.5152309496059496,44,24
2VCJ-2EQ,MSE,shap,55,0.5152309496059496,44,24
2VCJ-2EQ,MSE,shap,60,0.5152309496059496,44,24
2VCJ-2EQ,MSE,shap,65,0.5240320352162458,38,21
2VCJ-2EQ,MSE,shap,70,0.5606761294261294,28,16
2VCJ-2EQ,MSE,shap,75,0.5851010101010101,11,7
2VCJ-2EQ,MSE,shap,80,0.16666666666666666,1,1
2VCJ-2EQ,MSE,shap,85,,0,0
2VCJ-2EQ,MSE,shap,90,,0,0
2VCJ-2EQ,MSE,shap,95,,0,0
2VV9-IM9,MSE,cam,50,0.5177448477448476,180,92
2VV9-IM9,MSE,cam,55,0.5177448477448476,180,92
2VV9-IM9,MSE,cam,60,0.5185539838948929,176,90
2VV9-IM9,MSE,cam,65,0.5230127360562143,138,71
2VV9-IM9,MSE,cam,70,0.5266666666666667,100,52
2VV9-IM9,MSE,cam,75,0.5333333333333333,60,32
2VV9-IM9,MSE,cam,80,0.5555555555555556,36,20
2VV9-IM9,MSE,cam,85,0.5769230769230769,26,15
2VV9-IM9,MSE,cam,90,0.6111111111111112,18,11
2VV9-IM9,MSE,cam,95,0.75,4,3
2VV9-IM9,MSE,diff,50,0.6402567031733698,180,92
2VV9-IM9,MSE,diff,55,0.6402567031733698,180,92
2VV9-IM9,MSE,diff,60,0.6413339659078295,176,90
2VV9-IM9,MSE,diff,65,0.6580831608005522,138,71
2VV9-IM9,MSE,diff,70,0.6653293650793651,100,52
2VV9-IM9,MSE,diff,75,0.6668849206349207,60,32
2VV9-IM9,MSE,diff,80,0.662037037037037,36,20
2VV9-IM9,MSE,diff,85,0.7051282051282052,26,15
2VV9-IM9,MSE,diff,90,0.7777777777777778,18,11
2VV9-IM9,MSE,diff,95,0.75,4,3
2VV9-IM9,MSE,gradcam,50,0.541381519714853,180,92
2VV9-IM9,MSE,gradcam,55,0.541381519714853,180,92
2VV9-IM9,MSE,gradcam,60,0.5460016624789353,176,90
2VV9-IM9,MSE,gradcam,65,0.5525103519668738,138,71
2VV9-IM9,MSE,gradcam,70,0.5446904761904762,100,52
2VV9-IM9,MSE,gradcam,75,0.540952380952381,60,32
2VV9-IM9,MSE,gradcam,80,0.5791666666666667,36,20
2VV9-IM9,MSE,gradcam,85,0.6346153846153846,26,15
2VV9-IM9,MSE,gradcam,90,0.7222222222222222,18,11
2VV9-IM9,MSE,gradcam,95,0.75,4,3
2VV9-IM9,MSE,gradinput,50,0.46589204005870655,180,92
2VV9-IM9,MSE,gradinput,55,0.46589204005870655,180,92
2VV9-IM9,MSE,gradinput,60,0.46936469464878544,176,90
2VV9-IM9,MSE,gradinput,65,0.4672707928142711,138,71
2VV9-IM9,MSE,gradinput,70,0.4619007936507938,100,52
2VV9-IM9,MSE,gradinput,75,0.45541666666666664,60,32
2VV9-IM9,MSE,gradinput,80,0.4574074074074075,36,20
2VV9-IM9,MSE,gradinput,85,0.49038461538461536,26,15
2VV9-IM9,MSE,gradinput,90,0.6388888888888888,18,11
2VV9-IM9,MSE,gradinput,95,0.75,4,3
2VV9-IM9,MSE,ig,50,0.5332577453410787,180,92
2VV9-IM9,MSE,ig,55,0.5332577453410787,180,92
2VV9-IM9,MSE,ig,60,0.5355558109819474,176,90
2VV9-IM9,MSE,ig,65,0.5260493130058348,138,71
2VV9-IM9,MSE,ig,70,0.5181825396825398,100,52
2VV9-IM9,MSE,ig,75,0.5416666666666666,60,32
2VV9-IM9,MSE,ig,80,0.560648148148148,36,20
2VV9-IM9,MSE,ig,85,0.5737179487179487,26,15
2VV9-IM9,MSE,ig,90,0.7037037037037037,18,11
2VV9-IM9,MSE,ig,95,0.75,4,3
2VV9-IM9,MSE,shap,50,0.5135544856378189,180,92
2VV9-IM9,MSE,shap,55,0.5135544856378189,180,92
2VV9-IM9,MSE,shap,60,0.5143315175985631,176,90
2VV9-IM9,MSE,shap,65,0.5178461634983373,138,71
2VV9-IM9,MSE,shap,70,0.5289444444444444,100,52
2VV9-IM9,MSE,shap,75,0.5628174603174604,60,32
2VV9-IM9,MSE,shap,80,0.6467592592592593,36,20
2VV9-IM9,MSE,shap,85,0.6378205128205129,26,15
2VV9-IM9,MSE,shap,90,0.6851851851851851,18,11
2VV9-IM9,MSE,shap,95,1.0,4,3
2W26-RIV,MSE,cam,50,0.5634025964212614,2209,1146
2W26-RIV,MSE,cam,55,0.5641738826818925,2089,1086
2W26-RIV,MSE,cam,60,0.5645296004059696,1917,1000
2W26-RIV,MSE,cam,65,0.5646830920449452,1683,882
2W26-RIV,MSE,cam,70,0.5665608034663853,1451,763
2W26-RIV,MSE,cam,75,0.5643988458504581,1147,606
2W26-RIV,MSE,cam,80,0.5589947089947087,846,450
2W26-RIV,MSE,cam,85,0.5291242937853108,590,314
2W26-RIV,MSE,cam,90,0.5133101851851852,288,157
2W26-RIV,MSE,cam,95,0.30952380952380953,42,26
2W26-RIV,MSE,diff,50,0.5883140543021228,2209,1146
2W26-RIV,MSE,diff,55,0.5921782653437241,2089,1086
2W26-RIV,MSE,diff,60,0.5998440193667092,1917,1000
2W26-RIV,MSE,diff,65,0.6026030581289047,1683,882
2W26-RIV,MSE,diff,70,0.6076864937650605,1451,763
2W26-RIV,MSE,diff,75,0.6155474599022994,1147,606
2W26-RIV,MSE,diff,80,0.6250844309354947,846,450
2W26-RIV,MSE,diff,85,0.6241525423728811,590,314
2W26-RIV,MSE,diff,90,0.6359953703703705,288,157
2W26-RIV,MSE,diff,95,0.5,42,26
2W26-RIV,MSE,gradcam,50,0.5128998040559716,2209,1146
2W26-RIV,MSE,gradcam,55,0.5108053389056131,2089,1086
2W26-RIV,MSE,gradcam,60,0.5084014113748079,1917,1000
2W26-RIV,MSE,gradcam,65,0.5012345316266887,1683,882
2W26-RIV,MSE,gradcam,70,0.49693163295851117,1451,763
2W26-RIV,MSE,gradcam,75,0.4886674693126304,1147,606
2W26-RIV,MSE,gradcam,80,0.4844928515141281,846,450
2W26-RIV,MSE,gradcam,85,0.47949152542372897,590,314
2W26-RIV,MSE,gradcam,90,0.4583333333333333,288,157
2W26-RIV,MSE,gradcam,95,0.3333333333333333,42,26
2W26-RIV,MSE,gradinput,50,0.5703154205910305,2209,1146
2W26-RIV,MSE,gradinput,55,0.5689461005802906,2089,1086
2W26-RIV,MSE,gradinput,60,0.5674122116219144,1917,1000
2W26-RIV,MSE,gradinput,65,0.5638855433864357,1683,882
2W26-RIV,MSE,gradinput,70,0.5642753716151383,1451,763
2W26-RIV,MSE,gradinput,75,0.561800279542216,1147,606
2W26-RIV,MSE,gradinput,80,0.5542778340650679,846,450
2W26-RIV,MSE,gradinput,85,0.5422881355932201,590,314
2W26-RIV,MSE,gradinput,90,0.550925925925926,288,157
2W26-RIV,MSE,gradinput,95,0.47619047619047616,42,26
2W26-RIV,MSE,ig,50,0.6025287116538145,2209,1146
2W26-RIV,MSE,ig,55,0.6098304886276898,2089,1086
2W26-RIV,MSE,ig,60,0.6197128061760298,1917,1000
2W26-RIV,MSE,ig,65,0.6222633245806146,1683,882
2W26-RIV,MSE,ig,70,0.6216939504327511,1451,763
2W26-RIV,MSE,ig,75,0.6161843871521289,1147,606
2W26-RIV,MSE,ig,80,0.6056174715749187,846,450
2W26-RIV,MSE,ig,85,0.5908474576271185,590,314
2W26-RIV,MSE,ig,90,0.5810185185185186,288,157
2W26-RIV,MSE,ig,95,0.5238095238095238,42,26
2W26-RIV,MSE,shap,50,0.5136017233579352,2209,1146
2W26-RIV,MSE,shap,55,0.5123695670555272,2089,1086
2W26-RIV,MSE,shap,60,0.5122305909473357,1917,1000
2W26-RIV,MSE,shap,65,0.5121651191615537,1683,882
2W26-RIV,MSE,shap,70,0.5115823490392748,1451,763
2W26-RIV,MSE,shap,75,0.5114162549646414,1147,606
2W26-RIV,MSE,shap,80,0.5010187999549703,846,450
2W26-RIV,MSE,shap,85,0.495988700564972,590,314
2W26-RIV,MSE,shap,90,0.48958333333333315,288,157
2W26-RIV,MSE,shap,95,0.4523809523809524,42,26
2W8Y-NDR,MSE,cam,50,0.4714285714285714,70,42
2W8Y-NDR,MSE,cam,55,0.4714285714285714,70,42
2W8Y-NDR,MSE,cam,60,0.4714285714285714,70,42
2W8Y-NDR,MSE,cam,65,0.4714285714285714,70,42
2W8Y-NDR,MSE,cam,70,0.47058823529411764,68,41
2W8Y-NDR,MSE,cam,75,0.46153846153846156,52,33
2W8Y-NDR,MSE,cam,80,0.4583333333333333,48,31
2W8Y-NDR,MSE,cam,85,0.4523809523809524,42,28
2W8Y-NDR,MSE,cam,90,0.5,22,16
2W8Y-NDR,MSE,cam,95,0.625,8,6
2W8Y-NDR,MSE,diff,50,0.6539569160997732,70,42
2W8Y-NDR,MSE,diff,55,0.6539569160997732,70,42
2W8Y-NDR,MSE,diff,60,0.6539569160997732,70,42
2W8Y-NDR,MSE,diff,65,0.6539569160997732,70,42
2W8Y-NDR,MSE,diff,70,0.6552170868347339,68,41
2W8Y-NDR,MSE,diff,75,0.6487179487179487,52,33
2W8Y-NDR,MSE,diff,80,0.6402777777777778,48,31
2W8Y-NDR,MSE,diff,85,0.6269841269841271,42,28
2W8Y-NDR,MSE,diff,90,0.5,22,16
2W8Y-NDR,MSE,diff,95,0.375,8,6
2W8Y-NDR,MSE,gradcam,50,0.5975113378684808,70,42
2W8Y-NDR,MSE,gradcam,55,0.5975113378684808,70,42
2W8Y-NDR,MSE,gradcam,60,0.5975113378684808,70,42
2W8Y-NDR,MSE,gradcam,65,0.5975113378684808,70,42
2W8Y-NDR,MSE,gradcam,70,0.5995623249299721,68,41
2W8Y-NDR,MSE,gradcam,75,0.5842948717948718,52,33
2W8Y-NDR,MSE,gradcam,80,0.5878472222222223,48,31
2W8Y-NDR,MSE,gradcam,85,0.617063492063492,42,28
2W8Y-NDR,MSE,gradcam,90,0.7045454545454546,22,16
2W8Y-NDR,MSE,gradcam,95,1.0,8,6
2W8Y-NDR,MSE,gradinput,50,0.5478231292517007,70,42
2W8Y-NDR,MSE,gradinput,55,0.5478231292517007,70,42
2W8Y-NDR,MSE,gradinput,60,0.5478231292517007,70,42
2W8Y-NDR,MSE,gradinput,65,0.5478231292517007,70,42
2W8Y-NDR,MSE,gradinput,70,0.5467787114845938,68,41
2W8Y-NDR,MSE,gradinput,75,0.5538461538461538,52,33
2W8Y-NDR,MSE,gradinput,80,0.5374999999999999,48,31
2W8Y-NDR,MSE,gradinput,85,0.48214285714285715,42,28
2W8Y-NDR,MSE,gradinput,90,0.36363636363636365,22,16
2W8Y-NDR,MSE,gradinput,95,0.125,8,6
2W8Y-NDR,MSE,ig,50,0.5164229024943311,70,42
2W8Y-NDR,MSE,ig,55,0.5164229024943311,70,42
2W8Y-NDR,MSE,ig,60,0.5164229024943311,70,42
2W8Y-NDR,MSE,ig,65,0.5164229024943311,70,42
2W8Y-NDR,MSE,ig,70,0.519765406162465,68,41
2W8Y-NDR,MSE,ig,75,0.5387820512820511,52,33
2W8Y-NDR,MSE,ig,80,0.5541666666666666,48,31
2W8Y-NDR,MSE,ig,85,0.5833333333333334,42,28
2W8Y-NDR,MSE,ig,90,0.5909090909090909,22,16
2W8Y-NDR,MSE,ig,95,0.625,8,6
2W8Y-NDR,MSE,shap,50,0.510124716553288,70,42
2W8Y-NDR,MSE,shap,55,0.510124716553288,70,42
2W8Y-NDR,MSE,shap,60,0.510124716553288,70,42
2W8Y-NDR,MSE,shap,65,0.510124716553288,70,42
2W8Y-NDR,MSE,shap,70,0.5112394957983193,68,41
2W8Y-NDR,MSE,shap,75,0.49134615384615393,52,33
2W8Y-NDR,MSE,shap,80,0.48020833333333335,48,31
2W8Y-NDR,MSE,shap,85,0.4940476190476191,42,28
2W8Y-NDR,MSE,shap,90,0.45454545454545453,22,16
2W8Y-NDR,MSE,shap,95,0.5,8,6
2WEY-EV1,MSE,cam,50,0.5318766360840727,1022,522
2WEY-EV1,MSE,cam,55,0.5318766360840727,1022,522
2WEY-EV1,MSE,cam,60,0.5318766360840727,1022,522
2WEY-EV1,MSE,cam,65,0.5321916226066425,1012,517
2WEY-EV1,MSE,cam,70,0.5332786559300129,958,490
2WEY-EV1,MSE,cam,75,0.5361531709457976,868,445
2WEY-EV1,MSE,cam,80,0.5438018545632016,683,352
2WEY-EV1,MSE,cam,85,0.5571493624772313,366,192
2WEY-EV1,MSE,cam,90,0.5787401574803149,127,68
2WEY-EV1,MSE,cam,95,0.5416666666666666,24,13
2WEY-EV1,MSE,diff,50,0.6166638074906182,1022,522
2WEY-EV1,MSE,diff,55,0.6166638074906182,1022,522
2WEY-EV1,MSE,diff,60,0.6166638074906182,1022,522
2WEY-EV1,MSE,diff,65,0.6162849913591029,1012,517
2WEY-EV1,MSE,diff,70,0.6158775723232939,958,490
2WEY-EV1,MSE,diff,75,0.613274906736889,868,445
2WEY-EV1,MSE,diff,80,0.6122986822840414,683,352
2WEY-EV1,MSE,diff,85,0.6202185792349721,366,192
2WEY-EV1,MSE,diff,90,0.6246719160104987,127,68
2WEY-EV1,MSE,diff,95,0.5833333333333334,24,13
2WEY-EV1,MSE,gradcam,50,0.4932122454627346,1022,522
2WEY-EV1,MSE,gradcam,55,0.4932122454627346,1022,522
2WEY-EV1,MSE,gradcam,60,0.4932122454627346,1022,522
2WEY-EV1,MSE,gradcam,65,0.4933922083625639,1012,517
2WEY-EV1,MSE,gradcam,70,0.493760976902939,958,490
2WEY-EV1,MSE,gradcam,75,0.4932493965328065,868,445
2WEY-EV1,MSE,gradcam,80,0.4977550024402147,683,352
2WEY-EV1,MSE,gradcam,85,0.4824681238615665,366,192
2WEY-EV1,MSE,gradcam,90,0.4842519685039371,127,68
2WEY-EV1,MSE,gradcam,95,0.375,24,13
2WEY-EV1,MSE,gradinput,50,0.5181731700567327,1022,522
2WEY-EV1,MSE,gradinput,55,0.5181731700567327,1022,522
2WEY-EV1,MSE,gradinput,60,0.5181731700567327,1022,522
2WEY-EV1,MSE,gradinput,65,0.5178422066514959,1012,517
2WEY-EV1,MSE,gradinput,70,0.5199402690791006,958,490
2WEY-EV1,MSE,gradinput,75,0.522092385341234,868,445
2WEY-EV1,MSE,gradinput,80,0.5244509516837484,683,352
2WEY-EV1,MSE,gradinput,85,0.5218579234972675,366,192
2WEY-EV1,MSE,gradinput,90,0.49737532808398943,127,68
2WEY-EV1,MSE,gradinput,95,0.4583333333333333,24,13
2WEY-EV1,MSE,ig,50,0.5543215210534191,1022,522
2WEY-EV1,MSE,ig,55,0.5543215210534191,1022,522
2WEY-EV1,MSE,ig,60,0.5543215210534191,1022,522
2WEY-EV1,MSE,ig,65,0.5539854359518391,1012,517
2WEY-EV1,MSE,ig,70,0.551497415250025,958,490
2WEY-EV1,MSE,ig,75,0.5479632982225151,868,445
2WEY-EV1,MSE,ig,80,0.5464128843338214,683,352
2WEY-EV1,MSE,ig,85,0.5107012750455374,366,192
2WEY-EV1,MSE,ig,90,0.48556430446194226,127,68
2WEY-EV1,MSE,ig,95,0.375,24,13
2WEY-EV1,MSE,shap,50,0.5166278030514817,1022,522
2WEY-EV1,MSE,shap,55,0.5166278030514817,1022,522
2WEY-EV1,MSE,shap,60,0.5166278030514817,1022,522
2WEY-EV1,MSE,shap,65,0.5173026495901986,1012,517
2WEY-EV1,MSE,shap,70,0.5152993173609037,958,490
2WEY-EV1,MSE,shap,75,0.511324610489357,868,445
2WEY-EV1,MSE,shap,80,0.5079062957540263,683,352
2WEY-EV1,MSE,shap,85,0.5170765027322406,366,192
2WEY-EV1,MSE,shap,90,0.5196850393700788,127,68
2WEY-EV1,MSE,shap,95,0.5,24,13
2WIH-P48,MSE,cam,50,0.5076821599508736,433,219
2WIH-P48,MSE,cam,55,0.5079011288805897,421,213
2WIH-P48,MSE,cam,60,0.5067476071382322,384,194
2WIH-P48,MSE,cam,65,0.5036353261843456,306,155
2WIH-P48,MSE,cam,70,0.5104709533280961,259,131
2WIH-P48,MSE,cam,75,0.5099760574620911,179,91
2WIH-P48,MSE,cam,80,0.5373134328358209,67,35
2WIH-P48,MSE,cam,85,0.4883720930232558,43,23
2WIH-P48,MSE,cam,90,0.5454545454545454,11,6
2WIH-P48,MSE,cam,95,0.5,4,2
2WIH-P48,MSE,diff,50,0.6374218211485568,433,219
2WIH-P48,MSE,diff,55,0.6388709917300806,421,213
2WIH-P48,MSE,diff,60,0.6482902839348151,384,194
2WIH-P48,MSE,diff,65,0.6504613396770262,306,155
2WIH-P48,MSE,diff,70,0.6536186464757902,259,131
2WIH-P48,MSE,diff,75,0.6675911146581536,179,91
2WIH-P48,MSE,diff,80,0.669402985074627,67,35
2WIH-P48,MSE,diff,85,0.633720930232558,43,23
2WIH-P48,MSE,diff,90,0.6212121212121212,11,6
2WIH-P48,MSE,diff,95,0.75,4,2
2WIH-P48,MSE,gradcam,50,0.5341119845801342,433,219
2WIH-P48,MSE,gradcam,55,0.5331922862866064,421,213
2WIH-P48,MSE,gradcam,60,0.5327816208675579,384,194
2WIH-P48,MSE,gradcam,65,0.5212996154172622,306,155
2WIH-P48,MSE,gradcam,70,0.5218825040253611,259,131
2WIH-P48,MSE,gradcam,75,0.5169193934557064,179,91
2WIH-P48,MSE,gradcam,80,0.550497512437811,67,35
2WIH-P48,MSE,gradcam,85,0.5329457364341086,43,23
2WIH-P48,MSE,gradcam,90,0.6515151515151515,11,6
2WIH-P48,MSE,gradcam,95,0.75,4,2
2WIH-P48,MSE,gradinput,50,0.441963382219819,433,219
2WIH-P48,MSE,gradinput,55,0.44138778397932105,421,213
2WIH-P48,MSE,gradinput,60,0.43588770893458384,384,194
2WIH-P48,MSE,gradinput,65,0.43672493084257846,306,155
2WIH-P48,MSE,gradinput,70,0.4378531592817312,259,131
2WIH-P48,MSE,gradinput,75,0.4496142591114661,179,91
2WIH-P48,MSE,gradinput,80,0.4134328358208956,67,35
2WIH-P48,MSE,gradinput,85,0.41240310077519376,43,23
2WIH-P48,MSE,gradinput,90,0.3484848484848485,11,6
2WIH-P48,MSE,gradinput,95,0.25,4,2
2WIH-P48,MSE,ig,50,0.5067829633168655,433,219
2WIH-P48,MSE,ig,55,0.5115397511577551,421,213
2WIH-P48,MSE,ig,60,0.5144447783119659,384,194
2WIH-P48,MSE,ig,65,0.5335435942053587,306,155
2WIH-P48,MSE,ig,70,0.5382516561087991,259,131
2WIH-P48,MSE,ig,75,0.5562450119712686,179,91
2WIH-P48,MSE,ig,80,0.5726368159203981,67,35
2WIH-P48,MSE,ig,85,0.5922480620155037,43,23
2WIH-P48,MSE,ig,90,0.712121212121212,11,6
2WIH-P48,MSE,ig,95,1.0,4,2
2WIH-P48,MSE,shap,50,0.525406355355447,433,219
2WIH-P48,MSE,shap,55,0.5254251358003298,421,213
2WIH-P48,MSE,shap,60,0.5280093242983869,384,194
2WIH-P48,MSE,shap,65,0.5268131333082314,306,155
2WIH-P48,MSE,shap,70,0.5285431535431537,259,131
2WIH-P48,MSE,shap,75,0.5255653099228518,179,91
2WIH-P48,MSE,shap,80,0.4990049751243781,67,35
2WIH-P48,MSE,shap,85,0.5015503875968992,43,23
2WIH-P48,MSE,shap,90,0.42424242424242425,11,6
2WIH-P48,MSE,shap,95,0.25,4,2
2WOG-ZZD,MSE,cam,50,0.558974358974359,195,109
2WOG-ZZD,MSE,cam,55,0.558974358974359,195,109
2WOG-ZZD,MSE,cam,60,0.558974358974359,195,109
2WOG-ZZD,MSE,cam,65,0.558974358974359,195,109
2WOG-ZZD,MSE,cam,70,0.558974358974359,195,109
2WOG-ZZD,MSE,cam,75,0.558974358974359,195,109
2WOG-ZZD,MSE,cam,80,0.5591397849462365,186,104
2WOG-ZZD,MSE,cam,85,0.5617283950617284,162,91
2WOG-ZZD,MSE,cam,90,0.5510204081632653,49,27
2WOG-ZZD,MSE,cam,95,0.6363636363636364,11,7
2WOG-ZZD,MSE,diff,50,0.6251526251526254,195,109
2WOG-ZZD,MSE,diff,55,0.6251526251526254,195,109
2WOG-ZZD,MSE,diff,60,0.6251526251526254,195,109
2WOG-ZZD,MSE,diff,65,0.6251526251526254,195,109
2WOG-ZZD,MSE,diff,70,0.6251526251526254,195,109
2WOG-ZZD,MSE,diff,75,0.6251526251526254,195,109
2WOG-ZZD,MSE,diff,80,0.6241039426523299,186,104
2WOG-ZZD,MSE,diff,85,0.6404320987654321,162,91
2WOG-ZZD,MSE,diff,90,0.6224489795918368,49,27
2WOG-ZZD,MSE,diff,95,0.45454545454545453,11,7
2WOG-ZZD,MSE,gradcam,50,0.6943956043956044,195,109
2WOG-ZZD,MSE,gradcam,55,0.6943956043956044,195,109
2WOG-ZZD,MSE,gradcam,60,0.6943956043956044,195,109
2WOG-ZZD,MSE,gradcam,65,0.6943956043956044,195,109
2WOG-ZZD,MSE,gradcam,70,0.6943956043956044,195,109
2WOG-ZZD,MSE,gradcam,75,0.6943956043956044,195,109
2WOG-ZZD,MSE,gradcam,80,0.6924731182795699,186,104
2WOG-ZZD,MSE,gradcam,85,0.6810699588477367,162,91
2WOG-ZZD,MSE,gradcam,90,0.47959183673469385,49,27
2WOG-ZZD,MSE,gradcam,95,0.18181818181818182,11,7
2WOG-ZZD,MSE,gradinput,50,0.5957570207570207,195,109
2WOG-ZZD,MSE,gradinput,55,0.5957570207570207,195,109
2WOG-ZZD,MSE,gradinput,60,0.5957570207570207,195,109
2WOG-ZZD,MSE,gradinput,65,0.5957570207570207,195,109
2WOG-ZZD,MSE,gradinput,70,0.5957570207570207,195,109
2WOG-ZZD,MSE,gradinput,75,0.5957570207570207,195,109
2WOG-ZZD,MSE,gradinput,80,0.5878136200716846,186,104
2WOG-ZZD,MSE,gradinput,85,0.5874485596707819,162,91
2WOG-ZZD,MSE,gradinput,90,0.4489795918367347,49,27
2WOG-ZZD,MSE,gradinput,95,0.2727272727272727,11,7
2WOG-ZZD,MSE,ig,50,0.4622832722832722,195,109
2WOG-ZZD,MSE,ig,55,0.4622832722832722,195,109
2WOG-ZZD,MSE,ig,60,0.4622832722832722,195,109
2WOG-ZZD,MSE,ig,65,0.4622832722832722,195,109
2WOG-ZZD,MSE,ig,70,0.4622832722832722,195,109
2WOG-ZZD,MSE,ig,75,0.4622832722832722,195,109
2WOG-ZZD,MSE,ig,80,0.4581541218637992,186,104
2WOG-ZZD,MSE,ig,85,0.4511316872427985,162,91
2WOG-ZZD,MSE,ig,90,0.42857142857142855,49,27
2WOG-ZZD,MSE,ig,95,0.36363636363636365,11,7
2WOG-ZZD,MSE,shap,50,0.542844932844933,195,109
2WOG-ZZD,MSE,shap,55,0.542844932844933,195,109
2WOG-ZZD,MSE,shap,60,0.542844932844933,195,109
2WOG-ZZD,MSE,shap,65,0.542844932844933,195,109
2WOG-ZZD,MSE,shap,70,0.542844932844933,195,109
2WOG-ZZD,MSE,shap,75,0.542844932844933,195,109
2WOG-ZZD,MSE,shap,80,0.5458781362007169,186,104
2WOG-ZZD,MSE,shap,85,0.54320987654321,162,91
2WOG-ZZD,MSE,shap,90,0.5102040816326531,49,27
2WOG-ZZD,MSE,shap,95,0.45454545454545453,11,7
2X6D-X6D,MSE,cam,50,0.5091463414634146,328,167
2X6D-X6D,MSE,cam,55,0.5093167701863354,322,164
2X6D-X6D,MSE,cam,60,0.5099337748344371,302,154
2X6D-X6D,MSE,cam,65,0.5115384615384615,260,133
2X6D-X6D,MSE,cam,70,0.5189873417721519,158,82
2X6D-X6D,MSE,cam,75,0.532608695652174,92,49
2X6D-X6D,MSE,cam,80,0.5652173913043478,46,26
2X6D-X6D,MSE,cam,85,0.6470588235294118,17,11
2X6D-X6D,MSE,cam,90,0.8333333333333334,6,5
2X6D-X6D,MSE,cam,95,,0,0
2X6D-X6D,MSE,diff,50,0.6466591034403979,328,167
2X6D-X6D,MSE,diff,55,0.6459481547762508,322,164
2X6D-X6D,MSE,diff,60,0.6454409552919481,302,154
2X6D-X6D,MSE,diff,65,0.637729973018434,260,133
2X6D-X6D,MSE,diff,70,0.6334707837872395,158,82
2X6D-X6D,MSE,diff,75,0.6714156314699791,92,49
2X6D-X6D,MSE,diff,80,0.6612318840579711,46,26
2X6D-X6D,MSE,diff,85,0.6813725490196078,17,11
2X6D-X6D,MSE,diff,90,0.6666666666666666,6,5
2X6D-X6D,MSE,diff,95,,0,0
2X6D-X6D,MSE,gradcam,50,0.5559195566907185,328,167
2X6D-X6D,MSE,gradcam,55,0.5553791722932203,322,164
2X6D-X6D,MSE,gradcam,60,0.5520339759578168,302,154
2X6D-X6D,MSE,gradcam,65,0.5454327403365865,260,133
2X6D-X6D,MSE,gradcam,70,0.5609898715911374,158,82
2X6D-X6D,MSE,gradcam,75,0.5546325051759833,92,49
2X6D-X6D,MSE,gradcam,80,0.5322463768115941,46,26
2X6D-X6D,MSE,gradcam,85,0.5686274509803922,17,11
2X6D-X6D,MSE,gradcam,90,0.4444444444444444,6,5
2X6D-X6D,MSE,gradcam,95,,0,0
2X6D-X6D,MSE,gradinput,50,0.5339362504624336,328,167
2X6D-X6D,MSE,gradinput,55,0.5344201740187303,322,164
2X6D-X6D,MSE,gradinput,60,0.5246432191796423,302,154
2X6D-X6D,MSE,gradinput,65,0.5172215818369656,260,133
2X6D-X6D,MSE,gradinput,70,0.5230446417155278,158,82
2X6D-X6D,MSE,gradinput,75,0.5390657349896483,92,49
2X6D-X6D,MSE,gradinput,80,0.45760869565217377,46,26
2X6D-X6D,MSE,gradinput,85,0.39705882352941174,17,11
2X6D-X6D,MSE,gradinput,90,0.05555555555555555,6,5
2X6D-X6D,MSE,gradinput,95,,0,0
2X6D-X6D,MSE,ig,50,0.6085281951628796,328,167
2X6D-X6D,MSE,ig,55,0.6102945880896192,322,164
2X6D-X6D,MSE,ig,60,0.6126950496155793,302,154
2X6D-X6D,MSE,ig,65,0.6119616921539998,260,133
2X6D-X6D,MSE,ig,70,0.6248214514037299,158,82
2X6D-X6D,MSE,ig,75,0.6474249482401656,92,49
2X6D-X6D,MSE,ig,80,0.6865942028985507,46,26
2X6D-X6D,MSE,ig,85,0.7696078431372548,17,11
2X6D-X6D,MSE,ig,90,0.9444444444444443,6,5
2X6D-X6D,MSE,ig,95,,0,0
2X6D-X6D,MSE,shap,50,0.49158883271598436,328,167
2X6D-X6D,MSE,shap,55,0.4920164503421714,322,164
2X6D-X6D,MSE,shap,60,0.49245926994271333,302,154
2X6D-X6D,MSE,shap,65,0.4955088928165852,260,133
2X6D-X6D,MSE,shap,70,0.4869561345827171,158,82
2X6D-X6D,MSE,shap,75,0.4889363354037265,92,49
2X6D-X6D,MSE,shap,80,0.5072463768115943,46,26
2X6D-X6D,MSE,shap,85,0.4362745098039216,17,11
2X6D-X6D,MSE,shap,90,0.4444444444444444,6,5
2X6D-X6D,MSE,shap,95,,0,0
2X8D-X8D,MSE,cam,50,0.49746192893401014,394,202
2X8D-X8D,MSE,cam,55,0.49740932642487046,386,198
2X8D-X8D,MSE,cam,60,0.4972375690607735,362,186
2X8D-X8D,MSE,cam,65,0.49698795180722893,332,171
2X8D-X8D,MSE,cam,70,0.4962962962962963,270,140
2X8D-X8D,MSE,cam,75,0.4805194805194805,154,80
2X8D-X8D,MSE,cam,80,0.46808510638297873,94,50
2X8D-X8D,MSE,cam,85,0.4482758620689655,58,32
2X8D-X8D,MSE,cam,90,0.38095238095238093,21,13
2X8D-X8D,MSE,cam,95,0.2727272727272727,11,8
2X8D-X8D,MSE,diff,50,0.6795006319117998,394,202
2X8D-X8D,MSE,diff,55,0.6803478616950123,386,198
2X8D-X8D,MSE,diff,60,0.6797848253649362,362,186
2X8D-X8D,MSE,diff,65,0.6785164467393385,332,171
2X8D-X8D,MSE,diff,70,0.6797707231040568,270,140
2X8D-X8D,MSE,diff,75,0.6654761904761904,154,80
2X8D-X8D,MSE,diff,80,0.6611702127659574,94,50
2X8D-X8D,MSE,diff,85,0.6824712643678161,58,32
2X8D-X8D,MSE,diff,90,0.7142857142857143,21,13
2X8D-X8D,MSE,diff,95,0.7272727272727273,11,8
2X8D-X8D,MSE,gradcam,50,0.6140028682541377,394,202
2X8D-X8D,MSE,gradcam,55,0.6178270276068208,386,198
2X8D-X8D,MSE,gradcam,60,0.6172429703507057,362,186
2X8D-X8D,MSE,gradcam,65,0.6125107573149746,332,171
2X8D-X8D,MSE,gradcam,70,0.6237345679012348,270,140
2X8D-X8D,MSE,gradcam,75,0.6248917748917749,154,80
2X8D-X8D,MSE,gradcam,80,0.628368794326241,94,50
2X8D-X8D,MSE,gradcam,85,0.6221264367816093,58,32
2X8D-X8D,MSE,gradcam,90,0.5952380952380952,21,13
2X8D-X8D,MSE,gradcam,95,0.6363636363636364,11,8
2X8D-X8D,MSE,gradinput,50,0.5500031764625676,394,202
2X8D-X8D,MSE,gradinput,55,0.549229361599828,386,198
2X8D-X8D,MSE,gradinput,60,0.5525472762351216,362,186
2X8D-X8D,MSE,gradinput,65,0.5518251577739531,332,171
2X8D-X8D,MSE,gradinput,70,0.5554673721340393,270,140
2X8D-X8D,MSE,gradinput,75,0.5755411255411255,154,80
2X8D-X8D,MSE,gradinput,80,0.573049645390071,94,50
2X8D-X8D,MSE,gradinput,85,0.5531609195402297,58,32
2X8D-X8D,MSE,gradinput,90,0.5952380952380952,21,13
2X8D-X8D,MSE,gradinput,95,0.6363636363636364,11,8
2X8D-X8D,MSE,ig,50,0.6196158325599949,394,202
2X8D-X8D,MSE,ig,55,0.6200688775818307,386,198
2X8D-X8D,MSE,ig,60,0.6186141206859436,362,186
2X8D-X8D,MSE,ig,65,0.6182934117422065,332,171
2X8D-X8D,MSE,ig,70,0.6111419753086417,270,140
2X8D-X8D,MSE,ig,75,0.6194805194805194,154,80
2X8D-X8D,MSE,ig,80,0.6111702127659575,94,50
2X8D-X8D,MSE,ig,85,0.6494252873563219,58,32
2X8D-X8D,MSE,ig,90,0.6904761904761905,21,13
2X8D-X8D,MSE,ig,95,0.8181818181818182,11,8
2X8D-X8D,MSE,shap,50,0.5187478483163764,394,202
2X8D-X8D,MSE,shap,55,0.5231054495303202,386,198
2X8D-X8D,MSE,shap,60,0.520153986590451,362,186
2X8D-X8D,MSE,shap,65,0.5190786957353225,332,171
2X8D-X8D,MSE,shap,70,0.5330864197530863,270,140
2X8D-X8D,MSE,shap,75,0.5152597402597402,154,80
2X8D-X8D,MSE,shap,80,0.4948581560283688,94,50
2X8D-X8D,MSE,shap,85,0.5172413793103449,58,32
2X8D-X8D,MSE,shap,90,0.4523809523809524,21,13
2X8D-X8D,MSE,shap,95,0.6363636363636364,11,8
2XB7-GUI,MSE,cam,50,0.5301694804966307,6473,3381
2XB7-GUI,MSE,cam,55,0.5306806124433702,5689,2989
2XB7-GUI,MSE,cam,60,0.5351297775036569,4991,2640
2XB7-GUI,MSE,cam,65,0.5373176402768506,4240,2264
2XB7-GUI,MSE,cam,70,0.5371984789157199,3625,1947
2XB7-GUI,MSE,cam,75,0.5346590273071231,2836,1544
2XB7-GUI,MSE,cam,80,0.5302280741811908,1877,1050
2XB7-GUI,MSE,cam,85,0.5208950886370247,1147,654
2XB7-GUI,MSE,cam,90,0.4898753894080998,428,258
2XB7-GUI,MSE,cam,95,0.5344827586206896,58,40
2XB7-GUI,MSE,diff,50,0.5545800078656051,6473,3381
2XB7-GUI,MSE,diff,55,0.5590234607287861,5689,2989
2XB7-GUI,MSE,diff,60,0.5639837948727036,4991,2640
2XB7-GUI,MSE,diff,65,0.5705951338786376,4240,2264
2XB7-GUI,MSE,diff,70,0.5783866539590699,3625,1947
2XB7-GUI,MSE,diff,75,0.5938109179646583,2836,1544
2XB7-GUI,MSE,diff,80,0.6117861582565903,1877,1050
2XB7-GUI,MSE,diff,85,0.6304126707352508,1147,654
2XB7-GUI,MSE,diff,90,0.6436915887850466,428,258
2XB7-GUI,MSE,diff,95,0.7241379310344828,58,40
2XB7-GUI,MSE,gradcam,50,0.5181949293238759,6473,3381
2XB7-GUI,MSE,gradcam,55,0.5148220545721066,5689,2989
2XB7-GUI,MSE,gradcam,60,0.5102785736677294,4991,2640
2XB7-GUI,MSE,gradcam,65,0.5037790793380055,4240,2264
2XB7-GUI,MSE,gradcam,70,0.4977341991341986,3625,1947
2XB7-GUI,MSE,gradcam,75,0.4864340310214781,2836,1544
2XB7-GUI,MSE,gradcam,80,0.4743086739224194,1877,1050
2XB7-GUI,MSE,gradcam,85,0.4717523975588492,1147,654
2XB7-GUI,MSE,gradcam,90,0.485981308411215,428,258
2XB7-GUI,MSE,gradcam,95,0.5517241379310345,58,40
2XB7-GUI,MSE,gradinput,50,0.5345414949973256,6473,3381
2XB7-GUI,MSE,gradinput,55,0.5349342746180257,5689,2989
2XB7-GUI,MSE,gradinput,60,0.539286793196019,4991,2640
2XB7-GUI,MSE,gradinput,65,0.5418619398159492,4240,2264
2XB7-GUI,MSE,gradinput,70,0.5416745767642313,3625,1947
2XB7-GUI,MSE,gradinput,75,0.5366061379460537,2836,1544
2XB7-GUI,MSE,gradinput,80,0.5419171930892762,1877,1050
2XB7-GUI,MSE,gradinput,85,0.5478639930252828,1147,654
2XB7-GUI,MSE,gradinput,90,0.5568535825545171,428,258
2XB7-GUI,MSE,gradinput,95,0.5689655172413793,58,40
2XB7-GUI,MSE,ig,50,0.5474614590503954,6473,3381
2XB7-GUI,MSE,ig,55,0.5487741273428063,5689,2989
2XB7-GUI,MSE,ig,60,0.5502458833188316,4991,2640
2XB7-GUI,MSE,ig,65,0.5547883031500197,4240,2264
2XB7-GUI,MSE,ig,70,0.5575326390085047,3625,1947
2XB7-GUI,MSE,ig,75,0.5637358116730504,2836,1544
2XB7-GUI,MSE,ig,80,0.5667706827003564,1877,1050
2XB7-GUI,MSE,ig,85,0.5798314443475733,1147,654
2XB7-GUI,MSE,ig,90,0.6320093457943925,428,258
2XB7-GUI,MSE,ig,95,0.7413793103448276,58,40
2XB7-GUI,MSE,shap,50,0.5087413539132046,6473,3381
2XB7-GUI,MSE,shap,55,0.5086244273342151,5689,2989
2XB7-GUI,MSE,shap,60,0.5088637151646925,4991,2640
2XB7-GUI,MSE,shap,65,0.5082898655212404,4240,2264
2XB7-GUI,MSE,shap,70,0.5087743298846746,3625,1947
2XB7-GUI,MSE,shap,75,0.5063631606209184,2836,1544
2XB7-GUI,MSE,shap,80,0.5026739731587893,1877,1050
2XB7-GUI,MSE,shap,85,0.5063208369659985,1147,654
2XB7-GUI,MSE,shap,90,0.5029205607476637,428,258
2XB7-GUI,MSE,shap,95,0.4482758620689655,58,40
2Y0J-AXC,MSE,cam,50,0.5909090909090909,66,39
2Y0J-AXC,MSE,cam,55,0.5846153846153846,65,38
2Y0J-AXC,MSE,cam,60,0.5862068965517241,58,34
2Y0J-AXC,MSE,cam,65,0.54,50,27
2Y0J-AXC,MSE,cam,70,0.5789473684210527,19,11
2Y0J-AXC,MSE,cam,75,0.6666666666666666,9,6
2Y0J-AXC,MSE,cam,80,0.7142857142857143,7,5
2Y0J-AXC,MSE,cam,85,0.5,2,1
2Y0J-AXC,MSE,cam,90,,0,0
2Y0J-AXC,MSE,cam,95,,0,0
2Y0J-AXC,MSE,diff,50,0.6005254425708971,66,39
2Y0J-AXC,MSE,diff,55,0.5965774823467133,65,38
2Y0J-AXC,MSE,diff,60,0.609780688659999,58,34
2Y0J-AXC,MSE,diff,65,0.5835476190476191,50,27
2Y0J-AXC,MSE,diff,70,0.5817042606516291,19,11
2Y0J-AXC,MSE,diff,75,0.6407407407407407,9,6
2Y0J-AXC,MSE,diff,80,0.7380952380952381,7,5
2Y0J-AXC,MSE,diff,85,0.5,2,1
2Y0J-AXC,MSE,diff,90,,0,0
2Y0J-AXC,MSE,diff,95,,0,0
2Y0J-AXC,MSE,gradcam,50,0.6675225027497753,66,39
2Y0J-AXC,MSE,gradcam,55,0.6624074643305411,65,38
2Y0J-AXC,MSE,gradcam,60,0.6671984624570831,58,34
2Y0J-AXC,MSE,gradcam,65,0.6408492063492065,50,27
2Y0J-AXC,MSE,gradcam,70,0.6243107769423558,19,11
2Y0J-AXC,MSE,gradcam,75,0.7055555555555555,9,6
2Y0J-AXC,MSE,gradcam,80,0.8214285714285714,7,5
2Y0J-AXC,MSE,gradcam,85,0.75,2,1
2Y0J-AXC,MSE,gradcam,90,,0,0
2Y0J-AXC,MSE,gradcam,95,,0,0
2Y0J-AXC,MSE,gradinput,50,0.5805054373236191,66,39
2Y0J-AXC,MSE,gradinput,55,0.57844727921651,65,38
2Y0J-AXC,MSE,gradinput,60,0.5923359207841966,58,34
2Y0J-AXC,MSE,gradinput,65,0.5581904761904762,50,27
2Y0J-AXC,MSE,gradinput,70,0.49523809523809514,19,11
2Y0J-AXC,MSE,gradinput,75,0.6129629629629629,9,6
2Y0J-AXC,MSE,gradinput,80,0.7023809523809524,7,5
2Y0J-AXC,MSE,gradinput,85,0.5,2,1
2Y0J-AXC,MSE,gradinput,90,,0,0
2Y0J-AXC,MSE,gradinput,95,,0,0
2Y0J-AXC,MSE,ig,50,0.5866731753095388,66,39
2Y0J-AXC,MSE,ig,55,0.584709905479136,65,38
2Y0J-AXC,MSE,ig,60,0.5993543812509329,58,34
2Y0J-AXC,MSE,ig,65,0.5706349206349206,50,27
2Y0J-AXC,MSE,ig,70,0.5338345864661654,19,11
2Y0J-AXC,MSE,ig,75,0.6203703703703703,9,6
2Y0J-AXC,MSE,ig,80,0.6547619047619048,7,5
2Y0J-AXC,MSE,ig,85,0.5,2,1
2Y0J-AXC,MSE,ig,90,,0,0
2Y0J-AXC,MSE,ig,95,,0,0
2Y0J-AXC,MSE,shap,50,0.516252896934715,66,39
2Y0J-AXC,MSE,shap,55,0.5154040404040403,65,38
2Y0J-AXC,MSE,shap,60,0.5158263671194705,58,34
2Y0J-AXC,MSE,shap,65,0.5110555555555555,50,27
2Y0J-AXC,MSE,shap,70,0.393859649122807,19,11
2Y0J-AXC,MSE,shap,75,0.4148148148148148,9,6
2Y0J-AXC,MSE,shap,80,0.4761904761904762,7,5
2Y0J-AXC,MSE,shap,85,0.5,2,1
2Y0J-AXC,MSE,shap,90,,0,0
2Y0J-AXC,MSE,shap,95,,0,0
2YAC-937,MSE,cam,50,0.4963924480403323,664,337
2YAC-937,MSE,cam,55,0.4963506157987826,640,325
2YAC-937,MSE,cam,60,0.49684121084750593,556,283
2YAC-937,MSE,cam,65,0.49029931236563895,392,201
2YAC-937,MSE,cam,70,0.48639882612275276,326,167
2YAC-937,MSE,cam,75,0.46990030171848374,242,124
2YAC-937,MSE,cam,80,0.4555220883534136,166,86
2YAC-937,MSE,cam,85,0.4542071197411004,103,54
2YAC-937,MSE,cam,90,0.44,25,14
2YAC-937,MSE,cam,95,0.5,2,1
2YAC-937,MSE,diff,50,0.5622010029868626,664,337
2YAC-937,MSE,diff,55,0.5647787915102395,640,325
2YAC-937,MSE,diff,60,0.5764193240811948,556,283
2YAC-937,MSE,diff,65,0.5840737493798714,392,201
2YAC-937,MSE,diff,70,0.6008978921555607,326,167
2YAC-937,MSE,diff,75,0.5987603305785124,242,124
2YAC-937,MSE,diff,80,0.5981927710843375,166,86
2YAC-937,MSE,diff,85,0.5991909385113269,103,54
2YAC-937,MSE,diff,90,0.3866666666666667,25,14
2YAC-937,MSE,diff,95,0.5,2,1
2YAC-937,MSE,gradcam,50,0.44835369325226976,664,337
2YAC-937,MSE,gradcam,55,0.44901747437853023,640,325
2YAC-937,MSE,gradcam,60,0.4405464838918078,556,283
2YAC-937,MSE,gradcam,65,0.42444419242888637,392,201
2YAC-937,MSE,gradcam,70,0.4048212183181509,326,167
2YAC-937,MSE,gradcam,75,0.4126492194674012,242,124
2YAC-937,MSE,gradcam,80,0.39148737808376355,166,86
2YAC-937,MSE,gradcam,85,0.3839805825242718,103,54
2YAC-937,MSE,gradcam,90,0.18,25,14
2YAC-937,MSE,gradcam,95,0.5,2,1
2YAC-937,MSE,gradinput,50,0.49767734610942616,664,337
2YAC-937,MSE,gradinput,55,0.5005931195379485,640,325
2YAC-937,MSE,gradinput,60,0.5034616487629078,556,283
2YAC-937,MSE,gradinput,65,0.4968607427153345,392,201
2YAC-937,MSE,gradinput,70,0.4916165378588689,326,167
2YAC-937,MSE,gradinput,75,0.496699134199134,242,124
2YAC-937,MSE,gradinput,80,0.497045324153758,166,86
2YAC-937,MSE,gradinput,85,0.5090614886731392,103,54
2YAC-937,MSE,gradinput,90,0.4933333333333333,25,14
2YAC-937,MSE,gradinput,95,0.0,2,1
2YAC-937,MSE,ig,50,0.5778749446994598,664,337
2YAC-937,MSE,ig,55,0.5794420318686835,640,325
2YAC-937,MSE,ig,60,0.5893630849566102,556,283
2YAC-937,MSE,ig,65,0.5977804154462317,392,201
2YAC-937,MSE,ig,70,0.6122530077284681,326,167
2YAC-937,MSE,ig,75,0.6124180112816474,242,124
2YAC-937,MSE,ig,80,0.6195065978198507,166,86
2YAC-937,MSE,ig,85,0.6352750809061489,103,54
2YAC-937,MSE,ig,90,0.5933333333333334,25,14
2YAC-937,MSE,ig,95,0.5,2,1
2YAC-937,MSE,shap,50,0.5217137388493676,664,337
2YAC-937,MSE,shap,55,0.5221172025496112,640,325
2YAC-937,MSE,shap,60,0.5239641004479134,556,283
2YAC-937,MSE,shap,65,0.5367894789450912,392,201
2YAC-937,MSE,shap,70,0.5281370895634699,326,167
2YAC-937,MSE,shap,75,0.5318411386593206,242,124
2YAC-937,MSE,shap,80,0.5368904188181295,166,86
2YAC-937,MSE,shap,85,0.515210355987055,103,54
2YAC-937,MSE,shap,90,0.5366666666666666,25,14
2YAC-937,MSE,shap,95,0.5,2,1
2YDI-YDI,MSE,cam,50,0.5300517951833741,228,115
2YDI-YDI,MSE,cam,55,0.5295802771466487,226,114
2YDI-YDI,MSE,cam,60,0.5259267235032542,196,99
2YDI-YDI,MSE,cam,65,0.5273432790837855,158,80
2YDI-YDI,MSE,cam,70,0.5352905569007264,118,60
2YDI-YDI,MSE,cam,75,0.5321428571428571,84,43
2YDI-YDI,MSE,cam,80,0.5502450980392156,68,35
2YDI-YDI,MSE,cam,85,0.5541666666666666,40,21
2YDI-YDI,MSE,cam,90,0.5833333333333334,12,7
2YDI-YDI,MSE,cam,95,0.5,4,3
2YDI-YDI,MSE,diff,50,0.5108750046250045,228,115
2YDI-YDI,MSE,diff,55,0.509987959434862,226,114
2YDI-YDI,MSE,diff,60,0.5159434528056978,196,99
2YDI-YDI,MSE,diff,65,0.5071529033554351,158,80
2YDI-YDI,MSE,diff,70,0.4917473769168685,118,60
2YDI-YDI,MSE,diff,75,0.5364512471655329,84,43
2YDI-YDI,MSE,diff,80,0.5230392156862746,68,35
2YDI-YDI,MSE,diff,85,0.4541666666666667,40,21
2YDI-YDI,MSE,diff,90,0.375,12,7
2YDI-YDI,MSE,diff,95,0.25,4,3
2YDI-YDI,MSE,gradcam,50,0.5279779552805867,228,115
2YDI-YDI,MSE,gradcam,55,0.5279797267629124,226,114
2YDI-YDI,MSE,gradcam,60,0.5303135498288558,196,99
2YDI-YDI,MSE,gradcam,65,0.5283654812135824,158,80
2YDI-YDI,MSE,gradcam,70,0.5490920096852301,118,60
2YDI-YDI,MSE,gradcam,75,0.5914965986394558,84,43
2YDI-YDI,MSE,gradcam,80,0.6100490196078431,68,35
2YDI-YDI,MSE,gradcam,85,0.5791666666666667,40,21
2YDI-YDI,MSE,gradcam,90,0.6666666666666666,12,7
2YDI-YDI,MSE,gradcam,95,0.5,4,3
2YDI-YDI,MSE,gradinput,50,0.5360462636778428,228,115
2YDI-YDI,MSE,gradinput,55,0.5359965255982958,226,114
2YDI-YDI,MSE,gradinput,60,0.5430427565631648,196,99
2YDI-YDI,MSE,gradinput,65,0.540084388185654,158,80
2YDI-YDI,MSE,gradinput,70,0.5429378531073448,118,60
2YDI-YDI,MSE,gradinput,75,0.5642857142857144,84,43
2YDI-YDI,MSE,gradinput,80,0.5850490196078433,68,35
2YDI-YDI,MSE,gradinput,85,0.5520833333333333,40,21
2YDI-YDI,MSE,gradinput,90,0.4583333333333333,12,7
2YDI-YDI,MSE,gradinput,95,0.5,4,3
2YDI-YDI,MSE,ig,50,0.47607526489105406,228,115
2YDI-YDI,MSE,ig,55,0.47610936261378717,226,114
2YDI-YDI,MSE,ig,60,0.48278958852938425,196,99
2YDI-YDI,MSE,ig,65,0.4652275467148885,158,80
2YDI-YDI,MSE,ig,70,0.44404761904761914,118,60
2YDI-YDI,MSE,ig,75,0.4642006802721089,84,43
2YDI-YDI,MSE,ig,80,0.4767156862745098,68,35
2YDI-YDI,MSE,ig,85,0.4291666666666667,40,21
2YDI-YDI,MSE,ig,90,0.5833333333333334,12,7
2YDI-YDI,MSE,ig,95,0.5,4,3
2YDI-YDI,MSE,shap,50,0.47732088817615126,228,115
2YDI-YDI,MSE,shap,55,0.4755223512966875,226,114
2YDI-YDI,MSE,shap,60,0.4725292706160052,196,99
2YDI-YDI,MSE,shap,65,0.4603978300180831,158,80
2YDI-YDI,MSE,shap,70,0.42689669087974175,118,60
2YDI-YDI,MSE,shap,75,0.4141723356009071,84,43
2YDI-YDI,MSE,shap,80,0.3860294117647059,68,35
2YDI-YDI,MSE,shap,85,0.31875,40,21
2YDI-YDI,MSE,shap,90,0.20833333333333334,12,7
2YDI-YDI,MSE,shap,95,0.25,4,3
2YDK-YDK,MSE,cam,50,0.5664351027193922,401,207
2YDK-YDK,MSE,cam,55,0.5664351027193922,401,207
2YDK-YDK,MSE,cam,60,0.568502659919554,367,190
2YDK-YDK,MSE,cam,65,0.5674603174603178,303,158
2YDK-YDK,MSE,cam,70,0.5407867494824016,207,110
2YDK-YDK,MSE,cam,75,0.5685950413223139,121,67
2YDK-YDK,MSE,cam,80,0.5632183908045977,87,48
2YDK-YDK,MSE,cam,85,0.5775862068965517,58,32
2YDK-YDK,MSE,cam,90,0.6041666666666666,24,14
2YDK-YDK,MSE,cam,95,0.6,5,4
2YDK-YDK,MSE,diff,50,0.6731743042216863,401,207
2YDK-YDK,MSE,diff,55,0.6731743042216863,401,207
2YDK-YDK,MSE,diff,60,0.6708121956759562,367,190
2YDK-YDK,MSE,diff,65,0.6659562384809912,303,158
2YDK-YDK,MSE,diff,70,0.6506862970631087,207,110
2YDK-YDK,MSE,diff,75,0.6653482880755608,121,67
2YDK-YDK,MSE,diff,80,0.6505747126436782,87,48
2YDK-YDK,MSE,diff,85,0.6494252873563218,58,32
2YDK-YDK,MSE,diff,90,0.6458333333333334,24,14
2YDK-YDK,MSE,diff,95,0.6,5,4
2YDK-YDK,MSE,gradcam,50,0.4257212723546886,401,207
2YDK-YDK,MSE,gradcam,55,0.4257212723546886,401,207
2YDK-YDK,MSE,gradcam,60,0.41973805788519664,367,190
2YDK-YDK,MSE,gradcam,65,0.40899649488758383,303,158
2YDK-YDK,MSE,gradcam,70,0.40960240779081347,207,110
2YDK-YDK,MSE,gradcam,75,0.44029909484454943,121,67
2YDK-YDK,MSE,gradcam,80,0.4477011494252875,87,48
2YDK-YDK,MSE,gradcam,85,0.40229885057471254,58,32
2YDK-YDK,MSE,gradcam,90,0.25,24,14
2YDK-YDK,MSE,gradcam,95,0.2,5,4
2YDK-YDK,MSE,gradinput,50,0.5060239358867782,401,207
2YDK-YDK,MSE,gradinput,55,0.5060239358867782,401,207
2YDK-YDK,MSE,gradinput,60,0.5062940389915863,367,190
2YDK-YDK,MSE,gradinput,65,0.5091734173417339,303,158
2YDK-YDK,MSE,gradinput,70,0.5120217007898168,207,110
2YDK-YDK,MSE,gradinput,75,0.5824085005903187,121,67
2YDK-YDK,MSE,gradinput,80,0.5726053639846744,87,48
2YDK-YDK,MSE,gradinput,85,0.514367816091954,58,32
2YDK-YDK,MSE,gradinput,90,0.375,24,14
2YDK-YDK,MSE,gradinput,95,0.4,5,4
2YDK-YDK,MSE,ig,50,0.5840117765304803,401,207
2YDK-YDK,MSE,ig,55,0.5840117765304803,401,207
2YDK-YDK,MSE,ig,60,0.5870316180942886,367,190
2YDK-YDK,MSE,ig,65,0.5916299963329666,303,158
2YDK-YDK,MSE,ig,70,0.5978912660072081,207,110
2YDK-YDK,MSE,ig,75,0.6105076741440377,121,67
2YDK-YDK,MSE,ig,80,0.6296934865900383,87,48
2YDK-YDK,MSE,ig,85,0.6522988505747126,58,32
2YDK-YDK,MSE,ig,90,0.6666666666666666,24,14
2YDK-YDK,MSE,ig,95,0.8,5,4
2YDK-YDK,MSE,shap,50,0.5048565039836856,401,207
2YDK-YDK,MSE,shap,55,0.5048565039836856,401,207
2YDK-YDK,MSE,shap,60,0.5032474488877755,367,190
2YDK-YDK,MSE,shap,65,0.5048576286200048,303,158
2YDK-YDK,MSE,shap,70,0.48913043478260876,207,110
2YDK-YDK,MSE,shap,75,0.4646202282565919,121,67
2YDK-YDK,MSE,shap,80,0.4672413793103448,87,48
2YDK-YDK,MSE,shap,85,0.4870689655172413,58,32
2YDK-YDK,MSE,shap,90,0.4791666666666667,24,14
2YDK-YDK,MSE,shap,95,0.2,5,4
2YM8-YM8,MSE,cam,50,0.47058823529411764,34,20
2YM8-YM8,MSE,cam,55,0.47058823529411764,34,20
2YM8-YM8,MSE,cam,60,0.47058823529411764,34,20
2YM8-YM8,MSE,cam,65,0.47058823529411764,34,20
2YM8-YM8,MSE,cam,70,0.47058823529411764,34,20
2YM8-YM8,MSE,cam,75,0.46875,32,19
2YM8-YM8,MSE,cam,80,0.45454545454545453,11,8
2YM8-YM8,MSE,cam,85,0.3333333333333333,3,4
2YM8-YM8,MSE,cam,90,0.0,1,3
2YM8-YM8,MSE,cam,95,0.0,1,3
2YM8-YM8,MSE,diff,50,0.5554271708683474,34,20
2YM8-YM8,MSE,diff,55,0.5554271708683474,34,20
2YM8-YM8,MSE,diff,60,0.5554271708683474,34,20
2YM8-YM8,MSE,diff,65,0.5554271708683474,34,20
2YM8-YM8,MSE,diff,70,0.5554271708683474,34,20
2YM8-YM8,MSE,diff,75,0.557217261904762,32,19
2YM8-YM8,MSE,diff,80,0.5333333333333333,11,8
2YM8-YM8,MSE,diff,85,0.7222222222222222,3,4
2YM8-YM8,MSE,diff,90,1.0,1,3
2YM8-YM8,MSE,diff,95,1.0,1,3
2YM8-YM8,MSE,gradcam,50,0.4830532212885154,34,20
2YM8-YM8,MSE,gradcam,55,0.4830532212885154,34,20
2YM8-YM8,MSE,gradcam,60,0.4830532212885154,34,20
2YM8-YM8,MSE,gradcam,65,0.4830532212885154,34,20
2YM8-YM8,MSE,gradcam,70,0.4830532212885154,34,20
2YM8-YM8,MSE,gradcam,75,0.4953869047619048,32,19
2YM8-YM8,MSE,gradcam,80,0.5681818181818181,11,8
2YM8-YM8,MSE,gradcam,85,0.47222222222222215,3,4
2YM8-YM8,MSE,gradcam,90,0.0,1,3
2YM8-YM8,MSE,gradcam,95,0.0,1,3
2YM8-YM8,MSE,gradinput,50,0.44891456582633044,34,20
2YM8-YM8,MSE,gradinput,55,0.44891456582633044,34,20
2YM8-YM8,MSE,gradinput,60,0.44891456582633044,34,20
2YM8-YM8,MSE,gradinput,65,0.44891456582633044,34,20
2YM8-YM8,MSE,gradinput,70,0.44891456582633044,34,20
2YM8-YM8,MSE,gradinput,75,0.47306547619047606,32,19
2YM8-YM8,MSE,gradinput,80,0.6287878787878788,11,8
2YM8-YM8,MSE,gradinput,85,0.8055555555555555,3,4
2YM8-YM8,MSE,gradinput,90,1.0,1,3
2YM8-YM8,MSE,gradinput,95,1.0,1,3
2YM8-YM8,MSE,ig,50,0.5345588235294119,34,20
2YM8-YM8,MSE,ig,55,0.5345588235294119,34,20
2YM8-YM8,MSE,ig,60,0.5345588235294119,34,20
2YM8-YM8,MSE,ig,65,0.5345588235294119,34,20
2YM8-YM8,MSE,ig,70,0.5345588235294119,34,20
2YM8-YM8,MSE,ig,75,0.5216517857142857,32,19
2YM8-YM8,MSE,ig,80,0.5469696969696969,11,8
2YM8-YM8,MSE,ig,85,0.6388888888888888,3,4
2YM8-YM8,MSE,ig,90,1.0,1,3
2YM8-YM8,MSE,ig,95,1.0,1,3
2YM8-YM8,MSE,shap,50,0.6742997198879552,34,20
2YM8-YM8,MSE,shap,55,0.6742997198879552,34,20
2YM8-YM8,MSE,shap,60,0.6742997198879552,34,20
2YM8-YM8,MSE,shap,65,0.6742997198879552,34,20
2YM8-YM8,MSE,shap,70,0.6742997198879552,34,20
2YM8-YM8,MSE,shap,75,0.6740327380952381,32,19
2YM8-YM8,MSE,shap,80,0.7166666666666667,11,8
2YM8-YM8,MSE,shap,85,0.5277777777777778,3,4
2YM8-YM8,MSE,shap,90,1.0,1,3
2YM8-YM8,MSE,shap,95,1.0,1,3
2YWP-A42,MSE,cam,50,0.5759842720955133,3242,1630
2YWP-A42,MSE,cam,55,0.5777436742608808,3022,1520
2YWP-A42,MSE,cam,60,0.582017763504423,2324,1171
2YWP-A42,MSE,cam,65,0.5954332869511446,1400,707
2YWP-A42,MSE,cam,70,0.6227434410724567,772,390
2YWP-A42,MSE,cam,75,0.6637747458533977,445,225
2YWP-A42,MSE,cam,80,0.6948871181938912,251,127
2YWP-A42,MSE,cam,85,0.7315369261477045,167,85
2YWP-A42,MSE,cam,90,0.6625,80,41
2YWP-A42,MSE,cam,95,0.375,8,5
2YWP-A42,MSE,diff,50,0.6162436340739509,3242,1630
2YWP-A42,MSE,diff,55,0.6173858345039303,3022,1520
2YWP-A42,MSE,diff,60,0.6193025192917638,2324,1171
2YWP-A42,MSE,diff,65,0.620257807668521,1400,707
2YWP-A42,MSE,diff,70,0.6371622871946708,772,390
2YWP-A42,MSE,diff,75,0.6817950775815944,445,225
2YWP-A42,MSE,diff,80,0.7350597609561754,251,127
2YWP-A42,MSE,diff,85,0.7600798403193613,167,85
2YWP-A42,MSE,diff,90,0.7645833333333333,80,41
2YWP-A42,MSE,diff,95,0.875,8,5
2YWP-A42,MSE,gradcam,50,0.5841588249098145,3242,1630
2YWP-A42,MSE,gradcam,55,0.5850259830984531,3022,1520
2YWP-A42,MSE,gradcam,60,0.5880368328840793,2324,1171
2YWP-A42,MSE,gradcam,65,0.5875085807050084,1400,707
2YWP-A42,MSE,gradcam,70,0.5915474134386066,772,390
2YWP-A42,MSE,gradcam,75,0.6262225789192079,445,225
2YWP-A42,MSE,gradcam,80,0.6077025232403716,251,127
2YWP-A42,MSE,gradcam,85,0.6184630738522954,167,85
2YWP-A42,MSE,gradcam,90,0.60625,80,41
2YWP-A42,MSE,gradcam,95,0.5,8,5
2YWP-A42,MSE,gradinput,50,0.5775957597951539,3242,1630
2YWP-A42,MSE,gradinput,55,0.580863926861171,3022,1520
2YWP-A42,MSE,gradinput,60,0.5858703855906946,2324,1171
2YWP-A42,MSE,gradinput,65,0.5888253710575144,1400,707
2YWP-A42,MSE,gradinput,70,0.5852372728020399,772,390
2YWP-A42,MSE,gradinput,75,0.6254886748706974,445,225
2YWP-A42,MSE,gradinput,80,0.6468222348700439,251,127
2YWP-A42,MSE,gradinput,85,0.6687624750498998,167,85
2YWP-A42,MSE,gradinput,90,0.6958333333333335,80,41
2YWP-A42,MSE,gradinput,95,0.625,8,5
2YWP-A42,MSE,ig,50,0.5236191006106525,3242,1630
2YWP-A42,MSE,ig,55,0.5251014142140963,3022,1520
2YWP-A42,MSE,ig,60,0.5221087683114363,2324,1171
2YWP-A42,MSE,ig,65,0.5060815553494122,1400,707
2YWP-A42,MSE,ig,70,0.47972643720700653,772,390
2YWP-A42,MSE,ig,75,0.4555350454788664,445,225
2YWP-A42,MSE,ig,80,0.4191899070385122,251,127
2YWP-A42,MSE,ig,85,0.3602794411177646,167,85
2YWP-A42,MSE,ig,90,0.4354166666666666,80,41
2YWP-A42,MSE,ig,95,0.625,8,5
2YWP-A42,MSE,shap,50,0.5385950733986169,3242,1630
2YWP-A42,MSE,shap,55,0.5390111099251423,3022,1520
2YWP-A42,MSE,shap,60,0.5411132948138118,2324,1171
2YWP-A42,MSE,shap,65,0.5428932178932174,1400,707
2YWP-A42,MSE,shap,70,0.5515425816267789,772,390
2YWP-A42,MSE,shap,75,0.5509452470126626,445,225
2YWP-A42,MSE,shap,80,0.5407133371276797,251,127
2YWP-A42,MSE,shap,85,0.5328343313373255,167,85
2YWP-A42,MSE,shap,90,0.5416666666666666,80,41
2YWP-A42,MSE,shap,95,0.625,8,5
3A2C-PDY,MSE,cam,50,0.501937984496124,86,44
3A2C-PDY,MSE,cam,55,0.501937984496124,86,44
3A2C-PDY,MSE,cam,60,0.5019841269841271,84,43
3A2C-PDY,MSE,cam,65,0.5019841269841271,84,43
3A2C-PDY,MSE,cam,70,0.5020833333333334,80,41
3A2C-PDY,MSE,cam,75,0.4938271604938272,54,28
3A2C-PDY,MSE,cam,80,0.4875,40,21
3A2C-PDY,MSE,cam,85,0.4791666666666667,24,13
3A2C-PDY,MSE,cam,90,0.4583333333333333,12,7
3A2C-PDY,MSE,cam,95,0.5,2,1
3A2C-PDY,MSE,diff,50,0.6785076680425518,86,44
3A2C-PDY,MSE,diff,55,0.6785076680425518,86,44
3A2C-PDY,MSE,diff,60,0.6845616024187454,84,43
3A2C-PDY,MSE,diff,65,0.6845616024187454,84,43
3A2C-PDY,MSE,diff,70,0.6861855158730159,80,41
3A2C-PDY,MSE,diff,75,0.6706349206349205,54,28
3A2C-PDY,MSE,diff,80,0.6791666666666667,40,21
3A2C-PDY,MSE,diff,85,0.6493055555555556,24,13
3A2C-PDY,MSE,diff,90,0.7083333333333334,12,7
3A2C-PDY,MSE,diff,95,1.0,2,1
3A2C-PDY,MSE,gradcam,50,0.5804917950266786,86,44
3A2C-PDY,MSE,gradcam,55,0.5804917950266786,86,44
3A2C-PDY,MSE,gradcam,60,0.5822278911564625,84,43
3A2C-PDY,MSE,gradcam,65,0.5822278911564625,84,43
3A2C-PDY,MSE,gradcam,70,0.5801240079365079,80,41
3A2C-PDY,MSE,gradcam,75,0.5603174603174603,54,28
3A2C-PDY,MSE,gradcam,80,0.5854166666666667,40,21
3A2C-PDY,MSE,gradcam,85,0.6458333333333334,24,13
3A2C-PDY,MSE,gradcam,90,0.75,12,7
3A2C-PDY,MSE,gradcam,95,1.0,2,1
3A2C-PDY,MSE,gradinput,50,0.5532773750797009,86,44
3A2C-PDY,MSE,gradinput,55,0.5532773750797009,86,44
3A2C-PDY,MSE,gradinput,60,0.554275321239607,84,43
3A2C-PDY,MSE,gradinput,65,0.554275321239607,84,43
3A2C-PDY,MSE,gradinput,70,0.5502876984126985,80,41
3A2C-PDY,MSE,gradinput,75,0.5338624338624339,54,28
3A2C-PDY,MSE,gradinput,80,0.5650000000000001,40,21
3A2C-PDY,MSE,gradinput,85,0.6319444444444444,24,13
3A2C-PDY,MSE,gradinput,90,0.7083333333333334,12,7
3A2C-PDY,MSE,gradinput,95,1.0,2,1
3A2C-PDY,MSE,ig,50,0.6449872478942247,86,44
3A2C-PDY,MSE,ig,55,0.6449872478942247,86,44
3A2C-PDY,MSE,ig,60,0.6478080120937264,84,43
3A2C-PDY,MSE,ig,65,0.6478080120937264,84,43
3A2C-PDY,MSE,ig,70,0.6535664682539682,80,41
3A2C-PDY,MSE,ig,75,0.6300264550264549,54,28
3A2C-PDY,MSE,ig,80,0.6112499999999998,40,21
3A2C-PDY,MSE,ig,85,0.5694444444444445,24,13
3A2C-PDY,MSE,ig,90,0.625,12,7
3A2C-PDY,MSE,ig,95,0.5,2,1
3A2C-PDY,MSE,shap,50,0.5752013490385585,86,44
3A2C-PDY,MSE,shap,55,0.5752013490385585,86,44
3A2C-PDY,MSE,shap,60,0.5733843537414968,84,43
3A2C-PDY,MSE,shap,65,0.5733843537414968,84,43
3A2C-PDY,MSE,shap,70,0.576498015873016,80,41
3A2C-PDY,MSE,shap,75,0.5906966490299824,54,28
3A2C-PDY,MSE,shap,80,0.63,40,21
3A2C-PDY,MSE,shap,85,0.6875,24,13
3A2C-PDY,MSE,shap,90,0.6666666666666666,12,7
3A2C-PDY,MSE,shap,95,1.0,2,1
3AOX-EMH,MSE,cam,50,0.5119001659743744,2313,1160
3AOX-EMH,MSE,cam,55,0.5121463804029808,2221,1114
3AOX-EMH,MSE,cam,60,0.5121373812381977,1835,921
3AOX-EMH,MSE,cam,65,0.5199816845141192,1187,597
3AOX-EMH,MSE,cam,70,0.5207102205055827,733,370
3AOX-EMH,MSE,cam,75,0.5477241591080876,336,171
3AOX-EMH,MSE,cam,80,0.5504573934837093,190,98
3AOX-EMH,MSE,cam,85,0.5907843137254901,85,45
3AOX-EMH,MSE,cam,90,0.611111111111111,39,22
3AOX-EMH,MSE,cam,95,0.5,4,4
3AOX-EMH,MSE,diff,50,0.581711820570126,2313,1160
3AOX-EMH,MSE,diff,55,0.582169284593601,2221,1114
3AOX-EMH,MSE,diff,60,0.5828987308483233,1835,921
3AOX-EMH,MSE,diff,65,0.5889170690771375,1187,597
3AOX-EMH,MSE,diff,70,0.5830677167307442,733,370
3AOX-EMH,MSE,diff,75,0.6041406840513989,336,171
3AOX-EMH,MSE,diff,80,0.6212844611528822,190,98
3AOX-EMH,MSE,diff,85,0.6260784313725489,85,45
3AOX-EMH,MSE,diff,90,0.6153846153846154,39,22
3AOX-EMH,MSE,diff,95,0.75,4,4
3AOX-EMH,MSE,gradcam,50,0.5711958849466731,2313,1160
3AOX-EMH,MSE,gradcam,55,0.5728389987213904,2221,1114
3AOX-EMH,MSE,gradcam,60,0.576537406734954,1835,921
3AOX-EMH,MSE,gradcam,65,0.5758954959671049,1187,597
3AOX-EMH,MSE,gradcam,70,0.5812903937051274,733,370
3AOX-EMH,MSE,gradcam,75,0.6040674603174605,336,171
3AOX-EMH,MSE,gradcam,80,0.5919924812030074,190,98
3AOX-EMH,MSE,gradcam,85,0.6109803921568628,85,45
3AOX-EMH,MSE,gradcam,90,0.6794871794871795,39,22
3AOX-EMH,MSE,gradcam,95,0.75,4,4
3AOX-EMH,MSE,gradinput,50,0.5429881698623668,2313,1160
3AOX-EMH,MSE,gradinput,55,0.5453150131828024,2221,1114
3AOX-EMH,MSE,gradinput,60,0.547590569436618,1835,921
3AOX-EMH,MSE,gradinput,65,0.5380772438270345,1187,597
3AOX-EMH,MSE,gradinput,70,0.5380159025452343,733,370
3AOX-EMH,MSE,gradinput,75,0.5723497732426301,336,171
3AOX-EMH,MSE,gradinput,80,0.5913721804511278,190,98
3AOX-EMH,MSE,gradinput,85,0.6496078431372551,85,45
3AOX-EMH,MSE,gradinput,90,0.6923076923076922,39,22
3AOX-EMH,MSE,gradinput,95,0.75,4,4
3AOX-EMH,MSE,ig,50,0.5785266371864853,2313,1160
3AOX-EMH,MSE,ig,55,0.5795459245373915,2221,1114
3AOX-EMH,MSE,ig,60,0.5847490490133569,1835,921
3AOX-EMH,MSE,ig,65,0.5949906921684529,1187,597
3AOX-EMH,MSE,ig,70,0.5936059090220062,733,370
3AOX-EMH,MSE,ig,75,0.6227832105064247,336,171
3AOX-EMH,MSE,ig,80,0.647625313283208,190,98
3AOX-EMH,MSE,ig,85,0.6994117647058824,85,45
3AOX-EMH,MSE,ig,90,0.7350427350427351,39,22
3AOX-EMH,MSE,ig,95,1.0,4,4
3AOX-EMH,MSE,shap,50,0.5368932112903303,2313,1160
3AOX-EMH,MSE,shap,55,0.5380178382521803,2221,1114
3AOX-EMH,MSE,shap,60,0.5407778090816241,1835,921
3AOX-EMH,MSE,shap,65,0.5416871670873356,1187,597
3AOX-EMH,MSE,shap,70,0.5378078189810791,733,370
3AOX-EMH,MSE,shap,75,0.5397970993953137,336,171
3AOX-EMH,MSE,shap,80,0.5489536340852129,190,98
3AOX-EMH,MSE,shap,85,0.5854901960784313,85,45
3AOX-EMH,MSE,shap,90,0.5555555555555555,39,22
3AOX-EMH,MSE,shap,95,0.75,4,4
3ARN-MSJ,MSE,cam,50,0.47058823529411764,34,18
3ARN-MSJ,MSE,cam,55,0.47058823529411764,34,18
3ARN-MSJ,MSE,cam,60,0.47058823529411764,34,18
3ARN-MSJ,MSE,cam,65,0.47058823529411764,34,18
3ARN-MSJ,MSE,cam,70,0.47058823529411764,34,18
3ARN-MSJ,MSE,cam,75,0.4666666666666667,30,16
3ARN-MSJ,MSE,cam,80,0.45,20,11
3ARN-MSJ,MSE,cam,85,0.0,1,1
3ARN-MSJ,MSE,cam,90,,0,0
3ARN-MSJ,MSE,cam,95,,0,0
3ARN-MSJ,MSE,diff,50,0.7200863678804855,34,18
3ARN-MSJ,MSE,diff,55,0.7200863678804855,34,18
3ARN-MSJ,MSE,diff,60,0.7200863678804855,34,18
3ARN-MSJ,MSE,diff,65,0.7200863678804855,34,18
3ARN-MSJ,MSE,diff,70,0.7200863678804855,34,18
3ARN-MSJ,MSE,diff,75,0.7295238095238096,30,16
3ARN-MSJ,MSE,diff,80,0.75,20,11
3ARN-MSJ,MSE,diff,85,1.0,1,1
3ARN-MSJ,MSE,diff,90,,0,0
3ARN-MSJ,MSE,diff,95,,0,0
3ARN-MSJ,MSE,gradcam,50,0.687453314659197,34,18
3ARN-MSJ,MSE,gradcam,55,0.687453314659197,34,18
3ARN-MSJ,MSE,gradcam,60,0.687453314659197,34,18
3ARN-MSJ,MSE,gradcam,65,0.687453314659197,34,18
3ARN-MSJ,MSE,gradcam,70,0.687453314659197,34,18
3ARN-MSJ,MSE,gradcam,75,0.6758730158730157,30,16
3ARN-MSJ,MSE,gradcam,80,0.6766666666666666,20,11
3ARN-MSJ,MSE,gradcam,85,0.0,1,1
3ARN-MSJ,MSE,gradcam,90,,0,0
3ARN-MSJ,MSE,gradcam,95,,0,0
3ARN-MSJ,MSE,gradinput,50,0.5778244631185807,34,18
3ARN-MSJ,MSE,gradinput,55,0.5778244631185807,34,18
3ARN-MSJ,MSE,gradinput,60,0.5778244631185807,34,18
3ARN-MSJ,MSE,gradinput,65,0.5778244631185807,34,18
3ARN-MSJ,MSE,gradinput,70,0.5778244631185807,34,18
3ARN-MSJ,MSE,gradinput,75,0.5946825396825396,30,16
3ARN-MSJ,MSE,gradinput,80,0.5891666666666667,20,11
3ARN-MSJ,MSE,gradinput,85,0.75,1,1
3ARN-MSJ,MSE,gradinput,90,,0,0
3ARN-MSJ,MSE,gradinput,95,,0,0
3ARN-MSJ,MSE,ig,50,0.8398692810457518,34,18
3ARN-MSJ,MSE,ig,55,0.8398692810457518,34,18
3ARN-MSJ,MSE,ig,60,0.8398692810457518,34,18
3ARN-MSJ,MSE,ig,65,0.8398692810457518,34,18
3ARN-MSJ,MSE,ig,70,0.8398692810457518,34,18
3ARN-MSJ,MSE,ig,75,0.8400000000000001,30,16
3ARN-MSJ,MSE,ig,80,0.8800000000000001,20,11
3ARN-MSJ,MSE,ig,85,1.0,1,1
3ARN-MSJ,MSE,ig,90,,0,0
3ARN-MSJ,MSE,ig,95,,0,0
3ARN-MSJ,MSE,shap,50,0.5230859010270776,34,18
3ARN-MSJ,MSE,shap,55,0.5230859010270776,34,18
3ARN-MSJ,MSE,shap,60,0.5230859010270776,34,18
3ARN-MSJ,MSE,shap,65,0.5230859010270776,34,18
3ARN-MSJ,MSE,shap,70,0.5230859010270776,34,18
3ARN-MSJ,MSE,shap,75,0.516904761904762,30,16
3ARN-MSJ,MSE,shap,80,0.4925,20,11
3ARN-MSJ,MSE,shap,85,0.75,1,1
3ARN-MSJ,MSE,shap,90,,0,0
3ARN-MSJ,MSE,shap,95,,0,0
3AYK-CGS,MSE,cam,50,0.4839593459761527,105,59
3AYK-CGS,MSE,cam,55,0.4804132709395867,95,54
3AYK-CGS,MSE,cam,60,0.4754028379028379,72,42
3AYK-CGS,MSE,cam,65,0.4654761904761905,56,34
3AYK-CGS,MSE,cam,70,0.48055555555555557,48,29
3AYK-CGS,MSE,cam,75,0.48034188034188036,39,24
3AYK-CGS,MSE,cam,80,0.49032258064516127,31,19
3AYK-CGS,MSE,cam,85,0.4375,16,10
3AYK-CGS,MSE,cam,90,0.375,8,5
3AYK-CGS,MSE,cam,95,0.5,2,1
3AYK-CGS,MSE,diff,50,0.6103756254884072,105,59
3AYK-CGS,MSE,diff,55,0.6099491392680244,95,54
3AYK-CGS,MSE,diff,60,0.6431211535378201,72,42
3AYK-CGS,MSE,diff,65,0.6600675118532262,56,34
3AYK-CGS,MSE,diff,70,0.6739087301587303,48,29
3AYK-CGS,MSE,diff,75,0.6700244200244202,39,24
3AYK-CGS,MSE,diff,80,0.6748847926267282,31,19
3AYK-CGS,MSE,diff,85,0.6770833333333333,16,10
3AYK-CGS,MSE,diff,90,0.75,8,5
3AYK-CGS,MSE,diff,95,1.0,2,1
3AYK-CGS,MSE,gradcam,50,0.4679702672382904,105,59
3AYK-CGS,MSE,gradcam,55,0.46247064081429423,95,54
3AYK-CGS,MSE,gradcam,60,0.446740874865875,72,42
3AYK-CGS,MSE,gradcam,65,0.4343518089053804,56,34
3AYK-CGS,MSE,gradcam,70,0.42909226190476185,48,29
3AYK-CGS,MSE,gradcam,75,0.39884004884004887,39,24
3AYK-CGS,MSE,gradcam,80,0.43371735791090626,31,19
3AYK-CGS,MSE,gradcam,85,0.3333333333333333,16,10
3AYK-CGS,MSE,gradcam,90,0.25,8,5
3AYK-CGS,MSE,gradcam,95,0.5,2,1
3AYK-CGS,MSE,gradinput,50,0.5318021551236942,105,59
3AYK-CGS,MSE,gradinput,55,0.5404389796649859,95,54
3AYK-CGS,MSE,gradinput,60,0.5519673998840666,72,42
3AYK-CGS,MSE,gradinput,65,0.529532570603999,56,34
3AYK-CGS,MSE,gradinput,70,0.5130952380952379,48,29
3AYK-CGS,MSE,gradinput,75,0.5011599511599512,39,24
3AYK-CGS,MSE,gradinput,80,0.5162058371735792,31,19
3AYK-CGS,MSE,gradinput,85,0.5833333333333333,16,10
3AYK-CGS,MSE,gradinput,90,0.75,8,5
3AYK-CGS,MSE,gradinput,95,1.0,2,1
3AYK-CGS,MSE,ig,50,0.5173254492162055,105,59
3AYK-CGS,MSE,ig,55,0.5251553726631126,95,54
3AYK-CGS,MSE,ig,60,0.5395530010113344,72,42
3AYK-CGS,MSE,ig,65,0.5282345135023708,56,34
3AYK-CGS,MSE,ig,70,0.5350446428571429,48,29
3AYK-CGS,MSE,ig,75,0.518986568986569,39,24
3AYK-CGS,MSE,ig,80,0.5125192012288786,31,19
3AYK-CGS,MSE,ig,85,0.33854166666666663,16,10
3AYK-CGS,MSE,ig,90,0.125,8,5
3AYK-CGS,MSE,ig,95,0.5,2,1
3AYK-CGS,MSE,shap,50,0.46548841873477,105,59
3AYK-CGS,MSE,shap,55,0.4745556370014575,95,54
3AYK-CGS,MSE,shap,60,0.4541744520911187,72,42
3AYK-CGS,MSE,shap,65,0.4577793238507524,56,34
3AYK-CGS,MSE,shap,70,0.44990079365079366,48,29
3AYK-CGS,MSE,shap,75,0.44133089133089126,39,24
3AYK-CGS,MSE,shap,80,0.4237327188940092,31,19
3AYK-CGS,MSE,shap,85,0.46875000000000006,16,10
3AYK-CGS,MSE,shap,90,0.3958333333333333,8,5
3AYK-CGS,MSE,shap,95,0.0,2,1
3BZ3-YAM,MSE,cam,50,0.4918032786885246,61,31
3BZ3-YAM,MSE,cam,55,0.49122807017543857,57,29
3BZ3-YAM,MSE,cam,60,0.4909090909090909,55,28
3BZ3-YAM,MSE,cam,65,0.48936170212765956,47,24
3BZ3-YAM,MSE,cam,70,0.4857142857142857,35,18
3BZ3-YAM,MSE,cam,75,0.4827586206896552,29,15
3BZ3-YAM,MSE,cam,80,0.47058823529411764,17,9
3BZ3-YAM,MSE,cam,85,0.4,5,3
3BZ3-YAM,MSE,cam,90,0.0,1,1
3BZ3-YAM,MSE,cam,95,0.0,1,1
3BZ3-YAM,MSE,diff,50,0.5981515164697929,61,31
3BZ3-YAM,MSE,diff,55,0.6036543006357249,57,29
3BZ3-YAM,MSE,diff,60,0.6020759543486817,55,28
3BZ3-YAM,MSE,diff,65,0.5797849313806761,47,24
3BZ3-YAM,MSE,diff,70,0.5685064935064935,35,18
3BZ3-YAM,MSE,diff,75,0.5717432950191571,29,15
3BZ3-YAM,MSE,diff,80,0.5212885154061624,17,9
3BZ3-YAM,MSE,diff,85,0.58,5,3
3BZ3-YAM,MSE,diff,90,1.0,1,1
3BZ3-YAM,MSE,diff,95,1.0,1,1
3BZ3-YAM,MSE,gradcam,50,0.6699431077812543,61,31
3BZ3-YAM,MSE,gradcam,55,0.6747898386443278,57,29
3BZ3-YAM,MSE,gradcam,60,0.6725896830442286,55,28
3BZ3-YAM,MSE,gradcam,65,0.6651378763080893,47,24
3BZ3-YAM,MSE,gradcam,70,0.6645299938157082,35,18
3BZ3-YAM,MSE,gradcam,75,0.6958538587848934,29,15
3BZ3-YAM,MSE,gradcam,80,0.661064425770308,17,9
3BZ3-YAM,MSE,gradcam,85,0.4133333333333334,5,3
3BZ3-YAM,MSE,gradcam,90,0.0,1,1
3BZ3-YAM,MSE,gradcam,95,0.0,1,1
3BZ3-YAM,MSE,gradinput,50,0.6391494987330645,61,31
3BZ3-YAM,MSE,gradinput,55,0.6486578866609826,57,29
3BZ3-YAM,MSE,gradinput,60,0.6519245905609541,55,28
3BZ3-YAM,MSE,gradinput,65,0.6594963547091208,47,24
3BZ3-YAM,MSE,gradinput,70,0.6307081014223872,35,18
3BZ3-YAM,MSE,gradinput,75,0.6443760262725782,29,15
3BZ3-YAM,MSE,gradinput,80,0.6238095238095238,17,9
3BZ3-YAM,MSE,gradinput,85,0.52,5,3
3BZ3-YAM,MSE,gradinput,90,0.0,1,1
3BZ3-YAM,MSE,gradinput,95,0.0,1,1
3BZ3-YAM,MSE,ig,50,0.6562862146453478,61,31
3BZ3-YAM,MSE,ig,55,0.6639706068498638,57,29
3BZ3-YAM,MSE,ig,60,0.6624465433556344,55,28
3BZ3-YAM,MSE,ig,65,0.6636532498234626,47,24
3BZ3-YAM,MSE,ig,70,0.6468748711605855,35,18
3BZ3-YAM,MSE,ig,75,0.6677887246852765,29,15
3BZ3-YAM,MSE,ig,80,0.5890756302521009,17,9
3BZ3-YAM,MSE,ig,85,0.44666666666666666,5,3
3BZ3-YAM,MSE,ig,90,0.0,1,1
3BZ3-YAM,MSE,ig,95,0.0,1,1
3BZ3-YAM,MSE,shap,50,0.5227312250252919,61,31
3BZ3-YAM,MSE,shap,55,0.5237621225237324,57,29
3BZ3-YAM,MSE,shap,60,0.5256957184229912,55,28
3BZ3-YAM,MSE,shap,65,0.5120856684686472,47,24
3BZ3-YAM,MSE,shap,70,0.5043949701092558,35,18
3BZ3-YAM,MSE,shap,75,0.4737821565407772,29,15
3BZ3-YAM,MSE,shap,80,0.4492997198879552,17,9
3BZ3-YAM,MSE,shap,85,0.5666666666666667,5,3
3BZ3-YAM,MSE,shap,90,1.0,1,1
3BZ3-YAM,MSE,shap,95,1.0,1,1
3CHO-4BG,MSE,cam,50,0.5052631578947369,95,50
3CHO-4BG,MSE,cam,55,0.5056179775280899,89,47
3CHO-4BG,MSE,cam,60,0.5060240963855421,83,44
3CHO-4BG,MSE,cam,65,0.5060240963855421,83,44
3CHO-4BG,MSE,cam,70,0.5060240963855421,83,44
3CHO-4BG,MSE,cam,75,0.5063291139240507,79,42
3CHO-4BG,MSE,cam,80,0.5074626865671642,67,36
3CHO-4BG,MSE,cam,85,0.5,34,19
3CHO-4BG,MSE,cam,90,0.5384615384615384,13,8
3CHO-4BG,MSE,cam,95,0.5,2,2
3CHO-4BG,MSE,diff,50,0.521473000683527,95,50
3CHO-4BG,MSE,diff,55,0.523913695542909,89,47
3CHO-4BG,MSE,diff,60,0.5279546758462421,83,44
3CHO-4BG,MSE,diff,65,0.5279546758462421,83,44
3CHO-4BG,MSE,diff,70,0.5279546758462421,83,44
3CHO-4BG,MSE,diff,75,0.5241711874623268,79,42
3CHO-4BG,MSE,diff,80,0.5014925373134328,67,36
3CHO-4BG,MSE,diff,85,0.5196078431372548,34,19
3CHO-4BG,MSE,diff,90,0.5,13,8
3CHO-4BG,MSE,diff,95,0.5,2,2
3CHO-4BG,MSE,gradcam,50,0.603476114528746,95,50
3CHO-4BG,MSE,gradcam,55,0.5983364949657083,89,47
3CHO-4BG,MSE,gradcam,60,0.6025243832472746,83,44
3CHO-4BG,MSE,gradcam,65,0.6025243832472746,83,44
3CHO-4BG,MSE,gradcam,70,0.6025243832472746,83,44
3CHO-4BG,MSE,gradcam,75,0.6110307414104882,79,42
3CHO-4BG,MSE,gradcam,80,0.6012437810945274,67,36
3CHO-4BG,MSE,gradcam,85,0.6127450980392156,34,19
3CHO-4BG,MSE,gradcam,90,0.6923076923076923,13,8
3CHO-4BG,MSE,gradcam,95,1.0,2,2
3CHO-4BG,MSE,gradinput,50,0.40718348902559426,95,50
3CHO-4BG,MSE,gradinput,55,0.4016071631240171,89,47
3CHO-4BG,MSE,gradinput,60,0.3957114170969594,83,44
3CHO-4BG,MSE,gradinput,65,0.3957114170969594,83,44
3CHO-4BG,MSE,gradinput,70,0.3957114170969594,83,44
3CHO-4BG,MSE,gradinput,75,0.38372513562386984,79,42
3CHO-4BG,MSE,gradinput,80,0.37587064676616916,67,36
3CHO-4BG,MSE,gradinput,85,0.38235294117647056,34,19
3CHO-4BG,MSE,gradinput,90,0.4230769230769231,13,8
3CHO-4BG,MSE,gradinput,95,0.5,2,2
3CHO-4BG,MSE,ig,50,0.5676471481734641,95,50
3CHO-4BG,MSE,ig,55,0.57178202571461,89,47
3CHO-4BG,MSE,ig,60,0.5763625932300631,83,44
3CHO-4BG,MSE,ig,65,0.5763625932300631,83,44
3CHO-4BG,MSE,ig,70,0.5763625932300631,83,44
3CHO-4BG,MSE,ig,75,0.5734478601567211,79,42
3CHO-4BG,MSE,ig,80,0.5699004975124379,67,36
3CHO-4BG,MSE,ig,85,0.5588235294117647,34,19
3CHO-4BG,MSE,ig,90,0.5384615384615384,13,8
3CHO-4BG,MSE,ig,95,0.5,2,2
3CHO-4BG,MSE,shap,50,0.5641615402141719,95,50
3CHO-4BG,MSE,shap,55,0.5685154109311413,89,47
3CHO-4BG,MSE,shap,60,0.5711560527825589,83,44
3CHO-4BG,MSE,shap,65,0.5711560527825589,83,44
3CHO-4BG,MSE,shap,70,0.5711560527825589,83,44
3CHO-4BG,MSE,shap,75,0.5801084990958408,79,42
3CHO-4BG,MSE,shap,80,0.570646766169154,67,36
3CHO-4BG,MSE,shap,85,0.5,34,19
3CHO-4BG,MSE,shap,90,0.46153846153846156,13,8
3CHO-4BG,MSE,shap,95,0.5,2,2
3D4Q-SM5,MSE,cam,50,0.5076923076923077,195,100
3D4Q-SM5,MSE,cam,55,0.5076923076923077,195,100
3D4Q-SM5,MSE,cam,60,0.5076923076923077,195,100
3D4Q-SM5,MSE,cam,65,0.5076923076923077,195,100
3D4Q-SM5,MSE,cam,70,0.5076923076923077,195,100
3D4Q-SM5,MSE,cam,75,0.5079365079365079,189,97
3D4Q-SM5,MSE,cam,80,0.5137614678899083,109,57
3D4Q-SM5,MSE,cam,85,0.5172413793103449,58,31
3D4Q-SM5,MSE,cam,90,0.5714285714285714,7,5
3D4Q-SM5,MSE,cam,95,0.0,1,1
3D4Q-SM5,MSE,diff,50,0.5413105413105411,195,100
3D4Q-SM5,MSE,diff,55,0.5413105413105411,195,100
3D4Q-SM5,MSE,diff,60,0.5413105413105411,195,100
3D4Q-SM5,MSE,diff,65,0.5413105413105411,195,100
3D4Q-SM5,MSE,diff,70,0.5413105413105411,195,100
3D4Q-SM5,MSE,diff,75,0.5432098765432096,189,97
3D4Q-SM5,MSE,diff,80,0.5636085626911316,109,57
3D4Q-SM5,MSE,diff,85,0.6135057471264367,58,31
3D4Q-SM5,MSE,diff,90,0.7142857142857143,7,5
3D4Q-SM5,MSE,diff,95,1.0,1,1
3D4Q-SM5,MSE,gradcam,50,0.2789662189662188,195,100
3D4Q-SM5,MSE,gradcam,55,0.2789662189662188,195,100
3D4Q-SM5,MSE,gradcam,60,0.2789662189662188,195,100
3D4Q-SM5,MSE,gradcam,65,0.2789662189662188,195,100
3D4Q-SM5,MSE,gradcam,70,0.2789662189662188,195,100
3D4Q-SM5,MSE,gradcam,75,0.27826908541194245,189,97
3D4Q-SM5,MSE,gradcam,80,0.3120795107033639,109,57
3D4Q-SM5,MSE,gradcam,85,0.34482758620689646,58,31
3D4Q-SM5,MSE,gradcam,90,0.5714285714285714,7,5
3D4Q-SM5,MSE,gradcam,95,0.0,1,1
3D4Q-SM5,MSE,gradinput,50,0.40773911273911256,195,100
3D4Q-SM5,MSE,gradinput,55,0.40773911273911256,195,100
3D4Q-SM5,MSE,gradinput,60,0.40773911273911256,195,100
3D4Q-SM5,MSE,gradinput,65,0.40773911273911256,195,100
3D4Q-SM5,MSE,gradinput,70,0.40773911273911256,195,100
3D4Q-SM5,MSE,gradinput,75,0.4091458805744519,189,97
3D4Q-SM5,MSE,gradinput,80,0.44923547400611635,109,57
3D4Q-SM5,MSE,gradinput,85,0.4669540229885056,58,31
3D4Q-SM5,MSE,gradinput,90,0.42857142857142855,7,5
3D4Q-SM5,MSE,gradinput,95,0.0,1,1
3D4Q-SM5,MSE,ig,50,0.5297964997964998,195,100
3D4Q-SM5,MSE,ig,55,0.5297964997964998,195,100
3D4Q-SM5,MSE,ig,60,0.5297964997964998,195,100
3D4Q-SM5,MSE,ig,65,0.5297964997964998,195,100
3D4Q-SM5,MSE,ig,70,0.5297964997964998,195,100
3D4Q-SM5,MSE,ig,75,0.5300075585789871,189,97
3D4Q-SM5,MSE,ig,80,0.54434250764526,109,57
3D4Q-SM5,MSE,ig,85,0.5689655172413792,58,31
3D4Q-SM5,MSE,ig,90,0.6428571428571429,7,5
3D4Q-SM5,MSE,ig,95,0.0,1,1
3D4Q-SM5,MSE,shap,50,0.5394078144078146,195,100
3D4Q-SM5,MSE,shap,55,0.5394078144078146,195,100
3D4Q-SM5,MSE,shap,60,0.5394078144078146,195,100
3D4Q-SM5,MSE,shap,65,0.5394078144078146,195,100
3D4Q-SM5,MSE,shap,70,0.5394078144078146,195,100
3D4Q-SM5,MSE,shap,75,0.5404383975812549,189,97
3D4Q-SM5,MSE,shap,80,0.5385321100917431,109,57
3D4Q-SM5,MSE,shap,85,0.5086206896551725,58,31
3D4Q-SM5,MSE,shap,90,0.5714285714285714,7,5
3D4Q-SM5,MSE,shap,95,1.0,1,1
3DBS-GD9,MSE,cam,50,0.5,32,16
3DBS-GD9,MSE,cam,55,0.5,32,16
3DBS-GD9,MSE,cam,60,0.5,26,13
3DBS-GD9,MSE,cam,65,0.5,26,13
3DBS-GD9,MSE,cam,70,0.5,20,10
3DBS-GD9,MSE,cam,75,0.5,6,3
3DBS-GD9,MSE,cam,80,0.5,6,3
3DBS-GD9,MSE,cam,85,0.5,6,3
3DBS-GD9,MSE,cam,90,0.5,6,3
3DBS-GD9,MSE,cam,95,0.5,2,1
3DBS-GD9,MSE,diff,50,0.6690099830724832,32,16
3DBS-GD9,MSE,diff,55,0.6690099830724832,32,16
3DBS-GD9,MSE,diff,60,0.7332729236575392,26,13
3DBS-GD9,MSE,diff,65,0.7332729236575392,26,13
3DBS-GD9,MSE,diff,70,0.7546825396825396,20,10
3DBS-GD9,MSE,diff,75,0.888888888888889,6,3
3DBS-GD9,MSE,diff,80,0.888888888888889,6,3
3DBS-GD9,MSE,diff,85,0.888888888888889,6,3
3DBS-GD9,MSE,diff,90,0.888888888888889,6,3
3DBS-GD9,MSE,diff,95,1.0,2,1
3DBS-GD9,MSE,gradcam,50,0.6145270528083029,32,16
3DBS-GD9,MSE,gradcam,55,0.6145270528083029,32,16
3DBS-GD9,MSE,gradcam,60,0.6351660092044707,26,13
3DBS-GD9,MSE,gradcam,65,0.6351660092044707,26,13
3DBS-GD9,MSE,gradcam,70,0.6401388888888889,20,10
3DBS-GD9,MSE,gradcam,75,0.75,6,3
3DBS-GD9,MSE,gradcam,80,0.75,6,3
3DBS-GD9,MSE,gradcam,85,0.75,6,3
3DBS-GD9,MSE,gradcam,90,0.75,6,3
3DBS-GD9,MSE,gradcam,95,0.5,2,1
3DBS-GD9,MSE,gradinput,50,0.7172190656565656,32,16
3DBS-GD9,MSE,gradinput,55,0.7172190656565656,32,16
3DBS-GD9,MSE,gradinput,60,0.7731932597317213,26,13
3DBS-GD9,MSE,gradinput,65,0.7731932597317213,26,13
3DBS-GD9,MSE,gradinput,70,0.8089682539682539,20,10
3DBS-GD9,MSE,gradinput,75,0.9166666666666666,6,3
3DBS-GD9,MSE,gradinput,80,0.9166666666666666,6,3
3DBS-GD9,MSE,gradinput,85,0.9166666666666666,6,3
3DBS-GD9,MSE,gradinput,90,0.9166666666666666,6,3
3DBS-GD9,MSE,gradinput,95,1.0,2,1
3DBS-GD9,MSE,ig,50,0.6069805194805196,32,16
3DBS-GD9,MSE,ig,55,0.6069805194805196,32,16
3DBS-GD9,MSE,ig,60,0.6302172186787571,26,13
3DBS-GD9,MSE,ig,65,0.6302172186787571,26,13
3DBS-GD9,MSE,ig,70,0.6594047619047619,20,10
3DBS-GD9,MSE,ig,75,0.9166666666666666,6,3
3DBS-GD9,MSE,ig,80,0.9166666666666666,6,3
3DBS-GD9,MSE,ig,85,0.9166666666666666,6,3
3DBS-GD9,MSE,ig,90,0.9166666666666666,6,3
3DBS-GD9,MSE,ig,95,1.0,2,1
3DBS-GD9,MSE,shap,50,0.5470395923520924,32,16
3DBS-GD9,MSE,shap,55,0.5470395923520924,32,16
3DBS-GD9,MSE,shap,60,0.5733217637063791,26,13
3DBS-GD9,MSE,shap,65,0.5733217637063791,26,13
3DBS-GD9,MSE,shap,70,0.5884126984126985,20,10
3DBS-GD9,MSE,shap,75,0.6944444444444443,6,3
3DBS-GD9,MSE,shap,80,0.6944444444444443,6,3
3DBS-GD9,MSE,shap,85,0.6944444444444443,6,3
3DBS-GD9,MSE,shap,90,0.6944444444444443,6,3
3DBS-GD9,MSE,shap,95,0.5,2,1
3DD0-EZL,MSE,cam,50,0.4782608695652174,23,12
3DD0-EZL,MSE,cam,55,0.47619047619047616,21,11
3DD0-EZL,MSE,cam,60,0.47368421052631576,19,10
3DD0-EZL,MSE,cam,65,0.46153846153846156,13,7
3DD0-EZL,MSE,cam,70,0.4,5,3
3DD0-EZL,MSE,cam,75,0.4,5,3
3DD0-EZL,MSE,cam,80,0.3333333333333333,3,2
3DD0-EZL,MSE,cam,85,0.3333333333333333,3,2
3DD0-EZL,MSE,cam,90,,0,0
3DD0-EZL,MSE,cam,95,,0,0
3DD0-EZL,MSE,diff,50,0.7629917184265012,23,12
3DD0-EZL,MSE,diff,55,0.7642290249433107,21,11
3DD0-EZL,MSE,diff,60,0.7604636591478697,19,10
3DD0-EZL,MSE,diff,65,0.7941391941391939,13,7
3DD0-EZL,MSE,diff,70,0.8933333333333333,5,3
3DD0-EZL,MSE,diff,75,0.8933333333333333,5,3
3DD0-EZL,MSE,diff,80,0.8888888888888888,3,2
3DD0-EZL,MSE,diff,85,0.8888888888888888,3,2
3DD0-EZL,MSE,diff,90,,0,0
3DD0-EZL,MSE,diff,95,,0,0
3DD0-EZL,MSE,gradcam,50,0.4710144927536232,23,12
3DD0-EZL,MSE,gradcam,55,0.4563492063492064,21,11
3DD0-EZL,MSE,gradcam,60,0.4517543859649123,19,10
3DD0-EZL,MSE,gradcam,65,0.43589743589743585,13,7
3DD0-EZL,MSE,gradcam,70,0.5333333333333333,5,3
3DD0-EZL,MSE,gradcam,75,0.5333333333333333,5,3
3DD0-EZL,MSE,gradcam,80,0.4444444444444444,3,2
3DD0-EZL,MSE,gradcam,85,0.4444444444444444,3,2
3DD0-EZL,MSE,gradcam,90,,0,0
3DD0-EZL,MSE,gradcam,95,,0,0
3DD0-EZL,MSE,gradinput,50,0.49213250517598345,23,12
3DD0-EZL,MSE,gradinput,55,0.47947845804988665,21,11
3DD0-EZL,MSE,gradinput,60,0.46679197994987476,19,10
3DD0-EZL,MSE,gradinput,65,0.4578754578754578,13,7
3DD0-EZL,MSE,gradinput,70,0.6,5,3
3DD0-EZL,MSE,gradinput,75,0.6,5,3
3DD0-EZL,MSE,gradinput,80,0.5555555555555555,3,2
3DD0-EZL,MSE,gradinput,85,0.5555555555555555,3,2
3DD0-EZL,MSE,gradinput,90,,0,0
3DD0-EZL,MSE,gradinput,95,,0,0
3DD0-EZL,MSE,ig,50,0.5298826777087647,23,12
3DD0-EZL,MSE,ig,55,0.5089191232048376,21,11
3DD0-EZL,MSE,ig,60,0.5045948203842942,19,10
3DD0-EZL,MSE,ig,65,0.4725274725274725,13,7
3DD0-EZL,MSE,ig,70,0.29999999999999993,5,3
3DD0-EZL,MSE,ig,75,0.29999999999999993,5,3
3DD0-EZL,MSE,ig,80,0.27777777777777773,3,2
3DD0-EZL,MSE,ig,85,0.27777777777777773,3,2
3DD0-EZL,MSE,ig,90,,0,0
3DD0-EZL,MSE,ig,95,,0,0
3DD0-EZL,MSE,shap,50,0.6439958592132504,23,12
3DD0-EZL,MSE,shap,55,0.6497732426303854,21,11
3DD0-EZL,MSE,shap,60,0.6392230576441102,19,10
3DD0-EZL,MSE,shap,65,0.632967032967033,13,7
3DD0-EZL,MSE,shap,70,0.5933333333333334,5,3
3DD0-EZL,MSE,shap,75,0.5933333333333334,5,3
3DD0-EZL,MSE,shap,80,0.7222222222222222,3,2
3DD0-EZL,MSE,shap,85,0.7222222222222222,3,2
3DD0-EZL,MSE,shap,90,,0,0
3DD0-EZL,MSE,shap,95,,0,0
3DUY-AFJ,MSE,cam,50,0.515862567310738,164,85
3DUY-AFJ,MSE,cam,55,0.5183201481616975,142,74
3DUY-AFJ,MSE,cam,60,0.5255045199898142,102,54
3DUY-AFJ,MSE,cam,65,0.5371637291280149,70,38
3DUY-AFJ,MSE,cam,70,0.548430735930736,48,27
3DUY-AFJ,MSE,cam,75,0.5833333333333334,24,15
3DUY-AFJ,MSE,cam,80,0.625,16,11
3DUY-AFJ,MSE,cam,85,0.6363636363636364,11,8
3DUY-AFJ,MSE,cam,90,0.8,5,4
3DUY-AFJ,MSE,cam,95,1.0,1,1
3DUY-AFJ,MSE,diff,50,0.4625550676778727,164,85
3DUY-AFJ,MSE,diff,55,0.4588875376768369,142,74
3DUY-AFJ,MSE,diff,60,0.4444173585609572,102,54
3DUY-AFJ,MSE,diff,65,0.4716565180850897,70,38
3DUY-AFJ,MSE,diff,70,0.4480454730454731,48,27
3DUY-AFJ,MSE,diff,75,0.44867724867724873,24,15
3DUY-AFJ,MSE,diff,80,0.4923363095238096,16,11
3DUY-AFJ,MSE,diff,85,0.5651515151515153,11,8
3DUY-AFJ,MSE,diff,90,0.7999999999999999,5,4
3DUY-AFJ,MSE,diff,95,1.0,1,1
3DUY-AFJ,MSE,gradcam,50,0.5253546256430776,164,85
3DUY-AFJ,MSE,gradcam,55,0.52801668717843,142,74
3DUY-AFJ,MSE,gradcam,60,0.5353280922268813,102,54
3DUY-AFJ,MSE,gradcam,65,0.5550285230642373,70,38
3DUY-AFJ,MSE,gradcam,70,0.5742960742960744,48,27
3DUY-AFJ,MSE,gradcam,75,0.5952380952380953,24,15
3DUY-AFJ,MSE,gradcam,80,0.6447172619047619,16,11
3DUY-AFJ,MSE,gradcam,85,0.6590909090909091,11,8
3DUY-AFJ,MSE,gradcam,90,0.8,5,4
3DUY-AFJ,MSE,gradcam,95,1.0,1,1
3DUY-AFJ,MSE,gradinput,50,0.46143171110229153,164,85
3DUY-AFJ,MSE,gradinput,55,0.45864906229010344,142,74
3DUY-AFJ,MSE,gradinput,60,0.46508616655675483,102,54
3DUY-AFJ,MSE,gradinput,65,0.4804239609596752,70,38
3DUY-AFJ,MSE,gradinput,70,0.4796351796351796,48,27
3DUY-AFJ,MSE,gradinput,75,0.5061177248677248,24,15
3DUY-AFJ,MSE,gradinput,80,0.5822172619047619,16,11
3DUY-AFJ,MSE,gradinput,85,0.6136363636363636,11,8
3DUY-AFJ,MSE,gradinput,90,0.8,5,4
3DUY-AFJ,MSE,gradinput,95,1.0,1,1
3DUY-AFJ,MSE,ig,50,0.595066867494374,164,85
3DUY-AFJ,MSE,ig,55,0.6039649613977545,142,74
3DUY-AFJ,MSE,ig,60,0.6182605480832125,102,54
3DUY-AFJ,MSE,ig,65,0.6432132153560727,70,38
3DUY-AFJ,MSE,ig,70,0.6561140248640249,48,27
3DUY-AFJ,MSE,ig,75,0.7391203703703703,24,15
3DUY-AFJ,MSE,ig,80,0.8373511904761904,16,11
3DUY-AFJ,MSE,ig,85,0.9030303030303028,11,8
3DUY-AFJ,MSE,ig,90,0.9333333333333332,5,4
3DUY-AFJ,MSE,ig,95,1.0,1,1
3DUY-AFJ,MSE,shap,50,0.5090385558436769,164,85
3DUY-AFJ,MSE,shap,55,0.5167179878218556,142,74
3DUY-AFJ,MSE,shap,60,0.514150120032473,102,54
3DUY-AFJ,MSE,shap,65,0.5301046176046175,70,38
3DUY-AFJ,MSE,shap,70,0.5210703648203647,48,27
3DUY-AFJ,MSE,shap,75,0.5350859788359789,24,15
3DUY-AFJ,MSE,shap,80,0.5620535714285715,16,11
3DUY-AFJ,MSE,shap,85,0.5848484848484848,11,8
3DUY-AFJ,MSE,shap,90,0.7,5,4
3DUY-AFJ,MSE,shap,95,1.0,1,1
3DV3-MEK,MSE,cam,50,0.5934915947051872,103,53
3DV3-MEK,MSE,cam,55,0.6054783008486715,81,42
3DV3-MEK,MSE,cam,60,0.6356216223863282,51,27
3DV3-MEK,MSE,cam,65,0.6414737071713815,43,23
3DV3-MEK,MSE,cam,70,0.6790503557744937,29,16
3DV3-MEK,MSE,cam,75,0.7380952380952381,19,11
3DV3-MEK,MSE,cam,80,0.75,14,8
3DV3-MEK,MSE,cam,85,0.7857142857142857,7,4
3DV3-MEK,MSE,cam,90,1.0,1,1
3DV3-MEK,MSE,cam,95,,0,0
3DV3-MEK,MSE,diff,50,0.5742343955936186,103,53
3DV3-MEK,MSE,diff,55,0.5887521257891627,81,42
3DV3-MEK,MSE,diff,60,0.6313442548736667,51,27
3DV3-MEK,MSE,diff,65,0.6551461458438204,43,23
3DV3-MEK,MSE,diff,70,0.709646962233169,29,16
3DV3-MEK,MSE,diff,75,0.7802005012531328,19,11
3DV3-MEK,MSE,diff,80,0.7738095238095237,14,8
3DV3-MEK,MSE,diff,85,0.7976190476190476,7,4
3DV3-MEK,MSE,diff,90,1.0,1,1
3DV3-MEK,MSE,diff,95,,0,0
3DV3-MEK,MSE,gradcam,50,0.5610243855389486,103,53
3DV3-MEK,MSE,gradcam,55,0.5744927569001643,81,42
3DV3-MEK,MSE,gradcam,60,0.6128547378547379,51,27
3DV3-MEK,MSE,gradcam,65,0.6218002281955771,43,23
3DV3-MEK,MSE,gradcam,70,0.6403256704980842,29,16
3DV3-MEK,MSE,gradcam,75,0.6228070175438596,19,11
3DV3-MEK,MSE,gradcam,80,0.7023809523809524,14,8
3DV3-MEK,MSE,gradcam,85,0.6428571428571429,7,4
3DV3-MEK,MSE,gradcam,90,0.0,1,1
3DV3-MEK,MSE,gradcam,95,,0,0
3DV3-MEK,MSE,gradinput,50,0.5824339091329381,103,53
3DV3-MEK,MSE,gradinput,55,0.6153429560836967,81,42
3DV3-MEK,MSE,gradinput,60,0.6733992586933761,51,27
3DV3-MEK,MSE,gradinput,65,0.6777173730662103,43,23
3DV3-MEK,MSE,gradinput,70,0.7103448275862069,29,16
3DV3-MEK,MSE,gradinput,75,0.7383458646616541,19,11
3DV3-MEK,MSE,gradinput,80,0.7809523809523808,14,8
3DV3-MEK,MSE,gradinput,85,0.7380952380952381,7,4
3DV3-MEK,MSE,gradinput,90,0.6666666666666666,1,1
3DV3-MEK,MSE,gradinput,95,,0,0
3DV3-MEK,MSE,ig,50,0.5951138667158082,103,53
3DV3-MEK,MSE,ig,55,0.5900129020499387,81,42
3DV3-MEK,MSE,ig,60,0.5793820558526441,51,27
3DV3-MEK,MSE,ig,65,0.5720225510923186,43,23
3DV3-MEK,MSE,ig,70,0.5823481116584566,29,16
3DV3-MEK,MSE,ig,75,0.6701754385964913,19,11
3DV3-MEK,MSE,ig,80,0.6,14,8
3DV3-MEK,MSE,ig,85,0.6666666666666666,7,4
3DV3-MEK,MSE,ig,90,1.0,1,1
3DV3-MEK,MSE,ig,95,,0,0
3DV3-MEK,MSE,shap,50,0.5497385570201104,103,53
3DV3-MEK,MSE,shap,55,0.5532333236036939,81,42
3DV3-MEK,MSE,shap,60,0.5830426109837874,51,27
3DV3-MEK,MSE,shap,65,0.601886808282157,43,23
3DV3-MEK,MSE,shap,70,0.6388204707170225,29,16
3DV3-MEK,MSE,shap,75,0.6716791979949875,19,11
3DV3-MEK,MSE,shap,80,0.6428571428571429,14,8
3DV3-MEK,MSE,shap,85,0.6666666666666666,7,4
3DV3-MEK,MSE,shap,90,1.0,1,1
3DV3-MEK,MSE,shap,95,,0,0
3E32-ED2,MSE,cam,50,0.5029411764705882,34,17
3E32-ED2,MSE,cam,55,0.5029411764705882,34,17
3E32-ED2,MSE,cam,60,0.5029411764705882,34,17
3E32-ED2,MSE,cam,65,0.503125,32,16
3E32-ED2,MSE,cam,70,0.503125,32,16
3E32-ED2,MSE,cam,75,0.5035714285714286,28,14
3E32-ED2,MSE,cam,80,0.5,26,13
3E32-ED2,MSE,cam,85,0.5,8,4
3E32-ED2,MSE,cam,90,0.5,2,1
3E32-ED2,MSE,cam,95,0.5,2,1
3E32-ED2,MSE,diff,50,0.5610262286732874,34,17
3E32-ED2,MSE,diff,55,0.5610262286732874,34,17
3E32-ED2,MSE,diff,60,0.5610262286732874,34,17
3E32-ED2,MSE,diff,65,0.5581439393939394,32,16
3E32-ED2,MSE,diff,70,0.5581439393939394,32,16
3E32-ED2,MSE,diff,75,0.5625850340136055,28,14
3E32-ED2,MSE,diff,80,0.552014652014652,26,13
3E32-ED2,MSE,diff,85,0.6166666666666666,8,4
3E32-ED2,MSE,diff,90,1.0,2,1
3E32-ED2,MSE,diff,95,1.0,2,1
3E32-ED2,MSE,gradcam,50,0.7315826330532212,34,17
3E32-ED2,MSE,gradcam,55,0.7315826330532212,34,17
3E32-ED2,MSE,gradcam,60,0.7315826330532212,34,17
3E32-ED2,MSE,gradcam,65,0.731547619047619,32,16
3E32-ED2,MSE,gradcam,70,0.731547619047619,32,16
3E32-ED2,MSE,gradcam,75,0.7153061224489795,28,14
3E32-ED2,MSE,gradcam,80,0.7126373626373625,26,13
3E32-ED2,MSE,gradcam,85,0.7916666666666666,8,4
3E32-ED2,MSE,gradcam,90,1.0,2,1
3E32-ED2,MSE,gradcam,95,1.0,2,1
3E32-ED2,MSE,gradinput,50,0.7356617647058824,34,17
3E32-ED2,MSE,gradinput,55,0.7356617647058824,34,17
3E32-ED2,MSE,gradinput,60,0.7356617647058824,34,17
3E32-ED2,MSE,gradinput,65,0.7339285714285715,32,16
3E32-ED2,MSE,gradinput,70,0.7339285714285715,32,16
3E32-ED2,MSE,gradinput,75,0.7180272108843537,28,14
3E32-ED2,MSE,gradinput,80,0.7155677655677656,26,13
3E32-ED2,MSE,gradinput,85,0.7916666666666666,8,4
3E32-ED2,MSE,gradinput,90,1.0,2,1
3E32-ED2,MSE,gradinput,95,1.0,2,1
3E32-ED2,MSE,ig,50,0.44681637806637803,34,17
3E32-ED2,MSE,ig,55,0.44681637806637803,34,17
3E32-ED2,MSE,ig,60,0.44681637806637803,34,17
3E32-ED2,MSE,ig,65,0.4476776695526695,32,16
3E32-ED2,MSE,ig,70,0.4476776695526695,32,16
3E32-ED2,MSE,ig,75,0.4505102040816326,28,14
3E32-ED2,MSE,ig,80,0.45439560439560434,26,13
3E32-ED2,MSE,ig,85,0.43333333333333335,8,4
3E32-ED2,MSE,ig,90,0.5,2,1
3E32-ED2,MSE,ig,95,0.5,2,1
3E32-ED2,MSE,shap,50,0.4522833375774552,34,17
3E32-ED2,MSE,shap,55,0.4522833375774552,34,17
3E32-ED2,MSE,shap,60,0.4522833375774552,34,17
3E32-ED2,MSE,shap,65,0.443720689033189,32,16
3E32-ED2,MSE,shap,70,0.443720689033189,32,16
3E32-ED2,MSE,shap,75,0.4662414965986394,28,14
3E32-ED2,MSE,shap,80,0.4828754578754578,26,13
3E32-ED2,MSE,shap,85,0.41666666666666663,8,4
3E32-ED2,MSE,shap,90,0.0,2,1
3E32-ED2,MSE,shap,95,0.0,2,1
3E37-ED5,MSE,cam,50,0.49818830758109695,31,16
3E37-ED5,MSE,cam,55,0.49518980005795415,29,15
3E37-ED5,MSE,cam,60,0.4857142857142857,25,13
3E37-ED5,MSE,cam,65,0.4857142857142857,25,13
3E37-ED5,MSE,cam,70,0.47619047619047616,21,11
3E37-ED5,MSE,cam,75,0.47058823529411764,17,9
3E37-ED5,MSE,cam,80,0.4,5,3
3E37-ED5,MSE,cam,85,,0,0
3E37-ED5,MSE,cam,90,,0,0
3E37-ED5,MSE,cam,95,,0,0
3E37-ED5,MSE,diff,50,0.7413462407295425,31,16
3E37-ED5,MSE,diff,55,0.7407494297453731,29,15
3E37-ED5,MSE,diff,60,0.7357399267399267,25,13
3E37-ED5,MSE,diff,65,0.7357399267399267,25,13
3E37-ED5,MSE,diff,70,0.7136621315192744,21,11
3E37-ED5,MSE,diff,75,0.6992296918767507,17,9
3E37-ED5,MSE,diff,80,0.7476190476190476,5,3
3E37-ED5,MSE,diff,85,,0,0
3E37-ED5,MSE,diff,90,,0,0
3E37-ED5,MSE,diff,95,,0,0
3E37-ED5,MSE,gradcam,50,0.6257753473597877,31,16
3E37-ED5,MSE,gradcam,55,0.6200816931547155,29,15
3E37-ED5,MSE,gradcam,60,0.6008241758241758,25,13
3E37-ED5,MSE,gradcam,65,0.6008241758241758,25,13
3E37-ED5,MSE,gradcam,70,0.5739795918367347,21,11
3E37-ED5,MSE,gradcam,75,0.5619747899159664,17,9
3E37-ED5,MSE,gradcam,80,0.5238095238095237,5,3
3E37-ED5,MSE,gradcam,85,,0,0
3E37-ED5,MSE,gradcam,90,,0,0
3E37-ED5,MSE,gradcam,95,,0,0
3E37-ED5,MSE,gradinput,50,0.6396240382008882,31,16
3E37-ED5,MSE,gradinput,55,0.626264776467616,29,15
3E37-ED5,MSE,gradinput,60,0.5949377289377289,25,13
3E37-ED5,MSE,gradinput,65,0.5949377289377289,25,13
3E37-ED5,MSE,gradinput,70,0.5536281179138322,21,11
3E37-ED5,MSE,gradinput,75,0.5427170868347339,17,9
3E37-ED5,MSE,gradinput,80,0.46190476190476193,5,3
3E37-ED5,MSE,gradinput,85,,0,0
3E37-ED5,MSE,gradinput,90,,0,0
3E37-ED5,MSE,gradinput,95,,0,0
3E37-ED5,MSE,ig,50,0.6674619972058302,31,16
3E37-ED5,MSE,ig,55,0.6588961579326691,29,15
3E37-ED5,MSE,ig,60,0.680084249084249,25,13
3E37-ED5,MSE,ig,65,0.680084249084249,25,13
3E37-ED5,MSE,ig,70,0.640079365079365,21,11
3E37-ED5,MSE,ig,75,0.6436274509803921,17,9
3E37-ED5,MSE,ig,80,0.7095238095238096,5,3
3E37-ED5,MSE,ig,85,,0,0
3E37-ED5,MSE,ig,90,,0,0
3E37-ED5,MSE,ig,95,,0,0
3E37-ED5,MSE,shap,50,0.5941405842734117,31,16
3E37-ED5,MSE,shap,55,0.5762077510049114,29,15
3E37-ED5,MSE,shap,60,0.6099304029304029,25,13
3E37-ED5,MSE,shap,65,0.6099304029304029,25,13
3E37-ED5,MSE,shap,70,0.574092970521542,21,11
3E37-ED5,MSE,shap,75,0.5797619047619048,17,9
3E37-ED5,MSE,shap,80,0.780952380952381,5,3
3E37-ED5,MSE,shap,85,,0,0
3E37-ED5,MSE,shap,90,,0,0
3E37-ED5,MSE,shap,95,,0,0
3EID-PO5,MSE,cam,50,0.47368421052631576,38,20
3EID-PO5,MSE,cam,55,0.47368421052631576,38,20
3EID-PO5,MSE,cam,60,0.47368421052631576,38,20
3EID-PO5,MSE,cam,65,0.4722222222222222,36,19
3EID-PO5,MSE,cam,70,0.46875,32,17
3EID-PO5,MSE,cam,75,0.4666666666666667,30,16
3EID-PO5,MSE,cam,80,0.45,20,11
3EID-PO5,MSE,cam,85,0.4166666666666667,12,7
3EID-PO5,MSE,cam,90,0.3333333333333333,3,2
3EID-PO5,MSE,cam,95,,0,0
3EID-PO5,MSE,diff,50,0.6518967874231031,38,20
3EID-PO5,MSE,diff,55,0.6518967874231031,38,20
3EID-PO5,MSE,diff,60,0.6518967874231031,38,20
3EID-PO5,MSE,diff,65,0.6523989898989898,36,19
3EID-PO5,MSE,diff,70,0.6671874999999999,32,17
3EID-PO5,MSE,diff,75,0.6783333333333332,30,16
3EID-PO5,MSE,diff,80,0.7091666666666666,20,11
3EID-PO5,MSE,diff,85,0.7777777777777777,12,7
3EID-PO5,MSE,diff,90,1.0,3,2
3EID-PO5,MSE,diff,95,,0,0
3EID-PO5,MSE,gradcam,50,0.499074390521759,38,20
3EID-PO5,MSE,gradcam,55,0.499074390521759,38,20
3EID-PO5,MSE,gradcam,60,0.499074390521759,38,20
3EID-PO5,MSE,gradcam,65,0.487118205868206,36,19
3EID-PO5,MSE,gradcam,70,0.5053943452380952,32,17
3EID-PO5,MSE,gradcam,75,0.5349206349206349,30,16
3EID-PO5,MSE,gradcam,80,0.6,20,11
3EID-PO5,MSE,gradcam,85,0.7083333333333334,12,7
3EID-PO5,MSE,gradcam,90,1.0,3,2
3EID-PO5,MSE,gradcam,95,,0,0
3EID-PO5,MSE,gradinput,50,0.5408806106174527,38,20
3EID-PO5,MSE,gradinput,55,0.5408806106174527,38,20
3EID-PO5,MSE,gradinput,60,0.5408806106174527,38,20
3EID-PO5,MSE,gradinput,65,0.5371993746993747,36,19
3EID-PO5,MSE,gradinput,70,0.5503720238095238,32,17
3EID-PO5,MSE,gradinput,75,0.5703968253968253,30,16
3EID-PO5,MSE,gradinput,80,0.5924999999999999,20,11
3EID-PO5,MSE,gradinput,85,0.6666666666666666,12,7
3EID-PO5,MSE,gradinput,90,0.8333333333333334,3,2
3EID-PO5,MSE,gradinput,95,,0,0
3EID-PO5,MSE,ig,50,0.6437799043062201,38,20
3EID-PO5,MSE,ig,55,0.6437799043062201,38,20
3EID-PO5,MSE,ig,60,0.6437799043062201,38,20
3EID-PO5,MSE,ig,65,0.6458152958152958,36,19
3EID-PO5,MSE,ig,70,0.6683035714285714,32,17
3EID-PO5,MSE,ig,75,0.6628571428571429,30,16
3EID-PO5,MSE,ig,80,0.6799999999999999,20,11
3EID-PO5,MSE,ig,85,0.6666666666666666,12,7
3EID-PO5,MSE,ig,90,0.6666666666666666,3,2
3EID-PO5,MSE,ig,95,,0,0
3EID-PO5,MSE,shap,50,0.44942185007974483,38,20
3EID-PO5,MSE,shap,55,0.44942185007974483,38,20
3EID-PO5,MSE,shap,60,0.44942185007974483,38,20
3EID-PO5,MSE,shap,65,0.45058020683020683,36,19
3EID-PO5,MSE,shap,70,0.455766369047619,32,17
3EID-PO5,MSE,shap,75,0.44865079365079363,30,16
3EID-PO5,MSE,shap,80,0.4325,20,11
3EID-PO5,MSE,shap,85,0.5,12,7
3EID-PO5,MSE,shap,90,0.5,3,2
3EID-PO5,MSE,shap,95,,0,0
3EJ1-5BP,MSE,cam,50,0.5539682539682541,147,74
3EJ1-5BP,MSE,cam,55,0.5539682539682541,147,74
3EJ1-5BP,MSE,cam,60,0.5539682539682541,147,74
3EJ1-5BP,MSE,cam,65,0.5539682539682541,147,74
3EJ1-5BP,MSE,cam,70,0.5587654320987656,135,68
3EJ1-5BP,MSE,cam,75,0.5672364672364673,117,59
3EJ1-5BP,MSE,cam,80,0.5956709956709957,77,39
3EJ1-5BP,MSE,cam,85,0.5666666666666667,40,20
3EJ1-5BP,MSE,cam,90,0.5,8,4
3EJ1-5BP,MSE,cam,95,,0,0
3EJ1-5BP,MSE,diff,50,0.5597522847522847,147,74
3EJ1-5BP,MSE,diff,55,0.5597522847522847,147,74
3EJ1-5BP,MSE,diff,60,0.5597522847522847,147,74
3EJ1-5BP,MSE,diff,65,0.5597522847522847,147,74
3EJ1-5BP,MSE,diff,70,0.5581275720164609,135,68
3EJ1-5BP,MSE,diff,75,0.5694444444444444,117,59
3EJ1-5BP,MSE,diff,80,0.5649350649350651,77,39
3EJ1-5BP,MSE,diff,85,0.5604166666666667,40,20
3EJ1-5BP,MSE,diff,90,0.625,8,4
3EJ1-5BP,MSE,diff,95,,0,0
3EJ1-5BP,MSE,gradcam,50,0.553735115980014,147,74
3EJ1-5BP,MSE,gradcam,55,0.553735115980014,147,74
3EJ1-5BP,MSE,gradcam,60,0.553735115980014,147,74
3EJ1-5BP,MSE,gradcam,65,0.553735115980014,147,74
3EJ1-5BP,MSE,gradcam,70,0.5520693709582599,135,68
3EJ1-5BP,MSE,gradcam,75,0.5447903947903949,117,59
3EJ1-5BP,MSE,gradcam,80,0.5168831168831169,77,39
3EJ1-5BP,MSE,gradcam,85,0.4604166666666666,40,20
3EJ1-5BP,MSE,gradcam,90,0.5,8,4
3EJ1-5BP,MSE,gradcam,95,,0,0
3EJ1-5BP,MSE,gradinput,50,0.5080678014351483,147,74
3EJ1-5BP,MSE,gradinput,55,0.5080678014351483,147,74
3EJ1-5BP,MSE,gradinput,60,0.5080678014351483,147,74
3EJ1-5BP,MSE,gradinput,65,0.5080678014351483,147,74
3EJ1-5BP,MSE,gradinput,70,0.5127131099353321,135,68
3EJ1-5BP,MSE,gradinput,75,0.5207468457468457,117,59
3EJ1-5BP,MSE,gradinput,80,0.5324675324675324,77,39
3EJ1-5BP,MSE,gradinput,85,0.4958333333333334,40,20
3EJ1-5BP,MSE,gradinput,90,0.4375,8,4
3EJ1-5BP,MSE,gradinput,95,,0,0
3EJ1-5BP,MSE,ig,50,0.55309926279314,147,74
3EJ1-5BP,MSE,ig,55,0.55309926279314,147,74
3EJ1-5BP,MSE,ig,60,0.55309926279314,147,74
3EJ1-5BP,MSE,ig,65,0.55309926279314,147,74
3EJ1-5BP,MSE,ig,70,0.5601087595532036,135,68
3EJ1-5BP,MSE,ig,75,0.569831094831095,117,59
3EJ1-5BP,MSE,ig,80,0.5943722943722944,77,39
3EJ1-5BP,MSE,ig,85,0.6187499999999999,40,20
3EJ1-5BP,MSE,ig,90,0.625,8,4
3EJ1-5BP,MSE,ig,95,,0,0
3EJ1-5BP,MSE,shap,50,0.5464239086688064,147,74
3EJ1-5BP,MSE,shap,55,0.5464239086688064,147,74
3EJ1-5BP,MSE,shap,60,0.5464239086688064,147,74
3EJ1-5BP,MSE,shap,65,0.5464239086688064,147,74
3EJ1-5BP,MSE,shap,70,0.5549500293944735,135,68
3EJ1-5BP,MSE,shap,75,0.5509157509157507,117,59
3EJ1-5BP,MSE,shap,80,0.5450216450216452,77,39
3EJ1-5BP,MSE,shap,85,0.5458333333333333,40,20
3EJ1-5BP,MSE,shap,90,0.5,8,4
3EJ1-5BP,MSE,shap,95,,0,0
3ELM-24F,MSE,cam,50,0.508,250,127
3ELM-24F,MSE,cam,55,0.508,250,127
3ELM-24F,MSE,cam,60,0.5081967213114754,244,124
3ELM-24F,MSE,cam,65,0.5088495575221239,226,115
3ELM-24F,MSE,cam,70,0.5099009900990099,202,103
3ELM-24F,MSE,cam,75,0.5117647058823529,170,87
3ELM-24F,MSE,cam,80,0.5111111111111111,135,69
3ELM-24F,MSE,cam,85,0.5211267605633803,71,37
3ELM-24F,MSE,cam,90,0.5294117647058824,17,9
3ELM-24F,MSE,cam,95,0.5,2,1
3ELM-24F,MSE,diff,50,0.4856632811632808,250,127
3ELM-24F,MSE,diff,55,0.4856632811632808,250,127
3ELM-24F,MSE,diff,60,0.48456387646961385,244,124
3ELM-24F,MSE,diff,65,0.4794575016920146,226,115
3ELM-24F,MSE,diff,70,0.4792209578100666,202,103
3ELM-24F,MSE,diff,75,0.48612044817927175,170,87
3ELM-24F,MSE,diff,80,0.5025573192239858,135,69
3ELM-24F,MSE,diff,85,0.553051643192488,71,37
3ELM-24F,MSE,diff,90,0.5,17,9
3ELM-24F,MSE,diff,95,1.0,2,1
3ELM-24F,MSE,gradcam,50,0.5311806859806859,250,127
3ELM-24F,MSE,gradcam,55,0.5311806859806859,250,127
3ELM-24F,MSE,gradcam,60,0.5347622323032158,244,124
3ELM-24F,MSE,gradcam,65,0.5421862429605793,226,115
3ELM-24F,MSE,gradcam,70,0.5568556855685569,202,103
3ELM-24F,MSE,gradcam,75,0.5857773109243695,170,87
3ELM-24F,MSE,gradcam,80,0.6277248677248675,135,69
3ELM-24F,MSE,gradcam,85,0.6659624413145537,71,37
3ELM-24F,MSE,gradcam,90,0.6274509803921569,17,9
3ELM-24F,MSE,gradcam,95,0.5,2,1
3ELM-24F,MSE,gradinput,50,0.4118185703185701,250,127
3ELM-24F,MSE,gradinput,55,0.4118185703185701,250,127
3ELM-24F,MSE,gradinput,60,0.4078025344418786,244,124
3ELM-24F,MSE,gradinput,65,0.4050964767778926,226,115
3ELM-24F,MSE,gradinput,70,0.407913648507708,202,103
3ELM-24F,MSE,gradinput,75,0.41820728291316545,170,87
3ELM-24F,MSE,gradinput,80,0.4416402116402117,135,69
3ELM-24F,MSE,gradinput,85,0.5049295774647888,71,37
3ELM-24F,MSE,gradinput,90,0.44117647058823534,17,9
3ELM-24F,MSE,gradinput,95,1.0,2,1
3ELM-24F,MSE,ig,50,0.5848427572427571,250,127
3ELM-24F,MSE,ig,55,0.5848427572427571,250,127
3ELM-24F,MSE,ig,60,0.5861030021890676,244,124
3ELM-24F,MSE,ig,65,0.5856424548902424,226,115
3ELM-24F,MSE,ig,70,0.585586237195148,202,103
3ELM-24F,MSE,ig,75,0.5833963585434172,170,87
3ELM-24F,MSE,ig,80,0.5898412698412697,135,69
3ELM-24F,MSE,ig,85,0.6009389671361501,71,37
3ELM-24F,MSE,ig,90,0.47058823529411764,17,9
3ELM-24F,MSE,ig,95,0.5,2,1
3ELM-24F,MSE,shap,50,0.5349432456432455,250,127
3ELM-24F,MSE,shap,55,0.5349432456432455,250,127
3ELM-24F,MSE,shap,60,0.5365084596641972,244,124
3ELM-24F,MSE,shap,65,0.5318199376827694,226,115
3ELM-24F,MSE,shap,70,0.5383934822053632,202,103
3ELM-24F,MSE,shap,75,0.5379131652661063,170,87
3ELM-24F,MSE,shap,80,0.559664902998236,135,69
3ELM-24F,MSE,shap,85,0.555399061032864,71,37
3ELM-24F,MSE,shap,90,0.7058823529411766,17,9
3ELM-24F,MSE,shap,95,1.0,2,1
3EQM-ASD,MSE,cam,50,0.48881530537159673,906,530
3EQM-ASD,MSE,cam,55,0.48881530537159673,906,530
3EQM-ASD,MSE,cam,60,0.48881530537159673,906,530
3EQM-ASD,MSE,cam,65,0.48881530537159673,906,530
3EQM-ASD,MSE,cam,70,0.48879056047197633,904,529
3EQM-ASD,MSE,cam,75,0.4881216605014385,811,478
3EQM-ASD,MSE,cam,80,0.48781676413255354,684,407
3EQM-ASD,MSE,cam,85,0.48245614035087725,532,318
3EQM-ASD,MSE,cam,90,0.46308724832214765,298,190
3EQM-ASD,MSE,cam,95,0.45263157894736844,95,78
3EQM-ASD,MSE,diff,50,0.7132270752303871,906,530
3EQM-ASD,MSE,diff,55,0.7132270752303871,906,530
3EQM-ASD,MSE,diff,60,0.7132270752303871,906,530
3EQM-ASD,MSE,diff,65,0.7132270752303871,906,530
3EQM-ASD,MSE,diff,70,0.713207174462706,904,529
3EQM-ASD,MSE,diff,75,0.7194821208384716,811,478
3EQM-ASD,MSE,diff,80,0.7204434697855758,684,407
3EQM-ASD,MSE,diff,85,0.7185150375939858,532,318
3EQM-ASD,MSE,diff,90,0.7332214765100671,298,190
3EQM-ASD,MSE,diff,95,0.7684210526315789,95,78
3EQM-ASD,MSE,gradcam,50,0.614657135849189,906,530
3EQM-ASD,MSE,gradcam,55,0.614657135849189,906,530
3EQM-ASD,MSE,gradcam,60,0.614657135849189,906,530
3EQM-ASD,MSE,gradcam,65,0.614657135849189,906,530
3EQM-ASD,MSE,gradcam,70,0.6146649810366627,904,529
3EQM-ASD,MSE,gradcam,75,0.6204685573366215,811,478
3EQM-ASD,MSE,gradcam,80,0.6039961013645222,684,407
3EQM-ASD,MSE,gradcam,85,0.6096491228070174,532,318
3EQM-ASD,MSE,gradcam,90,0.6241610738255033,298,190
3EQM-ASD,MSE,gradcam,95,0.7684210526315789,95,78
3EQM-ASD,MSE,gradinput,50,0.46774720557833177,906,530
3EQM-ASD,MSE,gradinput,55,0.46774720557833177,906,530
3EQM-ASD,MSE,gradinput,60,0.46774720557833177,906,530
3EQM-ASD,MSE,gradinput,65,0.46774720557833177,906,530
3EQM-ASD,MSE,gradinput,70,0.46718420775389835,904,529
3EQM-ASD,MSE,gradinput,75,0.46487875051376926,811,478
3EQM-ASD,MSE,gradinput,80,0.455799220272905,684,407
3EQM-ASD,MSE,gradinput,85,0.4497180451127818,532,318
3EQM-ASD,MSE,gradinput,90,0.3926174496644295,298,190
3EQM-ASD,MSE,gradinput,95,0.35789473684210527,95,78
3EQM-ASD,MSE,ig,50,0.5570298538841582,906,530
3EQM-ASD,MSE,ig,55,0.5570298538841582,906,530
3EQM-ASD,MSE,ig,60,0.5570298538841582,906,530
3EQM-ASD,MSE,ig,65,0.5570298538841582,906,530
3EQM-ASD,MSE,ig,70,0.5578934892541083,904,529
3EQM-ASD,MSE,ig,75,0.5634401972872992,811,478
3EQM-ASD,MSE,ig,80,0.5748294346978556,684,407
3EQM-ASD,MSE,ig,85,0.5722117794486214,532,318
3EQM-ASD,MSE,ig,90,0.5654362416107382,298,190
3EQM-ASD,MSE,ig,95,0.5894736842105263,95,78
3EQM-ASD,MSE,shap,50,0.5659036756718875,906,530
3EQM-ASD,MSE,shap,55,0.5659036756718875,906,530
3EQM-ASD,MSE,shap,60,0.5659036756718875,906,530
3EQM-ASD,MSE,shap,65,0.5659036756718875,906,530
3EQM-ASD,MSE,shap,70,0.5662953013063633,904,529
3EQM-ASD,MSE,shap,75,0.5613645704891083,811,478
3EQM-ASD,MSE,shap,80,0.5630116959064327,684,407
3EQM-ASD,MSE,shap,85,0.5734649122807021,532,318
3EQM-ASD,MSE,shap,90,0.5687919463087249,298,190
3EQM-ASD,MSE,shap,95,0.5684210526315789,95,78
3EYG-MI1,MSE,cam,50,0.5857953208638145,1095,653
3EYG-MI1,MSE,cam,55,0.5925125132291093,928,559
3EYG-MI1,MSE,cam,60,0.6235705266955274,592,370
3EYG-MI1,MSE,cam,65,0.6468164905197322,401,256
3EYG-MI1,MSE,cam,70,0.6614472281449889,268,176
3EYG-MI1,MSE,cam,75,0.6394607843137255,136,84
3EYG-MI1,MSE,cam,80,0.6379518072289156,83,51
3EYG-MI1,MSE,cam,85,0.6463414634146342,41,27
3EYG-MI1,MSE,cam,90,0.6,20,14
3EYG-MI1,MSE,cam,95,0.75,4,5
3EYG-MI1,MSE,diff,50,0.624829825172289,1095,653
3EYG-MI1,MSE,diff,55,0.62731766258167,928,559
3EYG-MI1,MSE,diff,60,0.622773036835537,592,370
3EYG-MI1,MSE,diff,65,0.6321923366187706,401,256
3EYG-MI1,MSE,diff,70,0.6573916133617626,268,176
3EYG-MI1,MSE,diff,75,0.7197303921568627,136,84
3EYG-MI1,MSE,diff,80,0.7706827309236948,83,51
3EYG-MI1,MSE,diff,85,0.7804878048780488,41,27
3EYG-MI1,MSE,diff,90,0.8,20,14
3EYG-MI1,MSE,diff,95,0.75,4,5
3EYG-MI1,MSE,gradcam,50,0.626853908395003,1095,653
3EYG-MI1,MSE,gradcam,55,0.6315669603385126,928,559
3EYG-MI1,MSE,gradcam,60,0.6545700123825133,592,370
3EYG-MI1,MSE,gradcam,65,0.6806881605510035,401,256
3EYG-MI1,MSE,gradcam,70,0.7202958422174841,268,176
3EYG-MI1,MSE,gradcam,75,0.7273809523809521,136,84
3EYG-MI1,MSE,gradcam,80,0.7224899598393576,83,51
3EYG-MI1,MSE,gradcam,85,0.7390243902439024,41,27
3EYG-MI1,MSE,gradcam,90,0.8,20,14
3EYG-MI1,MSE,gradcam,95,0.75,4,5
3EYG-MI1,MSE,gradinput,50,0.5463420749722128,1095,653
3EYG-MI1,MSE,gradinput,55,0.5598855616366396,928,559
3EYG-MI1,MSE,gradinput,60,0.5813337282087279,592,370
3EYG-MI1,MSE,gradinput,65,0.6127518505323994,401,256
3EYG-MI1,MSE,gradinput,70,0.61601368159204,268,176
3EYG-MI1,MSE,gradinput,75,0.5520133053221288,136,84
3EYG-MI1,MSE,gradinput,80,0.5413654618473897,83,51
3EYG-MI1,MSE,gradinput,85,0.5703252032520325,41,27
3EYG-MI1,MSE,gradinput,90,0.575,20,14
3EYG-MI1,MSE,gradinput,95,0.25,4,5
3EYG-MI1,MSE,ig,50,0.5544318758359833,1095,653
3EYG-MI1,MSE,ig,55,0.565838283483757,928,559
3EYG-MI1,MSE,ig,60,0.5786710005460012,592,370
3EYG-MI1,MSE,ig,65,0.6012983414479677,401,256
3EYG-MI1,MSE,ig,70,0.6179282160625443,268,176
3EYG-MI1,MSE,ig,75,0.6322829131652662,136,84
3EYG-MI1,MSE,ig,80,0.6323293172690763,83,51
3EYG-MI1,MSE,ig,85,0.6516260162601626,41,27
3EYG-MI1,MSE,ig,90,0.65,20,14
3EYG-MI1,MSE,ig,95,0.25,4,5
3EYG-MI1,MSE,shap,50,0.5356031550894571,1095,653
3EYG-MI1,MSE,shap,55,0.5349236252253492,928,559
3EYG-MI1,MSE,shap,60,0.542884016321516,592,370
3EYG-MI1,MSE,shap,65,0.5561879032577284,401,256
3EYG-MI1,MSE,shap,70,0.5680214996446343,268,176
3EYG-MI1,MSE,shap,75,0.5745973389355743,136,84
3EYG-MI1,MSE,shap,80,0.6012048192771084,83,51
3EYG-MI1,MSE,shap,85,0.648780487804878,41,27
3EYG-MI1,MSE,shap,90,0.625,20,14
3EYG-MI1,MSE,shap,95,0.5,4,5
3F5P-741,MSE,cam,50,0.5055555555555556,36,18
3F5P-741,MSE,cam,55,0.51,20,10
3F5P-741,MSE,cam,60,0.5249999999999999,8,4
3F5P-741,MSE,cam,65,0.5249999999999999,8,4
3F5P-741,MSE,cam,70,0.5333333333333333,6,3
3F5P-741,MSE,cam,75,0.525,4,2
3F5P-741,MSE,cam,80,0.5,2,1
3F5P-741,MSE,cam,85,,0,0
3F5P-741,MSE,cam,90,,0,0
3F5P-741,MSE,cam,95,,0,0
3F5P-741,MSE,diff,50,0.4966808903696158,36,18
3F5P-741,MSE,diff,55,0.5372696502843562,20,10
3F5P-741,MSE,diff,60,0.6512784090909092,8,4
3F5P-741,MSE,diff,65,0.6512784090909092,8,4
3F5P-741,MSE,diff,70,0.6704545454545455,6,3
3F5P-741,MSE,diff,75,0.7125,4,2
3F5P-741,MSE,diff,80,0.875,2,1
3F5P-741,MSE,diff,85,,0,0
3F5P-741,MSE,diff,90,,0,0
3F5P-741,MSE,diff,95,,0,0
3F5P-741,MSE,gradcam,50,0.44999236647520946,36,18
3F5P-741,MSE,gradcam,55,0.5195632798573975,20,10
3F5P-741,MSE,gradcam,60,0.7529829545454546,8,4
3F5P-741,MSE,gradcam,65,0.7529829545454546,8,4
3F5P-741,MSE,gradcam,70,0.8477272727272728,6,3
3F5P-741,MSE,gradcam,75,0.8625,4,2
3F5P-741,MSE,gradcam,80,0.875,2,1
3F5P-741,MSE,gradcam,85,,0,0
3F5P-741,MSE,gradcam,90,,0,0
3F5P-741,MSE,gradcam,95,,0,0
3F5P-741,MSE,gradinput,50,0.39714270388289996,36,18
3F5P-741,MSE,gradinput,55,0.4458931224004753,20,10
3F5P-741,MSE,gradinput,60,0.5568181818181818,8,4
3F5P-741,MSE,gradinput,65,0.5568181818181818,8,4
3F5P-741,MSE,gradinput,70,0.5549242424242424,6,3
3F5P-741,MSE,gradinput,75,0.56875,4,2
3F5P-741,MSE,gradinput,80,0.6875,2,1
3F5P-741,MSE,gradinput,85,,0,0
3F5P-741,MSE,gradinput,90,,0,0
3F5P-741,MSE,gradinput,95,,0,0
3F5P-741,MSE,ig,50,0.6118822444802838,36,18
3F5P-741,MSE,ig,55,0.6272754859519567,20,10
3F5P-741,MSE,ig,60,0.696590909090909,8,4
3F5P-741,MSE,ig,65,0.696590909090909,8,4
3F5P-741,MSE,ig,70,0.7204545454545453,6,3
3F5P-741,MSE,ig,75,0.7625,4,2
3F5P-741,MSE,ig,80,0.875,2,1
3F5P-741,MSE,ig,85,,0,0
3F5P-741,MSE,ig,90,,0,0
3F5P-741,MSE,ig,95,,0,0
3F5P-741,MSE,shap,50,0.537362596553773,36,18
3F5P-741,MSE,shap,55,0.5599682221373398,20,10
3F5P-741,MSE,shap,60,0.5697443181818181,8,4
3F5P-741,MSE,shap,65,0.5697443181818181,8,4
3F5P-741,MSE,shap,70,0.5825757575757575,6,3
3F5P-741,MSE,shap,75,0.6625,4,2
3F5P-741,MSE,shap,80,0.625,2,1
3F5P-741,MSE,shap,85,,0,0
3F5P-741,MSE,shap,90,,0,0
3F5P-741,MSE,shap,95,,0,0
3F7Z-34O,MSE,cam,50,0.5,48,24
3F7Z-34O,MSE,cam,55,0.5,48,24
3F7Z-34O,MSE,cam,60,0.5,44,22
3F7Z-34O,MSE,cam,65,0.5,44,22
3F7Z-34O,MSE,cam,70,0.5,26,13
3F7Z-34O,MSE,cam,75,0.5,14,7
3F7Z-34O,MSE,cam,80,0.5,2,1
3F7Z-34O,MSE,cam,85,0.5,2,1
3F7Z-34O,MSE,cam,90,,0,0
3F7Z-34O,MSE,cam,95,,0,0
3F7Z-34O,MSE,diff,50,0.5525928932178933,48,24
3F7Z-34O,MSE,diff,55,0.5525928932178933,48,24
3F7Z-34O,MSE,diff,60,0.5494375573921029,44,22
3F7Z-34O,MSE,diff,65,0.5494375573921029,44,22
3F7Z-34O,MSE,diff,70,0.5019230769230769,26,13
3F7Z-34O,MSE,diff,75,0.5,14,7
3F7Z-34O,MSE,diff,80,0.5,2,1
3F7Z-34O,MSE,diff,85,0.5,2,1
3F7Z-34O,MSE,diff,90,,0,0
3F7Z-34O,MSE,diff,95,,0,0
3F7Z-34O,MSE,gradcam,50,0.5224995490620491,48,24
3F7Z-34O,MSE,gradcam,55,0.5224995490620491,48,24
3F7Z-34O,MSE,gradcam,60,0.5212982093663912,44,22
3F7Z-34O,MSE,gradcam,65,0.5212982093663912,44,22
3F7Z-34O,MSE,gradcam,70,0.48044871794871796,26,13
3F7Z-34O,MSE,gradcam,75,0.4880952380952381,14,7
3F7Z-34O,MSE,gradcam,80,0.5,2,1
3F7Z-34O,MSE,gradcam,85,0.5,2,1
3F7Z-34O,MSE,gradcam,90,,0,0
3F7Z-34O,MSE,gradcam,95,,0,0
3F7Z-34O,MSE,gradinput,50,0.52754329004329,48,24
3F7Z-34O,MSE,gradinput,55,0.52754329004329,48,24
3F7Z-34O,MSE,gradinput,60,0.5235537190082645,44,22
3F7Z-34O,MSE,gradinput,65,0.5235537190082645,44,22
3F7Z-34O,MSE,gradinput,70,0.5038461538461538,26,13
3F7Z-34O,MSE,gradinput,75,0.5,14,7
3F7Z-34O,MSE,gradinput,80,0.5,2,1
3F7Z-34O,MSE,gradinput,85,0.5,2,1
3F7Z-34O,MSE,gradinput,90,,0,0
3F7Z-34O,MSE,gradinput,95,,0,0
3F7Z-34O,MSE,ig,50,0.6867942821067822,48,24
3F7Z-34O,MSE,ig,55,0.6867942821067822,48,24
3F7Z-34O,MSE,ig,60,0.7059400826446282,44,22
3F7Z-34O,MSE,ig,65,0.7059400826446282,44,22
3F7Z-34O,MSE,ig,70,0.744551282051282,26,13
3F7Z-34O,MSE,ig,75,0.869047619047619,14,7
3F7Z-34O,MSE,ig,80,1.0,2,1
3F7Z-34O,MSE,ig,85,1.0,2,1
3F7Z-34O,MSE,ig,90,,0,0
3F7Z-34O,MSE,ig,95,,0,0
3F7Z-34O,MSE,shap,50,0.5247249278499279,48,24
3F7Z-34O,MSE,shap,55,0.5247249278499279,48,24
3F7Z-34O,MSE,shap,60,0.5287764003673096,44,22
3F7Z-34O,MSE,shap,65,0.5287764003673096,44,22
3F7Z-34O,MSE,shap,70,0.5493589743589744,26,13
3F7Z-34O,MSE,shap,75,0.5357142857142857,14,7
3F7Z-34O,MSE,shap,80,0.3333333333333333,2,1
3F7Z-34O,MSE,shap,85,0.3333333333333333,2,1
3F7Z-34O,MSE,shap,90,,0,0
3F7Z-34O,MSE,shap,95,,0,0
3FH5-24P,MSE,cam,50,0.49366125188600835,614,323
3FH5-24P,MSE,cam,55,0.4930907716622009,588,310
3FH5-24P,MSE,cam,60,0.48788143828960173,490,261
3FH5-24P,MSE,cam,65,0.48493725076237393,406,219
3FH5-24P,MSE,cam,70,0.4791318574213313,342,187
3FH5-24P,MSE,cam,75,0.4804526748971195,324,178
3FH5-24P,MSE,cam,80,0.46852646638054357,233,132
3FH5-24P,MSE,cam,85,0.46228710462287104,137,80
3FH5-24P,MSE,cam,90,0.4583333333333333,84,52
3FH5-24P,MSE,cam,95,0.4,15,15
3FH5-24P,MSE,diff,50,0.6860413202432754,614,323
3FH5-24P,MSE,diff,55,0.6884778298043613,588,310
3FH5-24P,MSE,diff,60,0.7152478134110799,490,261
3FH5-24P,MSE,diff,65,0.7298452505349063,406,219
3FH5-24P,MSE,diff,70,0.7433027011974384,342,187
3FH5-24P,MSE,diff,75,0.7473765432098768,324,178
3FH5-24P,MSE,diff,80,0.7746065808297569,233,132
3FH5-24P,MSE,diff,85,0.8041362530413626,137,80
3FH5-24P,MSE,diff,90,0.8452380952380952,84,52
3FH5-24P,MSE,diff,95,0.8666666666666667,15,15
3FH5-24P,MSE,gradcam,50,0.6339599732515042,614,323
3FH5-24P,MSE,gradcam,55,0.635774840239126,588,310
3FH5-24P,MSE,gradcam,60,0.6571469800041234,490,261
3FH5-24P,MSE,gradcam,65,0.6684528252262245,406,219
3FH5-24P,MSE,gradcam,70,0.6724763297131722,342,187
3FH5-24P,MSE,gradcam,75,0.6744341563786013,324,178
3FH5-24P,MSE,gradcam,80,0.6953505007153077,233,132
3FH5-24P,MSE,gradcam,85,0.667883211678832,137,80
3FH5-24P,MSE,gradcam,90,0.7202380952380952,84,52
3FH5-24P,MSE,gradcam,95,0.7333333333333333,15,15
3FH5-24P,MSE,gradinput,50,0.5219403379826835,614,323
3FH5-24P,MSE,gradinput,55,0.5222410573175883,588,310
3FH5-24P,MSE,gradinput,60,0.5253218040462939,490,261
3FH5-24P,MSE,gradinput,65,0.5170551397152384,406,219
3FH5-24P,MSE,gradinput,70,0.5131996658312452,342,187
3FH5-24P,MSE,gradinput,75,0.5153292181069962,324,178
3FH5-24P,MSE,gradinput,80,0.5012875536480685,233,132
3FH5-24P,MSE,gradinput,85,0.5158150851581508,137,80
3FH5-24P,MSE,gradinput,90,0.5178571428571429,84,52
3FH5-24P,MSE,gradinput,95,0.2,15,15
3FH5-24P,MSE,ig,50,0.6339633764715193,614,323
3FH5-24P,MSE,ig,55,0.6362960876991489,588,310
3FH5-24P,MSE,ig,60,0.6493317283623408,490,261
3FH5-24P,MSE,ig,65,0.6624998222904628,406,219
3FH5-24P,MSE,ig,70,0.6803467000835424,342,187
3FH5-24P,MSE,ig,75,0.6815843621399177,324,178
3FH5-24P,MSE,ig,80,0.6736766809728183,233,132
3FH5-24P,MSE,ig,85,0.6897810218978103,137,80
3FH5-24P,MSE,ig,90,0.7083333333333334,84,52
3FH5-24P,MSE,ig,95,0.4,15,15
3FH5-24P,MSE,shap,50,0.5418976607901689,614,323
3FH5-24P,MSE,shap,55,0.544318181818182,588,310
3FH5-24P,MSE,shap,60,0.5470833701445948,490,261
3FH5-24P,MSE,shap,65,0.5509656736257723,406,219
3FH5-24P,MSE,shap,70,0.5536271233639657,342,187
3FH5-24P,MSE,shap,75,0.5570473251028808,324,178
3FH5-24P,MSE,shap,80,0.5527181688125893,233,132
3FH5-24P,MSE,shap,85,0.5437956204379562,137,80
3FH5-24P,MSE,shap,90,0.5357142857142857,84,52
3FH5-24P,MSE,shap,95,0.4666666666666667,15,15
3FPM-793,MSE,cam,50,0.5517241379310345,29,16
3FPM-793,MSE,cam,55,0.5517241379310345,29,16
3FPM-793,MSE,cam,60,0.5789473684210527,19,11
3FPM-793,MSE,cam,65,0.5882352941176471,17,10
3FPM-793,MSE,cam,70,0.5882352941176471,17,10
3FPM-793,MSE,cam,75,0.5882352941176471,17,10
3FPM-793,MSE,cam,80,0.5882352941176471,17,10
3FPM-793,MSE,cam,85,0.6,10,6
3FPM-793,MSE,cam,90,0.6,10,6
3FPM-793,MSE,cam,95,0.6,10,6
3FPM-793,MSE,diff,50,0.7032588101553618,29,16
3FPM-793,MSE,diff,55,0.7032588101553618,29,16
3FPM-793,MSE,diff,60,0.7842105263157895,19,11
3FPM-793,MSE,diff,65,0.8117647058823529,17,10
3FPM-793,MSE,diff,70,0.8117647058823529,17,10
3FPM-793,MSE,diff,75,0.8117647058823529,17,10
3FPM-793,MSE,diff,80,0.8117647058823529,17,10
3FPM-793,MSE,diff,85,0.8,10,6
3FPM-793,MSE,diff,90,0.8,10,6
3FPM-793,MSE,diff,95,0.8,10,6
3FPM-793,MSE,gradcam,50,0.6461538461538461,29,16
3FPM-793,MSE,gradcam,55,0.6461538461538461,29,16
3FPM-793,MSE,gradcam,60,0.6947368421052631,19,11
3FPM-793,MSE,gradcam,65,0.7411764705882353,17,10
3FPM-793,MSE,gradcam,70,0.7411764705882353,17,10
3FPM-793,MSE,gradcam,75,0.7411764705882353,17,10
3FPM-793,MSE,gradcam,80,0.7411764705882353,17,10
3FPM-793,MSE,gradcam,85,0.8,10,6
3FPM-793,MSE,gradcam,90,0.8,10,6
3FPM-793,MSE,gradcam,95,0.8,10,6
3FPM-793,MSE,gradinput,50,0.6525577870405457,29,16
3FPM-793,MSE,gradinput,55,0.6525577870405457,29,16
3FPM-793,MSE,gradinput,60,0.7157894736842105,19,11
3FPM-793,MSE,gradinput,65,0.7647058823529411,17,10
3FPM-793,MSE,gradinput,70,0.7647058823529411,17,10
3FPM-793,MSE,gradinput,75,0.7647058823529411,17,10
3FPM-793,MSE,gradinput,80,0.7647058823529411,17,10
3FPM-793,MSE,gradinput,85,0.8,10,6
3FPM-793,MSE,gradinput,90,0.8,10,6
3FPM-793,MSE,gradinput,95,0.8,10,6
3FPM-793,MSE,ig,50,0.6830870279146142,29,16
3FPM-793,MSE,ig,55,0.6830870279146142,29,16
3FPM-793,MSE,ig,60,0.7807017543859649,19,11
3FPM-793,MSE,ig,65,0.788235294117647,17,10
3FPM-793,MSE,ig,70,0.788235294117647,17,10
3FPM-793,MSE,ig,75,0.788235294117647,17,10
3FPM-793,MSE,ig,80,0.788235294117647,17,10
3FPM-793,MSE,ig,85,0.8,10,6
3FPM-793,MSE,ig,90,0.8,10,6
3FPM-793,MSE,ig,95,0.8,10,6
3FPM-793,MSE,shap,50,0.5684264011850219,29,16
3FPM-793,MSE,shap,55,0.5684264011850219,29,16
3FPM-793,MSE,shap,60,0.6587719298245612,19,11
3FPM-793,MSE,shap,65,0.6852941176470587,17,10
3FPM-793,MSE,shap,70,0.6852941176470587,17,10
3FPM-793,MSE,shap,75,0.6852941176470587,17,10
3FPM-793,MSE,shap,80,0.6852941176470587,17,10
3FPM-793,MSE,shap,85,0.8,10,6
3FPM-793,MSE,shap,90,0.8,10,6
3FPM-793,MSE,shap,95,0.8,10,6
3FYJ-B97,MSE,cam,50,0.4768244575936884,169,89
3FYJ-B97,MSE,cam,55,0.4696382428940568,129,69
3FYJ-B97,MSE,cam,60,0.45164609053497934,81,45
3FYJ-B97,MSE,cam,65,0.4261006289308177,53,31
3FYJ-B97,MSE,cam,70,0.39414414414414417,37,23
3FYJ-B97,MSE,cam,75,0.41944444444444445,30,18
3FYJ-B97,MSE,cam,80,0.4290123456790123,27,16
3FYJ-B97,MSE,cam,85,0.40579710144927533,23,14
3FYJ-B97,MSE,cam,90,0.2857142857142857,7,5
3FYJ-B97,MSE,cam,95,,0,0
3FYJ-B97,MSE,diff,50,0.677645168769429,169,89
3FYJ-B97,MSE,diff,55,0.6552095621863063,129,69
3FYJ-B97,MSE,diff,60,0.6608982238611868,81,45
3FYJ-B97,MSE,diff,65,0.6929320155735252,53,31
3FYJ-B97,MSE,diff,70,0.749710424710425,37,23
3FYJ-B97,MSE,diff,75,0.7744444444444446,30,18
3FYJ-B97,MSE,diff,80,0.814814814814815,27,16
3FYJ-B97,MSE,diff,85,0.8260869565217392,23,14
3FYJ-B97,MSE,diff,90,0.8571428571428571,7,5
3FYJ-B97,MSE,diff,95,,0,0
3FYJ-B97,MSE,gradcam,50,0.5964328242434755,169,89
3FYJ-B97,MSE,gradcam,55,0.5746548886083768,129,69
3FYJ-B97,MSE,gradcam,60,0.5483503464984946,81,45
3FYJ-B97,MSE,gradcam,65,0.5322701407607069,53,31
3FYJ-B97,MSE,gradcam,70,0.543951093951094,37,23
3FYJ-B97,MSE,gradcam,75,0.6077777777777779,30,18
3FYJ-B97,MSE,gradcam,80,0.6234567901234566,27,16
3FYJ-B97,MSE,gradcam,85,0.6014492753623187,23,14
3FYJ-B97,MSE,gradcam,90,0.35714285714285715,7,5
3FYJ-B97,MSE,gradcam,95,,0,0
3FYJ-B97,MSE,gradinput,50,0.5592966041190895,169,89
3FYJ-B97,MSE,gradinput,55,0.5260035614686772,129,69
3FYJ-B97,MSE,gradinput,60,0.4768500703685889,81,45
3FYJ-B97,MSE,gradinput,65,0.4161350703803534,53,31
3FYJ-B97,MSE,gradinput,70,0.4459781209781209,37,23
3FYJ-B97,MSE,gradinput,75,0.48277777777777775,30,18
3FYJ-B97,MSE,gradinput,80,0.48456790123456783,27,16
3FYJ-B97,MSE,gradinput,85,0.4710144927536231,23,14
3FYJ-B97,MSE,gradinput,90,0.5,7,5
3FYJ-B97,MSE,gradinput,95,,0,0
3FYJ-B97,MSE,ig,50,0.6777042155740377,169,89
3FYJ-B97,MSE,ig,55,0.6552869180776153,129,69
3FYJ-B97,MSE,ig,60,0.660730764434468,81,45
3FYJ-B97,MSE,ig,65,0.6758909853249476,53,31
3FYJ-B97,MSE,ig,70,0.7486808236808238,37,23
3FYJ-B97,MSE,ig,75,0.7811111111111111,30,18
3FYJ-B97,MSE,ig,80,0.8148148148148148,27,16
3FYJ-B97,MSE,ig,85,0.8260869565217391,23,14
3FYJ-B97,MSE,ig,90,0.8571428571428571,7,5
3FYJ-B97,MSE,ig,95,,0,0
3FYJ-B97,MSE,shap,50,0.5148523823123545,169,89
3FYJ-B97,MSE,shap,55,0.5202766656255027,129,69
3FYJ-B97,MSE,shap,60,0.5093777278962466,81,45
3FYJ-B97,MSE,shap,65,0.5132824198861935,53,31
3FYJ-B97,MSE,shap,70,0.5471685971685971,37,23
3FYJ-B97,MSE,shap,75,0.5744444444444443,30,18
3FYJ-B97,MSE,shap,80,0.5925925925925926,27,16
3FYJ-B97,MSE,shap,85,0.608695652173913,23,14
3FYJ-B97,MSE,shap,90,0.5714285714285714,7,5
3FYJ-B97,MSE,shap,95,,0,0
3G0B-T22,MSE,cam,50,0.49835164835164836,364,184
3G0B-T22,MSE,cam,55,0.4983425414364641,362,183
3G0B-T22,MSE,cam,60,0.49826589595375725,346,175
3G0B-T22,MSE,cam,65,0.49741935483870975,310,157
3G0B-T22,MSE,cam,70,0.4970149253731344,268,136
3G0B-T22,MSE,cam,75,0.4957446808510638,188,96
3G0B-T22,MSE,cam,80,0.4935483870967742,124,64
3G0B-T22,MSE,cam,85,0.47674418604651164,86,45
3G0B-T22,MSE,cam,90,0.47368421052631576,38,20
3G0B-T22,MSE,cam,95,0.4444444444444444,9,5
3G0B-T22,MSE,diff,50,0.6196093474596219,364,184
3G0B-T22,MSE,diff,55,0.6198508750304328,362,183
3G0B-T22,MSE,diff,60,0.6213648666683345,346,175
3G0B-T22,MSE,diff,65,0.6150413117348594,310,157
3G0B-T22,MSE,diff,70,0.6131974058280024,268,136
3G0B-T22,MSE,diff,75,0.621555217831814,188,96
3G0B-T22,MSE,diff,80,0.6494623655913979,124,64
3G0B-T22,MSE,diff,85,0.6831395348837208,86,45
3G0B-T22,MSE,diff,90,0.6842105263157895,38,20
3G0B-T22,MSE,diff,95,0.8888888888888888,9,5
3G0B-T22,MSE,gradcam,50,0.5803496831312763,364,184
3G0B-T22,MSE,gradcam,55,0.5808675977184262,362,183
3G0B-T22,MSE,gradcam,60,0.5823759894569143,346,175
3G0B-T22,MSE,gradcam,65,0.5878604012474985,310,157
3G0B-T22,MSE,gradcam,70,0.5919494787964942,268,136
3G0B-T22,MSE,gradcam,75,0.6183004052684905,188,96
3G0B-T22,MSE,gradcam,80,0.6798387096774193,124,64
3G0B-T22,MSE,gradcam,85,0.7151162790697675,86,45
3G0B-T22,MSE,gradcam,90,0.618421052631579,38,20
3G0B-T22,MSE,gradcam,95,0.5555555555555556,9,5
3G0B-T22,MSE,gradinput,50,0.5769218571416359,364,184
3G0B-T22,MSE,gradinput,55,0.57788946014084,362,183
3G0B-T22,MSE,gradinput,60,0.5797524168188896,346,175
3G0B-T22,MSE,gradinput,65,0.5886215845086805,310,157
3G0B-T22,MSE,gradinput,70,0.59996298270552,268,136
3G0B-T22,MSE,gradinput,75,0.6245314083080045,188,96
3G0B-T22,MSE,gradinput,80,0.6822580645161292,124,64
3G0B-T22,MSE,gradinput,85,0.7034883720930232,86,45
3G0B-T22,MSE,gradinput,90,0.618421052631579,38,20
3G0B-T22,MSE,gradinput,95,0.5555555555555556,9,5
3G0B-T22,MSE,ig,50,0.6411718356429911,364,184
3G0B-T22,MSE,ig,55,0.6418777968501741,362,183
3G0B-T22,MSE,ig,60,0.6438307517787302,346,175
3G0B-T22,MSE,ig,65,0.6550861146022443,310,157
3G0B-T22,MSE,ig,70,0.6636608623548923,268,136
3G0B-T22,MSE,ig,75,0.6889184397163118,188,96
3G0B-T22,MSE,ig,80,0.666263440860215,124,64
3G0B-T22,MSE,ig,85,0.6656976744186046,86,45
3G0B-T22,MSE,ig,90,0.6842105263157895,38,20
3G0B-T22,MSE,ig,95,0.5555555555555556,9,5
3G0B-T22,MSE,shap,50,0.536143301905665,364,184
3G0B-T22,MSE,shap,55,0.5360716784749938,362,183
3G0B-T22,MSE,shap,60,0.5361411388868039,346,175
3G0B-T22,MSE,shap,65,0.5391428105944239,310,157
3G0B-T22,MSE,shap,70,0.5455860578062072,268,136
3G0B-T22,MSE,shap,75,0.5512411347517732,188,96
3G0B-T22,MSE,shap,80,0.5455645161290321,124,64
3G0B-T22,MSE,shap,85,0.5920542635658915,86,45
3G0B-T22,MSE,shap,90,0.6052631578947368,38,20
3G0B-T22,MSE,shap,95,0.5555555555555556,9,5
3G3E-G3E,MSE,cam,50,0.48,25,13
3G3E-G3E,MSE,cam,55,0.48,25,13
3G3E-G3E,MSE,cam,60,0.48,25,13
3G3E-G3E,MSE,cam,65,0.48,25,13
3G3E-G3E,MSE,cam,70,0.48,25,13
3G3E-G3E,MSE,cam,75,0.48,25,13
3G3E-G3E,MSE,cam,80,0.47368421052631576,19,10
3G3E-G3E,MSE,cam,85,0.45454545454545453,11,6
3G3E-G3E,MSE,cam,90,0.42857142857142855,7,4
3G3E-G3E,MSE,cam,95,,0,0
3G3E-G3E,MSE,diff,50,0.7466666666666666,25,13
3G3E-G3E,MSE,diff,55,0.7466666666666666,25,13
3G3E-G3E,MSE,diff,60,0.7466666666666666,25,13
3G3E-G3E,MSE,diff,65,0.7466666666666666,25,13
3G3E-G3E,MSE,diff,70,0.7466666666666666,25,13
3G3E-G3E,MSE,diff,75,0.7466666666666666,25,13
3G3E-G3E,MSE,diff,80,0.7368421052631579,19,10
3G3E-G3E,MSE,diff,85,0.6818181818181818,11,6
3G3E-G3E,MSE,diff,90,0.7142857142857143,7,4
3G3E-G3E,MSE,diff,95,,0,0
3G3E-G3E,MSE,gradcam,50,0.4133333333333333,25,13
3G3E-G3E,MSE,gradcam,55,0.4133333333333333,25,13
3G3E-G3E,MSE,gradcam,60,0.4133333333333333,25,13
3G3E-G3E,MSE,gradcam,65,0.4133333333333333,25,13
3G3E-G3E,MSE,gradcam,70,0.4133333333333333,25,13
3G3E-G3E,MSE,gradcam,75,0.4133333333333333,25,13
3G3E-G3E,MSE,gradcam,80,0.3684210526315789,19,10
3G3E-G3E,MSE,gradcam,85,0.36363636363636365,11,6
3G3E-G3E,MSE,gradcam,90,0.42857142857142855,7,4
3G3E-G3E,MSE,gradcam,95,,0,0
3G3E-G3E,MSE,gradinput,50,0.5466666666666667,25,13
3G3E-G3E,MSE,gradinput,55,0.5466666666666667,25,13
3G3E-G3E,MSE,gradinput,60,0.5466666666666667,25,13
3G3E-G3E,MSE,gradinput,65,0.5466666666666667,25,13
3G3E-G3E,MSE,gradinput,70,0.5466666666666667,25,13
3G3E-G3E,MSE,gradinput,75,0.5466666666666667,25,13
3G3E-G3E,MSE,gradinput,80,0.5789473684210527,19,10
3G3E-G3E,MSE,gradinput,85,0.6818181818181818,11,6
3G3E-G3E,MSE,gradinput,90,0.8571428571428571,7,4
3G3E-G3E,MSE,gradinput,95,,0,0
3G3E-G3E,MSE,ig,50,0.5933333333333333,25,13
3G3E-G3E,MSE,ig,55,0.5933333333333333,25,13
3G3E-G3E,MSE,ig,60,0.5933333333333333,25,13
3G3E-G3E,MSE,ig,65,0.5933333333333333,25,13
3G3E-G3E,MSE,ig,70,0.5933333333333333,25,13
3G3E-G3E,MSE,ig,75,0.5933333333333333,25,13
3G3E-G3E,MSE,ig,80,0.5526315789473685,19,10
3G3E-G3E,MSE,ig,85,0.4090909090909091,11,6
3G3E-G3E,MSE,ig,90,0.5714285714285714,7,4
3G3E-G3E,MSE,ig,95,,0,0
3G3E-G3E,MSE,shap,50,0.7533333333333333,25,13
3G3E-G3E,MSE,shap,55,0.7533333333333333,25,13
3G3E-G3E,MSE,shap,60,0.7533333333333333,25,13
3G3E-G3E,MSE,shap,65,0.7533333333333333,25,13
3G3E-G3E,MSE,shap,70,0.7533333333333333,25,13
3G3E-G3E,MSE,shap,75,0.7533333333333333,25,13
3G3E-G3E,MSE,shap,80,0.7631578947368421,19,10
3G3E-G3E,MSE,shap,85,0.7727272727272727,11,6
3G3E-G3E,MSE,shap,90,0.7142857142857143,7,4
3G3E-G3E,MSE,shap,95,,0,0
3G6Z-A7T,MSE,cam,50,0.5762803494550067,351,185
3G6Z-A7T,MSE,cam,55,0.5800658576162266,325,172
3G6Z-A7T,MSE,cam,60,0.5922308544480488,273,146
3G6Z-A7T,MSE,cam,65,0.6113050725041674,221,120
3G6Z-A7T,MSE,cam,70,0.6687330346421255,143,81
3G6Z-A7T,MSE,cam,75,0.6968142708796914,107,63
3G6Z-A7T,MSE,cam,80,0.7128195488721802,95,57
3G6Z-A7T,MSE,cam,85,0.7333333333333333,82,50
3G6Z-A7T,MSE,cam,90,0.7384615384615385,65,39
3G6Z-A7T,MSE,cam,95,0.65625,16,11
3G6Z-A7T,MSE,diff,50,0.565386691267509,351,185
3G6Z-A7T,MSE,diff,55,0.5733359903307516,325,172
3G6Z-A7T,MSE,diff,60,0.5949249262193673,273,146
3G6Z-A7T,MSE,diff,65,0.6173026633999487,221,120
3G6Z-A7T,MSE,diff,70,0.6549472089681879,143,81
3G6Z-A7T,MSE,diff,75,0.6137850467289719,107,63
3G6Z-A7T,MSE,diff,80,0.6284085213032582,95,57
3G6Z-A7T,MSE,diff,85,0.6643728222996516,82,50
3G6Z-A7T,MSE,diff,90,0.6961538461538459,65,39
3G6Z-A7T,MSE,diff,95,0.71875,16,11
3G6Z-A7T,MSE,gradcam,50,0.5952179642165645,351,185
3G6Z-A7T,MSE,gradcam,55,0.6038393442708758,325,172
3G6Z-A7T,MSE,gradcam,60,0.6250762073402669,273,146
3G6Z-A7T,MSE,gradcam,65,0.6480126271415866,221,120
3G6Z-A7T,MSE,gradcam,70,0.6702844164382625,143,81
3G6Z-A7T,MSE,gradcam,75,0.6547322355733568,107,63
3G6Z-A7T,MSE,gradcam,80,0.648955722639933,95,57
3G6Z-A7T,MSE,gradcam,85,0.6715737514518002,82,50
3G6Z-A7T,MSE,gradcam,90,0.6884615384615385,65,39
3G6Z-A7T,MSE,gradcam,95,0.625,16,11
3G6Z-A7T,MSE,gradinput,50,0.5737146899257906,351,185
3G6Z-A7T,MSE,gradinput,55,0.5801107189230553,325,172
3G6Z-A7T,MSE,gradinput,60,0.5920227684044749,273,146
3G6Z-A7T,MSE,gradinput,65,0.6000845748017695,221,120
3G6Z-A7T,MSE,gradinput,70,0.5900135218317035,143,81
3G6Z-A7T,MSE,gradinput,75,0.5765734784426372,107,63
3G6Z-A7T,MSE,gradinput,80,0.5837719298245614,95,57
3G6Z-A7T,MSE,gradinput,85,0.599012775842044,82,50
3G6Z-A7T,MSE,gradinput,90,0.6256410256410256,65,39
3G6Z-A7T,MSE,gradinput,95,0.8125,16,11
3G6Z-A7T,MSE,ig,50,0.4709772347327243,351,185
3G6Z-A7T,MSE,ig,55,0.4743350864953632,325,172
3G6Z-A7T,MSE,ig,60,0.4773811966362067,273,146
3G6Z-A7T,MSE,ig,65,0.47208759063962735,221,120
3G6Z-A7T,MSE,ig,70,0.4285423589619394,143,81
3G6Z-A7T,MSE,ig,75,0.3690381788512631,107,63
3G6Z-A7T,MSE,ig,80,0.3525689223057644,95,57
3G6Z-A7T,MSE,ig,85,0.35389082462253196,82,50
3G6Z-A7T,MSE,ig,90,0.358974358974359,65,39
3G6Z-A7T,MSE,ig,95,0.59375,16,11
3G6Z-A7T,MSE,shap,50,0.5182203495434702,351,185
3G6Z-A7T,MSE,shap,55,0.5245492608130139,325,172
3G6Z-A7T,MSE,shap,60,0.5290363910192611,273,146
3G6Z-A7T,MSE,shap,65,0.5290074807043134,221,120
3G6Z-A7T,MSE,shap,70,0.5414983423724684,143,81
3G6Z-A7T,MSE,shap,75,0.5489032514733447,107,63
3G6Z-A7T,MSE,shap,80,0.562360066833751,95,57
3G6Z-A7T,MSE,shap,85,0.5700638792102206,82,50
3G6Z-A7T,MSE,shap,90,0.582051282051282,65,39
3G6Z-A7T,MSE,shap,95,0.5625,16,11
3GW5-72X,MSE,cam,50,0.5022321428571429,448,227
3GW5-72X,MSE,cam,55,0.5022421524663677,446,226
3GW5-72X,MSE,cam,60,0.5023041474654378,434,220
3GW5-72X,MSE,cam,65,0.5024390243902439,410,208
3GW5-72X,MSE,cam,70,0.5025380710659898,394,200
3GW5-72X,MSE,cam,75,0.5032258064516129,310,158
3GW5-72X,MSE,cam,80,0.5052631578947369,190,98
3GW5-72X,MSE,cam,85,0.5245901639344263,61,33
3GW5-72X,MSE,cam,90,0.5365853658536586,41,23
3GW5-72X,MSE,cam,95,0.5454545454545454,11,7
3GW5-72X,MSE,diff,50,0.6524950727304321,448,227
3GW5-72X,MSE,diff,55,0.6528931426072677,446,226
3GW5-72X,MSE,diff,60,0.6509594348304022,434,220
3GW5-72X,MSE,diff,65,0.6483946405897623,410,208
3GW5-72X,MSE,diff,70,0.6450339141963508,394,200
3GW5-72X,MSE,diff,75,0.6664426523297494,310,158
3GW5-72X,MSE,diff,80,0.6886842105263159,190,98
3GW5-72X,MSE,diff,85,0.7183060109289617,61,33
3GW5-72X,MSE,diff,90,0.7317073170731707,41,23
3GW5-72X,MSE,diff,95,0.7272727272727273,11,7
3GW5-72X,MSE,gradcam,50,0.5970005331678124,448,227
3GW5-72X,MSE,gradcam,55,0.5975234406848755,446,226
3GW5-72X,MSE,gradcam,60,0.5962908635143656,434,220
3GW5-72X,MSE,gradcam,65,0.5927700551481038,410,208
3GW5-72X,MSE,gradcam,70,0.5877755070648469,394,200
3GW5-72X,MSE,gradcam,75,0.5961418330773167,310,158
3GW5-72X,MSE,gradcam,80,0.5965538847117796,190,98
3GW5-72X,MSE,gradcam,85,0.6524590163934427,61,33
3GW5-72X,MSE,gradcam,90,0.7073170731707317,41,23
3GW5-72X,MSE,gradcam,95,0.8181818181818182,11,7
3GW5-72X,MSE,gradinput,50,0.45668917570670425,448,227
3GW5-72X,MSE,gradinput,55,0.4565902116070274,446,226
3GW5-72X,MSE,gradinput,60,0.4565092038018301,434,220
3GW5-72X,MSE,gradinput,65,0.4574612041075452,410,208
3GW5-72X,MSE,gradinput,70,0.45823673647277663,394,200
3GW5-72X,MSE,gradinput,75,0.46446236559139764,310,158
3GW5-72X,MSE,gradinput,80,0.4603884711779448,190,98
3GW5-72X,MSE,gradinput,85,0.46775956284153,61,33
3GW5-72X,MSE,gradinput,90,0.467479674796748,41,23
3GW5-72X,MSE,gradinput,95,0.5454545454545454,11,7
3GW5-72X,MSE,ig,50,0.5952115064411548,448,227
3GW5-72X,MSE,ig,55,0.5950669348090876,446,226
3GW5-72X,MSE,ig,60,0.5951677035202385,434,220
3GW5-72X,MSE,ig,65,0.5944606274484326,410,208
3GW5-72X,MSE,ig,70,0.5927702514631453,394,200
3GW5-72X,MSE,ig,75,0.6001395289298516,310,158
3GW5-72X,MSE,ig,80,0.6124561403508768,190,98
3GW5-72X,MSE,ig,85,0.619672131147541,61,33
3GW5-72X,MSE,ig,90,0.6422764227642276,41,23
3GW5-72X,MSE,ig,95,0.6363636363636364,11,7
3GW5-72X,MSE,shap,50,0.5214648692737588,448,227
3GW5-72X,MSE,shap,55,0.5209895952328691,446,226
3GW5-72X,MSE,shap,60,0.5199326786884394,434,220
3GW5-72X,MSE,shap,65,0.5191778546656598,410,208
3GW5-72X,MSE,shap,70,0.5181683587140442,394,200
3GW5-72X,MSE,shap,75,0.5237403993855607,310,158
3GW5-72X,MSE,shap,80,0.525501253132832,190,98
3GW5-72X,MSE,shap,85,0.4765027322404372,61,33
3GW5-72X,MSE,shap,90,0.5040650406504065,41,23
3GW5-72X,MSE,shap,95,0.45454545454545453,11,7
3HPT-YET,MSE,cam,50,0.49116161616161624,132,71
3HPT-YET,MSE,cam,55,0.4908854166666667,128,69
3HPT-YET,MSE,cam,60,0.4908854166666667,128,69
3HPT-YET,MSE,cam,65,0.4908854166666667,128,69
3HPT-YET,MSE,cam,70,0.48919753086419754,108,59
3HPT-YET,MSE,cam,75,0.485042735042735,78,44
3HPT-YET,MSE,cam,80,0.4765625,64,37
3HPT-YET,MSE,cam,85,0.4732142857142857,56,33
3HPT-YET,MSE,cam,90,0.4787234042553192,47,28
3HPT-YET,MSE,cam,95,0.41935483870967744,31,19
3HPT-YET,MSE,diff,50,0.5252963366599727,132,71
3HPT-YET,MSE,diff,55,0.5241337221805968,128,69
3HPT-YET,MSE,diff,60,0.5241337221805968,128,69
3HPT-YET,MSE,diff,65,0.5241337221805968,128,69
3HPT-YET,MSE,diff,70,0.5294238683127569,108,59
3HPT-YET,MSE,diff,75,0.5462250712250712,78,44
3HPT-YET,MSE,diff,80,0.5436755952380953,64,37
3HPT-YET,MSE,diff,85,0.5839285714285715,56,33
3HPT-YET,MSE,diff,90,0.6382978723404256,47,28
3HPT-YET,MSE,diff,95,0.5806451612903226,31,19
3HPT-YET,MSE,gradcam,50,0.5907685012798648,132,71
3HPT-YET,MSE,gradcam,55,0.5911636106948607,128,69
3HPT-YET,MSE,gradcam,60,0.5911636106948607,128,69
3HPT-YET,MSE,gradcam,65,0.5911636106948607,128,69
3HPT-YET,MSE,gradcam,70,0.621017048794827,108,59
3HPT-YET,MSE,gradcam,75,0.7178113553113554,78,44
3HPT-YET,MSE,gradcam,80,0.7942708333333334,64,37
3HPT-YET,MSE,gradcam,85,0.8363095238095238,56,33
3HPT-YET,MSE,gradcam,90,0.8404255319148937,47,28
3HPT-YET,MSE,gradcam,95,0.8709677419354839,31,19
3HPT-YET,MSE,gradinput,50,0.6343656238542607,132,71
3HPT-YET,MSE,gradinput,55,0.6351465808497061,128,69
3HPT-YET,MSE,gradinput,60,0.6351465808497061,128,69
3HPT-YET,MSE,gradinput,65,0.6351465808497061,128,69
3HPT-YET,MSE,gradinput,70,0.6630805408583185,108,59
3HPT-YET,MSE,gradinput,75,0.7159747659747661,78,44
3HPT-YET,MSE,gradinput,80,0.7744047619047619,64,37
3HPT-YET,MSE,gradinput,85,0.7821428571428571,56,33
3HPT-YET,MSE,gradinput,90,0.7978723404255319,47,28
3HPT-YET,MSE,gradinput,95,0.8064516129032258,31,19
3HPT-YET,MSE,ig,50,0.5320335283403468,132,71
3HPT-YET,MSE,ig,55,0.5335228573509825,128,69
3HPT-YET,MSE,ig,60,0.5335228573509825,128,69
3HPT-YET,MSE,ig,65,0.5335228573509825,128,69
3HPT-YET,MSE,ig,70,0.522773368606702,108,59
3HPT-YET,MSE,ig,75,0.48089133089133096,78,44
3HPT-YET,MSE,ig,80,0.4361607142857143,64,37
3HPT-YET,MSE,ig,85,0.45595238095238094,56,33
3HPT-YET,MSE,ig,90,0.4787234042553192,47,28
3HPT-YET,MSE,ig,95,0.45161290322580644,31,19
3HPT-YET,MSE,shap,50,0.48216073699028256,132,71
3HPT-YET,MSE,shap,55,0.4830681037712289,128,69
3HPT-YET,MSE,shap,60,0.4830681037712289,128,69
3HPT-YET,MSE,shap,65,0.4830681037712289,128,69
3HPT-YET,MSE,shap,70,0.48534151034151046,108,59
3HPT-YET,MSE,shap,75,0.4878459503459502,78,44
3HPT-YET,MSE,shap,80,0.48214285714285704,64,37
3HPT-YET,MSE,shap,85,0.4851190476190476,56,33
3HPT-YET,MSE,shap,90,0.5283687943262412,47,28
3HPT-YET,MSE,shap,95,0.5483870967741935,31,19
3I7G-732,MSE,cam,50,0.5,138,69
3I7G-732,MSE,cam,55,0.5,138,69
3I7G-732,MSE,cam,60,0.5,124,62
3I7G-732,MSE,cam,65,0.5,108,54
3I7G-732,MSE,cam,70,0.5,50,25
3I7G-732,MSE,cam,75,0.5,44,22
3I7G-732,MSE,cam,80,0.5,26,13
3I7G-732,MSE,cam,85,0.5,18,9
3I7G-732,MSE,cam,90,0.5,6,3
3I7G-732,MSE,cam,95,,0,0
3I7G-732,MSE,diff,50,0.5968823447084319,138,69
3I7G-732,MSE,diff,55,0.5968823447084319,138,69
3I7G-732,MSE,diff,60,0.6087615341647603,124,62
3I7G-732,MSE,diff,65,0.61998186998187,108,54
3I7G-732,MSE,diff,70,0.6595606060606062,50,25
3I7G-732,MSE,diff,75,0.6660984848484849,44,22
3I7G-732,MSE,diff,80,0.7153846153846154,26,13
3I7G-732,MSE,diff,85,0.7064814814814815,18,9
3I7G-732,MSE,diff,90,0.7222222222222222,6,3
3I7G-732,MSE,diff,95,,0,0
3I7G-732,MSE,gradcam,50,0.6331972777624952,138,69
3I7G-732,MSE,gradcam,55,0.6331972777624952,138,69
3I7G-732,MSE,gradcam,60,0.6404399811657877,124,62
3I7G-732,MSE,gradcam,65,0.6516763072318627,108,54
3I7G-732,MSE,gradcam,70,0.6762727272727272,50,25
3I7G-732,MSE,gradcam,75,0.6715909090909091,44,22
3I7G-732,MSE,gradcam,80,0.7294871794871794,26,13
3I7G-732,MSE,gradcam,85,0.7268518518518517,18,9
3I7G-732,MSE,gradcam,90,0.8333333333333334,6,3
3I7G-732,MSE,gradcam,95,,0,0
3I7G-732,MSE,gradinput,50,0.55901865847518,138,69
3I7G-732,MSE,gradinput,55,0.55901865847518,138,69
3I7G-732,MSE,gradinput,60,0.5713272166901198,124,62
3I7G-732,MSE,gradinput,65,0.58226729546174,108,54
3I7G-732,MSE,gradinput,70,0.6367575757575757,50,25
3I7G-732,MSE,gradinput,75,0.6321969696969697,44,22
3I7G-732,MSE,gradinput,80,0.6564102564102565,26,13
3I7G-732,MSE,gradinput,85,0.6296296296296295,18,9
3I7G-732,MSE,gradinput,90,0.6666666666666666,6,3
3I7G-732,MSE,gradinput,95,,0,0
3I7G-732,MSE,ig,50,0.5079833511898727,138,69
3I7G-732,MSE,ig,55,0.5079833511898727,138,69
3I7G-732,MSE,ig,60,0.5258537833134609,124,62
3I7G-732,MSE,ig,65,0.5315154752654753,108,54
3I7G-732,MSE,ig,70,0.6547979797979798,50,25
3I7G-732,MSE,ig,75,0.6632575757575758,44,22
3I7G-732,MSE,ig,80,0.6512820512820513,26,13
3I7G-732,MSE,ig,85,0.6555555555555554,18,9
3I7G-732,MSE,ig,90,0.6666666666666666,6,3
3I7G-732,MSE,ig,95,,0,0
3I7G-732,MSE,shap,50,0.531520442118268,138,69
3I7G-732,MSE,shap,55,0.531520442118268,138,69
3I7G-732,MSE,shap,60,0.5340375350455993,124,62
3I7G-732,MSE,shap,65,0.5327953682120347,108,54
3I7G-732,MSE,shap,70,0.5152878787878787,50,25
3I7G-732,MSE,shap,75,0.5301136363636364,44,22
3I7G-732,MSE,shap,80,0.48205128205128206,26,13
3I7G-732,MSE,shap,85,0.47129629629629627,18,9
3I7G-732,MSE,shap,90,0.5555555555555555,6,3
3I7G-732,MSE,shap,95,,0,0
3IG6-438,MSE,cam,50,0.5865384615384616,26,13
3IG6-438,MSE,cam,55,0.5865384615384616,26,13
3IG6-438,MSE,cam,60,0.5865384615384616,26,13
3IG6-438,MSE,cam,65,0.5865384615384616,26,13
3IG6-438,MSE,cam,70,0.5865384615384616,26,13
3IG6-438,MSE,cam,75,0.6022727272727273,22,11
3IG6-438,MSE,cam,80,0.6875,12,6
3IG6-438,MSE,cam,85,0.6875,12,6
3IG6-438,MSE,cam,90,0.8333333333333334,6,3
3IG6-438,MSE,cam,95,1.0,2,1
3IG6-438,MSE,diff,50,0.5594988344988345,26,13
3IG6-438,MSE,diff,55,0.5594988344988345,26,13
3IG6-438,MSE,diff,60,0.5594988344988345,26,13
3IG6-438,MSE,diff,65,0.5594988344988345,26,13
3IG6-438,MSE,diff,70,0.5594988344988345,26,13
3IG6-438,MSE,diff,75,0.568939393939394,22,11
3IG6-438,MSE,diff,80,0.6180555555555556,12,6
3IG6-438,MSE,diff,85,0.6180555555555556,12,6
3IG6-438,MSE,diff,90,0.7222222222222222,6,3
3IG6-438,MSE,diff,95,1.0,2,1
3IG6-438,MSE,gradcam,50,0.550097125097125,26,13
3IG6-438,MSE,gradcam,55,0.550097125097125,26,13
3IG6-438,MSE,gradcam,60,0.550097125097125,26,13
3IG6-438,MSE,gradcam,65,0.550097125097125,26,13
3IG6-438,MSE,gradcam,70,0.550097125097125,26,13
3IG6-438,MSE,gradcam,75,0.572979797979798,22,11
3IG6-438,MSE,gradcam,80,0.6347222222222222,12,6
3IG6-438,MSE,gradcam,85,0.6347222222222222,12,6
3IG6-438,MSE,gradcam,90,0.7222222222222222,6,3
3IG6-438,MSE,gradcam,95,1.0,2,1
3IG6-438,MSE,gradinput,50,0.6615384615384614,26,13
3IG6-438,MSE,gradinput,55,0.6615384615384614,26,13
3IG6-438,MSE,gradinput,60,0.6615384615384614,26,13
3IG6-438,MSE,gradinput,65,0.6615384615384614,26,13
3IG6-438,MSE,gradinput,70,0.6615384615384614,26,13
3IG6-438,MSE,gradinput,75,0.6606060606060605,22,11
3IG6-438,MSE,gradinput,80,0.6333333333333333,12,6
3IG6-438,MSE,gradinput,85,0.6333333333333333,12,6
3IG6-438,MSE,gradinput,90,0.611111111111111,6,3
3IG6-438,MSE,gradinput,95,0.5,2,1
3IG6-438,MSE,ig,50,0.3731740481740482,26,13
3IG6-438,MSE,ig,55,0.3731740481740482,26,13
3IG6-438,MSE,ig,60,0.3731740481740482,26,13
3IG6-438,MSE,ig,65,0.3731740481740482,26,13
3IG6-438,MSE,ig,70,0.3731740481740482,26,13
3IG6-438,MSE,ig,75,0.3941919191919192,22,11
3IG6-438,MSE,ig,80,0.4680555555555555,12,6
3IG6-438,MSE,ig,85,0.4680555555555555,12,6
3IG6-438,MSE,ig,90,0.611111111111111,6,3
3IG6-438,MSE,ig,95,1.0,2,1
3IG6-438,MSE,shap,50,0.5857031857031857,26,13
3IG6-438,MSE,shap,55,0.5857031857031857,26,13
3IG6-438,MSE,shap,60,0.5857031857031857,26,13
3IG6-438,MSE,shap,65,0.5857031857031857,26,13
3IG6-438,MSE,shap,70,0.5857031857031857,26,13
3IG6-438,MSE,shap,75,0.5737373737373738,22,11
3IG6-438,MSE,shap,80,0.7083333333333334,12,6
3IG6-438,MSE,shap,85,0.7083333333333334,12,6
3IG6-438,MSE,shap,90,0.8333333333333334,6,3
3IG6-438,MSE,shap,95,1.0,2,1
3IGB-454,MSE,cam,50,0.5,46,23
3IGB-454,MSE,cam,55,0.5,46,23
3IGB-454,MSE,cam,60,0.5,46,23
3IGB-454,MSE,cam,65,0.5,46,23
3IGB-454,MSE,cam,70,0.5,36,18
3IGB-454,MSE,cam,75,0.5,26,13
3IGB-454,MSE,cam,80,0.5,12,6
3IGB-454,MSE,cam,85,0.5,8,4
3IGB-454,MSE,cam,90,,0,0
3IGB-454,MSE,cam,95,,0,0
3IGB-454,MSE,diff,50,0.7107127172344562,46,23
3IGB-454,MSE,diff,55,0.7107127172344562,46,23
3IGB-454,MSE,diff,60,0.7107127172344562,46,23
3IGB-454,MSE,diff,65,0.7107127172344562,46,23
3IGB-454,MSE,diff,70,0.741523368606702,36,18
3IGB-454,MSE,diff,75,0.733562271062271,26,13
3IGB-454,MSE,diff,80,0.7152777777777777,12,6
3IGB-454,MSE,diff,85,0.7395833333333334,8,4
3IGB-454,MSE,diff,90,,0,0
3IGB-454,MSE,diff,95,,0,0
3IGB-454,MSE,gradcam,50,0.6444899303594955,46,23
3IGB-454,MSE,gradcam,55,0.6444899303594955,46,23
3IGB-454,MSE,gradcam,60,0.6444899303594955,46,23
3IGB-454,MSE,gradcam,65,0.6444899303594955,46,23
3IGB-454,MSE,gradcam,70,0.6389550264550264,36,18
3IGB-454,MSE,gradcam,75,0.5847069597069597,26,13
3IGB-454,MSE,gradcam,80,0.47222222222222215,12,6
3IGB-454,MSE,gradcam,85,0.5,8,4
3IGB-454,MSE,gradcam,90,,0,0
3IGB-454,MSE,gradcam,95,,0,0
3IGB-454,MSE,gradinput,50,0.7359432837693708,46,23
3IGB-454,MSE,gradinput,55,0.7359432837693708,46,23
3IGB-454,MSE,gradinput,60,0.7359432837693708,46,23
3IGB-454,MSE,gradinput,65,0.7359432837693708,46,23
3IGB-454,MSE,gradinput,70,0.7410604056437391,36,18
3IGB-454,MSE,gradinput,75,0.7124084249084248,26,13
3IGB-454,MSE,gradinput,80,0.7152777777777777,12,6
3IGB-454,MSE,gradinput,85,0.7395833333333334,8,4
3IGB-454,MSE,gradinput,90,,0,0
3IGB-454,MSE,gradinput,95,,0,0
3IGB-454,MSE,ig,50,0.6058018068887633,46,23
3IGB-454,MSE,ig,55,0.6058018068887633,46,23
3IGB-454,MSE,ig,60,0.6058018068887633,46,23
3IGB-454,MSE,ig,65,0.6058018068887633,46,23
3IGB-454,MSE,ig,70,0.6025462962962963,36,18
3IGB-454,MSE,ig,75,0.5509615384615384,26,13
3IGB-454,MSE,ig,80,0.40972222222222215,12,6
3IGB-454,MSE,ig,85,0.4479166666666667,8,4
3IGB-454,MSE,ig,90,,0,0
3IGB-454,MSE,ig,95,,0,0
3IGB-454,MSE,shap,50,0.5383673693456302,46,23
3IGB-454,MSE,shap,55,0.5383673693456302,46,23
3IGB-454,MSE,shap,60,0.5383673693456302,46,23
3IGB-454,MSE,shap,65,0.5383673693456302,46,23
3IGB-454,MSE,shap,70,0.5448192239858907,36,18
3IGB-454,MSE,shap,75,0.553937728937729,26,13
3IGB-454,MSE,shap,80,0.5902777777777778,12,6
3IGB-454,MSE,shap,85,0.5520833333333334,8,4
3IGB-454,MSE,shap,90,,0,0
3IGB-454,MSE,shap,95,,0,0
3II5-831,MSE,cam,50,0.5559523809523815,144,72
3II5-831,MSE,cam,55,0.5559523809523815,144,72
3II5-831,MSE,cam,60,0.5559523809523815,144,72
3II5-831,MSE,cam,65,0.5559523809523815,144,72
3II5-831,MSE,cam,70,0.5488095238095243,120,60
3II5-831,MSE,cam,75,0.5290178571428571,64,32
3II5-831,MSE,cam,80,0.5403726708074533,46,23
3II5-831,MSE,cam,85,0.5,18,9
3II5-831,MSE,cam,90,0.5,4,2
3II5-831,MSE,cam,95,,0,0
3II5-831,MSE,diff,50,0.5162799777383104,144,72
3II5-831,MSE,diff,55,0.5162799777383104,144,72
3II5-831,MSE,diff,60,0.5162799777383104,144,72
3II5-831,MSE,diff,65,0.5162799777383104,144,72
3II5-831,MSE,diff,70,0.500031866281866,120,60
3II5-831,MSE,diff,75,0.4783544146825397,64,32
3II5-831,MSE,diff,80,0.47851966873706003,46,23
3II5-831,MSE,diff,85,0.5657407407407409,18,9
3II5-831,MSE,diff,90,0.6875,4,2
3II5-831,MSE,diff,95,,0,0
3II5-831,MSE,gradcam,50,0.4286707698166027,144,72
3II5-831,MSE,gradcam,55,0.4286707698166027,144,72
3II5-831,MSE,gradcam,60,0.4286707698166027,144,72
3II5-831,MSE,gradcam,65,0.4286707698166027,144,72
3II5-831,MSE,gradcam,70,0.4119934463684461,120,60
3II5-831,MSE,gradcam,75,0.41938244047619033,64,32
3II5-831,MSE,gradcam,80,0.37163561076604557,46,23
3II5-831,MSE,gradcam,85,0.5148148148148147,18,9
3II5-831,MSE,gradcam,90,0.625,4,2
3II5-831,MSE,gradcam,95,,0,0
3II5-831,MSE,gradinput,50,0.4468996088787752,144,72
3II5-831,MSE,gradinput,55,0.4468996088787752,144,72
3II5-831,MSE,gradinput,60,0.4468996088787752,144,72
3II5-831,MSE,gradinput,65,0.4468996088787752,144,72
3II5-831,MSE,gradinput,70,0.44287487974987955,120,60
3II5-831,MSE,gradinput,75,0.5071304563492063,64,32
3II5-831,MSE,gradinput,80,0.4692028985507246,46,23
3II5-831,MSE,gradinput,85,0.6287037037037038,18,9
3II5-831,MSE,gradinput,90,0.7708333333333333,4,2
3II5-831,MSE,gradinput,95,,0,0
3II5-831,MSE,ig,50,0.6197290749374075,144,72
3II5-831,MSE,ig,55,0.6197290749374075,144,72
3II5-831,MSE,ig,60,0.6197290749374075,144,72
3II5-831,MSE,ig,65,0.6197290749374075,144,72
3II5-831,MSE,ig,70,0.598808922558922,120,60
3II5-831,MSE,ig,75,0.5454861111111111,64,32
3II5-831,MSE,ig,80,0.5791925465838509,46,23
3II5-831,MSE,ig,85,0.5722222222222222,18,9
3II5-831,MSE,ig,90,0.5833333333333333,4,2
3II5-831,MSE,ig,95,,0,0
3II5-831,MSE,shap,50,0.5126084178167511,144,72
3II5-831,MSE,shap,55,0.5126084178167511,144,72
3II5-831,MSE,shap,60,0.5126084178167511,144,72
3II5-831,MSE,shap,65,0.5126084178167511,144,72
3II5-831,MSE,shap,70,0.5103385040885043,120,60
3II5-831,MSE,shap,75,0.5153955853174603,64,32
3II5-831,MSE,shap,80,0.5457556935817804,46,23
3II5-831,MSE,shap,85,0.4425925925925925,18,9
3II5-831,MSE,shap,90,0.5208333333333333,4,2
3II5-831,MSE,shap,95,,0,0
3IN3-472,MSE,cam,50,0.565358657372397,2329,1209
3IN3-472,MSE,cam,55,0.565358657372397,2329,1209
3IN3-472,MSE,cam,60,0.5652310635924452,2258,1169
3IN3-472,MSE,cam,65,0.5644191012977757,1871,956
3IN3-472,MSE,cam,70,0.5740362377057159,1304,661
3IN3-472,MSE,cam,75,0.5848983234525403,747,378
3IN3-472,MSE,cam,80,0.5815430982519594,395,201
3IN3-472,MSE,cam,85,0.5264900662251656,151,78
3IN3-472,MSE,cam,90,0.47619047619047616,21,12
3IN3-472,MSE,cam,95,0.0,1,2
3IN3-472,MSE,diff,50,0.6118468800413861,2329,1209
3IN3-472,MSE,diff,55,0.6118468800413861,2329,1209
3IN3-472,MSE,diff,60,0.6098180384717161,2258,1169
3IN3-472,MSE,diff,65,0.5973200355081707,1871,956
3IN3-472,MSE,diff,70,0.5922542969130385,1304,661
3IN3-472,MSE,diff,75,0.621082743673106,747,378
3IN3-472,MSE,diff,80,0.6700421940928271,395,201
3IN3-472,MSE,diff,85,0.7088300220750552,151,78
3IN3-472,MSE,diff,90,0.8730158730158729,21,12
3IN3-472,MSE,diff,95,1.0,1,2
3IN3-472,MSE,gradcam,50,0.4584049573583712,2329,1209
3IN3-472,MSE,gradcam,55,0.4584049573583712,2329,1209
3IN3-472,MSE,gradcam,60,0.45579855633000066,2258,1169
3IN3-472,MSE,gradcam,65,0.4456000410302925,1871,956
3IN3-472,MSE,gradcam,70,0.43960341805433906,1304,661
3IN3-472,MSE,gradcam,75,0.44309300694842935,747,378
3IN3-472,MSE,gradcam,80,0.42796865581675747,395,201
3IN3-472,MSE,gradcam,85,0.44337748344370864,151,78
3IN3-472,MSE,gradcam,90,0.5238095238095238,21,12
3IN3-472,MSE,gradcam,95,0.0,1,2
3IN3-472,MSE,gradinput,50,0.5869740893141495,2329,1209
3IN3-472,MSE,gradinput,55,0.5869740893141495,2329,1209
3IN3-472,MSE,gradinput,60,0.5852619737805748,2258,1169
3IN3-472,MSE,gradinput,65,0.5869983526183411,1871,956
3IN3-472,MSE,gradinput,70,0.5900020693348899,1304,661
3IN3-472,MSE,gradinput,75,0.6056527698093962,747,378
3IN3-472,MSE,gradinput,80,0.6292163954189268,395,201
3IN3-472,MSE,gradinput,85,0.59757174392936,151,78
3IN3-472,MSE,gradinput,90,0.5952380952380952,21,12
3IN3-472,MSE,gradinput,95,0.0,1,2
3IN3-472,MSE,ig,50,0.5606986282168768,2329,1209
3IN3-472,MSE,ig,55,0.5606986282168768,2329,1209
3IN3-472,MSE,ig,60,0.5569992403030496,2258,1169
3IN3-472,MSE,ig,65,0.5512893306586498,1871,956
3IN3-472,MSE,ig,70,0.5511898675625673,1304,661
3IN3-472,MSE,ig,75,0.5641390960668077,747,378
3IN3-472,MSE,ig,80,0.6056901748040988,395,201
3IN3-472,MSE,ig,85,0.5937086092715231,151,78
3IN3-472,MSE,ig,90,0.6190476190476192,21,12
3IN3-472,MSE,ig,95,0.0,1,2
3IN3-472,MSE,shap,50,0.5183497225307016,2329,1209
3IN3-472,MSE,shap,55,0.5183497225307016,2329,1209
3IN3-472,MSE,shap,60,0.5181323597178336,2258,1169
3IN3-472,MSE,shap,65,0.51520218601993,1871,956
3IN3-472,MSE,shap,70,0.5192624646995805,1304,661
3IN3-472,MSE,shap,75,0.5229043156754009,747,378
3IN3-472,MSE,shap,80,0.556720916214587,395,201
3IN3-472,MSE,shap,85,0.5894039735099339,151,78
3IN3-472,MSE,shap,90,0.47619047619047616,21,12
3IN3-472,MSE,shap,95,1.0,1,2
3IND-593,MSE,cam,50,0.5704317498726219,11898,5976
3IND-593,MSE,cam,55,0.5700367932221696,11118,5586
3IND-593,MSE,cam,60,0.5657899844884252,9212,4633
3IND-593,MSE,cam,65,0.5640887889467452,6864,3457
3IND-593,MSE,cam,70,0.565281899354394,4814,2428
3IND-593,MSE,cam,75,0.5629871574798149,2996,1516
3IND-593,MSE,cam,80,0.5539878630255737,1538,785
3IND-593,MSE,cam,85,0.5582159624413147,710,369
3IND-593,MSE,cam,90,0.5459183673469388,98,57
3IND-593,MSE,cam,95,0.5714285714285714,21,15
3IND-593,MSE,diff,50,0.5711543642460136,11898,5976
3IND-593,MSE,diff,55,0.5719817504356065,11118,5586
3IND-593,MSE,diff,60,0.5722143556978535,9212,4633
3IND-593,MSE,diff,65,0.5804912837583303,6864,3457
3IND-593,MSE,diff,70,0.5934549513174374,4814,2428
3IND-593,MSE,diff,75,0.6057262858414396,2996,1516
3IND-593,MSE,diff,80,0.6255387330484851,1538,785
3IND-593,MSE,diff,85,0.6518779342723005,710,369
3IND-593,MSE,diff,90,0.6105442176870749,98,57
3IND-593,MSE,diff,95,0.47619047619047616,21,15
3IND-593,MSE,gradcam,50,0.5190434949033772,11898,5976
3IND-593,MSE,gradcam,55,0.5181505240227589,11118,5586
3IND-593,MSE,gradcam,60,0.5159792937799894,9212,4633
3IND-593,MSE,gradcam,65,0.521691192855965,6864,3457
3IND-593,MSE,gradcam,70,0.5287969537502141,4814,2428
3IND-593,MSE,gradcam,75,0.5348130841121508,2996,1516
3IND-593,MSE,gradcam,80,0.5454579230912127,1538,785
3IND-593,MSE,gradcam,85,0.5490610328638501,710,369
3IND-593,MSE,gradcam,90,0.5187074829931974,98,57
3IND-593,MSE,gradcam,95,0.47619047619047616,21,15
3IND-593,MSE,gradinput,50,0.5216103943049542,11898,5976
3IND-593,MSE,gradinput,55,0.521234529521767,11118,5586
3IND-593,MSE,gradinput,60,0.5194537090135248,9212,4633
3IND-593,MSE,gradinput,65,0.5245858413472049,6864,3457
3IND-593,MSE,gradinput,70,0.5314771026185646,4814,2428
3IND-593,MSE,gradinput,75,0.5362832983660756,2996,1516
3IND-593,MSE,gradinput,80,0.5393569261254563,1538,785
3IND-593,MSE,gradinput,85,0.542253521126761,710,369
3IND-593,MSE,gradinput,90,0.5969387755102041,98,57
3IND-593,MSE,gradinput,95,0.6190476190476191,21,15
3IND-593,MSE,ig,50,0.5270826443639153,11898,5976
3IND-593,MSE,ig,55,0.528493242406495,11118,5586
3IND-593,MSE,ig,60,0.5339778795407365,9212,4633
3IND-593,MSE,ig,65,0.544179957248137,6864,3457
3IND-593,MSE,ig,70,0.5524213588193637,4814,2428
3IND-593,MSE,ig,75,0.5649341979782578,2996,1516
3IND-593,MSE,ig,80,0.5708310112081237,1538,785
3IND-593,MSE,ig,85,0.5753521126760567,710,369
3IND-593,MSE,ig,90,0.5850340136054422,98,57
3IND-593,MSE,ig,95,0.5714285714285714,21,15
3IND-593,MSE,shap,50,0.5014624064524313,11898,5976
3IND-593,MSE,shap,55,0.5018633414815273,11118,5586
3IND-593,MSE,shap,60,0.5017781095370101,9212,4633
3IND-593,MSE,shap,65,0.5043559660036926,6864,3457
3IND-593,MSE,shap,70,0.5059145748541265,4814,2428
3IND-593,MSE,shap,75,0.5062388740542959,2996,1516
3IND-593,MSE,shap,80,0.5030125704377978,1538,785
3IND-593,MSE,shap,85,0.5030516431924883,710,369
3IND-593,MSE,shap,90,0.5272108843537415,98,57
3IND-593,MSE,shap,95,0.3333333333333333,21,15
3IO7-1P5,MSE,cam,50,0.4769625351817133,73,40
3IO7-1P5,MSE,cam,55,0.4769625351817133,73,40
3IO7-1P5,MSE,cam,60,0.47161917684305743,67,37
3IO7-1P5,MSE,cam,65,0.45911949685534587,53,30
3IO7-1P5,MSE,cam,70,0.45578231292517,49,28
3IO7-1P5,MSE,cam,75,0.4700854700854701,39,22
3IO7-1P5,MSE,cam,80,0.5266666666666666,25,13
3IO7-1P5,MSE,cam,85,0.5151515151515151,11,6
3IO7-1P5,MSE,cam,90,0.0,1,1
3IO7-1P5,MSE,cam,95,0.0,1,1
3IO7-1P5,MSE,diff,50,0.706986924795144,73,40
3IO7-1P5,MSE,diff,55,0.706986924795144,73,40
3IO7-1P5,MSE,diff,60,0.6992806530119965,67,37
3IO7-1P5,MSE,diff,65,0.7012728361784965,53,30
3IO7-1P5,MSE,diff,70,0.6972951085195983,49,28
3IO7-1P5,MSE,diff,75,0.6997557997557997,39,22
3IO7-1P5,MSE,diff,80,0.7033333333333333,25,13
3IO7-1P5,MSE,diff,85,0.7954545454545454,11,6
3IO7-1P5,MSE,diff,90,1.0,1,1
3IO7-1P5,MSE,diff,95,1.0,1,1
3IO7-1P5,MSE,gradcam,50,0.6497734381296025,73,40
3IO7-1P5,MSE,gradcam,55,0.6497734381296025,73,40
3IO7-1P5,MSE,gradcam,60,0.647850573969977,67,37
3IO7-1P5,MSE,gradcam,65,0.6600329439952082,53,30
3IO7-1P5,MSE,gradcam,70,0.6669744088111434,49,28
3IO7-1P5,MSE,gradcam,75,0.6866910866910866,39,22
3IO7-1P5,MSE,gradcam,80,0.6786666666666668,25,13
3IO7-1P5,MSE,gradcam,85,0.6969696969696969,11,6
3IO7-1P5,MSE,gradcam,90,0.0,1,1
3IO7-1P5,MSE,gradcam,95,0.0,1,1
3IO7-1P5,MSE,gradinput,50,0.6790394917107246,73,40
3IO7-1P5,MSE,gradinput,55,0.6790394917107246,73,40
3IO7-1P5,MSE,gradinput,60,0.6785073549998923,67,37
3IO7-1P5,MSE,gradinput,65,0.6776804432464809,53,30
3IO7-1P5,MSE,gradinput,70,0.6881033365727243,49,28
3IO7-1P5,MSE,gradinput,75,0.6942612942612941,39,22
3IO7-1P5,MSE,gradinput,80,0.686,25,13
3IO7-1P5,MSE,gradinput,85,0.7272727272727272,11,6
3IO7-1P5,MSE,gradinput,90,0.0,1,1
3IO7-1P5,MSE,gradinput,95,0.0,1,1
3IO7-1P5,MSE,ig,50,0.5676834961081537,73,40
3IO7-1P5,MSE,ig,55,0.5676834961081537,73,40
3IO7-1P5,MSE,ig,60,0.5671841011393252,67,37
3IO7-1P5,MSE,ig,65,0.575973345312968,53,30
3IO7-1P5,MSE,ig,70,0.5780936183997408,49,28
3IO7-1P5,MSE,ig,75,0.5981684981684982,39,22
3IO7-1P5,MSE,ig,80,0.6346666666666667,25,13
3IO7-1P5,MSE,ig,85,0.6666666666666666,11,6
3IO7-1P5,MSE,ig,90,0.0,1,1
3IO7-1P5,MSE,ig,95,0.0,1,1
3IO7-1P5,MSE,shap,50,0.4917458492800958,73,40
3IO7-1P5,MSE,shap,55,0.4917458492800958,73,40
3IO7-1P5,MSE,shap,60,0.5024057203161678,67,37
3IO7-1P5,MSE,shap,65,0.4901766996106618,53,30
3IO7-1P5,MSE,shap,70,0.48121153223194024,49,28
3IO7-1P5,MSE,shap,75,0.5024420024420025,39,22
3IO7-1P5,MSE,shap,80,0.4573333333333334,25,13
3IO7-1P5,MSE,shap,85,0.4848484848484848,11,6
3IO7-1P5,MSE,shap,90,1.0,1,1
3IO7-1P5,MSE,shap,95,1.0,1,1
3IWE-646,MSE,cam,50,0.5933589903384249,389,195
3IWE-646,MSE,cam,55,0.5933589903384249,389,195
3IWE-646,MSE,cam,60,0.5933589903384249,389,195
3IWE-646,MSE,cam,65,0.5949148346207169,357,179
3IWE-646,MSE,cam,70,0.5896113146113146,273,137
3IWE-646,MSE,cam,75,0.6011083743842365,203,102
3IWE-646,MSE,cam,80,0.6197849462365593,155,78
3IWE-646,MSE,cam,85,0.6329824561403508,95,48
3IWE-646,MSE,cam,90,0.6714285714285714,35,18
3IWE-646,MSE,cam,95,0.5,2,1
3IWE-646,MSE,diff,50,0.5363841528365945,389,195
3IWE-646,MSE,diff,55,0.5363841528365945,389,195
3IWE-646,MSE,diff,60,0.5363841528365945,389,195
3IWE-646,MSE,diff,65,0.5300479943337084,357,179
3IWE-646,MSE,diff,70,0.5079082293368008,273,137
3IWE-646,MSE,diff,75,0.4830498866213155,203,102
3IWE-646,MSE,diff,80,0.4711827956989249,155,78
3IWE-646,MSE,diff,85,0.4747368421052631,95,48
3IWE-646,MSE,diff,90,0.4904761904761905,35,18
3IWE-646,MSE,diff,95,1.0,2,1
3IWE-646,MSE,gradcam,50,0.47051178612875266,389,195
3IWE-646,MSE,gradcam,55,0.47051178612875266,389,195
3IWE-646,MSE,gradcam,60,0.47051178612875266,389,195
3IWE-646,MSE,gradcam,65,0.46646394377486794,357,179
3IWE-646,MSE,gradcam,70,0.4491779384636527,273,137
3IWE-646,MSE,gradcam,75,0.43839041363671927,203,102
3IWE-646,MSE,gradcam,80,0.41924731182795716,155,78
3IWE-646,MSE,gradcam,85,0.4049122807017544,95,48
3IWE-646,MSE,gradcam,90,0.4857142857142857,35,18
3IWE-646,MSE,gradcam,95,1.0,2,1
3IWE-646,MSE,gradinput,50,0.5314274129184152,389,195
3IWE-646,MSE,gradinput,55,0.5314274129184152,389,195
3IWE-646,MSE,gradinput,60,0.5314274129184152,389,195
3IWE-646,MSE,gradinput,65,0.5244615173186603,357,179
3IWE-646,MSE,gradinput,70,0.5154975976404548,273,137
3IWE-646,MSE,gradinput,75,0.47886660411290966,203,102
3IWE-646,MSE,gradinput,80,0.4770967741935483,155,78
3IWE-646,MSE,gradinput,85,0.47350877192982455,95,48
3IWE-646,MSE,gradinput,90,0.5523809523809523,35,18
3IWE-646,MSE,gradinput,95,0.5,2,1
3IWE-646,MSE,ig,50,0.5550079169616438,389,195
3IWE-646,MSE,ig,55,0.5550079169616438,389,195
3IWE-646,MSE,ig,60,0.5550079169616438,389,195
3IWE-646,MSE,ig,65,0.554889345015395,357,179
3IWE-646,MSE,ig,70,0.5549473013758721,273,137
3IWE-646,MSE,ig,75,0.5350496520447259,203,102
3IWE-646,MSE,ig,80,0.520967741935484,155,78
3IWE-646,MSE,ig,85,0.5035087719298247,95,48
3IWE-646,MSE,ig,90,0.5523809523809522,35,18
3IWE-646,MSE,ig,95,1.0,2,1
3IWE-646,MSE,shap,50,0.5148239720861828,389,195
3IWE-646,MSE,shap,55,0.5148239720861828,389,195
3IWE-646,MSE,shap,60,0.5148239720861828,389,195
3IWE-646,MSE,shap,65,0.5139944322717431,357,179
3IWE-646,MSE,shap,70,0.5069110783396497,273,137
3IWE-646,MSE,shap,75,0.49584799437016164,203,102
3IWE-646,MSE,shap,80,0.48903225806451583,155,78
3IWE-646,MSE,shap,85,0.4598245614035089,95,48
3IWE-646,MSE,shap,90,0.4380952380952381,35,18
3IWE-646,MSE,shap,95,0.5,2,1
3JSI-WTC,MSE,cam,50,0.5382082643987406,567,296
3JSI-WTC,MSE,cam,55,0.564859383041201,319,172
3JSI-WTC,MSE,cam,60,0.5834627329192547,184,104
3JSI-WTC,MSE,cam,65,0.5830564784053157,129,75
3JSI-WTC,MSE,cam,70,0.6075949367088608,79,50
3JSI-WTC,MSE,cam,75,0.5614035087719298,57,34
3JSI-WTC,MSE,cam,80,0.5128205128205128,39,22
3JSI-WTC,MSE,cam,85,0.5172413793103449,29,17
3JSI-WTC,MSE,cam,90,0.5294117647058824,17,11
3JSI-WTC,MSE,cam,95,,0,0
3JSI-WTC,MSE,diff,50,0.6108724922528223,567,296
3JSI-WTC,MSE,diff,55,0.6025692785097175,319,172
3JSI-WTC,MSE,diff,60,0.6118954264334701,184,104
3JSI-WTC,MSE,diff,65,0.5983604035929618,129,75
3JSI-WTC,MSE,diff,70,0.5936055856941933,79,50
3JSI-WTC,MSE,diff,75,0.5812447786131997,57,34
3JSI-WTC,MSE,diff,80,0.5867521367521368,39,22
3JSI-WTC,MSE,diff,85,0.5660919540229884,29,17
3JSI-WTC,MSE,diff,90,0.6666666666666666,17,11
3JSI-WTC,MSE,diff,95,,0,0
3JSI-WTC,MSE,gradcam,50,0.5658168493447043,567,296
3JSI-WTC,MSE,gradcam,55,0.5648730666755747,319,172
3JSI-WTC,MSE,gradcam,60,0.6018273544088768,184,104
3JSI-WTC,MSE,gradcam,65,0.6106650670604163,129,75
3JSI-WTC,MSE,gradcam,70,0.6348704038577455,79,50
3JSI-WTC,MSE,gradcam,75,0.6480785296574769,57,34
3JSI-WTC,MSE,gradcam,80,0.6841880341880343,39,22
3JSI-WTC,MSE,gradcam,85,0.7011494252873564,29,17
3JSI-WTC,MSE,gradcam,90,0.7352941176470588,17,11
3JSI-WTC,MSE,gradcam,95,,0,0
3JSI-WTC,MSE,gradinput,50,0.5291489576347962,567,296
3JSI-WTC,MSE,gradinput,55,0.528163346580275,319,172
3JSI-WTC,MSE,gradinput,60,0.5567919851887245,184,104
3JSI-WTC,MSE,gradinput,65,0.5703672942045036,129,75
3JSI-WTC,MSE,gradinput,70,0.6181384368093229,79,50
3JSI-WTC,MSE,gradinput,75,0.6006265664160402,57,34
3JSI-WTC,MSE,gradinput,80,0.5918803418803419,39,22
3JSI-WTC,MSE,gradinput,85,0.6005747126436781,29,17
3JSI-WTC,MSE,gradinput,90,0.6372549019607844,17,11
3JSI-WTC,MSE,gradinput,95,,0,0
3JSI-WTC,MSE,ig,50,0.6098066994503343,567,296
3JSI-WTC,MSE,ig,55,0.5916631522430896,319,172
3JSI-WTC,MSE,ig,60,0.6278423116738336,184,104
3JSI-WTC,MSE,ig,65,0.6218746154792666,129,75
3JSI-WTC,MSE,ig,70,0.634498693992365,79,50
3JSI-WTC,MSE,ig,75,0.5961152882205515,57,34
3JSI-WTC,MSE,ig,80,0.5636752136752136,39,22
3JSI-WTC,MSE,ig,85,0.5402298850574713,29,17
3JSI-WTC,MSE,ig,90,0.607843137254902,17,11
3JSI-WTC,MSE,ig,95,,0,0
3JSI-WTC,MSE,shap,50,0.5289620354746405,567,296
3JSI-WTC,MSE,shap,55,0.5351708984154124,319,172
3JSI-WTC,MSE,shap,60,0.5601723005255613,184,104
3JSI-WTC,MSE,shap,65,0.5543404700381445,129,75
3JSI-WTC,MSE,shap,70,0.5477596945951375,79,50
3JSI-WTC,MSE,shap,75,0.5268588137009188,57,34
3JSI-WTC,MSE,shap,80,0.5294871794871795,39,22
3JSI-WTC,MSE,shap,85,0.5316091954022988,29,17
3JSI-WTC,MSE,shap,90,0.5392156862745099,17,11
3JSI-WTC,MSE,shap,95,,0,0
3K3B-L31,MSE,cam,50,0.5713235294117647,170,88
3K3B-L31,MSE,cam,55,0.5713235294117647,170,88
3K3B-L31,MSE,cam,60,0.5713235294117647,170,88
3K3B-L31,MSE,cam,65,0.5713235294117647,170,88
3K3B-L31,MSE,cam,70,0.5713235294117647,170,88
3K3B-L31,MSE,cam,75,0.5706845238095237,144,75
3K3B-L31,MSE,cam,80,0.5747863247863246,117,61
3K3B-L31,MSE,cam,85,0.6065573770491804,61,32
3K3B-L31,MSE,cam,90,0.625,20,11
3K3B-L31,MSE,cam,95,0.5714285714285714,7,4
3K3B-L31,MSE,diff,50,0.6328501400560221,170,88
3K3B-L31,MSE,diff,55,0.6328501400560221,170,88
3K3B-L31,MSE,diff,60,0.6328501400560221,170,88
3K3B-L31,MSE,diff,65,0.6328501400560221,170,88
3K3B-L31,MSE,diff,70,0.6328501400560221,170,88
3K3B-L31,MSE,diff,75,0.6430390211640209,144,75
3K3B-L31,MSE,diff,80,0.6539886039886037,117,61
3K3B-L31,MSE,diff,85,0.6926229508196722,61,32
3K3B-L31,MSE,diff,90,0.8,20,11
3K3B-L31,MSE,diff,95,1.0,7,4
3K3B-L31,MSE,gradcam,50,0.5414705882352943,170,88
3K3B-L31,MSE,gradcam,55,0.5414705882352943,170,88
3K3B-L31,MSE,gradcam,60,0.5414705882352943,170,88
3K3B-L31,MSE,gradcam,65,0.5414705882352943,170,88
3K3B-L31,MSE,gradcam,70,0.5414705882352943,170,88
3K3B-L31,MSE,gradcam,75,0.5554728835978836,144,75
3K3B-L31,MSE,gradcam,80,0.5531339031339032,117,61
3K3B-L31,MSE,gradcam,85,0.5819672131147541,61,32
3K3B-L31,MSE,gradcam,90,0.7,20,11
3K3B-L31,MSE,gradcam,95,1.0,7,4
3K3B-L31,MSE,gradinput,50,0.542983193277311,170,88
3K3B-L31,MSE,gradinput,55,0.542983193277311,170,88
3K3B-L31,MSE,gradinput,60,0.542983193277311,170,88
3K3B-L31,MSE,gradinput,65,0.542983193277311,170,88
3K3B-L31,MSE,gradinput,70,0.542983193277311,170,88
3K3B-L31,MSE,gradinput,75,0.5429398148148147,144,75
3K3B-L31,MSE,gradinput,80,0.539031339031339,117,61
3K3B-L31,MSE,gradinput,85,0.5724043715846995,61,32
3K3B-L31,MSE,gradinput,90,0.65,20,11
3K3B-L31,MSE,gradinput,95,1.0,7,4
3K3B-L31,MSE,ig,50,0.5878921568627452,170,88
3K3B-L31,MSE,ig,55,0.5878921568627452,170,88
3K3B-L31,MSE,ig,60,0.5878921568627452,170,88
3K3B-L31,MSE,ig,65,0.5878921568627452,170,88
3K3B-L31,MSE,ig,70,0.5878921568627452,170,88
3K3B-L31,MSE,ig,75,0.5950892857142855,144,75
3K3B-L31,MSE,ig,80,0.5960113960113957,117,61
3K3B-L31,MSE,ig,85,0.6243169398907106,61,32
3K3B-L31,MSE,ig,90,0.7,20,11
3K3B-L31,MSE,ig,95,0.7142857142857143,7,4
3K3B-L31,MSE,shap,50,0.5064915966386555,170,88
3K3B-L31,MSE,shap,55,0.5064915966386555,170,88
3K3B-L31,MSE,shap,60,0.5064915966386555,170,88
3K3B-L31,MSE,shap,65,0.5064915966386555,170,88
3K3B-L31,MSE,shap,70,0.5064915966386555,170,88
3K3B-L31,MSE,shap,75,0.5044642857142857,144,75
3K3B-L31,MSE,shap,80,0.4954415954415954,117,61
3K3B-L31,MSE,shap,85,0.4508196721311476,61,32
3K3B-L31,MSE,shap,90,0.425,20,11
3K3B-L31,MSE,shap,95,0.42857142857142855,7,4
3K5F-AYH,MSE,cam,50,0.5545977011494254,58,31
3K5F-AYH,MSE,cam,55,0.5639097744360902,38,21
3K5F-AYH,MSE,cam,60,0.5714285714285714,28,16
3K5F-AYH,MSE,cam,65,0.5769230769230769,26,15
3K5F-AYH,MSE,cam,70,0.625,16,10
3K5F-AYH,MSE,cam,75,0.625,16,10
3K5F-AYH,MSE,cam,80,0.625,16,10
3K5F-AYH,MSE,cam,85,0.625,8,5
3K5F-AYH,MSE,cam,90,0.625,8,5
3K5F-AYH,MSE,cam,95,0.75,4,3
3K5F-AYH,MSE,diff,50,0.7138906324768406,58,31
3K5F-AYH,MSE,diff,55,0.7570223126184916,38,21
3K5F-AYH,MSE,diff,60,0.8024701547285581,28,16
3K5F-AYH,MSE,diff,65,0.810546398046398,26,15
3K5F-AYH,MSE,diff,70,0.8954861111111112,16,10
3K5F-AYH,MSE,diff,75,0.8954861111111112,16,10
3K5F-AYH,MSE,diff,80,0.8954861111111112,16,10
3K5F-AYH,MSE,diff,85,0.9375,8,5
3K5F-AYH,MSE,diff,90,0.9375,8,5
3K5F-AYH,MSE,diff,95,1.0,4,3
3K5F-AYH,MSE,gradcam,50,0.8111945572269685,58,31
3K5F-AYH,MSE,gradcam,55,0.866543665019101,38,21
3K5F-AYH,MSE,gradcam,60,0.9320298952914499,28,16
3K5F-AYH,MSE,gradcam,65,0.936820818070818,26,15
3K5F-AYH,MSE,gradcam,70,0.9664930555555556,16,10
3K5F-AYH,MSE,gradcam,75,0.9664930555555556,16,10
3K5F-AYH,MSE,gradcam,80,0.9664930555555556,16,10
3K5F-AYH,MSE,gradcam,85,1.0,8,5
3K5F-AYH,MSE,gradcam,90,1.0,8,5
3K5F-AYH,MSE,gradcam,95,1.0,4,3
3K5F-AYH,MSE,gradinput,50,0.6601869394618627,58,31
3K5F-AYH,MSE,gradinput,55,0.7006238668135768,38,21
3K5F-AYH,MSE,gradinput,60,0.7584825596905429,28,16
3K5F-AYH,MSE,gradinput,65,0.766407203907204,26,15
3K5F-AYH,MSE,gradinput,70,0.8642361111111111,16,10
3K5F-AYH,MSE,gradinput,75,0.8642361111111111,16,10
3K5F-AYH,MSE,gradinput,80,0.8642361111111111,16,10
3K5F-AYH,MSE,gradinput,85,0.875,8,5
3K5F-AYH,MSE,gradinput,90,0.875,8,5
3K5F-AYH,MSE,gradinput,95,1.0,4,3
3K5F-AYH,MSE,ig,50,0.5852026450654961,58,31
3K5F-AYH,MSE,ig,55,0.5835405722769257,38,21
3K5F-AYH,MSE,ig,60,0.5767223556089103,28,16
3K5F-AYH,MSE,ig,65,0.5761599511599512,26,15
3K5F-AYH,MSE,ig,70,0.5751736111111112,16,10
3K5F-AYH,MSE,ig,75,0.5751736111111112,16,10
3K5F-AYH,MSE,ig,80,0.5751736111111112,16,10
3K5F-AYH,MSE,ig,85,0.625,8,5
3K5F-AYH,MSE,ig,90,0.625,8,5
3K5F-AYH,MSE,ig,95,0.75,4,3
3K5F-AYH,MSE,shap,50,0.5627096292883272,58,31
3K5F-AYH,MSE,shap,55,0.5793009516826121,38,21
3K5F-AYH,MSE,shap,60,0.5821441076430572,28,16
3K5F-AYH,MSE,shap,65,0.5745650183150183,26,15
3K5F-AYH,MSE,shap,70,0.6229166666666667,16,10
3K5F-AYH,MSE,shap,75,0.6229166666666667,16,10
3K5F-AYH,MSE,shap,80,0.6229166666666667,16,10
3K5F-AYH,MSE,shap,85,0.59375,8,5
3K5F-AYH,MSE,shap,90,0.59375,8,5
3K5F-AYH,MSE,shap,95,0.25,4,3
3KFC-61X,MSE,cam,50,0.5039524059755274,173,89
3KFC-61X,MSE,cam,55,0.5039986329460013,171,88
3KFC-61X,MSE,cam,60,0.5041440377804014,165,85
3KFC-61X,MSE,cam,65,0.5044113950565564,155,80
3KFC-61X,MSE,cam,70,0.5042651593011305,139,72
3KFC-61X,MSE,cam,75,0.5032467532467533,121,63
3KFC-61X,MSE,cam,80,0.4941860465116279,86,45
3KFC-61X,MSE,cam,85,0.4879032258064516,62,33
3KFC-61X,MSE,cam,90,0.5,40,21
3KFC-61X,MSE,cam,95,0.5714285714285714,7,4
3KFC-61X,MSE,diff,50,0.4561356368139778,173,89
3KFC-61X,MSE,diff,55,0.4547529077198842,171,88
3KFC-61X,MSE,diff,60,0.4564626787354063,165,85
3KFC-61X,MSE,diff,65,0.45312445618897257,155,80
3KFC-61X,MSE,diff,70,0.4567847021084433,139,72
3KFC-61X,MSE,diff,75,0.4539584153220519,121,63
3KFC-61X,MSE,diff,80,0.4462347729789591,86,45
3KFC-61X,MSE,diff,85,0.47204301075268823,62,33
3KFC-61X,MSE,diff,90,0.4958333333333333,40,21
3KFC-61X,MSE,diff,95,0.7142857142857143,7,4
3KFC-61X,MSE,gradcam,50,0.5312609016281236,173,89
3KFC-61X,MSE,gradcam,55,0.5306368725873369,171,88
3KFC-61X,MSE,gradcam,60,0.5376927113290749,165,85
3KFC-61X,MSE,gradcam,65,0.5405270356883259,155,80
3KFC-61X,MSE,gradcam,70,0.5563193600963388,139,72
3KFC-61X,MSE,gradcam,75,0.5633936770300408,121,63
3KFC-61X,MSE,gradcam,80,0.5881782945736435,86,45
3KFC-61X,MSE,gradcam,85,0.6491935483870968,62,33
3KFC-61X,MSE,gradcam,90,0.6791666666666666,40,21
3KFC-61X,MSE,gradcam,95,0.8571428571428571,7,4
3KFC-61X,MSE,gradinput,50,0.46421110907680113,173,89
3KFC-61X,MSE,gradinput,55,0.4626829139213042,171,88
3KFC-61X,MSE,gradinput,60,0.4690106190106192,165,85
3KFC-61X,MSE,gradinput,65,0.4710642404190792,155,80
3KFC-61X,MSE,gradinput,70,0.4892013661797835,139,72
3KFC-61X,MSE,gradinput,75,0.4919519874065329,121,63
3KFC-61X,MSE,gradinput,80,0.5034883720930232,86,45
3KFC-61X,MSE,gradinput,85,0.5532258064516129,62,33
3KFC-61X,MSE,gradinput,90,0.5625,40,21
3KFC-61X,MSE,gradinput,95,0.7142857142857143,7,4
3KFC-61X,MSE,ig,50,0.6156134667780362,173,89
3KFC-61X,MSE,ig,55,0.6173855241192697,171,88
3KFC-61X,MSE,ig,60,0.6142308365035636,165,85
3KFC-61X,MSE,ig,65,0.610770680931971,155,80
3KFC-61X,MSE,ig,70,0.6154673663666467,139,72
3KFC-61X,MSE,ig,75,0.6278991210809389,121,63
3KFC-61X,MSE,ig,80,0.6504983388704322,86,45
3KFC-61X,MSE,ig,85,0.703225806451613,62,33
3KFC-61X,MSE,ig,90,0.7,40,21
3KFC-61X,MSE,ig,95,0.7142857142857143,7,4
3KFC-61X,MSE,shap,50,0.5088805306673378,173,89
3KFC-61X,MSE,shap,55,0.5094642285818757,171,88
3KFC-61X,MSE,shap,60,0.506370077733714,165,85
3KFC-61X,MSE,shap,65,0.5072497574110477,155,80
3KFC-61X,MSE,shap,70,0.5052402234056909,139,72
3KFC-61X,MSE,shap,75,0.5007510166601076,121,63
3KFC-61X,MSE,shap,80,0.5006367663344408,86,45
3KFC-61X,MSE,shap,85,0.5198924731182796,62,33
3KFC-61X,MSE,shap,90,0.6208333333333333,40,21
3KFC-61X,MSE,shap,95,0.8571428571428571,7,4
3KWB-ORH,MSE,cam,50,0.6666666666666666,21,14
3KWB-ORH,MSE,cam,55,0.6666666666666666,21,14
3KWB-ORH,MSE,cam,60,0.6666666666666666,21,14
3KWB-ORH,MSE,cam,65,0.6666666666666666,21,14
3KWB-ORH,MSE,cam,70,0.6470588235294118,17,11
3KWB-ORH,MSE,cam,75,0.6666666666666666,12,8
3KWB-ORH,MSE,cam,80,1.0,2,2
3KWB-ORH,MSE,cam,85,1.0,2,2
3KWB-ORH,MSE,cam,90,1.0,1,1
3KWB-ORH,MSE,cam,95,,0,0
3KWB-ORH,MSE,diff,50,0.4576719576719577,21,14
3KWB-ORH,MSE,diff,55,0.4576719576719577,21,14
3KWB-ORH,MSE,diff,60,0.4576719576719577,21,14
3KWB-ORH,MSE,diff,65,0.4576719576719577,21,14
3KWB-ORH,MSE,diff,70,0.48039215686274517,17,11
3KWB-ORH,MSE,diff,75,0.5615079365079365,12,8
3KWB-ORH,MSE,diff,80,0.5,2,2
3KWB-ORH,MSE,diff,85,0.5,2,2
3KWB-ORH,MSE,diff,90,0.0,1,1
3KWB-ORH,MSE,diff,95,,0,0
3KWB-ORH,MSE,gradcam,50,0.5695956160241875,21,14
3KWB-ORH,MSE,gradcam,55,0.5695956160241875,21,14
3KWB-ORH,MSE,gradcam,60,0.5695956160241875,21,14
3KWB-ORH,MSE,gradcam,65,0.5695956160241875,21,14
3KWB-ORH,MSE,gradcam,70,0.5728991596638656,17,11
3KWB-ORH,MSE,gradcam,75,0.557142857142857,12,8
3KWB-ORH,MSE,gradcam,80,1.0,2,2
3KWB-ORH,MSE,gradcam,85,1.0,2,2
3KWB-ORH,MSE,gradcam,90,1.0,1,1
3KWB-ORH,MSE,gradcam,95,,0,0
3KWB-ORH,MSE,gradinput,50,0.6486772486772487,21,14
3KWB-ORH,MSE,gradinput,55,0.6486772486772487,21,14
3KWB-ORH,MSE,gradinput,60,0.6486772486772487,21,14
3KWB-ORH,MSE,gradinput,65,0.6486772486772487,21,14
3KWB-ORH,MSE,gradinput,70,0.6705882352941177,17,11
3KWB-ORH,MSE,gradinput,75,0.6761904761904761,12,8
3KWB-ORH,MSE,gradinput,80,1.0,2,2
3KWB-ORH,MSE,gradinput,85,1.0,2,2
3KWB-ORH,MSE,gradinput,90,1.0,1,1
3KWB-ORH,MSE,gradinput,95,,0,0
3KWB-ORH,MSE,ig,50,0.8400604686318973,21,14
3KWB-ORH,MSE,ig,55,0.8400604686318973,21,14
3KWB-ORH,MSE,ig,60,0.8400604686318973,21,14
3KWB-ORH,MSE,ig,65,0.8400604686318973,21,14
3KWB-ORH,MSE,ig,70,0.8089635854341737,17,11
3KWB-ORH,MSE,ig,75,0.8305555555555556,12,8
3KWB-ORH,MSE,ig,80,1.0,2,2
3KWB-ORH,MSE,ig,85,1.0,2,2
3KWB-ORH,MSE,ig,90,1.0,1,1
3KWB-ORH,MSE,ig,95,,0,0
3KWB-ORH,MSE,shap,50,0.5823507180650039,21,14
3KWB-ORH,MSE,shap,55,0.5823507180650039,21,14
3KWB-ORH,MSE,shap,60,0.5823507180650039,21,14
3KWB-ORH,MSE,shap,65,0.5823507180650039,21,14
3KWB-ORH,MSE,shap,70,0.5494397759103642,17,11
3KWB-ORH,MSE,shap,75,0.5134920634920634,12,8
3KWB-ORH,MSE,shap,80,0.6666666666666666,2,2
3KWB-ORH,MSE,shap,85,0.6666666666666666,2,2
3KWB-ORH,MSE,shap,90,1.0,1,1
3KWB-ORH,MSE,shap,95,,0,0
3KWF-B1Q,MSE,cam,50,0.5181599274478532,323,182
3KWF-B1Q,MSE,cam,55,0.5181599274478532,323,182
3KWF-B1Q,MSE,cam,60,0.518125505930384,287,164
3KWF-B1Q,MSE,cam,65,0.5183193946634806,279,160
3KWF-B1Q,MSE,cam,70,0.5246913580246914,243,142
3KWF-B1Q,MSE,cam,75,0.5451127819548872,133,87
3KWF-B1Q,MSE,cam,80,0.5521739130434783,115,78
3KWF-B1Q,MSE,cam,85,0.5483870967741935,93,67
3KWF-B1Q,MSE,cam,90,0.5846153846153846,65,52
3KWF-B1Q,MSE,cam,95,0.6818181818181818,22,23
3KWF-B1Q,MSE,diff,50,0.6640411617965793,323,182
3KWF-B1Q,MSE,diff,55,0.6640411617965793,323,182
3KWF-B1Q,MSE,diff,60,0.6703042118547342,287,164
3KWF-B1Q,MSE,diff,65,0.6705268248278998,279,160
3KWF-B1Q,MSE,diff,70,0.6756662747403486,243,142
3KWF-B1Q,MSE,diff,75,0.6642678123881133,133,87
3KWF-B1Q,MSE,diff,80,0.6946376811594203,115,78
3KWF-B1Q,MSE,diff,85,0.7186379928315412,93,67
3KWF-B1Q,MSE,diff,90,0.7538461538461538,65,52
3KWF-B1Q,MSE,diff,95,0.7727272727272727,22,23
3KWF-B1Q,MSE,gradcam,50,0.5900923895505937,323,182
3KWF-B1Q,MSE,gradcam,55,0.5900923895505937,323,182
3KWF-B1Q,MSE,gradcam,60,0.5901065156291636,287,164
3KWF-B1Q,MSE,gradcam,65,0.5856090345337657,279,160
3KWF-B1Q,MSE,gradcam,70,0.58994708994709,243,142
3KWF-B1Q,MSE,gradcam,75,0.6348370927318294,133,87
3KWF-B1Q,MSE,gradcam,80,0.6479710144927535,115,78
3KWF-B1Q,MSE,gradcam,85,0.6774193548387096,93,67
3KWF-B1Q,MSE,gradcam,90,0.7153846153846154,65,52
3KWF-B1Q,MSE,gradcam,95,0.7727272727272727,22,23
3KWF-B1Q,MSE,gradinput,50,0.6247793915750567,323,182
3KWF-B1Q,MSE,gradinput,55,0.6247793915750567,323,182
3KWF-B1Q,MSE,gradinput,60,0.6302616759933831,287,164
3KWF-B1Q,MSE,gradinput,65,0.6301914433634862,279,160
3KWF-B1Q,MSE,gradinput,70,0.6340436997844403,243,142
3KWF-B1Q,MSE,gradinput,75,0.6392588614393124,133,87
3KWF-B1Q,MSE,gradinput,80,0.6495652173913042,115,78
3KWF-B1Q,MSE,gradinput,85,0.6559139784946236,93,67
3KWF-B1Q,MSE,gradinput,90,0.6846153846153846,65,52
3KWF-B1Q,MSE,gradinput,95,0.7272727272727273,22,23
3KWF-B1Q,MSE,ig,50,0.6718792043869446,323,182
3KWF-B1Q,MSE,ig,55,0.6718792043869446,323,182
3KWF-B1Q,MSE,ig,60,0.685768084025924,287,164
3KWF-B1Q,MSE,ig,65,0.6907805655117484,279,160
3KWF-B1Q,MSE,ig,70,0.6998628257887517,243,142
3KWF-B1Q,MSE,ig,75,0.658968850698174,133,87
3KWF-B1Q,MSE,ig,80,0.6811594202898551,115,78
3KWF-B1Q,MSE,ig,85,0.6989247311827957,93,67
3KWF-B1Q,MSE,ig,90,0.7538461538461538,65,52
3KWF-B1Q,MSE,ig,95,0.7727272727272727,22,23
3KWF-B1Q,MSE,shap,50,0.5433188070958971,323,182
3KWF-B1Q,MSE,shap,55,0.5433188070958971,323,182
3KWF-B1Q,MSE,shap,60,0.5447320391571262,287,164
3KWF-B1Q,MSE,shap,65,0.5456946577914319,279,160
3KWF-B1Q,MSE,shap,70,0.5537233000195961,243,142
3KWF-B1Q,MSE,shap,75,0.5679377013963481,133,87
3KWF-B1Q,MSE,shap,80,0.5644927536231884,115,78
3KWF-B1Q,MSE,shap,85,0.5609318996415772,93,67
3KWF-B1Q,MSE,shap,90,0.5923076923076923,65,52
3KWF-B1Q,MSE,shap,95,0.6818181818181818,22,23
3KWZ-KWZ,MSE,cam,50,0.5026455026455027,189,95
3KWZ-KWZ,MSE,cam,55,0.5027322404371585,183,92
3KWZ-KWZ,MSE,cam,60,0.5029940119760479,167,84
3KWZ-KWZ,MSE,cam,65,0.5040650406504065,123,62
3KWZ-KWZ,MSE,cam,70,0.5066666666666667,75,38
3KWZ-KWZ,MSE,cam,75,0.5102040816326531,49,25
3KWZ-KWZ,MSE,cam,80,0.5142857142857142,35,18
3KWZ-KWZ,MSE,cam,85,0.5333333333333333,15,8
3KWZ-KWZ,MSE,cam,90,0.5714285714285714,7,4
3KWZ-KWZ,MSE,cam,95,0.5,2,1
3KWZ-KWZ,MSE,diff,50,0.6587210849115611,189,95
3KWZ-KWZ,MSE,diff,55,0.6559625256346567,183,92
3KWZ-KWZ,MSE,diff,60,0.6542460533478498,167,84
3KWZ-KWZ,MSE,diff,65,0.6646341463414634,123,62
3KWZ-KWZ,MSE,diff,70,0.693111111111111,75,38
3KWZ-KWZ,MSE,diff,75,0.7061224489795918,49,25
3KWZ-KWZ,MSE,diff,80,0.7471428571428571,35,18
3KWZ-KWZ,MSE,diff,85,0.8666666666666667,15,8
3KWZ-KWZ,MSE,diff,90,0.7142857142857143,7,4
3KWZ-KWZ,MSE,diff,95,0.5,2,1
3KWZ-KWZ,MSE,gradcam,50,0.5621338097528573,189,95
3KWZ-KWZ,MSE,gradcam,55,0.5641709838431149,183,92
3KWZ-KWZ,MSE,gradcam,60,0.5583430541514374,167,84
3KWZ-KWZ,MSE,gradcam,65,0.5435152922957801,123,62
3KWZ-KWZ,MSE,gradcam,70,0.49380952380952386,75,38
3KWZ-KWZ,MSE,gradcam,75,0.4602040816326531,49,25
3KWZ-KWZ,MSE,gradcam,80,0.4442857142857143,35,18
3KWZ-KWZ,MSE,gradcam,85,0.4666666666666667,15,8
3KWZ-KWZ,MSE,gradcam,90,0.5714285714285714,7,4
3KWZ-KWZ,MSE,gradcam,95,0.0,2,1
3KWZ-KWZ,MSE,gradinput,50,0.6463933773457584,189,95
3KWZ-KWZ,MSE,gradinput,55,0.6475241516225124,183,92
3KWZ-KWZ,MSE,gradinput,60,0.6432718977629158,167,84
3KWZ-KWZ,MSE,gradinput,65,0.6030971738288811,123,62
3KWZ-KWZ,MSE,gradinput,70,0.5553015873015874,75,38
3KWZ-KWZ,MSE,gradinput,75,0.5962585034013606,49,25
3KWZ-KWZ,MSE,gradinput,80,0.6033333333333333,35,18
3KWZ-KWZ,MSE,gradinput,85,0.7333333333333333,15,8
3KWZ-KWZ,MSE,gradinput,90,0.5714285714285714,7,4
3KWZ-KWZ,MSE,gradinput,95,0.0,2,1
3KWZ-KWZ,MSE,ig,50,0.7032115444813859,189,95
3KWZ-KWZ,MSE,ig,55,0.7062572521588917,183,92
3KWZ-KWZ,MSE,ig,60,0.7177273159309088,167,84
3KWZ-KWZ,MSE,ig,65,0.7308684991611819,123,62
3KWZ-KWZ,MSE,ig,70,0.692698412698413,75,38
3KWZ-KWZ,MSE,ig,75,0.7578231292517008,49,25
3KWZ-KWZ,MSE,ig,80,0.8214285714285715,35,18
3KWZ-KWZ,MSE,ig,85,0.9,15,8
3KWZ-KWZ,MSE,ig,90,1.0,7,4
3KWZ-KWZ,MSE,ig,95,1.0,2,1
3KWZ-KWZ,MSE,shap,50,0.5460483520007332,189,95
3KWZ-KWZ,MSE,shap,55,0.5436679440777804,183,92
3KWZ-KWZ,MSE,shap,60,0.5528417191590845,167,84
3KWZ-KWZ,MSE,shap,65,0.5609659310878822,123,62
3KWZ-KWZ,MSE,shap,70,0.5609841269841269,75,38
3KWZ-KWZ,MSE,shap,75,0.55578231292517,49,25
3KWZ-KWZ,MSE,shap,80,0.5723809523809523,35,18
3KWZ-KWZ,MSE,shap,85,0.6,15,8
3KWZ-KWZ,MSE,shap,90,0.6428571428571429,7,4
3KWZ-KWZ,MSE,shap,95,0.5,2,1
3KYR-038,MSE,cam,50,0.5,40,20
3KYR-038,MSE,cam,55,0.5,40,20
3KYR-038,MSE,cam,60,0.5,40,20
3KYR-038,MSE,cam,65,0.5,32,16
3KYR-038,MSE,cam,70,0.5,30,15
3KYR-038,MSE,cam,75,0.5,16,8
3KYR-038,MSE,cam,80,0.5,4,2
3KYR-038,MSE,cam,85,0.5,4,2
3KYR-038,MSE,cam,90,0.5,2,1
3KYR-038,MSE,cam,95,,0,0
3KYR-038,MSE,diff,50,0.5378015040515042,40,20
3KYR-038,MSE,diff,55,0.5378015040515042,40,20
3KYR-038,MSE,diff,60,0.5378015040515042,40,20
3KYR-038,MSE,diff,65,0.5276338245088247,32,16
3KYR-038,MSE,diff,70,0.5254020054020055,30,15
3KYR-038,MSE,diff,75,0.5364583333333333,16,8
3KYR-038,MSE,diff,80,0.6666666666666667,4,2
3KYR-038,MSE,diff,85,0.6666666666666667,4,2
3KYR-038,MSE,diff,90,0.75,2,1
3KYR-038,MSE,diff,95,,0,0
3KYR-038,MSE,gradcam,50,0.5084441946941948,40,20
3KYR-038,MSE,gradcam,55,0.5084441946941948,40,20
3KYR-038,MSE,gradcam,60,0.5084441946941948,40,20
3KYR-038,MSE,gradcam,65,0.5157635767010766,32,16
3KYR-038,MSE,gradcam,70,0.516073741073741,30,15
3KYR-038,MSE,gradcam,75,0.5364583333333333,16,8
3KYR-038,MSE,gradcam,80,0.7291666666666666,4,2
3KYR-038,MSE,gradcam,85,0.7291666666666666,4,2
3KYR-038,MSE,gradcam,90,0.75,2,1
3KYR-038,MSE,gradcam,95,,0,0
3KYR-038,MSE,gradinput,50,0.5009838772338773,40,20
3KYR-038,MSE,gradinput,55,0.5009838772338773,40,20
3KYR-038,MSE,gradinput,60,0.5009838772338773,40,20
3KYR-038,MSE,gradinput,65,0.4949798465423466,32,16
3KYR-038,MSE,gradinput,70,0.4957562807562808,30,15
3KYR-038,MSE,gradinput,75,0.5052083333333333,16,8
3KYR-038,MSE,gradinput,80,0.6041666666666666,4,2
3KYR-038,MSE,gradinput,85,0.6041666666666666,4,2
3KYR-038,MSE,gradinput,90,0.625,2,1
3KYR-038,MSE,gradinput,95,,0,0
3KYR-038,MSE,ig,50,0.4935266122766123,40,20
3KYR-038,MSE,ig,55,0.4935266122766123,40,20
3KYR-038,MSE,ig,60,0.4935266122766123,40,20
3KYR-038,MSE,ig,65,0.49538048756798764,32,16
3KYR-038,MSE,ig,70,0.49618363118363124,30,15
3KYR-038,MSE,ig,75,0.515625,16,8
3KYR-038,MSE,ig,80,0.7291666666666666,4,2
3KYR-038,MSE,ig,85,0.7291666666666666,4,2
3KYR-038,MSE,ig,90,0.75,2,1
3KYR-038,MSE,ig,95,,0,0
3KYR-038,MSE,shap,50,0.47311702186702204,40,20
3KYR-038,MSE,shap,55,0.47311702186702204,40,20
3KYR-038,MSE,shap,60,0.47311702186702204,40,20
3KYR-038,MSE,shap,65,0.4752504440004441,32,16
3KYR-038,MSE,shap,70,0.4761930661930663,30,15
3KYR-038,MSE,shap,75,0.45312499999999994,16,8
3KYR-038,MSE,shap,80,0.3125,4,2
3KYR-038,MSE,shap,85,0.3125,4,2
3KYR-038,MSE,shap,90,0.375,2,1
3KYR-038,MSE,shap,95,,0,0
3L08-ZIG,MSE,cam,50,0.4942407636926354,88,44
3L08-ZIG,MSE,cam,55,0.4942407636926354,88,44
3L08-ZIG,MSE,cam,60,0.4942407636926354,88,44
3L08-ZIG,MSE,cam,65,0.49186567400853115,84,42
3L08-ZIG,MSE,cam,70,0.49969636844636844,72,36
3L08-ZIG,MSE,cam,75,0.502125850340136,56,28
3L08-ZIG,MSE,cam,80,0.4976503759398496,38,19
3L08-ZIG,MSE,cam,85,0.5,12,6
3L08-ZIG,MSE,cam,90,0.5,6,3
3L08-ZIG,MSE,cam,95,0.5,4,2
3L08-ZIG,MSE,diff,50,0.6489809136199509,88,44
3L08-ZIG,MSE,diff,55,0.6489809136199509,88,44
3L08-ZIG,MSE,diff,60,0.6489809136199509,88,44
3L08-ZIG,MSE,diff,65,0.6507356069856068,84,42
3L08-ZIG,MSE,diff,70,0.6551194561611228,72,36
3L08-ZIG,MSE,diff,75,0.6545422335600908,56,28
3L08-ZIG,MSE,diff,80,0.7004385964912282,38,19
3L08-ZIG,MSE,diff,85,0.875,12,6
3L08-ZIG,MSE,diff,90,1.0,6,3
3L08-ZIG,MSE,diff,95,1.0,4,2
3L08-ZIG,MSE,gradcam,50,0.5012292344093814,88,44
3L08-ZIG,MSE,gradcam,55,0.5012292344093814,88,44
3L08-ZIG,MSE,gradcam,60,0.5012292344093814,88,44
3L08-ZIG,MSE,gradcam,65,0.49923069655212504,84,42
3L08-ZIG,MSE,gradcam,70,0.5216643310393311,72,36
3L08-ZIG,MSE,gradcam,75,0.5731079931972788,56,28
3L08-ZIG,MSE,gradcam,80,0.618703007518797,38,19
3L08-ZIG,MSE,gradcam,85,0.7083333333333334,12,6
3L08-ZIG,MSE,gradcam,90,0.8333333333333334,6,3
3L08-ZIG,MSE,gradcam,95,0.75,4,2
3L08-ZIG,MSE,gradinput,50,0.5211342532615927,88,44
3L08-ZIG,MSE,gradinput,55,0.5211342532615927,88,44
3L08-ZIG,MSE,gradinput,60,0.5211342532615927,88,44
3L08-ZIG,MSE,gradinput,65,0.5187705482348338,84,42
3L08-ZIG,MSE,gradinput,70,0.5272497949581282,72,36
3L08-ZIG,MSE,gradinput,75,0.5435870181405896,56,28
3L08-ZIG,MSE,gradinput,80,0.5844924812030076,38,19
3L08-ZIG,MSE,gradinput,85,0.7083333333333334,12,6
3L08-ZIG,MSE,gradinput,90,0.9166666666666666,6,3
3L08-ZIG,MSE,gradinput,95,1.0,4,2
3L08-ZIG,MSE,ig,50,0.6521995968603588,88,44
3L08-ZIG,MSE,ig,55,0.6521995968603588,88,44
3L08-ZIG,MSE,ig,60,0.6521995968603588,88,44
3L08-ZIG,MSE,ig,65,0.6540637933495075,84,42
3L08-ZIG,MSE,ig,70,0.6634700947200947,72,36
3L08-ZIG,MSE,ig,75,0.6694302721088434,56,28
3L08-ZIG,MSE,ig,80,0.6817042606516293,38,19
3L08-ZIG,MSE,ig,85,0.7333333333333334,12,6
3L08-ZIG,MSE,ig,90,0.75,6,3
3L08-ZIG,MSE,ig,95,0.75,4,2
3L08-ZIG,MSE,shap,50,0.5437392709785758,88,44
3L08-ZIG,MSE,shap,55,0.5437392709785758,88,44
3L08-ZIG,MSE,shap,60,0.5437392709785758,88,44
3L08-ZIG,MSE,shap,65,0.544723926866784,84,42
3L08-ZIG,MSE,shap,70,0.5509675509675509,72,36
3L08-ZIG,MSE,shap,75,0.5374574829931972,56,28
3L08-ZIG,MSE,shap,80,0.5429824561403509,38,19
3L08-ZIG,MSE,shap,85,0.6208333333333333,12,6
3L08-ZIG,MSE,shap,90,0.5,6,3
3L08-ZIG,MSE,shap,95,0.5,4,2
3L9H-EMQ,MSE,cam,50,0.5074626865671642,201,105
3L9H-EMQ,MSE,cam,55,0.5076142131979695,197,103
3L9H-EMQ,MSE,cam,60,0.5085714285714286,175,92
3L9H-EMQ,MSE,cam,65,0.5079365079365079,126,67
3L9H-EMQ,MSE,cam,70,0.5048543689320388,103,55
3L9H-EMQ,MSE,cam,75,0.5076923076923077,65,36
3L9H-EMQ,MSE,cam,80,0.5,32,19
3L9H-EMQ,MSE,cam,85,0.4583333333333333,24,14
3L9H-EMQ,MSE,cam,90,0.5,8,5
3L9H-EMQ,MSE,cam,95,0.5,6,4
3L9H-EMQ,MSE,diff,50,0.6564803908087481,201,105
3L9H-EMQ,MSE,diff,55,0.6568375786649889,197,103
3L9H-EMQ,MSE,diff,60,0.6414114456971595,175,92
3L9H-EMQ,MSE,diff,65,0.6305040197897341,126,67
3L9H-EMQ,MSE,diff,70,0.6277392510402221,103,55
3L9H-EMQ,MSE,diff,75,0.6185714285714283,65,36
3L9H-EMQ,MSE,diff,80,0.6619791666666667,32,19
3L9H-EMQ,MSE,diff,85,0.6666666666666666,24,14
3L9H-EMQ,MSE,diff,90,0.625,8,5
3L9H-EMQ,MSE,diff,95,0.6666666666666666,6,4
3L9H-EMQ,MSE,gradcam,50,0.5831381857501259,201,105
3L9H-EMQ,MSE,gradcam,55,0.5803141444004387,197,103
3L9H-EMQ,MSE,gradcam,60,0.579227106227106,175,92
3L9H-EMQ,MSE,gradcam,65,0.619486531986532,126,67
3L9H-EMQ,MSE,gradcam,70,0.6271035598705502,103,55
3L9H-EMQ,MSE,gradcam,75,0.708937728937729,65,36
3L9H-EMQ,MSE,gradcam,80,0.7083333333333333,32,19
3L9H-EMQ,MSE,gradcam,85,0.6944444444444443,24,14
3L9H-EMQ,MSE,gradcam,90,0.625,8,5
3L9H-EMQ,MSE,gradcam,95,0.6666666666666666,6,4
3L9H-EMQ,MSE,gradinput,50,0.6224938549565422,201,105
3L9H-EMQ,MSE,gradinput,55,0.61821285031945,197,103
3L9H-EMQ,MSE,gradinput,60,0.6034004249718541,175,92
3L9H-EMQ,MSE,gradinput,65,0.6237565564946516,126,67
3L9H-EMQ,MSE,gradinput,70,0.6243296347665277,103,55
3L9H-EMQ,MSE,gradinput,75,0.7113919413919415,65,36
3L9H-EMQ,MSE,gradinput,80,0.6744791666666666,32,19
3L9H-EMQ,MSE,gradinput,85,0.6458333333333334,24,14
3L9H-EMQ,MSE,gradinput,90,0.625,8,5
3L9H-EMQ,MSE,gradinput,95,0.5,6,4
3L9H-EMQ,MSE,ig,50,0.5911942258957182,201,105
3L9H-EMQ,MSE,ig,55,0.5907898221349998,197,103
3L9H-EMQ,MSE,ig,60,0.5864346922918356,175,92
3L9H-EMQ,MSE,ig,65,0.6202137589042352,126,67
3L9H-EMQ,MSE,ig,70,0.6329750346740637,103,55
3L9H-EMQ,MSE,ig,75,0.6877655677655676,65,36
3L9H-EMQ,MSE,ig,80,0.7291666666666667,32,19
3L9H-EMQ,MSE,ig,85,0.75,24,14
3L9H-EMQ,MSE,ig,90,1.0,8,5
3L9H-EMQ,MSE,ig,95,1.0,6,4
3L9H-EMQ,MSE,shap,50,0.546608780937139,201,105
3L9H-EMQ,MSE,shap,55,0.5450170810576901,197,103
3L9H-EMQ,MSE,shap,60,0.5504995004995005,175,92
3L9H-EMQ,MSE,shap,65,0.5562770562770564,126,67
3L9H-EMQ,MSE,shap,70,0.5602750809061489,103,55
3L9H-EMQ,MSE,shap,75,0.5467032967032965,65,36
3L9H-EMQ,MSE,shap,80,0.5953125000000001,32,19
3L9H-EMQ,MSE,shap,85,0.5972222222222222,24,14
3L9H-EMQ,MSE,shap,90,0.5,8,5
3L9H-EMQ,MSE,shap,95,0.6666666666666666,6,4
3M6F-BJZ,MSE,cam,50,0.5,52,26
3M6F-BJZ,MSE,cam,55,0.5,52,26
3M6F-BJZ,MSE,cam,60,0.5,52,26
3M6F-BJZ,MSE,cam,65,0.5,52,26
3M6F-BJZ,MSE,cam,70,0.5,48,24
3M6F-BJZ,MSE,cam,75,0.5,38,19
3M6F-BJZ,MSE,cam,80,0.5,32,16
3M6F-BJZ,MSE,cam,85,0.5,10,5
3M6F-BJZ,MSE,cam,90,0.5,2,1
3M6F-BJZ,MSE,cam,95,,0,0
3M6F-BJZ,MSE,diff,50,0.6981844544344544,52,26
3M6F-BJZ,MSE,diff,55,0.6981844544344544,52,26
3M6F-BJZ,MSE,diff,60,0.6981844544344544,52,26
3M6F-BJZ,MSE,diff,65,0.6981844544344544,52,26
3M6F-BJZ,MSE,diff,70,0.7115169552669552,48,24
3M6F-BJZ,MSE,diff,75,0.680576441102757,38,19
3M6F-BJZ,MSE,diff,80,0.6566220238095237,32,16
3M6F-BJZ,MSE,diff,85,0.675,10,5
3M6F-BJZ,MSE,diff,90,1.0,2,1
3M6F-BJZ,MSE,diff,95,,0,0
3M6F-BJZ,MSE,gradcam,50,0.6028506216006215,52,26
3M6F-BJZ,MSE,gradcam,55,0.6028506216006215,52,26
3M6F-BJZ,MSE,gradcam,60,0.6028506216006215,52,26
3M6F-BJZ,MSE,gradcam,65,0.6028506216006215,52,26
3M6F-BJZ,MSE,gradcam,70,0.5795928030303029,48,24
3M6F-BJZ,MSE,gradcam,75,0.5809210526315788,38,19
3M6F-BJZ,MSE,gradcam,80,0.5578125,32,16
3M6F-BJZ,MSE,gradcam,85,0.43500000000000005,10,5
3M6F-BJZ,MSE,gradcam,90,1.0,2,1
3M6F-BJZ,MSE,gradcam,95,,0,0
3M6F-BJZ,MSE,gradinput,50,0.6282502220002217,52,26
3M6F-BJZ,MSE,gradinput,55,0.6282502220002217,52,26
3M6F-BJZ,MSE,gradinput,60,0.6282502220002217,52,26
3M6F-BJZ,MSE,gradinput,65,0.6282502220002217,52,26
3M6F-BJZ,MSE,gradinput,70,0.6218659812409809,48,24
3M6F-BJZ,MSE,gradinput,75,0.6142230576441101,38,19
3M6F-BJZ,MSE,gradinput,80,0.579389880952381,32,16
3M6F-BJZ,MSE,gradinput,85,0.4600000000000001,10,5
3M6F-BJZ,MSE,gradinput,90,1.0,2,1
3M6F-BJZ,MSE,gradinput,95,,0,0
3M6F-BJZ,MSE,ig,50,0.7118450993450993,52,26
3M6F-BJZ,MSE,ig,55,0.7118450993450993,52,26
3M6F-BJZ,MSE,ig,60,0.7118450993450993,52,26
3M6F-BJZ,MSE,ig,65,0.7118450993450993,52,26
3M6F-BJZ,MSE,ig,70,0.7309456168831169,48,24
3M6F-BJZ,MSE,ig,75,0.7027255639097746,38,19
3M6F-BJZ,MSE,ig,80,0.6712053571428572,32,16
3M6F-BJZ,MSE,ig,85,0.63,10,5
3M6F-BJZ,MSE,ig,90,1.0,2,1
3M6F-BJZ,MSE,ig,95,,0,0
3M6F-BJZ,MSE,shap,50,0.5040119602619602,52,26
3M6F-BJZ,MSE,shap,55,0.5040119602619602,52,26
3M6F-BJZ,MSE,shap,60,0.5040119602619602,52,26
3M6F-BJZ,MSE,shap,65,0.5040119602619602,52,26
3M6F-BJZ,MSE,shap,70,0.49335091991341984,48,24
3M6F-BJZ,MSE,shap,75,0.47246240601503753,38,19
3M6F-BJZ,MSE,shap,80,0.4191220238095238,32,16
3M6F-BJZ,MSE,shap,85,0.43166666666666664,10,5
3M6F-BJZ,MSE,shap,90,0.3333333333333333,2,1
3M6F-BJZ,MSE,shap,95,,0,0
3N0T-OPY,MSE,cam,50,0.5306122448979592,490,261
3N0T-OPY,MSE,cam,55,0.5337837837837838,444,238
3N0T-OPY,MSE,cam,60,0.5354330708661418,381,205
3N0T-OPY,MSE,cam,65,0.5368098159509203,326,176
3N0T-OPY,MSE,cam,70,0.5364963503649635,274,148
3N0T-OPY,MSE,cam,75,0.5481927710843374,166,92
3N0T-OPY,MSE,cam,80,0.5543478260869565,92,52
3N0T-OPY,MSE,cam,85,0.6060606060606061,33,21
3N0T-OPY,MSE,cam,90,0.5555555555555556,9,6
3N0T-OPY,MSE,cam,95,,0,0
3N0T-OPY,MSE,diff,50,0.6006673145448661,490,261
3N0T-OPY,MSE,diff,55,0.6051909051909056,444,238
3N0T-OPY,MSE,diff,60,0.6116704161979752,381,205
3N0T-OPY,MSE,diff,65,0.6202965235173823,326,176
3N0T-OPY,MSE,diff,70,0.6278588807785886,274,148
3N0T-OPY,MSE,diff,75,0.6275100401606425,166,92
3N0T-OPY,MSE,diff,80,0.6340579710144926,92,52
3N0T-OPY,MSE,diff,85,0.5757575757575758,33,21
3N0T-OPY,MSE,diff,90,0.6666666666666666,9,6
3N0T-OPY,MSE,diff,95,,0,0
3N0T-OPY,MSE,gradcam,50,0.6183624878522835,490,261
3N0T-OPY,MSE,gradcam,55,0.6147844272844271,444,238
3N0T-OPY,MSE,gradcam,60,0.6216785401824769,381,205
3N0T-OPY,MSE,gradcam,65,0.6417689161554194,326,176
3N0T-OPY,MSE,gradcam,70,0.634549878345499,274,148
3N0T-OPY,MSE,gradcam,75,0.6651606425702811,166,92
3N0T-OPY,MSE,gradcam,80,0.6666666666666667,92,52
3N0T-OPY,MSE,gradcam,85,0.7727272727272727,33,21
3N0T-OPY,MSE,gradcam,90,0.7777777777777778,9,6
3N0T-OPY,MSE,gradcam,95,,0,0
3N0T-OPY,MSE,gradinput,50,0.6142184969225788,490,261
3N0T-OPY,MSE,gradinput,55,0.6180939868439871,444,238
3N0T-OPY,MSE,gradinput,60,0.6195350581177352,381,205
3N0T-OPY,MSE,gradinput,65,0.6324642126789365,326,176
3N0T-OPY,MSE,gradinput,70,0.637530413625304,274,148
3N0T-OPY,MSE,gradinput,75,0.6516064257028112,166,92
3N0T-OPY,MSE,gradinput,80,0.6557971014492753,92,52
3N0T-OPY,MSE,gradinput,85,0.7272727272727273,33,21
3N0T-OPY,MSE,gradinput,90,0.6666666666666666,9,6
3N0T-OPY,MSE,gradinput,95,,0,0
3N0T-OPY,MSE,ig,50,0.6665022675736966,490,261
3N0T-OPY,MSE,ig,55,0.6746308808808809,444,238
3N0T-OPY,MSE,ig,60,0.6843082114735657,381,205
3N0T-OPY,MSE,ig,65,0.6859918200408995,326,176
3N0T-OPY,MSE,ig,70,0.688442822384428,274,148
3N0T-OPY,MSE,ig,75,0.6927710843373495,166,92
3N0T-OPY,MSE,ig,80,0.6865942028985507,92,52
3N0T-OPY,MSE,ig,85,0.7121212121212122,33,21
3N0T-OPY,MSE,ig,90,0.6666666666666666,9,6
3N0T-OPY,MSE,ig,95,,0,0
3N0T-OPY,MSE,shap,50,0.5786839974084871,490,261
3N0T-OPY,MSE,shap,55,0.5785651723151726,444,238
3N0T-OPY,MSE,shap,60,0.5833989501312339,381,205
3N0T-OPY,MSE,shap,65,0.5996421267893662,326,176
3N0T-OPY,MSE,shap,70,0.6045012165450122,274,148
3N0T-OPY,MSE,shap,75,0.6049196787148595,166,92
3N0T-OPY,MSE,shap,80,0.5960144927536233,92,52
3N0T-OPY,MSE,shap,85,0.5909090909090909,33,21
3N0T-OPY,MSE,shap,90,0.4444444444444444,9,6
3N0T-OPY,MSE,shap,95,,0,0
3N3G-93N,MSE,cam,50,0.4878048780487805,41,21
3N3G-93N,MSE,cam,55,0.4878048780487805,41,21
3N3G-93N,MSE,cam,60,0.4878048780487805,41,21
3N3G-93N,MSE,cam,65,0.48717948717948717,39,20
3N3G-93N,MSE,cam,70,0.4857142857142857,35,18
3N3G-93N,MSE,cam,75,0.4838709677419355,31,16
3N3G-93N,MSE,cam,80,0.48148148148148145,27,14
3N3G-93N,MSE,cam,85,0.47058823529411764,17,9
3N3G-93N,MSE,cam,90,0.42857142857142855,7,4
3N3G-93N,MSE,cam,95,0.5,2,1
3N3G-93N,MSE,diff,50,0.7539697429941332,41,21
3N3G-93N,MSE,diff,55,0.7539697429941332,41,21
3N3G-93N,MSE,diff,60,0.7539697429941332,41,21
3N3G-93N,MSE,diff,65,0.7433251933251933,39,20
3N3G-93N,MSE,diff,70,0.7624036281179138,35,18
3N3G-93N,MSE,diff,75,0.7702764976958526,31,16
3N3G-93N,MSE,diff,80,0.7635802469135804,27,14
3N3G-93N,MSE,diff,85,0.8019607843137255,17,9
3N3G-93N,MSE,diff,90,0.8333333333333333,7,4
3N3G-93N,MSE,diff,95,1.0,2,1
3N3G-93N,MSE,gradcam,50,0.5345736918907651,41,21
3N3G-93N,MSE,gradcam,55,0.5345736918907651,41,21
3N3G-93N,MSE,gradcam,60,0.5345736918907651,41,21
3N3G-93N,MSE,gradcam,65,0.5383190883190884,39,20
3N3G-93N,MSE,gradcam,70,0.5474603174603174,35,18
3N3G-93N,MSE,gradcam,75,0.5419354838709678,31,16
3N3G-93N,MSE,gradcam,80,0.5481481481481482,27,14
3N3G-93N,MSE,gradcam,85,0.5176470588235295,17,9
3N3G-93N,MSE,gradcam,90,0.42857142857142855,7,4
3N3G-93N,MSE,gradcam,95,0.5,2,1
3N3G-93N,MSE,gradinput,50,0.7064571607254534,41,21
3N3G-93N,MSE,gradinput,55,0.7064571607254534,41,21
3N3G-93N,MSE,gradinput,60,0.7064571607254534,41,21
3N3G-93N,MSE,gradinput,65,0.6933760683760684,39,20
3N3G-93N,MSE,gradinput,70,0.7067460317460318,35,18
3N3G-93N,MSE,gradinput,75,0.6989247311827957,31,16
3N3G-93N,MSE,gradinput,80,0.6913580246913581,27,14
3N3G-93N,MSE,gradinput,85,0.7578431372549019,17,9
3N3G-93N,MSE,gradinput,90,0.8333333333333333,7,4
3N3G-93N,MSE,gradinput,95,1.0,2,1
3N3G-93N,MSE,ig,50,0.7848960659936269,41,21
3N3G-93N,MSE,ig,55,0.7848960659936269,41,21
3N3G-93N,MSE,ig,60,0.7848960659936269,41,21
3N3G-93N,MSE,ig,65,0.7797822547822548,39,20
3N3G-93N,MSE,ig,70,0.8093764172335601,35,18
3N3G-93N,MSE,ig,75,0.8165898617511521,31,16
3N3G-93N,MSE,ig,80,0.8185185185185185,27,14
3N3G-93N,MSE,ig,85,0.8558823529411765,17,9
3N3G-93N,MSE,ig,90,0.9285714285714286,7,4
3N3G-93N,MSE,ig,95,1.0,2,1
3N3G-93N,MSE,shap,50,0.5572262425920963,41,21
3N3G-93N,MSE,shap,55,0.5572262425920963,41,21
3N3G-93N,MSE,shap,60,0.5572262425920963,41,21
3N3G-93N,MSE,shap,65,0.5680504680504682,39,20
3N3G-93N,MSE,shap,70,0.5742403628117914,35,18
3N3G-93N,MSE,shap,75,0.5900921658986176,31,16
3N3G-93N,MSE,shap,80,0.6104938271604938,27,14
3N3G-93N,MSE,shap,85,0.6794117647058824,17,9
3N3G-93N,MSE,shap,90,0.6428571428571429,7,4
3N3G-93N,MSE,shap,95,1.0,2,1
3N7R-N7R,MSE,cam,50,0.5081967213114754,122,62
3N7R-N7R,MSE,cam,55,0.5081967213114754,122,62
3N7R-N7R,MSE,cam,60,0.5081967213114754,122,62
3N7R-N7R,MSE,cam,65,0.5081967213114754,122,62
3N7R-N7R,MSE,cam,70,0.5092592592592593,108,55
3N7R-N7R,MSE,cam,75,0.5128205128205128,78,40
3N7R-N7R,MSE,cam,80,0.5238095238095238,42,22
3N7R-N7R,MSE,cam,85,0.55,20,11
3N7R-N7R,MSE,cam,90,0.5454545454545454,11,6
3N7R-N7R,MSE,cam,95,,0,0
3N7R-N7R,MSE,diff,50,0.8514081546868432,122,62
3N7R-N7R,MSE,diff,55,0.8514081546868432,122,62
3N7R-N7R,MSE,diff,60,0.8514081546868432,122,62
3N7R-N7R,MSE,diff,65,0.8514081546868432,122,62
3N7R-N7R,MSE,diff,70,0.849647266313933,108,55
3N7R-N7R,MSE,diff,75,0.8358363858363855,78,40
3N7R-N7R,MSE,diff,80,0.791950113378685,42,22
3N7R-N7R,MSE,diff,85,0.7666666666666667,20,11
3N7R-N7R,MSE,diff,90,0.712121212121212,11,6
3N7R-N7R,MSE,diff,95,,0,0
3N7R-N7R,MSE,gradcam,50,0.7838467998304063,122,62
3N7R-N7R,MSE,gradcam,55,0.7838467998304063,122,62
3N7R-N7R,MSE,gradcam,60,0.7838467998304063,122,62
3N7R-N7R,MSE,gradcam,65,0.7838467998304063,122,62
3N7R-N7R,MSE,gradcam,70,0.7626950724172947,108,55
3N7R-N7R,MSE,gradcam,75,0.703164428164428,78,40
3N7R-N7R,MSE,gradcam,80,0.6405328798185943,42,22
3N7R-N7R,MSE,gradcam,85,0.5558333333333332,20,11
3N7R-N7R,MSE,gradcam,90,0.5151515151515151,11,6
3N7R-N7R,MSE,gradcam,95,,0,0
3N7R-N7R,MSE,gradinput,50,0.5627087848399325,122,62
3N7R-N7R,MSE,gradinput,55,0.5627087848399325,122,62
3N7R-N7R,MSE,gradinput,60,0.5627087848399325,122,62
3N7R-N7R,MSE,gradinput,65,0.5627087848399325,122,62
3N7R-N7R,MSE,gradinput,70,0.5875247180802736,108,55
3N7R-N7R,MSE,gradinput,75,0.6383597883597883,78,40
3N7R-N7R,MSE,gradinput,80,0.6892290249433108,42,22
3N7R-N7R,MSE,gradinput,85,0.7366666666666666,20,11
3N7R-N7R,MSE,gradinput,90,0.8030303030303031,11,6
3N7R-N7R,MSE,gradinput,95,,0,0
3N7R-N7R,MSE,ig,50,0.5819277034440969,122,62
3N7R-N7R,MSE,ig,55,0.5819277034440969,122,62
3N7R-N7R,MSE,ig,60,0.5819277034440969,122,62
3N7R-N7R,MSE,ig,65,0.5819277034440969,122,62
3N7R-N7R,MSE,ig,70,0.597279341029341,108,55
3N7R-N7R,MSE,ig,75,0.6349664224664224,78,40
3N7R-N7R,MSE,ig,80,0.6294217687074831,42,22
3N7R-N7R,MSE,ig,85,0.5658333333333332,20,11
3N7R-N7R,MSE,ig,90,0.5151515151515151,11,6
3N7R-N7R,MSE,ig,95,,0,0
3N7R-N7R,MSE,shap,50,0.5447535843027647,122,62
3N7R-N7R,MSE,shap,55,0.5447535843027647,122,62
3N7R-N7R,MSE,shap,60,0.5447535843027647,122,62
3N7R-N7R,MSE,shap,65,0.5447535843027647,122,62
3N7R-N7R,MSE,shap,70,0.5422114665170221,108,55
3N7R-N7R,MSE,shap,75,0.5981125356125356,78,40
3N7R-N7R,MSE,shap,80,0.5615079365079364,42,22
3N7R-N7R,MSE,shap,85,0.4291666666666666,20,11
3N7R-N7R,MSE,shap,90,0.3484848484848485,11,6
3N7R-N7R,MSE,shap,95,,0,0
3NC9-TR3,MSE,cam,50,0.5047619047619047,105,56
3NC9-TR3,MSE,cam,55,0.5048543689320388,103,55
3NC9-TR3,MSE,cam,60,0.5076923076923077,65,36
3NC9-TR3,MSE,cam,65,0.5142857142857142,35,21
3NC9-TR3,MSE,cam,70,0.5294117647058824,17,12
3NC9-TR3,MSE,cam,75,0.5384615384615384,13,10
3NC9-TR3,MSE,cam,80,0.7142857142857143,7,6
3NC9-TR3,MSE,cam,85,0.7142857142857143,7,6
3NC9-TR3,MSE,cam,90,0.8,5,5
3NC9-TR3,MSE,cam,95,1.0,2,2
3NC9-TR3,MSE,diff,50,0.6367867582153294,105,56
3NC9-TR3,MSE,diff,55,0.6365147797186631,103,55
3NC9-TR3,MSE,diff,60,0.6309190809190808,65,36
3NC9-TR3,MSE,diff,65,0.6573696145124716,35,21
3NC9-TR3,MSE,diff,70,0.6512605042016807,17,12
3NC9-TR3,MSE,diff,75,0.63003663003663,13,10
3NC9-TR3,MSE,diff,80,0.6428571428571429,7,6
3NC9-TR3,MSE,diff,85,0.6428571428571429,7,6
3NC9-TR3,MSE,diff,90,0.7,5,5
3NC9-TR3,MSE,diff,95,0.5,2,2
3NC9-TR3,MSE,gradcam,50,0.4782622139764999,105,56
3NC9-TR3,MSE,gradcam,55,0.4746038750893121,103,55
3NC9-TR3,MSE,gradcam,60,0.5025530025530025,65,36
3NC9-TR3,MSE,gradcam,65,0.5165646258503401,35,21
3NC9-TR3,MSE,gradcam,70,0.5346872082166199,17,12
3NC9-TR3,MSE,gradcam,75,0.5705128205128205,13,10
3NC9-TR3,MSE,gradcam,80,0.6785714285714286,7,6
3NC9-TR3,MSE,gradcam,85,0.6785714285714286,7,6
3NC9-TR3,MSE,gradcam,90,0.8,5,5
3NC9-TR3,MSE,gradcam,95,1.0,2,2
3NC9-TR3,MSE,gradinput,50,0.5233329369043659,105,56
3NC9-TR3,MSE,gradinput,55,0.5227072549888088,103,55
3NC9-TR3,MSE,gradinput,60,0.531018426018426,65,36
3NC9-TR3,MSE,gradinput,65,0.5589002267573696,35,21
3NC9-TR3,MSE,gradinput,70,0.5814659197012138,17,12
3NC9-TR3,MSE,gradinput,75,0.5961538461538461,13,10
3NC9-TR3,MSE,gradinput,80,0.6785714285714286,7,6
3NC9-TR3,MSE,gradinput,85,0.6785714285714286,7,6
3NC9-TR3,MSE,gradinput,90,0.8,5,5
3NC9-TR3,MSE,gradinput,95,1.0,2,2
3NC9-TR3,MSE,ig,50,0.6590943976658263,105,56
3NC9-TR3,MSE,ig,55,0.6603343258683064,103,55
3NC9-TR3,MSE,ig,60,0.6596731046731046,65,36
3NC9-TR3,MSE,ig,65,0.6968820861678005,35,21
3NC9-TR3,MSE,ig,70,0.7492997198879552,17,12
3NC9-TR3,MSE,ig,75,0.761904761904762,13,10
3NC9-TR3,MSE,ig,80,0.6666666666666666,7,6
3NC9-TR3,MSE,ig,85,0.6666666666666666,7,6
3NC9-TR3,MSE,ig,90,0.7333333333333333,5,5
3NC9-TR3,MSE,ig,95,1.0,2,2
3NC9-TR3,MSE,shap,50,0.5298468991326135,105,56
3NC9-TR3,MSE,shap,55,0.524955653839149,103,55
3NC9-TR3,MSE,shap,60,0.5178582528582528,65,36
3NC9-TR3,MSE,shap,65,0.5168707482993197,35,21
3NC9-TR3,MSE,shap,70,0.49621848739495805,17,12
3NC9-TR3,MSE,shap,75,0.5448717948717948,13,10
3NC9-TR3,MSE,shap,80,0.5952380952380951,7,6
3NC9-TR3,MSE,shap,85,0.5952380952380951,7,6
3NC9-TR3,MSE,shap,90,0.7333333333333333,5,5
3NC9-TR3,MSE,shap,95,1.0,2,2
3NUN-JMZ,MSE,cam,50,0.4973168498168497,130,67
3NUN-JMZ,MSE,cam,55,0.5041180758017493,98,51
3NUN-JMZ,MSE,cam,60,0.5091314935064936,88,46
3NUN-JMZ,MSE,cam,65,0.5105733082706767,76,40
3NUN-JMZ,MSE,cam,70,0.531055900621118,46,25
3NUN-JMZ,MSE,cam,75,0.53125,32,17
3NUN-JMZ,MSE,cam,80,0.5625,16,9
3NUN-JMZ,MSE,cam,85,0.6,5,3
3NUN-JMZ,MSE,cam,90,1.0,1,1
3NUN-JMZ,MSE,cam,95,,0,0
3NUN-JMZ,MSE,diff,50,0.4930891330891333,130,67
3NUN-JMZ,MSE,diff,55,0.5185293164885003,98,51
3NUN-JMZ,MSE,diff,60,0.5107864357864359,88,46
3NUN-JMZ,MSE,diff,65,0.5029866332497912,76,40
3NUN-JMZ,MSE,diff,70,0.5189958592132505,46,25
3NUN-JMZ,MSE,diff,75,0.5317708333333334,32,17
3NUN-JMZ,MSE,diff,80,0.5729166666666666,16,9
3NUN-JMZ,MSE,diff,85,0.8,5,3
3NUN-JMZ,MSE,diff,90,1.0,1,1
3NUN-JMZ,MSE,diff,95,,0,0
3NUN-JMZ,MSE,gradcam,50,0.6193956043956043,130,67
3NUN-JMZ,MSE,gradcam,55,0.5943877551020408,98,51
3NUN-JMZ,MSE,gradcam,60,0.6107954545454546,88,46
3NUN-JMZ,MSE,gradcam,65,0.6421783625730993,76,40
3NUN-JMZ,MSE,gradcam,70,0.6990165631469979,46,25
3NUN-JMZ,MSE,gradcam,75,0.6276041666666667,32,17
3NUN-JMZ,MSE,gradcam,80,0.5520833333333334,16,9
3NUN-JMZ,MSE,gradcam,85,0.5,5,3
3NUN-JMZ,MSE,gradcam,90,1.0,1,1
3NUN-JMZ,MSE,gradcam,95,,0,0
3NUN-JMZ,MSE,gradinput,50,0.4514035964035964,130,67
3NUN-JMZ,MSE,gradinput,55,0.48587551903878434,98,51
3NUN-JMZ,MSE,gradinput,60,0.47307900432900424,88,46
3NUN-JMZ,MSE,gradinput,65,0.46959586466165415,76,40
3NUN-JMZ,MSE,gradinput,70,0.49570393374741206,46,25
3NUN-JMZ,MSE,gradinput,75,0.5473958333333333,32,17
3NUN-JMZ,MSE,gradinput,80,0.5729166666666666,16,9
3NUN-JMZ,MSE,gradinput,85,0.6,5,3
3NUN-JMZ,MSE,gradinput,90,1.0,1,1
3NUN-JMZ,MSE,gradinput,95,,0,0
3NUN-JMZ,MSE,ig,50,0.743699356199356,130,67
3NUN-JMZ,MSE,ig,55,0.7307090585151809,98,51
3NUN-JMZ,MSE,ig,60,0.7670499639249638,88,46
3NUN-JMZ,MSE,ig,65,0.8049394319131161,76,40
3NUN-JMZ,MSE,ig,70,0.81972049689441,46,25
3NUN-JMZ,MSE,ig,75,0.8234375,32,17
3NUN-JMZ,MSE,ig,80,0.8437500000000001,16,9
3NUN-JMZ,MSE,ig,85,0.9,5,3
3NUN-JMZ,MSE,ig,90,1.0,1,1
3NUN-JMZ,MSE,ig,95,,0,0
3NUN-JMZ,MSE,shap,50,0.5353352203352202,130,67
3NUN-JMZ,MSE,shap,55,0.5279228141473038,98,51
3NUN-JMZ,MSE,shap,60,0.5127074314574314,88,46
3NUN-JMZ,MSE,shap,65,0.5129229323308272,76,40
3NUN-JMZ,MSE,shap,70,0.5038819875776398,46,25
3NUN-JMZ,MSE,shap,75,0.4713541666666667,32,17
3NUN-JMZ,MSE,shap,80,0.3854166666666667,16,9
3NUN-JMZ,MSE,shap,85,0.3,5,3
3NUN-JMZ,MSE,shap,90,1.0,1,1
3NUN-JMZ,MSE,shap,95,,0,0
3O9L-LPN,MSE,cam,50,0.49933278867102393,540,270
3O9L-LPN,MSE,cam,55,0.49929903868162046,514,257
3O9L-LPN,MSE,cam,60,0.49938414452075247,394,197
3O9L-LPN,MSE,cam,65,0.5,140,70
3O9L-LPN,MSE,cam,70,0.5,10,5
3O9L-LPN,MSE,cam,75,0.5,2,1
3O9L-LPN,MSE,cam,80,0.5,2,1
3O9L-LPN,MSE,cam,85,0.5,2,1
3O9L-LPN,MSE,cam,90,0.5,2,1
3O9L-LPN,MSE,cam,95,,0,0
3O9L-LPN,MSE,diff,50,0.5500409346129863,540,270
3O9L-LPN,MSE,diff,55,0.5536993288926021,514,257
3O9L-LPN,MSE,diff,60,0.5695026802202353,394,197
3O9L-LPN,MSE,diff,65,0.6007091321377034,140,70
3O9L-LPN,MSE,diff,70,0.5961538461538461,10,5
3O9L-LPN,MSE,diff,75,0.6666666666666666,2,1
3O9L-LPN,MSE,diff,80,0.6666666666666666,2,1
3O9L-LPN,MSE,diff,85,0.6666666666666666,2,1
3O9L-LPN,MSE,diff,90,0.6666666666666666,2,1
3O9L-LPN,MSE,diff,95,,0,0
3O9L-LPN,MSE,gradcam,50,0.47378596819114255,540,270
3O9L-LPN,MSE,gradcam,55,0.4755294172915781,514,257
3O9L-LPN,MSE,gradcam,60,0.47954868991539384,394,197
3O9L-LPN,MSE,gradcam,65,0.4924022207950777,140,70
3O9L-LPN,MSE,gradcam,70,0.5333333333333333,10,5
3O9L-LPN,MSE,gradcam,75,0.5,2,1
3O9L-LPN,MSE,gradcam,80,0.5,2,1
3O9L-LPN,MSE,gradcam,85,0.5,2,1
3O9L-LPN,MSE,gradcam,90,0.5,2,1
3O9L-LPN,MSE,gradcam,95,,0,0
3O9L-LPN,MSE,gradinput,50,0.5287156860125505,540,270
3O9L-LPN,MSE,gradinput,55,0.5285136029956748,514,257
3O9L-LPN,MSE,gradinput,60,0.5240298947624188,394,197
3O9L-LPN,MSE,gradinput,65,0.5553319299747871,140,70
3O9L-LPN,MSE,gradinput,70,0.5384615384615384,10,5
3O9L-LPN,MSE,gradinput,75,0.6666666666666666,2,1
3O9L-LPN,MSE,gradinput,80,0.6666666666666666,2,1
3O9L-LPN,MSE,gradinput,85,0.6666666666666666,2,1
3O9L-LPN,MSE,gradinput,90,0.6666666666666666,2,1
3O9L-LPN,MSE,gradinput,95,,0,0
3O9L-LPN,MSE,ig,50,0.6674691801153132,540,270
3O9L-LPN,MSE,ig,55,0.6704474345579886,514,257
3O9L-LPN,MSE,ig,60,0.6778861899220876,394,197
3O9L-LPN,MSE,ig,65,0.7060950953808095,140,70
3O9L-LPN,MSE,ig,70,0.655128205128205,10,5
3O9L-LPN,MSE,ig,75,0.8333333333333333,2,1
3O9L-LPN,MSE,ig,80,0.8333333333333333,2,1
3O9L-LPN,MSE,ig,85,0.8333333333333333,2,1
3O9L-LPN,MSE,ig,90,0.8333333333333333,2,1
3O9L-LPN,MSE,ig,95,,0,0
3O9L-LPN,MSE,shap,50,0.49720659583224325,540,270
3O9L-LPN,MSE,shap,55,0.49802992441129246,514,257
3O9L-LPN,MSE,shap,60,0.49273252775113124,394,197
3O9L-LPN,MSE,shap,65,0.48358554144268434,140,70
3O9L-LPN,MSE,shap,70,0.41923076923076924,10,5
3O9L-LPN,MSE,shap,75,0.16666666666666666,2,1
3O9L-LPN,MSE,shap,80,0.16666666666666666,2,1
3O9L-LPN,MSE,shap,85,0.16666666666666666,2,1
3O9L-LPN,MSE,shap,90,0.16666666666666666,2,1
3O9L-LPN,MSE,shap,95,,0,0
3OCS-746,MSE,cam,50,0.4994152581540385,914,460
3OCS-746,MSE,cam,55,0.4985946094441523,778,392
3OCS-746,MSE,cam,60,0.5005122580479777,574,290
3OCS-746,MSE,cam,65,0.49828055310511443,342,174
3OCS-746,MSE,cam,70,0.5050649003774004,208,107
3OCS-746,MSE,cam,75,0.5108524763766699,124,65
3OCS-746,MSE,cam,80,0.5267255892255892,66,36
3OCS-746,MSE,cam,85,0.5652173913043478,23,14
3OCS-746,MSE,cam,90,0.6,5,4
3OCS-746,MSE,cam,95,0.0,1,1
3OCS-746,MSE,diff,50,0.5193824579900825,914,460
3OCS-746,MSE,diff,55,0.5110822019241739,778,392
3OCS-746,MSE,diff,60,0.5184439635796693,574,290
3OCS-746,MSE,diff,65,0.5087404635650247,342,174
3OCS-746,MSE,diff,70,0.5013717585832971,208,107
3OCS-746,MSE,diff,75,0.4740288833030768,124,65
3OCS-746,MSE,diff,80,0.4740199615199614,66,36
3OCS-746,MSE,diff,85,0.5405797101449277,23,14
3OCS-746,MSE,diff,90,0.6833333333333333,5,4
3OCS-746,MSE,diff,95,0.0,1,1
3OCS-746,MSE,gradcam,50,0.5100588029601457,914,460
3OCS-746,MSE,gradcam,55,0.5125734820596733,778,392
3OCS-746,MSE,gradcam,60,0.5087138598583323,574,290
3OCS-746,MSE,gradcam,65,0.4997677720265436,342,174
3OCS-746,MSE,gradcam,70,0.4928630797621182,208,107
3OCS-746,MSE,gradcam,75,0.47796833542801287,124,65
3OCS-746,MSE,gradcam,80,0.4790644540644541,66,36
3OCS-746,MSE,gradcam,85,0.5092132505175982,23,14
3OCS-746,MSE,gradcam,90,0.6166666666666667,5,4
3OCS-746,MSE,gradcam,95,1.0,1,1
3OCS-746,MSE,gradinput,50,0.4898864757508967,914,460
3OCS-746,MSE,gradinput,55,0.4861328561552728,778,392
3OCS-746,MSE,gradinput,60,0.490849394680058,574,290
3OCS-746,MSE,gradinput,65,0.5028091831819905,342,174
3OCS-746,MSE,gradinput,70,0.5334233875099262,208,107
3OCS-746,MSE,gradinput,75,0.5599744565470371,124,65
3OCS-746,MSE,gradinput,80,0.5890271765271766,66,36
3OCS-746,MSE,gradinput,85,0.5253623188405797,23,14
3OCS-746,MSE,gradinput,90,0.6833333333333333,5,4
3OCS-746,MSE,gradinput,95,1.0,1,1
3OCS-746,MSE,ig,50,0.46415936568867344,914,460
3OCS-746,MSE,ig,55,0.46139870613252704,778,392
3OCS-746,MSE,ig,60,0.4578241787721734,574,290
3OCS-746,MSE,ig,65,0.451545777971217,342,174
3OCS-746,MSE,ig,70,0.4682146112434569,208,107
3OCS-746,MSE,ig,75,0.4580671344784249,124,65
3OCS-746,MSE,ig,80,0.47311207311207304,66,36
3OCS-746,MSE,ig,85,0.5347826086956521,23,14
3OCS-746,MSE,ig,90,0.5833333333333333,5,4
3OCS-746,MSE,ig,95,1.0,1,1
3OCS-746,MSE,shap,50,0.5086003764089558,914,460
3OCS-746,MSE,shap,55,0.5081633245613869,778,392
3OCS-746,MSE,shap,60,0.5131957007482888,574,290
3OCS-746,MSE,shap,65,0.5140990831780308,342,174
3OCS-746,MSE,shap,70,0.5184829860310629,208,107
3OCS-746,MSE,shap,75,0.514372992598799,124,65
3OCS-746,MSE,shap,80,0.5221921596921596,66,36
3OCS-746,MSE,shap,85,0.5075569358178054,23,14
3OCS-746,MSE,shap,90,0.5666666666666667,5,4
3OCS-746,MSE,shap,95,0.0,1,1
3OOT-SSR,MSE,cam,50,0.4898816342115311,291,151
3OOT-SSR,MSE,cam,55,0.4898116109188773,289,150
3OOT-SSR,MSE,cam,60,0.4896686159844054,285,148
3OOT-SSR,MSE,cam,65,0.4885430177258971,257,134
3OOT-SSR,MSE,cam,70,0.4824120603015075,199,105
3OOT-SSR,MSE,cam,75,0.48066298342541436,181,96
3OOT-SSR,MSE,cam,80,0.4819277108433735,166,88
3OOT-SSR,MSE,cam,85,0.4782608695652174,138,74
3OOT-SSR,MSE,cam,90,0.47674418604651164,86,47
3OOT-SSR,MSE,cam,95,0.4,5,3
3OOT-SSR,MSE,diff,50,0.5880695950419226,291,151
3OOT-SSR,MSE,diff,55,0.5884787453991603,289,150
3OOT-SSR,MSE,diff,60,0.5880512275249116,285,148
3OOT-SSR,MSE,diff,65,0.5885440974935134,257,134
3OOT-SSR,MSE,diff,70,0.5931736605103438,199,105
3OOT-SSR,MSE,diff,75,0.5974699640445497,181,96
3OOT-SSR,MSE,diff,80,0.6062105565117613,166,88
3OOT-SSR,MSE,diff,85,0.6024154589371981,138,74
3OOT-SSR,MSE,diff,90,0.6085271317829457,86,47
3OOT-SSR,MSE,diff,95,0.6,5,3
3OOT-SSR,MSE,gradcam,50,0.5358535909539708,291,151
3OOT-SSR,MSE,gradcam,55,0.5355189408822627,289,150
3OOT-SSR,MSE,gradcam,60,0.5349400112558008,285,148
3OOT-SSR,MSE,gradcam,65,0.5324024656709483,257,134
3OOT-SSR,MSE,gradcam,70,0.5156016373353056,199,105
3OOT-SSR,MSE,gradcam,75,0.5187757607647108,181,96
3OOT-SSR,MSE,gradcam,80,0.5194348823866897,166,88
3OOT-SSR,MSE,gradcam,85,0.5132850241545894,138,74
3OOT-SSR,MSE,gradcam,90,0.5387596899224807,86,47
3OOT-SSR,MSE,gradcam,95,0.6,5,3
3OOT-SSR,MSE,gradinput,50,0.5867055383875782,291,151
3OOT-SSR,MSE,gradinput,55,0.5859943401465889,289,150
3OOT-SSR,MSE,gradinput,60,0.584408437566332,285,148
3OOT-SSR,MSE,gradinput,65,0.5826295408007471,257,134
3OOT-SSR,MSE,gradinput,70,0.5696666956717209,199,105
3OOT-SSR,MSE,gradinput,75,0.5771989827238446,181,96
3OOT-SSR,MSE,gradinput,80,0.5746701090074585,166,88
3OOT-SSR,MSE,gradinput,85,0.5677536231884058,138,74
3OOT-SSR,MSE,gradinput,90,0.5697674418604649,86,47
3OOT-SSR,MSE,gradinput,95,0.4,5,3
3OOT-SSR,MSE,ig,50,0.5254945733513285,291,151
3OOT-SSR,MSE,ig,55,0.5258349109560181,289,150
3OOT-SSR,MSE,ig,60,0.5258147310778888,285,148
3OOT-SSR,MSE,ig,65,0.5275074255619002,257,134
3OOT-SSR,MSE,ig,70,0.5285154125606385,199,105
3OOT-SSR,MSE,ig,75,0.5309173024642637,181,96
3OOT-SSR,MSE,ig,80,0.5290590935169248,166,88
3OOT-SSR,MSE,ig,85,0.5276570048309178,138,74
3OOT-SSR,MSE,ig,90,0.5193798449612403,86,47
3OOT-SSR,MSE,ig,95,0.4,5,3
3OOT-SSR,MSE,shap,50,0.5349098064372074,291,151
3OOT-SSR,MSE,shap,55,0.5352242432692259,289,150
3OOT-SSR,MSE,shap,60,0.5359489925279398,285,148
3OOT-SSR,MSE,shap,65,0.5355202190805306,257,134
3OOT-SSR,MSE,shap,70,0.5409567679668182,199,105
3OOT-SSR,MSE,shap,75,0.5411952994825924,181,96
3OOT-SSR,MSE,shap,80,0.5328026391279405,166,88
3OOT-SSR,MSE,shap,85,0.5256038647342995,138,74
3OOT-SSR,MSE,shap,90,0.4883720930232559,86,47
3OOT-SSR,MSE,shap,95,0.6,5,3
3OQK-S52,MSE,cam,50,0.5078125,752,384
3OQK-S52,MSE,cam,55,0.5079177897574124,742,379
3OQK-S52,MSE,cam,60,0.508025956284153,732,374
3OQK-S52,MSE,cam,65,0.5080922865013774,726,371
3OQK-S52,MSE,cam,70,0.5083215297450425,706,361
3OQK-S52,MSE,cam,75,0.5084169054441261,698,357
3OQK-S52,MSE,cam,80,0.50920245398773,652,334
3OQK-S52,MSE,cam,85,0.5102040816326531,588,302
3OQK-S52,MSE,cam,90,0.5138888888888888,324,170
3OQK-S52,MSE,cam,95,0.5151515151515151,33,19
3OQK-S52,MSE,diff,50,0.6906061593859059,752,384
3OQK-S52,MSE,diff,55,0.6932351603173722,742,379
3OQK-S52,MSE,diff,60,0.6956272893772909,732,374
3OQK-S52,MSE,diff,65,0.6961197472561125,726,371
3OQK-S52,MSE,diff,70,0.6992715499797668,706,361
3OQK-S52,MSE,diff,75,0.7002939236821774,698,357
3OQK-S52,MSE,diff,80,0.701537394098745,652,334
3OQK-S52,MSE,diff,85,0.7079648526077108,588,302
3OQK-S52,MSE,diff,90,0.7417695473251023,324,170
3OQK-S52,MSE,diff,95,0.8787878787878788,33,19
3OQK-S52,MSE,gradcam,50,0.5333480491217758,752,384
3OQK-S52,MSE,gradcam,55,0.5333632936395745,742,379
3OQK-S52,MSE,gradcam,60,0.5330991033859892,732,374
3OQK-S52,MSE,gradcam,65,0.5331018766969186,726,371
3OQK-S52,MSE,gradcam,70,0.5336604613516801,706,361
3OQK-S52,MSE,gradcam,75,0.5342890116887259,698,357
3OQK-S52,MSE,gradcam,80,0.5333808063102548,652,334
3OQK-S52,MSE,gradcam,85,0.5422619047619054,588,302
3OQK-S52,MSE,gradcam,90,0.6054526748971191,324,170
3OQK-S52,MSE,gradcam,95,0.7575757575757576,33,19
3OQK-S52,MSE,gradinput,50,0.5383469921036413,752,384
3OQK-S52,MSE,gradinput,55,0.5372261274215455,742,379
3OQK-S52,MSE,gradinput,60,0.5356444481444486,732,374
3OQK-S52,MSE,gradinput,65,0.5354681207986997,726,371
3OQK-S52,MSE,gradinput,70,0.5377630513961963,706,361
3OQK-S52,MSE,gradinput,75,0.5375073907308869,698,357
3OQK-S52,MSE,gradinput,80,0.5377337131171493,652,334
3OQK-S52,MSE,gradinput,85,0.5429421768707489,588,302
3OQK-S52,MSE,gradinput,90,0.5370370370370372,324,170
3OQK-S52,MSE,gradinput,95,0.5454545454545454,33,19
3OQK-S52,MSE,ig,50,0.6353231552104751,752,384
3OQK-S52,MSE,ig,55,0.6357891060721268,742,379
3OQK-S52,MSE,ig,60,0.6358402488525458,732,374
3OQK-S52,MSE,ig,65,0.6365685087792543,726,371
3OQK-S52,MSE,ig,70,0.6405177840730266,706,361
3OQK-S52,MSE,ig,75,0.6404886978669233,698,357
3OQK-S52,MSE,ig,80,0.6438394683026605,652,334
3OQK-S52,MSE,ig,85,0.647732426303857,588,302
3OQK-S52,MSE,ig,90,0.6923868312757195,324,170
3OQK-S52,MSE,ig,95,0.9090909090909091,33,19
3OQK-S52,MSE,shap,50,0.519504305496047,752,384
3OQK-S52,MSE,shap,55,0.5204127558575,742,379
3OQK-S52,MSE,shap,60,0.5203638877819208,732,374
3OQK-S52,MSE,shap,65,0.5201819453885571,726,371
3OQK-S52,MSE,shap,70,0.5206349206349207,706,361
3OQK-S52,MSE,shap,75,0.5203540728612362,698,357
3OQK-S52,MSE,shap,80,0.5119485831142275,652,334
3OQK-S52,MSE,shap,85,0.5100056689342404,588,302
3OQK-S52,MSE,shap,90,0.5252057613168726,324,170
3OQK-S52,MSE,shap,95,0.5757575757575758,33,19
3OT8-MI5,MSE,cam,50,0.49357496245251326,245,132
3OT8-MI5,MSE,cam,55,0.49357496245251326,245,132
3OT8-MI5,MSE,cam,60,0.49357496245251326,245,132
3OT8-MI5,MSE,cam,65,0.4982167972674301,237,128
3OT8-MI5,MSE,cam,70,0.5080002184359983,218,118
3OT8-MI5,MSE,cam,75,0.5186184939091916,172,95
3OT8-MI5,MSE,cam,80,0.5393333333333332,125,69
3OT8-MI5,MSE,cam,85,0.5744444444444444,75,41
3OT8-MI5,MSE,cam,90,0.5789473684210527,19,11
3OT8-MI5,MSE,cam,95,0.3333333333333333,6,4
3OT8-MI5,MSE,diff,50,0.6589787083664639,245,132
3OT8-MI5,MSE,diff,55,0.6589787083664639,245,132
3OT8-MI5,MSE,diff,60,0.6589787083664639,245,132
3OT8-MI5,MSE,diff,65,0.6575045207956602,237,128
3OT8-MI5,MSE,diff,70,0.6490607252075142,218,118
3OT8-MI5,MSE,diff,75,0.6551356589147286,172,95
3OT8-MI5,MSE,diff,80,0.6578666666666668,125,69
3OT8-MI5,MSE,diff,85,0.66,75,41
3OT8-MI5,MSE,diff,90,0.6578947368421053,19,11
3OT8-MI5,MSE,diff,95,0.8333333333333334,6,4
3OT8-MI5,MSE,gradcam,50,0.54833804517478,245,132
3OT8-MI5,MSE,gradcam,55,0.54833804517478,245,132
3OT8-MI5,MSE,gradcam,60,0.54833804517478,245,132
3OT8-MI5,MSE,gradcam,65,0.5468371174067377,237,128
3OT8-MI5,MSE,gradcam,70,0.5475808213193534,218,118
3OT8-MI5,MSE,gradcam,75,0.5461517165005536,172,95
3OT8-MI5,MSE,gradcam,80,0.5529333333333334,125,69
3OT8-MI5,MSE,gradcam,85,0.5355555555555557,75,41
3OT8-MI5,MSE,gradcam,90,0.6052631578947368,19,11
3OT8-MI5,MSE,gradcam,95,0.5,6,4
3OT8-MI5,MSE,gradinput,50,0.5719180139588299,245,132
3OT8-MI5,MSE,gradinput,55,0.5719180139588299,245,132
3OT8-MI5,MSE,gradinput,60,0.5719180139588299,245,132
3OT8-MI5,MSE,gradinput,65,0.5725236085995579,237,128
3OT8-MI5,MSE,gradinput,70,0.5730340760157275,218,118
3OT8-MI5,MSE,gradinput,75,0.5902408637873754,172,95
3OT8-MI5,MSE,gradinput,80,0.621066666666667,125,69
3OT8-MI5,MSE,gradinput,85,0.6277777777777777,75,41
3OT8-MI5,MSE,gradinput,90,0.7105263157894737,19,11
3OT8-MI5,MSE,gradinput,95,0.6666666666666666,6,4
3OT8-MI5,MSE,ig,50,0.6884115204523363,245,132
3OT8-MI5,MSE,ig,55,0.6884115204523363,245,132
3OT8-MI5,MSE,ig,60,0.6884115204523363,245,132
3OT8-MI5,MSE,ig,65,0.687291541089009,237,128
3OT8-MI5,MSE,ig,70,0.6868719965050241,218,118
3OT8-MI5,MSE,ig,75,0.6861710963455151,172,95
3OT8-MI5,MSE,ig,80,0.6864,125,69
3OT8-MI5,MSE,ig,85,0.7,75,41
3OT8-MI5,MSE,ig,90,0.7368421052631579,19,11
3OT8-MI5,MSE,ig,95,0.8333333333333334,6,4
3OT8-MI5,MSE,shap,50,0.5402221927732134,245,132
3OT8-MI5,MSE,shap,55,0.5402221927732134,245,132
3OT8-MI5,MSE,shap,60,0.5402221927732134,245,132
3OT8-MI5,MSE,shap,65,0.5387030339561988,237,128
3OT8-MI5,MSE,shap,70,0.5455930537352558,218,118
3OT8-MI5,MSE,shap,75,0.5568383167220379,172,95
3OT8-MI5,MSE,shap,80,0.5477333333333331,125,69
3OT8-MI5,MSE,shap,85,0.6177777777777778,75,41
3OT8-MI5,MSE,shap,90,0.6578947368421053,19,11
3OT8-MI5,MSE,shap,95,0.6666666666666666,6,4
3OY1-589,MSE,cam,50,0.5,28,15
3OY1-589,MSE,cam,55,0.5,26,14
3OY1-589,MSE,cam,60,0.5,24,13
3OY1-589,MSE,cam,65,0.5,18,10
3OY1-589,MSE,cam,70,0.5,18,10
3OY1-589,MSE,cam,75,0.5,18,10
3OY1-589,MSE,cam,80,0.5,6,4
3OY1-589,MSE,cam,85,0.5,4,3
3OY1-589,MSE,cam,90,0.5,4,3
3OY1-589,MSE,cam,95,,0,1
3OY1-589,MSE,diff,50,0.6110062614789505,28,15
3OY1-589,MSE,diff,55,0.618476828601263,26,14
3OY1-589,MSE,diff,60,0.6252861721611721,24,13
3OY1-589,MSE,diff,65,0.6458333333333334,18,10
3OY1-589,MSE,diff,70,0.6458333333333334,18,10
3OY1-589,MSE,diff,75,0.6458333333333334,18,10
3OY1-589,MSE,diff,80,0.6944444444444445,6,4
3OY1-589,MSE,diff,85,0.75,4,3
3OY1-589,MSE,diff,90,0.75,4,3
3OY1-589,MSE,diff,95,,0,1
3OY1-589,MSE,gradcam,50,0.36296088948399874,28,15
3OY1-589,MSE,gradcam,55,0.36096642799131484,26,14
3OY1-589,MSE,gradcam,60,0.3591842185592185,24,13
3OY1-589,MSE,gradcam,65,0.3369708994708995,18,10
3OY1-589,MSE,gradcam,70,0.3369708994708995,18,10
3OY1-589,MSE,gradcam,75,0.3369708994708995,18,10
3OY1-589,MSE,gradcam,80,0.25,6,4
3OY1-589,MSE,gradcam,85,0.25,4,3
3OY1-589,MSE,gradcam,90,0.25,4,3
3OY1-589,MSE,gradcam,95,,0,1
3OY1-589,MSE,gradinput,50,0.524996216435292,28,15
3OY1-589,MSE,gradinput,55,0.527987378383306,26,14
3OY1-589,MSE,gradinput,60,0.5395108363858364,24,13
3OY1-589,MSE,gradinput,65,0.5638227513227513,18,10
3OY1-589,MSE,gradinput,70,0.5638227513227513,18,10
3OY1-589,MSE,gradinput,75,0.5638227513227513,18,10
3OY1-589,MSE,gradinput,80,0.6666666666666666,6,4
3OY1-589,MSE,gradinput,85,0.75,4,3
3OY1-589,MSE,gradinput,90,0.75,4,3
3OY1-589,MSE,gradinput,95,,0,1
3OY1-589,MSE,ig,50,0.5266792614481691,28,15
3OY1-589,MSE,ig,55,0.5308682644655496,26,14
3OY1-589,MSE,ig,60,0.5395680708180709,24,13
3OY1-589,MSE,ig,65,0.5667989417989419,18,10
3OY1-589,MSE,ig,70,0.5667989417989419,18,10
3OY1-589,MSE,ig,75,0.5667989417989419,18,10
3OY1-589,MSE,ig,80,0.638888888888889,6,4
3OY1-589,MSE,ig,85,0.75,4,3
3OY1-589,MSE,ig,90,0.75,4,3
3OY1-589,MSE,ig,95,,0,1
3OY1-589,MSE,shap,50,0.5109732995762408,28,15
3OY1-589,MSE,shap,55,0.5096806474068918,26,14
3OY1-589,MSE,shap,60,0.5172275641025642,24,13
3OY1-589,MSE,shap,65,0.5525793650793651,18,10
3OY1-589,MSE,shap,70,0.5525793650793651,18,10
3OY1-589,MSE,shap,75,0.5525793650793651,18,10
3OY1-589,MSE,shap,80,0.7222222222222222,6,4
3OY1-589,MSE,shap,85,0.625,4,3
3OY1-589,MSE,shap,90,0.625,4,3
3OY1-589,MSE,shap,95,,0,1
3PA3-C70,MSE,cam,50,0.5141115520282187,180,92
3PA3-C70,MSE,cam,55,0.5149416433239963,170,87
3PA3-C70,MSE,cam,60,0.5172974413646056,134,69
3PA3-C70,MSE,cam,65,0.523313492063492,108,56
3PA3-C70,MSE,cam,70,0.5314732142857143,80,42
3PA3-C70,MSE,cam,75,0.5661764705882353,34,19
3PA3-C70,MSE,cam,80,0.5803571428571429,28,16
3PA3-C70,MSE,cam,85,0.5795454545454546,22,13
3PA3-C70,MSE,cam,90,0.8333333333333334,6,5
3PA3-C70,MSE,cam,95,0.6666666666666666,3,2
3PA3-C70,MSE,diff,50,0.5921722413389078,180,92
3PA3-C70,MSE,diff,55,0.5884064628182274,170,87
3PA3-C70,MSE,diff,60,0.5688677823006182,134,69
3PA3-C70,MSE,diff,65,0.54755291005291,108,56
3PA3-C70,MSE,diff,70,0.5586160714285714,80,42
3PA3-C70,MSE,diff,75,0.6951680672268907,34,19
3PA3-C70,MSE,diff,80,0.756547619047619,28,16
3PA3-C70,MSE,diff,85,0.7992424242424242,22,13
3PA3-C70,MSE,diff,90,0.8333333333333334,6,5
3PA3-C70,MSE,diff,95,0.6666666666666666,3,2
3PA3-C70,MSE,gradcam,50,0.5895528083028078,180,92
3PA3-C70,MSE,gradcam,55,0.5833640379228608,170,87
3PA3-C70,MSE,gradcam,60,0.5598999052357263,134,69
3PA3-C70,MSE,gradcam,65,0.5426477072310408,108,56
3PA3-C70,MSE,gradcam,70,0.5686458333333333,80,42
3PA3-C70,MSE,gradcam,75,0.6725490196078432,34,19
3PA3-C70,MSE,gradcam,80,0.6976190476190477,28,16
3PA3-C70,MSE,gradcam,85,0.6969696969696969,22,13
3PA3-C70,MSE,gradcam,90,0.75,6,5
3PA3-C70,MSE,gradcam,95,0.6666666666666666,3,2
3PA3-C70,MSE,gradinput,50,0.5363994647327976,180,92
3PA3-C70,MSE,gradinput,55,0.533806716159657,170,87
3PA3-C70,MSE,gradinput,60,0.5221452262497037,134,69
3PA3-C70,MSE,gradinput,65,0.512308935920047,108,56
3PA3-C70,MSE,gradinput,70,0.5344791666666667,80,42
3PA3-C70,MSE,gradinput,75,0.6173669467787115,34,19
3PA3-C70,MSE,gradinput,80,0.6535714285714286,28,16
3PA3-C70,MSE,gradinput,85,0.6363636363636364,22,13
3PA3-C70,MSE,gradinput,90,0.9166666666666666,6,5
3PA3-C70,MSE,gradinput,95,1.0,3,2
3PA3-C70,MSE,ig,50,0.6440850970017636,180,92
3PA3-C70,MSE,ig,55,0.6484990662931837,170,87
3PA3-C70,MSE,ig,60,0.6697979259546422,134,69
3PA3-C70,MSE,ig,65,0.6842702821869485,108,56
3PA3-C70,MSE,ig,70,0.6524255952380951,80,42
3PA3-C70,MSE,ig,75,0.6084733893557424,34,19
3PA3-C70,MSE,ig,80,0.5755952380952382,28,16
3PA3-C70,MSE,ig,85,0.5643939393939394,22,13
3PA3-C70,MSE,ig,90,0.6666666666666666,6,5
3PA3-C70,MSE,ig,95,1.0,3,2
3PA3-C70,MSE,shap,50,0.5283175774842443,180,92
3PA3-C70,MSE,shap,55,0.5263418607536255,170,87
3PA3-C70,MSE,shap,60,0.5263993883396868,134,69
3PA3-C70,MSE,shap,65,0.5210464432686654,108,56
3PA3-C70,MSE,shap,70,0.48938988095238073,80,42
3PA3-C70,MSE,shap,75,0.5046218487394958,34,19
3PA3-C70,MSE,shap,80,0.5345238095238096,28,16
3PA3-C70,MSE,shap,85,0.5303030303030303,22,13
3PA3-C70,MSE,shap,90,0.5,6,5
3PA3-C70,MSE,shap,95,0.6666666666666666,3,2
3PBB-PBD,MSE,cam,50,0.535064935064935,385,207
3PBB-PBD,MSE,cam,55,0.535064935064935,385,207
3PBB-PBD,MSE,cam,60,0.5354330708661418,381,205
3PBB-PBD,MSE,cam,65,0.5460750853242321,293,161
3PBB-PBD,MSE,cam,70,0.5539906103286385,213,119
3PBB-PBD,MSE,cam,75,0.5504587155963303,109,61
3PBB-PBD,MSE,cam,80,0.5714285714285714,56,33
3PBB-PBD,MSE,cam,85,0.5384615384615384,26,15
3PBB-PBD,MSE,cam,90,0.45454545454545453,11,6
3PBB-PBD,MSE,cam,95,0.4444444444444444,9,5
3PBB-PBD,MSE,diff,50,0.553151502177476,385,207
3PBB-PBD,MSE,diff,55,0.553151502177476,385,207
3PBB-PBD,MSE,diff,60,0.5538345075746648,381,205
3PBB-PBD,MSE,diff,65,0.5784262665661987,293,161
3PBB-PBD,MSE,diff,70,0.657927192786348,213,119
3PBB-PBD,MSE,diff,75,0.6178243774574049,109,61
3PBB-PBD,MSE,diff,80,0.6050595238095238,56,33
3PBB-PBD,MSE,diff,85,0.5673076923076923,26,15
3PBB-PBD,MSE,diff,90,0.5454545454545454,11,6
3PBB-PBD,MSE,diff,95,0.5555555555555556,9,5
3PBB-PBD,MSE,gradcam,50,0.7444405161937627,385,207
3PBB-PBD,MSE,gradcam,55,0.7444405161937627,385,207
3PBB-PBD,MSE,gradcam,60,0.7432572895171318,381,205
3PBB-PBD,MSE,gradcam,65,0.7133198144290298,293,161
3PBB-PBD,MSE,gradcam,70,0.6891813846039196,213,119
3PBB-PBD,MSE,gradcam,75,0.6357579729139361,109,61
3PBB-PBD,MSE,gradcam,80,0.5931547619047619,56,33
3PBB-PBD,MSE,gradcam,85,0.5480769230769231,26,15
3PBB-PBD,MSE,gradcam,90,0.45454545454545453,11,6
3PBB-PBD,MSE,gradcam,95,0.4444444444444444,9,5
3PBB-PBD,MSE,gradinput,50,0.4966902722097528,385,207
3PBB-PBD,MSE,gradinput,55,0.4966902722097528,385,207
3PBB-PBD,MSE,gradinput,60,0.49828032131181743,381,205
3PBB-PBD,MSE,gradinput,65,0.5310024920093178,293,161
3PBB-PBD,MSE,gradinput,70,0.6040446381995676,213,119
3PBB-PBD,MSE,gradinput,75,0.5449322848405419,109,61
3PBB-PBD,MSE,gradinput,80,0.5261904761904762,56,33
3PBB-PBD,MSE,gradinput,85,0.5064102564102564,26,15
3PBB-PBD,MSE,gradinput,90,0.5,11,6
3PBB-PBD,MSE,gradinput,95,0.4444444444444444,9,5
3PBB-PBD,MSE,ig,50,0.6959191746204736,385,207
3PBB-PBD,MSE,ig,55,0.6959191746204736,385,207
3PBB-PBD,MSE,ig,60,0.6956013656801061,381,205
3PBB-PBD,MSE,ig,65,0.6640003151948544,293,161
3PBB-PBD,MSE,ig,70,0.588479022281839,213,119
3PBB-PBD,MSE,ig,75,0.5764525993883791,109,61
3PBB-PBD,MSE,ig,80,0.5553571428571428,56,33
3PBB-PBD,MSE,ig,85,0.5576923076923077,26,15
3PBB-PBD,MSE,ig,90,0.5,11,6
3PBB-PBD,MSE,ig,95,0.4444444444444444,9,5
3PBB-PBD,MSE,shap,50,0.5505131520715933,385,207
3PBB-PBD,MSE,shap,55,0.5505131520715933,385,207
3PBB-PBD,MSE,shap,60,0.5527932551554596,381,205
3PBB-PBD,MSE,shap,65,0.5524316790528394,293,161
3PBB-PBD,MSE,shap,70,0.5355093524107607,213,119
3PBB-PBD,MSE,shap,75,0.5537789427697687,109,61
3PBB-PBD,MSE,shap,80,0.5592261904761905,56,33
3PBB-PBD,MSE,shap,85,0.6121794871794871,26,15
3PBB-PBD,MSE,shap,90,0.5454545454545454,11,6
3PBB-PBD,MSE,shap,95,0.5555555555555556,9,5
3PI5-3P5,MSE,cam,50,0.6048245614035086,304,158
3PI5-3P5,MSE,cam,55,0.6049999999999998,300,156
3PI5-3P5,MSE,cam,60,0.6018192488262909,284,148
3PI5-3P5,MSE,cam,65,0.6014631043256998,262,137
3PI5-3P5,MSE,cam,70,0.6076732673267328,202,107
3PI5-3P5,MSE,cam,75,0.614963503649635,137,73
3PI5-3P5,MSE,cam,80,0.6217228464419475,89,48
3PI5-3P5,MSE,cam,85,0.6862745098039216,34,19
3PI5-3P5,MSE,cam,90,0.5,4,2
3PI5-3P5,MSE,cam,95,,0,0
3PI5-3P5,MSE,diff,50,0.6307372438685331,304,158
3PI5-3P5,MSE,diff,55,0.6326841108238174,300,156
3PI5-3P5,MSE,diff,60,0.6321259823900673,284,148
3PI5-3P5,MSE,diff,65,0.6346985181908847,262,137
3PI5-3P5,MSE,diff,70,0.6515442615690133,202,107
3PI5-3P5,MSE,diff,75,0.6683582435407251,137,73
3PI5-3P5,MSE,diff,80,0.6799892990904226,89,48
3PI5-3P5,MSE,diff,85,0.6759803921568629,34,19
3PI5-3P5,MSE,diff,90,0.5,4,2
3PI5-3P5,MSE,diff,95,,0,0
3PI5-3P5,MSE,gradcam,50,0.5018240517974456,304,158
3PI5-3P5,MSE,gradcam,55,0.5020335576732634,300,156
3PI5-3P5,MSE,gradcam,60,0.5036512196723464,284,148
3PI5-3P5,MSE,gradcam,65,0.5080915056105895,262,137
3PI5-3P5,MSE,gradcam,70,0.5207070707070705,202,107
3PI5-3P5,MSE,gradcam,75,0.5351813231375276,137,73
3PI5-3P5,MSE,gradcam,80,0.5360353130016052,89,48
3PI5-3P5,MSE,gradcam,85,0.5529411764705883,34,19
3PI5-3P5,MSE,gradcam,90,0.5,4,2
3PI5-3P5,MSE,gradcam,95,,0,0
3PI5-3P5,MSE,gradinput,50,0.5774452381553772,304,158
3PI5-3P5,MSE,gradinput,55,0.5781445079974489,300,156
3PI5-3P5,MSE,gradinput,60,0.5764166877723215,284,148
3PI5-3P5,MSE,gradinput,65,0.5756764757718957,262,137
3PI5-3P5,MSE,gradinput,70,0.5693088951752319,202,107
3PI5-3P5,MSE,gradinput,75,0.5567778936392077,137,73
3PI5-3P5,MSE,gradinput,80,0.5474317817014447,89,48
3PI5-3P5,MSE,gradinput,85,0.5107843137254902,34,19
3PI5-3P5,MSE,gradinput,90,0.5,4,2
3PI5-3P5,MSE,gradinput,95,,0,0
3PI5-3P5,MSE,ig,50,0.6566211775625482,304,158
3PI5-3P5,MSE,ig,55,0.6609872377078267,300,156
3PI5-3P5,MSE,ig,60,0.666659514194726,284,148
3PI5-3P5,MSE,ig,65,0.671515719225643,262,137
3PI5-3P5,MSE,ig,70,0.6863007729344357,202,107
3PI5-3P5,MSE,ig,75,0.6934335534700499,137,73
3PI5-3P5,MSE,ig,80,0.6957731407169611,89,48
3PI5-3P5,MSE,ig,85,0.7024509803921569,34,19
3PI5-3P5,MSE,ig,90,0.7916666666666666,4,2
3PI5-3P5,MSE,ig,95,,0,0
3PI5-3P5,MSE,shap,50,0.5434608302666545,304,158
3PI5-3P5,MSE,shap,55,0.5422995672628023,300,156
3PI5-3P5,MSE,shap,60,0.5397389679960101,284,148
3PI5-3P5,MSE,shap,65,0.5417572991046271,262,137
3PI5-3P5,MSE,shap,70,0.5328031017387455,202,107
3PI5-3P5,MSE,shap,75,0.5255503417912178,137,73
3PI5-3P5,MSE,shap,80,0.5152487961476724,89,48
3PI5-3P5,MSE,shap,85,0.5681372549019608,34,19
3PI5-3P5,MSE,shap,90,0.75,4,2
3PI5-3P5,MSE,shap,95,,0,0
3POZ-03P,MSE,cam,50,0.522289156626506,83,44
3POZ-03P,MSE,cam,55,0.522289156626506,83,44
3POZ-03P,MSE,cam,60,0.522289156626506,83,44
3POZ-03P,MSE,cam,65,0.522289156626506,83,44
3POZ-03P,MSE,cam,70,0.5246153846153845,65,35
3POZ-03P,MSE,cam,75,0.4928571428571429,35,20
3POZ-03P,MSE,cam,80,0.49074074074074076,27,16
3POZ-03P,MSE,cam,85,0.4782608695652174,23,14
3POZ-03P,MSE,cam,90,0.47368421052631576,19,12
3POZ-03P,MSE,cam,95,0.5,8,6
3POZ-03P,MSE,diff,50,0.5392902278444447,83,44
3POZ-03P,MSE,diff,55,0.5392902278444447,83,44
3POZ-03P,MSE,diff,60,0.5392902278444447,83,44
3POZ-03P,MSE,diff,65,0.5392902278444447,83,44
3POZ-03P,MSE,diff,70,0.5503396603396603,65,35
3POZ-03P,MSE,diff,75,0.6700680272108843,35,20
3POZ-03P,MSE,diff,80,0.6203703703703703,27,16
3POZ-03P,MSE,diff,85,0.6884057971014493,23,14
3POZ-03P,MSE,diff,90,0.7368421052631579,19,12
3POZ-03P,MSE,diff,95,0.625,8,6
3POZ-03P,MSE,gradcam,50,0.5204101788439138,83,44
3POZ-03P,MSE,gradcam,55,0.5204101788439138,83,44
3POZ-03P,MSE,gradcam,60,0.5204101788439138,83,44
3POZ-03P,MSE,gradcam,65,0.5204101788439138,83,44
3POZ-03P,MSE,gradcam,70,0.5071273171273171,65,35
3POZ-03P,MSE,gradcam,75,0.4999319727891156,35,20
3POZ-03P,MSE,gradcam,80,0.5290123456790123,27,16
3POZ-03P,MSE,gradcam,85,0.508695652173913,23,14
3POZ-03P,MSE,gradcam,90,0.5,19,12
3POZ-03P,MSE,gradcam,95,0.625,8,6
3POZ-03P,MSE,gradinput,50,0.5497998654625158,83,44
3POZ-03P,MSE,gradinput,55,0.5497998654625158,83,44
3POZ-03P,MSE,gradinput,60,0.5497998654625158,83,44
3POZ-03P,MSE,gradinput,65,0.5497998654625158,83,44
3POZ-03P,MSE,gradinput,70,0.5303840603840605,65,35
3POZ-03P,MSE,gradinput,75,0.5191836734693877,35,20
3POZ-03P,MSE,gradinput,80,0.47592592592592586,27,16
3POZ-03P,MSE,gradinput,85,0.453623188405797,23,14
3POZ-03P,MSE,gradinput,90,0.41228070175438597,19,12
3POZ-03P,MSE,gradinput,95,0.5,8,6
3POZ-03P,MSE,ig,50,0.6403719439864017,83,44
3POZ-03P,MSE,ig,55,0.6403719439864017,83,44
3POZ-03P,MSE,ig,60,0.6403719439864017,83,44
3POZ-03P,MSE,ig,65,0.6403719439864017,83,44
3POZ-03P,MSE,ig,70,0.6442202242202242,65,35
3POZ-03P,MSE,ig,75,0.6773469387755103,35,20
3POZ-03P,MSE,ig,80,0.6425925925925926,27,16
3POZ-03P,MSE,ig,85,0.6565217391304348,23,14
3POZ-03P,MSE,ig,90,0.631578947368421,19,12
3POZ-03P,MSE,ig,95,0.5,8,6
3POZ-03P,MSE,shap,50,0.5394559924680405,83,44
3POZ-03P,MSE,shap,55,0.5394559924680405,83,44
3POZ-03P,MSE,shap,60,0.5394559924680405,83,44
3POZ-03P,MSE,shap,65,0.5394559924680405,83,44
3POZ-03P,MSE,shap,70,0.5485225885225883,65,35
3POZ-03P,MSE,shap,75,0.5921768707482994,35,20
3POZ-03P,MSE,shap,80,0.6172839506172839,27,16
3POZ-03P,MSE,shap,85,0.6304347826086956,23,14
3POZ-03P,MSE,shap,90,0.6228070175438596,19,12
3POZ-03P,MSE,shap,95,0.5,8,6
3Q32-J2I,MSE,cam,50,0.5913793103448275,29,15
3Q32-J2I,MSE,cam,55,0.5913793103448275,29,15
3Q32-J2I,MSE,cam,60,0.5913793103448275,29,15
3Q32-J2I,MSE,cam,65,0.5913793103448275,29,15
3Q32-J2I,MSE,cam,70,0.596,25,13
3Q32-J2I,MSE,cam,75,0.6846153846153845,13,7
3Q32-J2I,MSE,cam,80,0.7181818181818181,11,6
3Q32-J2I,MSE,cam,85,0.7111111111111111,9,5
3Q32-J2I,MSE,cam,90,0.5,2,1
3Q32-J2I,MSE,cam,95,,0,0
3Q32-J2I,MSE,diff,50,0.692528735632184,29,15
3Q32-J2I,MSE,diff,55,0.692528735632184,29,15
3Q32-J2I,MSE,diff,60,0.692528735632184,29,15
3Q32-J2I,MSE,diff,65,0.692528735632184,29,15
3Q32-J2I,MSE,diff,70,0.7000000000000002,25,13
3Q32-J2I,MSE,diff,75,0.8846153846153845,13,7
3Q32-J2I,MSE,diff,80,0.9545454545454544,11,6
3Q32-J2I,MSE,diff,85,0.9629629629629629,9,5
3Q32-J2I,MSE,diff,90,0.8333333333333333,2,1
3Q32-J2I,MSE,diff,95,,0,0
3Q32-J2I,MSE,gradcam,50,0.5168308702791461,29,15
3Q32-J2I,MSE,gradcam,55,0.5168308702791461,29,15
3Q32-J2I,MSE,gradcam,60,0.5168308702791461,29,15
3Q32-J2I,MSE,gradcam,65,0.5168308702791461,29,15
3Q32-J2I,MSE,gradcam,70,0.5128571428571429,25,13
3Q32-J2I,MSE,gradcam,75,0.4835164835164835,13,7
3Q32-J2I,MSE,gradcam,80,0.45454545454545453,11,6
3Q32-J2I,MSE,gradcam,85,0.4444444444444444,9,5
3Q32-J2I,MSE,gradcam,90,0.5,2,1
3Q32-J2I,MSE,gradcam,95,,0,0
3Q32-J2I,MSE,gradinput,50,0.6851943076081008,29,15
3Q32-J2I,MSE,gradinput,55,0.6851943076081008,29,15
3Q32-J2I,MSE,gradinput,60,0.6851943076081008,29,15
3Q32-J2I,MSE,gradinput,65,0.6851943076081008,29,15
3Q32-J2I,MSE,gradinput,70,0.7026031746031747,25,13
3Q32-J2I,MSE,gradinput,75,0.8157509157509157,13,7
3Q32-J2I,MSE,gradinput,80,0.8212121212121212,11,6
3Q32-J2I,MSE,gradinput,85,0.8740740740740741,9,5
3Q32-J2I,MSE,gradinput,90,0.8333333333333333,2,1
3Q32-J2I,MSE,gradinput,95,,0,0
3Q32-J2I,MSE,ig,50,0.6511631089217298,29,15
3Q32-J2I,MSE,ig,55,0.6511631089217298,29,15
3Q32-J2I,MSE,ig,60,0.6511631089217298,29,15
3Q32-J2I,MSE,ig,65,0.6511631089217298,29,15
3Q32-J2I,MSE,ig,70,0.658015873015873,25,13
3Q32-J2I,MSE,ig,75,0.8351648351648351,13,7
3Q32-J2I,MSE,ig,80,0.909090909090909,11,6
3Q32-J2I,MSE,ig,85,0.9629629629629629,9,5
3Q32-J2I,MSE,ig,90,0.8333333333333333,2,1
3Q32-J2I,MSE,ig,95,,0,0
3Q32-J2I,MSE,shap,50,0.532512315270936,29,15
3Q32-J2I,MSE,shap,55,0.532512315270936,29,15
3Q32-J2I,MSE,shap,60,0.532512315270936,29,15
3Q32-J2I,MSE,shap,65,0.532512315270936,29,15
3Q32-J2I,MSE,shap,70,0.5417142857142858,25,13
3Q32-J2I,MSE,shap,75,0.5802197802197802,13,7
3Q32-J2I,MSE,shap,80,0.5818181818181818,11,6
3Q32-J2I,MSE,shap,85,0.5444444444444445,9,5
3Q32-J2I,MSE,shap,90,0.5,2,1
3Q32-J2I,MSE,shap,95,,0,0
3Q3K-D90,MSE,cam,50,0.508581049260389,266,137
3Q3K-D90,MSE,cam,55,0.5051379417151478,200,104
3Q3K-D90,MSE,cam,60,0.49845610119047623,128,68
3Q3K-D90,MSE,cam,65,0.4982355442176871,112,60
3Q3K-D90,MSE,cam,70,0.4979414682539683,96,52
3Q3K-D90,MSE,cam,75,0.4979414682539683,96,52
3Q3K-D90,MSE,cam,80,0.48442176870748294,70,39
3Q3K-D90,MSE,cam,85,0.45789473684210524,38,23
3Q3K-D90,MSE,cam,90,0.29166666666666663,16,12
3Q3K-D90,MSE,cam,95,0.125,8,7
3Q3K-D90,MSE,diff,50,0.6264368155975563,266,137
3Q3K-D90,MSE,diff,55,0.6342257370897076,200,104
3Q3K-D90,MSE,diff,60,0.6510793243215117,128,68
3Q3K-D90,MSE,diff,65,0.6707537749948466,112,60
3Q3K-D90,MSE,diff,70,0.7010540674603175,96,52
3Q3K-D90,MSE,diff,75,0.7010540674603175,96,52
3Q3K-D90,MSE,diff,80,0.7362925170068029,70,39
3Q3K-D90,MSE,diff,85,0.7013157894736841,38,23
3Q3K-D90,MSE,diff,90,0.6875,16,12
3Q3K-D90,MSE,diff,95,0.75,8,7
3Q3K-D90,MSE,gradcam,50,0.5545131649796846,266,137
3Q3K-D90,MSE,gradcam,55,0.541955784819755,200,104
3Q3K-D90,MSE,gradcam,60,0.5087719788891665,128,68
3Q3K-D90,MSE,gradcam,65,0.5102462765409195,112,60
3Q3K-D90,MSE,gradcam,70,0.5172123015873017,96,52
3Q3K-D90,MSE,gradcam,75,0.5172123015873017,96,52
3Q3K-D90,MSE,gradcam,80,0.5084013605442177,70,39
3Q3K-D90,MSE,gradcam,85,0.4214912280701754,38,23
3Q3K-D90,MSE,gradcam,90,0.22916666666666666,16,12
3Q3K-D90,MSE,gradcam,95,0.125,8,7
3Q3K-D90,MSE,gradinput,50,0.5298167319798405,266,137
3Q3K-D90,MSE,gradinput,55,0.5214095202183436,200,104
3Q3K-D90,MSE,gradinput,60,0.5097073065823068,128,68
3Q3K-D90,MSE,gradinput,65,0.5214936353329211,112,60
3Q3K-D90,MSE,gradinput,70,0.5364211309523811,96,52
3Q3K-D90,MSE,gradinput,75,0.5364211309523811,96,52
3Q3K-D90,MSE,gradinput,80,0.5559183673469389,70,39
3Q3K-D90,MSE,gradinput,85,0.48947368421052634,38,23
3Q3K-D90,MSE,gradinput,90,0.35416666666666663,16,12
3Q3K-D90,MSE,gradinput,95,0.25,8,7
3Q3K-D90,MSE,ig,50,0.6061169035765455,266,137
3Q3K-D90,MSE,ig,55,0.6188993681971622,200,104
3Q3K-D90,MSE,ig,60,0.62798122016872,128,68
3Q3K-D90,MSE,ig,65,0.6405122655122651,112,60
3Q3K-D90,MSE,ig,70,0.6551215277777775,96,52
3Q3K-D90,MSE,ig,75,0.6551215277777775,96,52
3Q3K-D90,MSE,ig,80,0.6786054421768706,70,39
3Q3K-D90,MSE,ig,85,0.6065789473684212,38,23
3Q3K-D90,MSE,ig,90,0.4479166666666667,16,12
3Q3K-D90,MSE,ig,95,0.375,8,7
3Q3K-D90,MSE,shap,50,0.5397956041051781,266,137
3Q3K-D90,MSE,shap,55,0.5395157375304435,200,104
3Q3K-D90,MSE,shap,60,0.544160895528083,128,68
3Q3K-D90,MSE,shap,65,0.549002460832818,112,60
3Q3K-D90,MSE,shap,70,0.5567460317460317,96,52
3Q3K-D90,MSE,shap,75,0.5567460317460317,96,52
3Q3K-D90,MSE,shap,80,0.5622108843537416,70,39
3Q3K-D90,MSE,shap,85,0.5785087719298246,38,23
3Q3K-D90,MSE,shap,90,0.5625,16,12
3Q3K-D90,MSE,shap,95,0.625,8,7
3Q3T-RX0,MSE,cam,50,0.5,38,19
3Q3T-RX0,MSE,cam,55,0.5,38,19
3Q3T-RX0,MSE,cam,60,0.5,38,19
3Q3T-RX0,MSE,cam,65,0.5,34,17
3Q3T-RX0,MSE,cam,70,0.5,32,16
3Q3T-RX0,MSE,cam,75,0.5,30,15
3Q3T-RX0,MSE,cam,80,0.5,24,12
3Q3T-RX0,MSE,cam,85,0.5,10,5
3Q3T-RX0,MSE,cam,90,0.5,8,4
3Q3T-RX0,MSE,cam,95,0.5,2,1
3Q3T-RX0,MSE,diff,50,0.6972369005263742,38,19
3Q3T-RX0,MSE,diff,55,0.6972369005263742,38,19
3Q3T-RX0,MSE,diff,60,0.6972369005263742,38,19
3Q3T-RX0,MSE,diff,65,0.7007697367991486,34,17
3Q3T-RX0,MSE,diff,70,0.7026098033910534,32,16
3Q3T-RX0,MSE,diff,75,0.7120767195767196,30,15
3Q3T-RX0,MSE,diff,80,0.7205357142857141,24,12
3Q3T-RX0,MSE,diff,85,0.64,10,5
3Q3T-RX0,MSE,diff,90,0.625,8,4
3Q3T-RX0,MSE,diff,95,1.0,2,1
3Q3T-RX0,MSE,gradcam,50,0.4821872571872572,38,19
3Q3T-RX0,MSE,gradcam,55,0.4821872571872572,38,19
3Q3T-RX0,MSE,gradcam,60,0.4821872571872572,38,19
3Q3T-RX0,MSE,gradcam,65,0.4755079887432828,34,17
3Q3T-RX0,MSE,gradcam,70,0.4722289862914863,32,16
3Q3T-RX0,MSE,gradcam,75,0.46701058201058204,30,15
3Q3T-RX0,MSE,gradcam,80,0.4366071428571428,24,12
3Q3T-RX0,MSE,gradcam,85,0.40499999999999997,10,5
3Q3T-RX0,MSE,gradcam,90,0.375,8,4
3Q3T-RX0,MSE,gradcam,95,0.5,2,1
3Q3T-RX0,MSE,gradinput,50,0.43095734674682046,38,19
3Q3T-RX0,MSE,gradinput,55,0.43095734674682046,38,19
3Q3T-RX0,MSE,gradinput,60,0.43095734674682046,38,19
3Q3T-RX0,MSE,gradinput,65,0.4232166526284173,34,17
3Q3T-RX0,MSE,gradinput,70,0.42016594516594513,32,16
3Q3T-RX0,MSE,gradinput,75,0.4161904761904761,30,15
3Q3T-RX0,MSE,gradinput,80,0.37787698412698406,24,12
3Q3T-RX0,MSE,gradinput,85,0.32,10,5
3Q3T-RX0,MSE,gradinput,90,0.3125,8,4
3Q3T-RX0,MSE,gradinput,95,0.5,2,1
3Q3T-RX0,MSE,ig,50,0.5418785892470104,38,19
3Q3T-RX0,MSE,ig,55,0.5418785892470104,38,19
3Q3T-RX0,MSE,ig,60,0.5418785892470104,38,19
3Q3T-RX0,MSE,ig,65,0.5406939465762995,34,17
3Q3T-RX0,MSE,ig,70,0.5393037518037518,32,16
3Q3T-RX0,MSE,ig,75,0.5341798941798942,30,15
3Q3T-RX0,MSE,ig,80,0.5068452380952381,24,12
3Q3T-RX0,MSE,ig,85,0.37,10,5
3Q3T-RX0,MSE,ig,90,0.3125,8,4
3Q3T-RX0,MSE,ig,95,0.5,2,1
3Q3T-RX0,MSE,shap,50,0.49965290557395836,38,19
3Q3T-RX0,MSE,shap,55,0.49965290557395836,38,19
3Q3T-RX0,MSE,shap,60,0.49965290557395836,38,19
3Q3T-RX0,MSE,shap,65,0.49426447735271273,34,17
3Q3T-RX0,MSE,shap,70,0.4759864267676768,32,16
3Q3T-RX0,MSE,shap,75,0.47101851851851856,30,15
3Q3T-RX0,MSE,shap,80,0.4210317460317461,24,12
3Q3T-RX0,MSE,shap,85,0.24500000000000002,10,5
3Q3T-RX0,MSE,shap,90,0.1875,8,4
3Q3T-RX0,MSE,shap,95,0.0,2,1
3Q8W-AZV,MSE,cam,50,0.510299145299145,105,57
3Q8W-AZV,MSE,cam,55,0.5114845031511696,99,54
3Q8W-AZV,MSE,cam,60,0.5114845031511696,99,54
3Q8W-AZV,MSE,cam,65,0.5114845031511696,99,54
3Q8W-AZV,MSE,cam,70,0.5076762246117082,93,51
3Q8W-AZV,MSE,cam,75,0.4915101721439747,71,40
3Q8W-AZV,MSE,cam,80,0.3550724637681159,23,16
3Q8W-AZV,MSE,cam,85,0.3157894736842105,19,14
3Q8W-AZV,MSE,cam,90,0.26666666666666666,15,12
3Q8W-AZV,MSE,cam,95,0.0,1,2
3Q8W-AZV,MSE,diff,50,0.5459713566856422,105,57
3Q8W-AZV,MSE,diff,55,0.548757499515075,99,54
3Q8W-AZV,MSE,diff,60,0.548757499515075,99,54
3Q8W-AZV,MSE,diff,65,0.548757499515075,99,54
3Q8W-AZV,MSE,diff,70,0.5496698940247324,93,51
3Q8W-AZV,MSE,diff,75,0.5568019226469929,71,40
3Q8W-AZV,MSE,diff,80,0.6240165631469978,23,16
3Q8W-AZV,MSE,diff,85,0.6491228070175438,19,14
3Q8W-AZV,MSE,diff,90,0.6888888888888888,15,12
3Q8W-AZV,MSE,diff,95,1.0,1,2
3Q8W-AZV,MSE,gradcam,50,0.5259475180903752,105,57
3Q8W-AZV,MSE,gradcam,55,0.5263977604886696,99,54
3Q8W-AZV,MSE,gradcam,60,0.5263977604886696,99,54
3Q8W-AZV,MSE,gradcam,65,0.5263977604886696,99,54
3Q8W-AZV,MSE,gradcam,70,0.5220627938369874,93,51
3Q8W-AZV,MSE,gradcam,75,0.5229879275653924,71,40
3Q8W-AZV,MSE,gradcam,80,0.39886128364389234,23,16
3Q8W-AZV,MSE,gradcam,85,0.39035087719298245,19,14
3Q8W-AZV,MSE,gradcam,90,0.31111111111111106,15,12
3Q8W-AZV,MSE,gradcam,95,1.0,1,2
3Q8W-AZV,MSE,gradinput,50,0.4764236028521743,105,57
3Q8W-AZV,MSE,gradinput,55,0.48116756980393344,99,54
3Q8W-AZV,MSE,gradinput,60,0.48116756980393344,99,54
3Q8W-AZV,MSE,gradinput,65,0.48116756980393344,99,54
3Q8W-AZV,MSE,gradinput,70,0.4758169250104733,93,51
3Q8W-AZV,MSE,gradinput,75,0.479057679409792,71,40
3Q8W-AZV,MSE,gradinput,80,0.48426501035196684,23,16
3Q8W-AZV,MSE,gradinput,85,0.4912280701754386,19,14
3Q8W-AZV,MSE,gradinput,90,0.3888888888888889,15,12
3Q8W-AZV,MSE,gradinput,95,1.0,1,2
3Q8W-AZV,MSE,ig,50,0.5448883656026513,105,57
3Q8W-AZV,MSE,ig,55,0.5464865381532049,99,54
3Q8W-AZV,MSE,ig,60,0.5464865381532049,99,54
3Q8W-AZV,MSE,ig,65,0.5464865381532049,99,54
3Q8W-AZV,MSE,ig,70,0.5476659839563067,93,51
3Q8W-AZV,MSE,ig,75,0.5678347864967583,71,40
3Q8W-AZV,MSE,ig,80,0.6254658385093168,23,16
3Q8W-AZV,MSE,ig,85,0.6842105263157895,19,14
3Q8W-AZV,MSE,ig,90,0.7333333333333333,15,12
3Q8W-AZV,MSE,ig,95,1.0,1,2
3Q8W-AZV,MSE,shap,50,0.49886357029214157,105,57
3Q8W-AZV,MSE,shap,55,0.4976723613087248,99,54
3Q8W-AZV,MSE,shap,60,0.4976723613087248,99,54
3Q8W-AZV,MSE,shap,65,0.4976723613087248,99,54
3Q8W-AZV,MSE,shap,70,0.492393985942373,93,51
3Q8W-AZV,MSE,shap,75,0.4950201207243461,71,40
3Q8W-AZV,MSE,shap,80,0.5118012422360249,23,16
3Q8W-AZV,MSE,shap,85,0.5438596491228069,19,14
3Q8W-AZV,MSE,shap,90,0.5555555555555555,15,12
3Q8W-AZV,MSE,shap,95,0.0,1,2
3Q92-XNB,MSE,cam,50,0.5062998405103668,209,113
3Q92-XNB,MSE,cam,55,0.5062998405103668,209,113
3Q92-XNB,MSE,cam,60,0.5064227642276422,205,111
3Q92-XNB,MSE,cam,65,0.5071948998178506,183,100
3Q92-XNB,MSE,cam,70,0.5077909270216963,169,93
3Q92-XNB,MSE,cam,75,0.5141927083333333,128,72
3Q92-XNB,MSE,cam,80,0.5204620462046204,101,58
3Q92-XNB,MSE,cam,85,0.5227777777777777,60,36
3Q92-XNB,MSE,cam,90,0.536231884057971,46,28
3Q92-XNB,MSE,cam,95,0.6,5,6
3Q92-XNB,MSE,diff,50,0.6328710497370783,209,113
3Q92-XNB,MSE,diff,55,0.6328710497370783,209,113
3Q92-XNB,MSE,diff,60,0.6339305545403107,205,111
3Q92-XNB,MSE,diff,65,0.6381947894242977,183,100
3Q92-XNB,MSE,diff,70,0.6399666572743499,169,93
3Q92-XNB,MSE,diff,75,0.6362537202380952,128,72
3Q92-XNB,MSE,diff,80,0.6211692597831208,101,58
3Q92-XNB,MSE,diff,85,0.6180555555555555,60,36
3Q92-XNB,MSE,diff,90,0.5905797101449276,46,28
3Q92-XNB,MSE,diff,95,0.8,5,6
3Q92-XNB,MSE,gradcam,50,0.5024682786644511,209,113
3Q92-XNB,MSE,gradcam,55,0.5024682786644511,209,113
3Q92-XNB,MSE,gradcam,60,0.5025474119376561,205,111
3Q92-XNB,MSE,gradcam,65,0.49564241162601846,183,100
3Q92-XNB,MSE,gradcam,70,0.4898774302620458,169,93
3Q92-XNB,MSE,gradcam,75,0.4474423363095239,128,72
3Q92-XNB,MSE,gradcam,80,0.4330740216878829,101,58
3Q92-XNB,MSE,gradcam,85,0.47833333333333333,60,36
3Q92-XNB,MSE,gradcam,90,0.5000000000000001,46,28
3Q92-XNB,MSE,gradcam,95,0.8,5,6
3Q92-XNB,MSE,gradinput,50,0.4857553929324267,209,113
3Q92-XNB,MSE,gradinput,55,0.4857553929324267,209,113
3Q92-XNB,MSE,gradinput,60,0.4864220873976974,205,111
3Q92-XNB,MSE,gradinput,65,0.48826595383972454,183,100
3Q92-XNB,MSE,gradinput,70,0.4931999624307319,169,93
3Q92-XNB,MSE,gradinput,75,0.4862909226190477,128,72
3Q92-XNB,MSE,gradinput,80,0.47161716171617146,101,58
3Q92-XNB,MSE,gradinput,85,0.46416666666666667,60,36
3Q92-XNB,MSE,gradinput,90,0.44927536231884063,46,28
3Q92-XNB,MSE,gradinput,95,0.6,5,6
3Q92-XNB,MSE,ig,50,0.48867595721662693,209,113
3Q92-XNB,MSE,ig,55,0.48867595721662693,209,113
3Q92-XNB,MSE,ig,60,0.4890744350500447,205,111
3Q92-XNB,MSE,ig,65,0.49611316127709576,183,100
3Q92-XNB,MSE,ig,70,0.49942002442002464,169,93
3Q92-XNB,MSE,ig,75,0.4956101190476192,128,72
3Q92-XNB,MSE,ig,80,0.48425271098538425,101,58
3Q92-XNB,MSE,ig,85,0.523611111111111,60,36
3Q92-XNB,MSE,ig,90,0.49637681159420294,46,28
3Q92-XNB,MSE,ig,95,0.6,5,6
3Q92-XNB,MSE,shap,50,0.5198336485417826,209,113
3Q92-XNB,MSE,shap,55,0.5198336485417826,209,113
3Q92-XNB,MSE,shap,60,0.5212736856639297,205,111
3Q92-XNB,MSE,shap,65,0.525303385139451,183,100
3Q92-XNB,MSE,shap,70,0.5295036160420777,169,93
3Q92-XNB,MSE,shap,75,0.5257161458333334,128,72
3Q92-XNB,MSE,shap,80,0.5057755775577556,101,58
3Q92-XNB,MSE,shap,85,0.48916666666666675,60,36
3Q92-XNB,MSE,shap,90,0.492753623188406,46,28
3Q92-XNB,MSE,shap,95,0.8,5,6
3QAQ-QAQ,MSE,cam,50,0.5315789473684212,38,20
3QAQ-QAQ,MSE,cam,55,0.5315789473684212,38,20
3QAQ-QAQ,MSE,cam,60,0.5333333333333334,36,19
3QAQ-QAQ,MSE,cam,65,0.55,20,11
3QAQ-QAQ,MSE,cam,70,0.5833333333333334,12,7
3QAQ-QAQ,MSE,cam,75,0.6,10,6
3QAQ-QAQ,MSE,cam,80,0.6,10,6
3QAQ-QAQ,MSE,cam,85,0.6,10,6
3QAQ-QAQ,MSE,cam,90,0.75,4,3
3QAQ-QAQ,MSE,cam,95,0.6666666666666666,3,2
3QAQ-QAQ,MSE,diff,50,0.7294448241816663,38,20
3QAQ-QAQ,MSE,diff,55,0.7294448241816663,38,20
3QAQ-QAQ,MSE,diff,60,0.7435145101811769,36,19
3QAQ-QAQ,MSE,diff,65,0.8103174603174603,20,11
3QAQ-QAQ,MSE,diff,70,0.8988095238095237,12,7
3QAQ-QAQ,MSE,diff,75,0.95,10,6
3QAQ-QAQ,MSE,diff,80,0.95,10,6
3QAQ-QAQ,MSE,diff,85,0.95,10,6
3QAQ-QAQ,MSE,diff,90,1.0,4,3
3QAQ-QAQ,MSE,diff,95,1.0,3,2
3QAQ-QAQ,MSE,gradcam,50,0.6633743449532924,38,20
3QAQ-QAQ,MSE,gradcam,55,0.6633743449532924,38,20
3QAQ-QAQ,MSE,gradcam,60,0.6707972582972583,36,19
3QAQ-QAQ,MSE,gradcam,65,0.7220238095238096,20,11
3QAQ-QAQ,MSE,gradcam,70,0.7738095238095237,12,7
3QAQ-QAQ,MSE,gradcam,75,0.8,10,6
3QAQ-QAQ,MSE,gradcam,80,0.8,10,6
3QAQ-QAQ,MSE,gradcam,85,0.8,10,6
3QAQ-QAQ,MSE,gradcam,90,1.0,4,3
3QAQ-QAQ,MSE,gradcam,95,1.0,3,2
3QAQ-QAQ,MSE,gradinput,50,0.7158967494493811,38,20
3QAQ-QAQ,MSE,gradinput,55,0.7158967494493811,38,20
3QAQ-QAQ,MSE,gradinput,60,0.7348354577521244,36,19
3QAQ-QAQ,MSE,gradinput,65,0.776686507936508,20,11
3QAQ-QAQ,MSE,gradinput,70,0.7767857142857143,12,7
3QAQ-QAQ,MSE,gradinput,75,0.775,10,6
3QAQ-QAQ,MSE,gradinput,80,0.775,10,6
3QAQ-QAQ,MSE,gradinput,85,0.775,10,6
3QAQ-QAQ,MSE,gradinput,90,0.75,4,3
3QAQ-QAQ,MSE,gradinput,95,0.6666666666666666,3,2
3QAQ-QAQ,MSE,ig,50,0.6770277967646388,38,20
3QAQ-QAQ,MSE,ig,55,0.6770277967646388,38,20
3QAQ-QAQ,MSE,ig,60,0.6819023569023569,36,19
3QAQ-QAQ,MSE,ig,65,0.7547619047619047,20,11
3QAQ-QAQ,MSE,ig,70,0.8482142857142857,12,7
3QAQ-QAQ,MSE,ig,75,0.875,10,6
3QAQ-QAQ,MSE,ig,80,0.875,10,6
3QAQ-QAQ,MSE,ig,85,0.875,10,6
3QAQ-QAQ,MSE,ig,90,1.0,4,3
3QAQ-QAQ,MSE,ig,95,1.0,3,2
3QAQ-QAQ,MSE,shap,50,0.6148553201184781,38,20
3QAQ-QAQ,MSE,shap,55,0.6148553201184781,38,20
3QAQ-QAQ,MSE,shap,60,0.6162758537758539,36,19
3QAQ-QAQ,MSE,shap,65,0.6565476190476189,20,11
3QAQ-QAQ,MSE,shap,70,0.7529761904761904,12,7
3QAQ-QAQ,MSE,shap,75,0.775,10,6
3QAQ-QAQ,MSE,shap,80,0.775,10,6
3QAQ-QAQ,MSE,shap,85,0.775,10,6
3QAQ-QAQ,MSE,shap,90,0.75,4,3
3QAQ-QAQ,MSE,shap,95,0.6666666666666666,3,2
3R43-ID8,MSE,cam,50,0.5,156,79
3R43-ID8,MSE,cam,55,0.5,156,79
3R43-ID8,MSE,cam,60,0.5,156,79
3R43-ID8,MSE,cam,65,0.5,154,78
3R43-ID8,MSE,cam,70,0.5,118,60
3R43-ID8,MSE,cam,75,0.5,82,42
3R43-ID8,MSE,cam,80,0.5,48,24
3R43-ID8,MSE,cam,85,0.5,14,7
3R43-ID8,MSE,cam,90,0.5,2,1
3R43-ID8,MSE,cam,95,,0,0
3R43-ID8,MSE,diff,50,0.6001042938542935,156,79
3R43-ID8,MSE,diff,55,0.6001042938542935,156,79
3R43-ID8,MSE,diff,60,0.6001042938542935,156,79
3R43-ID8,MSE,diff,65,0.599420222634508,154,78
3R43-ID8,MSE,diff,70,0.5908595641646486,118,60
3R43-ID8,MSE,diff,75,0.6091463414634146,82,42
3R43-ID8,MSE,diff,80,0.6249999999999999,48,24
3R43-ID8,MSE,diff,85,0.6428571428571429,14,7
3R43-ID8,MSE,diff,90,1.0,2,1
3R43-ID8,MSE,diff,95,,0,0
3R43-ID8,MSE,gradcam,50,0.5102640415140413,156,79
3R43-ID8,MSE,gradcam,55,0.5102640415140413,156,79
3R43-ID8,MSE,gradcam,60,0.5102640415140413,156,79
3R43-ID8,MSE,gradcam,65,0.5087739641311068,154,78
3R43-ID8,MSE,gradcam,70,0.4884987893462468,118,60
3R43-ID8,MSE,gradcam,75,0.4841463414634147,82,42
3R43-ID8,MSE,gradcam,80,0.48784722222222227,48,24
3R43-ID8,MSE,gradcam,85,0.4523809523809524,14,7
3R43-ID8,MSE,gradcam,90,0.0,2,1
3R43-ID8,MSE,gradcam,95,,0,0
3R43-ID8,MSE,gradinput,50,0.6376373626373625,156,79
3R43-ID8,MSE,gradinput,55,0.6376373626373625,156,79
3R43-ID8,MSE,gradinput,60,0.6376373626373625,156,79
3R43-ID8,MSE,gradinput,65,0.6378014842300554,154,78
3R43-ID8,MSE,gradinput,70,0.6224374495560935,118,60
3R43-ID8,MSE,gradinput,75,0.585162601626016,82,42
3R43-ID8,MSE,gradinput,80,0.5572916666666667,48,24
3R43-ID8,MSE,gradinput,85,0.511904761904762,14,7
3R43-ID8,MSE,gradinput,90,0.0,2,1
3R43-ID8,MSE,gradinput,95,,0,0
3R43-ID8,MSE,ig,50,0.6512159137159138,156,79
3R43-ID8,MSE,ig,55,0.6512159137159138,156,79
3R43-ID8,MSE,ig,60,0.6512159137159138,156,79
3R43-ID8,MSE,ig,65,0.6502937538651825,154,78
3R43-ID8,MSE,ig,70,0.6204802259887005,118,60
3R43-ID8,MSE,ig,75,0.6093495934959351,82,42
3R43-ID8,MSE,ig,80,0.6059027777777778,48,24
3R43-ID8,MSE,ig,85,0.6428571428571429,14,7
3R43-ID8,MSE,ig,90,0.5,2,1
3R43-ID8,MSE,ig,95,,0,0
3R43-ID8,MSE,shap,50,0.5409773097273097,156,79
3R43-ID8,MSE,shap,55,0.5409773097273097,156,79
3R43-ID8,MSE,shap,60,0.5409773097273097,156,79
3R43-ID8,MSE,shap,65,0.5411487322201608,154,78
3R43-ID8,MSE,shap,70,0.5314568200161421,118,60
3R43-ID8,MSE,shap,75,0.5327235772357722,82,42
3R43-ID8,MSE,shap,80,0.517361111111111,48,24
3R43-ID8,MSE,shap,85,0.6309523809523808,14,7
3R43-ID8,MSE,shap,90,1.0,2,1
3R43-ID8,MSE,shap,95,,0,0
3RO4-LJ9,MSE,cam,50,0.5,54,28
3RO4-LJ9,MSE,cam,55,0.5,52,27
3RO4-LJ9,MSE,cam,60,0.5,48,25
3RO4-LJ9,MSE,cam,65,0.5,38,20
3RO4-LJ9,MSE,cam,70,0.5,34,18
3RO4-LJ9,MSE,cam,75,0.5,28,15
3RO4-LJ9,MSE,cam,80,0.5,18,10
3RO4-LJ9,MSE,cam,85,0.5,14,8
3RO4-LJ9,MSE,cam,90,0.4444444444444444,9,5
3RO4-LJ9,MSE,cam,95,,0,0
3RO4-LJ9,MSE,diff,50,0.6177366357921913,54,28
3RO4-LJ9,MSE,diff,55,0.619306388056388,52,27
3RO4-LJ9,MSE,diff,60,0.629248587061087,48,25
3RO4-LJ9,MSE,diff,65,0.560390559732665,38,20
3RO4-LJ9,MSE,diff,70,0.5600140056022409,34,18
3RO4-LJ9,MSE,diff,75,0.5464285714285715,28,15
3RO4-LJ9,MSE,diff,80,0.6000000000000001,18,10
3RO4-LJ9,MSE,diff,85,0.6428571428571429,14,8
3RO4-LJ9,MSE,diff,90,0.7777777777777778,9,5
3RO4-LJ9,MSE,diff,95,,0,0
3RO4-LJ9,MSE,gradcam,50,0.592499270277048,54,28
3RO4-LJ9,MSE,gradcam,55,0.5945776445776445,52,27
3RO4-LJ9,MSE,gradcam,60,0.5940265752765752,48,25
3RO4-LJ9,MSE,gradcam,65,0.5173663324979114,38,20
3RO4-LJ9,MSE,gradcam,70,0.5154761904761905,34,18
3RO4-LJ9,MSE,gradcam,75,0.5054421768707483,28,15
3RO4-LJ9,MSE,gradcam,80,0.5111111111111111,18,10
3RO4-LJ9,MSE,gradcam,85,0.5714285714285714,14,8
3RO4-LJ9,MSE,gradcam,90,0.7222222222222222,9,5
3RO4-LJ9,MSE,gradcam,95,,0,0
3RO4-LJ9,MSE,gradinput,50,0.5436530033752256,54,28
3RO4-LJ9,MSE,gradinput,55,0.5438526751026751,52,27
3RO4-LJ9,MSE,gradinput,60,0.5549475408850408,48,25
3RO4-LJ9,MSE,gradinput,65,0.47468671679197993,38,20
3RO4-LJ9,MSE,gradinput,70,0.47471988795518216,34,18
3RO4-LJ9,MSE,gradinput,75,0.4602040816326531,28,15
3RO4-LJ9,MSE,gradinput,80,0.5333333333333334,18,10
3RO4-LJ9,MSE,gradinput,85,0.5714285714285714,14,8
3RO4-LJ9,MSE,gradinput,90,0.7777777777777778,9,5
3RO4-LJ9,MSE,gradinput,95,,0,0
3RO4-LJ9,MSE,ig,50,0.7046921185810073,54,28
3RO4-LJ9,MSE,ig,55,0.7051684426684427,52,27
3RO4-LJ9,MSE,ig,60,0.7192896224146225,48,25
3RO4-LJ9,MSE,ig,65,0.6967209690893901,38,20
3RO4-LJ9,MSE,ig,70,0.6847338935574229,34,18
3RO4-LJ9,MSE,ig,75,0.6554421768707483,28,15
3RO4-LJ9,MSE,ig,80,0.7074074074074074,18,10
3RO4-LJ9,MSE,ig,85,0.6666666666666666,14,8
3RO4-LJ9,MSE,ig,90,0.7222222222222222,9,5
3RO4-LJ9,MSE,ig,95,,0,0
3RO4-LJ9,MSE,shap,50,0.4995797926353482,54,28
3RO4-LJ9,MSE,shap,55,0.4995636308136308,52,27
3RO4-LJ9,MSE,shap,60,0.4963030603655603,48,25
3RO4-LJ9,MSE,shap,65,0.47458228905597327,38,20
3RO4-LJ9,MSE,shap,70,0.4678221288515406,34,18
3RO4-LJ9,MSE,shap,75,0.4537414965986395,28,15
3RO4-LJ9,MSE,shap,80,0.46111111111111114,18,10
3RO4-LJ9,MSE,shap,85,0.42857142857142855,14,8
3RO4-LJ9,MSE,shap,90,0.2777777777777778,9,5
3RO4-LJ9,MSE,shap,95,,0,0
3RUK-AER,MSE,cam,50,0.47058823529411764,68,37
3RUK-AER,MSE,cam,55,0.47058823529411764,68,37
3RUK-AER,MSE,cam,60,0.47058823529411764,68,37
3RUK-AER,MSE,cam,65,0.47058823529411764,68,37
3RUK-AER,MSE,cam,70,0.47058823529411764,68,37
3RUK-AER,MSE,cam,75,0.47058823529411764,68,37
3RUK-AER,MSE,cam,80,0.47058823529411764,68,37
3RUK-AER,MSE,cam,85,0.46153846153846156,65,35
3RUK-AER,MSE,cam,90,0.4642857142857143,28,15
3RUK-AER,MSE,cam,95,0.5,10,5
3RUK-AER,MSE,diff,50,0.5936274509803922,68,37
3RUK-AER,MSE,diff,55,0.5936274509803922,68,37
3RUK-AER,MSE,diff,60,0.5936274509803922,68,37
3RUK-AER,MSE,diff,65,0.5936274509803922,68,37
3RUK-AER,MSE,diff,70,0.5936274509803922,68,37
3RUK-AER,MSE,diff,75,0.5936274509803922,68,37
3RUK-AER,MSE,diff,80,0.5936274509803922,68,37
3RUK-AER,MSE,diff,85,0.5871794871794871,65,35
3RUK-AER,MSE,diff,90,0.5714285714285714,28,15
3RUK-AER,MSE,diff,95,0.5,10,5
3RUK-AER,MSE,gradcam,50,0.5502450980392157,68,37
3RUK-AER,MSE,gradcam,55,0.5502450980392157,68,37
3RUK-AER,MSE,gradcam,60,0.5502450980392157,68,37
3RUK-AER,MSE,gradcam,65,0.5502450980392157,68,37
3RUK-AER,MSE,gradcam,70,0.5502450980392157,68,37
3RUK-AER,MSE,gradcam,75,0.5502450980392157,68,37
3RUK-AER,MSE,gradcam,80,0.5502450980392157,68,37
3RUK-AER,MSE,gradcam,85,0.5371794871794873,65,35
3RUK-AER,MSE,gradcam,90,0.5357142857142857,28,15
3RUK-AER,MSE,gradcam,95,0.5,10,5
3RUK-AER,MSE,gradinput,50,0.48210784313725485,68,37
3RUK-AER,MSE,gradinput,55,0.48210784313725485,68,37
3RUK-AER,MSE,gradinput,60,0.48210784313725485,68,37
3RUK-AER,MSE,gradinput,65,0.48210784313725485,68,37
3RUK-AER,MSE,gradinput,70,0.48210784313725485,68,37
3RUK-AER,MSE,gradinput,75,0.48210784313725485,68,37
3RUK-AER,MSE,gradinput,80,0.48210784313725485,68,37
3RUK-AER,MSE,gradinput,85,0.47051282051282056,65,35
3RUK-AER,MSE,gradinput,90,0.5892857142857143,28,15
3RUK-AER,MSE,gradinput,95,0.5,10,5
3RUK-AER,MSE,ig,50,0.7220588235294118,68,37
3RUK-AER,MSE,ig,55,0.7220588235294118,68,37
3RUK-AER,MSE,ig,60,0.7220588235294118,68,37
3RUK-AER,MSE,ig,65,0.7220588235294118,68,37
3RUK-AER,MSE,ig,70,0.7220588235294118,68,37
3RUK-AER,MSE,ig,75,0.7220588235294118,68,37
3RUK-AER,MSE,ig,80,0.7220588235294118,68,37
3RUK-AER,MSE,ig,85,0.7230769230769232,65,35
3RUK-AER,MSE,ig,90,0.8035714285714286,28,15
3RUK-AER,MSE,ig,95,0.8,10,5
3RUK-AER,MSE,shap,50,0.48308823529411754,68,37
3RUK-AER,MSE,shap,55,0.48308823529411754,68,37
3RUK-AER,MSE,shap,60,0.48308823529411754,68,37
3RUK-AER,MSE,shap,65,0.48308823529411754,68,37
3RUK-AER,MSE,shap,70,0.48308823529411754,68,37
3RUK-AER,MSE,shap,75,0.48308823529411754,68,37
3RUK-AER,MSE,shap,80,0.48308823529411754,68,37
3RUK-AER,MSE,shap,85,0.48846153846153845,65,35
3RUK-AER,MSE,shap,90,0.5357142857142857,28,15
3RUK-AER,MSE,shap,95,0.6,10,5
3S7S-EXM,MSE,cam,50,0.5659851301115243,269,179
3S7S-EXM,MSE,cam,55,0.5659851301115243,269,179
3S7S-EXM,MSE,cam,60,0.5659851301115243,269,179
3S7S-EXM,MSE,cam,65,0.5659851301115243,269,179
3S7S-EXM,MSE,cam,70,0.5659851301115243,269,179
3S7S-EXM,MSE,cam,75,0.5578431372549021,255,169
3S7S-EXM,MSE,cam,80,0.5616591928251121,223,146
3S7S-EXM,MSE,cam,85,0.5477707006369426,157,102
3S7S-EXM,MSE,cam,90,0.5198019801980198,101,65
3S7S-EXM,MSE,cam,95,0.6875,16,13
3S7S-EXM,MSE,diff,50,0.738967073818375,269,179
3S7S-EXM,MSE,diff,55,0.738967073818375,269,179
3S7S-EXM,MSE,diff,60,0.738967073818375,269,179
3S7S-EXM,MSE,diff,65,0.738967073818375,269,179
3S7S-EXM,MSE,diff,70,0.738967073818375,269,179
3S7S-EXM,MSE,diff,75,0.7511764705882353,255,169
3S7S-EXM,MSE,diff,80,0.7664424514200299,223,146
3S7S-EXM,MSE,diff,85,0.7876857749469215,157,102
3S7S-EXM,MSE,diff,90,0.806930693069307,101,65
3S7S-EXM,MSE,diff,95,0.8125,16,13
3S7S-EXM,MSE,gradcam,50,0.6746149761019646,269,179
3S7S-EXM,MSE,gradcam,55,0.6746149761019646,269,179
3S7S-EXM,MSE,gradcam,60,0.6746149761019646,269,179
3S7S-EXM,MSE,gradcam,65,0.6746149761019646,269,179
3S7S-EXM,MSE,gradcam,70,0.6746149761019646,269,179
3S7S-EXM,MSE,gradcam,75,0.6799999999999997,255,169
3S7S-EXM,MSE,gradcam,80,0.7032884902840058,223,146
3S7S-EXM,MSE,gradcam,85,0.7112526539278133,157,102
3S7S-EXM,MSE,gradcam,90,0.7178217821782178,101,65
3S7S-EXM,MSE,gradcam,95,0.875,16,13
3S7S-EXM,MSE,gradinput,50,0.7261108160736416,269,179
3S7S-EXM,MSE,gradinput,55,0.7261108160736416,269,179
3S7S-EXM,MSE,gradinput,60,0.7261108160736416,269,179
3S7S-EXM,MSE,gradinput,65,0.7261108160736416,269,179
3S7S-EXM,MSE,gradinput,70,0.7261108160736416,269,179
3S7S-EXM,MSE,gradinput,75,0.7283006535947715,255,169
3S7S-EXM,MSE,gradinput,80,0.7470104633781764,223,146
3S7S-EXM,MSE,gradinput,85,0.7250530785562634,157,102
3S7S-EXM,MSE,gradinput,90,0.7029702970297029,101,65
3S7S-EXM,MSE,gradinput,95,0.5,16,13
3S7S-EXM,MSE,ig,50,0.5765002655337226,269,179
3S7S-EXM,MSE,ig,55,0.5765002655337226,269,179
3S7S-EXM,MSE,ig,60,0.5765002655337226,269,179
3S7S-EXM,MSE,ig,65,0.5765002655337226,269,179
3S7S-EXM,MSE,ig,70,0.5765002655337226,269,179
3S7S-EXM,MSE,ig,75,0.5819607843137253,255,169
3S7S-EXM,MSE,ig,80,0.5837070254110612,223,146
3S7S-EXM,MSE,ig,85,0.6104033970276008,157,102
3S7S-EXM,MSE,ig,90,0.6386138613861386,101,65
3S7S-EXM,MSE,ig,95,0.8125,16,13
3S7S-EXM,MSE,shap,50,0.5685519560984246,269,179
3S7S-EXM,MSE,shap,55,0.5685519560984246,269,179
3S7S-EXM,MSE,shap,60,0.5685519560984246,269,179
3S7S-EXM,MSE,shap,65,0.5685519560984246,269,179
3S7S-EXM,MSE,shap,70,0.5685519560984246,269,179
3S7S-EXM,MSE,shap,75,0.5679738562091504,255,169
3S7S-EXM,MSE,shap,80,0.5687593423019434,223,146
3S7S-EXM,MSE,shap,85,0.5743099787685777,157,102
3S7S-EXM,MSE,shap,90,0.5693069306930693,101,65
3S7S-EXM,MSE,shap,95,0.5625,16,13
3SHY-5FO,MSE,cam,50,0.5132177397287289,1638,829
3SHY-5FO,MSE,cam,55,0.5132177397287289,1638,829
3SHY-5FO,MSE,cam,60,0.5133811234089357,1618,819
3SHY-5FO,MSE,cam,65,0.513485811443979,1506,763
3SHY-5FO,MSE,cam,70,0.5137583451065126,1146,583
3SHY-5FO,MSE,cam,75,0.5146691570078666,682,351
3SHY-5FO,MSE,cam,80,0.5212559343979283,331,175
3SHY-5FO,MSE,cam,85,0.5339195979899497,199,109
3SHY-5FO,MSE,cam,90,0.5617977528089888,89,53
3SHY-5FO,MSE,cam,95,0.7142857142857143,14,13
3SHY-5FO,MSE,diff,50,0.6242174003548585,1638,829
3SHY-5FO,MSE,diff,55,0.6242174003548585,1638,829
3SHY-5FO,MSE,diff,60,0.6241556115301835,1618,819
3SHY-5FO,MSE,diff,65,0.6217796885127553,1506,763
3SHY-5FO,MSE,diff,70,0.6145500030316781,1146,583
3SHY-5FO,MSE,diff,75,0.6215529826966789,682,351
3SHY-5FO,MSE,diff,80,0.6218637606099843,331,175
3SHY-5FO,MSE,diff,85,0.6273031825795643,199,109
3SHY-5FO,MSE,diff,90,0.6329588014981273,89,53
3SHY-5FO,MSE,diff,95,0.7857142857142857,14,13
3SHY-5FO,MSE,gradcam,50,0.45437909614655314,1638,829
3SHY-5FO,MSE,gradcam,55,0.45437909614655314,1638,829
3SHY-5FO,MSE,gradcam,60,0.4547566667499601,1618,819
3SHY-5FO,MSE,gradcam,65,0.46001129975233646,1506,763
3SHY-5FO,MSE,gradcam,70,0.46540477895189875,1146,583
3SHY-5FO,MSE,gradcam,75,0.4774455383326346,682,351
3SHY-5FO,MSE,gradcam,80,0.49593583657027773,331,175
3SHY-5FO,MSE,gradcam,85,0.504857621440536,199,109
3SHY-5FO,MSE,gradcam,90,0.4868913857677903,89,53
3SHY-5FO,MSE,gradcam,95,0.6428571428571429,14,13
3SHY-5FO,MSE,gradinput,50,0.501889241045603,1638,829
3SHY-5FO,MSE,gradinput,55,0.501889241045603,1638,829
3SHY-5FO,MSE,gradinput,60,0.5008769027433145,1618,819
3SHY-5FO,MSE,gradinput,65,0.49732034602552555,1506,763
3SHY-5FO,MSE,gradinput,70,0.49441185147991495,1146,583
3SHY-5FO,MSE,gradinput,75,0.49663856833944786,682,351
3SHY-5FO,MSE,gradinput,80,0.5276183282980865,331,175
3SHY-5FO,MSE,gradinput,85,0.5782244556113902,199,109
3SHY-5FO,MSE,gradinput,90,0.6217228464419478,89,53
3SHY-5FO,MSE,gradinput,95,0.6428571428571429,14,13
3SHY-5FO,MSE,ig,50,0.6234188064095135,1638,829
3SHY-5FO,MSE,ig,55,0.6234188064095135,1638,829
3SHY-5FO,MSE,ig,60,0.6232037351852129,1618,819
3SHY-5FO,MSE,ig,65,0.6227828391175015,1506,763
3SHY-5FO,MSE,ig,70,0.6273873450575039,1146,583
3SHY-5FO,MSE,ig,75,0.6284466999276395,682,351
3SHY-5FO,MSE,ig,80,0.6166091209897855,331,175
3SHY-5FO,MSE,ig,85,0.6160804020100502,199,109
3SHY-5FO,MSE,ig,90,0.6460674157303372,89,53
3SHY-5FO,MSE,ig,95,0.7857142857142857,14,13
3SHY-5FO,MSE,shap,50,0.5335654436688971,1638,829
3SHY-5FO,MSE,shap,55,0.5335654436688971,1638,829
3SHY-5FO,MSE,shap,60,0.5333762972487242,1618,819
3SHY-5FO,MSE,shap,65,0.5348598336148132,1506,763
3SHY-5FO,MSE,shap,70,0.5372780385214935,1146,583
3SHY-5FO,MSE,shap,75,0.5469036828274367,682,351
3SHY-5FO,MSE,shap,80,0.552398935404978,331,175
3SHY-5FO,MSE,shap,85,0.5422948073701843,199,109
3SHY-5FO,MSE,shap,90,0.6029962546816479,89,53
3SHY-5FO,MSE,shap,95,0.7142857142857143,14,13
3SWZ-TOK,MSE,cam,50,0.43478260869565216,23,13
3SWZ-TOK,MSE,cam,55,0.43478260869565216,23,13
3SWZ-TOK,MSE,cam,60,0.43478260869565216,23,13
3SWZ-TOK,MSE,cam,65,0.43478260869565216,23,13
3SWZ-TOK,MSE,cam,70,0.5,20,10
3SWZ-TOK,MSE,cam,75,0.5,20,10
3SWZ-TOK,MSE,cam,80,0.5,12,6
3SWZ-TOK,MSE,cam,85,0.5,6,3
3SWZ-TOK,MSE,cam,90,0.5,4,2
3SWZ-TOK,MSE,cam,95,,0,0
3SWZ-TOK,MSE,diff,50,0.6044137022397892,23,13
3SWZ-TOK,MSE,diff,55,0.6044137022397892,23,13
3SWZ-TOK,MSE,diff,60,0.6044137022397892,23,13
3SWZ-TOK,MSE,diff,65,0.6044137022397892,23,13
3SWZ-TOK,MSE,diff,70,0.5791666666666666,20,10
3SWZ-TOK,MSE,diff,75,0.5791666666666666,20,10
3SWZ-TOK,MSE,diff,80,0.625,12,6
3SWZ-TOK,MSE,diff,85,0.5833333333333334,6,3
3SWZ-TOK,MSE,diff,90,0.5,4,2
3SWZ-TOK,MSE,diff,95,,0,0
3SWZ-TOK,MSE,gradcam,50,0.43888888888888894,23,13
3SWZ-TOK,MSE,gradcam,55,0.43888888888888894,23,13
3SWZ-TOK,MSE,gradcam,60,0.43888888888888894,23,13
3SWZ-TOK,MSE,gradcam,65,0.43888888888888894,23,13
3SWZ-TOK,MSE,gradcam,70,0.5005555555555555,20,10
3SWZ-TOK,MSE,gradcam,75,0.5005555555555555,20,10
3SWZ-TOK,MSE,gradcam,80,0.4777777777777778,12,6
3SWZ-TOK,MSE,gradcam,85,0.38888888888888884,6,3
3SWZ-TOK,MSE,gradcam,90,0.25,4,2
3SWZ-TOK,MSE,gradcam,95,,0,0
3SWZ-TOK,MSE,gradinput,50,0.3405138339920949,23,13
3SWZ-TOK,MSE,gradinput,55,0.3405138339920949,23,13
3SWZ-TOK,MSE,gradinput,60,0.3405138339920949,23,13
3SWZ-TOK,MSE,gradinput,65,0.3405138339920949,23,13
3SWZ-TOK,MSE,gradinput,70,0.35333333333333333,20,10
3SWZ-TOK,MSE,gradinput,75,0.35333333333333333,20,10
3SWZ-TOK,MSE,gradinput,80,0.4361111111111111,12,6
3SWZ-TOK,MSE,gradinput,85,0.3055555555555555,6,3
3SWZ-TOK,MSE,gradinput,90,0.25,4,2
3SWZ-TOK,MSE,gradinput,95,,0,0
3SWZ-TOK,MSE,ig,50,0.6476504172156347,23,13
3SWZ-TOK,MSE,ig,55,0.6476504172156347,23,13
3SWZ-TOK,MSE,ig,60,0.6476504172156347,23,13
3SWZ-TOK,MSE,ig,65,0.6476504172156347,23,13
3SWZ-TOK,MSE,ig,70,0.6247222222222223,20,10
3SWZ-TOK,MSE,ig,75,0.6247222222222223,20,10
3SWZ-TOK,MSE,ig,80,0.6916666666666668,12,6
3SWZ-TOK,MSE,ig,85,0.5833333333333334,6,3
3SWZ-TOK,MSE,ig,90,0.5,4,2
3SWZ-TOK,MSE,ig,95,,0,0
3SWZ-TOK,MSE,shap,50,0.5466073781291172,23,13
3SWZ-TOK,MSE,shap,55,0.5466073781291172,23,13
3SWZ-TOK,MSE,shap,60,0.5466073781291172,23,13
3SWZ-TOK,MSE,shap,65,0.5466073781291172,23,13
3SWZ-TOK,MSE,shap,70,0.56875,20,10
3SWZ-TOK,MSE,shap,75,0.56875,20,10
3SWZ-TOK,MSE,shap,80,0.5972222222222222,12,6
3SWZ-TOK,MSE,shap,85,0.5277777777777778,6,3
3SWZ-TOK,MSE,shap,90,0.375,4,2
3SWZ-TOK,MSE,shap,95,,0,0
3TJC-0TP,MSE,cam,50,0.24705882352941178,17,14
3TJC-0TP,MSE,cam,55,0.24705882352941178,17,14
3TJC-0TP,MSE,cam,60,0.3,14,11
3TJC-0TP,MSE,cam,65,0.275,8,7
3TJC-0TP,MSE,cam,70,0.31428571428571433,7,6
3TJC-0TP,MSE,cam,75,0.05,4,4
3TJC-0TP,MSE,cam,80,0.0,2,2
3TJC-0TP,MSE,cam,85,0.0,2,2
3TJC-0TP,MSE,cam,90,0.0,2,2
3TJC-0TP,MSE,cam,95,0.0,1,1
3TJC-0TP,MSE,diff,50,0.7744652406417113,17,14
3TJC-0TP,MSE,diff,55,0.7744652406417113,17,14
3TJC-0TP,MSE,diff,60,0.7541125541125542,14,11
3TJC-0TP,MSE,diff,65,0.8125,8,7
3TJC-0TP,MSE,diff,70,0.7857142857142857,7,6
3TJC-0TP,MSE,diff,75,1.0,4,4
3TJC-0TP,MSE,diff,80,1.0,2,2
3TJC-0TP,MSE,diff,85,1.0,2,2
3TJC-0TP,MSE,diff,90,1.0,2,2
3TJC-0TP,MSE,diff,95,1.0,1,1
3TJC-0TP,MSE,gradcam,50,0.3777406417112299,17,14
3TJC-0TP,MSE,gradcam,55,0.3777406417112299,17,14
3TJC-0TP,MSE,gradcam,60,0.3423160173160173,14,11
3TJC-0TP,MSE,gradcam,65,0.25416666666666665,8,7
3TJC-0TP,MSE,gradcam,70,0.24285714285714285,7,6
3TJC-0TP,MSE,gradcam,75,0.3,4,4
3TJC-0TP,MSE,gradcam,80,0.5,2,2
3TJC-0TP,MSE,gradcam,85,0.5,2,2
3TJC-0TP,MSE,gradcam,90,0.5,2,2
3TJC-0TP,MSE,gradcam,95,1.0,1,1
3TJC-0TP,MSE,gradinput,50,0.4782775231304644,17,14
3TJC-0TP,MSE,gradinput,55,0.4782775231304644,17,14
3TJC-0TP,MSE,gradinput,60,0.48761080189651623,14,11
3TJC-0TP,MSE,gradinput,65,0.5313492063492063,8,7
3TJC-0TP,MSE,gradinput,70,0.5755102040816327,7,6
3TJC-0TP,MSE,gradinput,75,0.4,4,4
3TJC-0TP,MSE,gradinput,80,0.5,2,2
3TJC-0TP,MSE,gradinput,85,0.5,2,2
3TJC-0TP,MSE,gradinput,90,0.5,2,2
3TJC-0TP,MSE,gradinput,95,1.0,1,1
3TJC-0TP,MSE,ig,50,0.6638114336643749,17,14
3TJC-0TP,MSE,ig,55,0.6638114336643749,17,14
3TJC-0TP,MSE,ig,60,0.633735312306741,14,11
3TJC-0TP,MSE,ig,65,0.6092261904761904,8,7
3TJC-0TP,MSE,ig,70,0.6010204081632653,7,6
3TJC-0TP,MSE,ig,75,0.65,4,4
3TJC-0TP,MSE,ig,80,0.5,2,2
3TJC-0TP,MSE,ig,85,0.5,2,2
3TJC-0TP,MSE,ig,90,0.5,2,2
3TJC-0TP,MSE,ig,95,0.0,1,1
3TJC-0TP,MSE,shap,50,0.5219675749087513,17,14
3TJC-0TP,MSE,shap,55,0.5219675749087513,17,14
3TJC-0TP,MSE,shap,60,0.5350082457225314,14,11
3TJC-0TP,MSE,shap,65,0.5249007936507936,8,7
3TJC-0TP,MSE,shap,70,0.5363945578231292,7,6
3TJC-0TP,MSE,shap,75,0.4833333333333333,4,4
3TJC-0TP,MSE,shap,80,0.6666666666666666,2,2
3TJC-0TP,MSE,shap,85,0.6666666666666666,2,2
3TJC-0TP,MSE,shap,90,0.6666666666666666,2,2
3TJC-0TP,MSE,shap,95,1.0,1,1
3TK5-D1Q,MSE,cam,50,0.5,26,13
3TK5-D1Q,MSE,cam,55,0.5,26,13
3TK5-D1Q,MSE,cam,60,0.5,22,11
3TK5-D1Q,MSE,cam,65,0.5,16,8
3TK5-D1Q,MSE,cam,70,0.5,6,3
3TK5-D1Q,MSE,cam,75,0.5,6,3
3TK5-D1Q,MSE,cam,80,0.5,6,3
3TK5-D1Q,MSE,cam,85,0.5,6,3
3TK5-D1Q,MSE,cam,90,0.5,4,2
3TK5-D1Q,MSE,cam,95,0.5,2,1
3TK5-D1Q,MSE,diff,50,0.383147941801788,26,13
3TK5-D1Q,MSE,diff,55,0.383147941801788,26,13
3TK5-D1Q,MSE,diff,60,0.3554627190990827,22,11
3TK5-D1Q,MSE,diff,65,0.3559659090909091,16,8
3TK5-D1Q,MSE,diff,70,0.2916666666666667,6,3
3TK5-D1Q,MSE,diff,75,0.2916666666666667,6,3
3TK5-D1Q,MSE,diff,80,0.2916666666666667,6,3
3TK5-D1Q,MSE,diff,85,0.2916666666666667,6,3
3TK5-D1Q,MSE,diff,90,0.25,4,2
3TK5-D1Q,MSE,diff,95,0.5,2,1
3TK5-D1Q,MSE,gradcam,50,0.46983577320115777,26,13
3TK5-D1Q,MSE,gradcam,55,0.46983577320115777,26,13
3TK5-D1Q,MSE,gradcam,60,0.46681348954076224,22,11
3TK5-D1Q,MSE,gradcam,65,0.46202651515151516,16,8
3TK5-D1Q,MSE,gradcam,70,0.4166666666666667,6,3
3TK5-D1Q,MSE,gradcam,75,0.4166666666666667,6,3
3TK5-D1Q,MSE,gradcam,80,0.4166666666666667,6,3
3TK5-D1Q,MSE,gradcam,85,0.4166666666666667,6,3
3TK5-D1Q,MSE,gradcam,90,0.375,4,2
3TK5-D1Q,MSE,gradcam,95,0.5,2,1
3TK5-D1Q,MSE,gradinput,50,0.4272447104177874,26,13
3TK5-D1Q,MSE,gradinput,55,0.4272447104177874,26,13
3TK5-D1Q,MSE,gradinput,60,0.42291799109980927,22,11
3TK5-D1Q,MSE,gradinput,65,0.4298295454545454,16,8
3TK5-D1Q,MSE,gradinput,70,0.4166666666666667,6,3
3TK5-D1Q,MSE,gradinput,75,0.4166666666666667,6,3
3TK5-D1Q,MSE,gradinput,80,0.4166666666666667,6,3
3TK5-D1Q,MSE,gradinput,85,0.4166666666666667,6,3
3TK5-D1Q,MSE,gradinput,90,0.375,4,2
3TK5-D1Q,MSE,gradinput,95,0.5,2,1
3TK5-D1Q,MSE,ig,50,0.4927830182637874,26,13
3TK5-D1Q,MSE,ig,55,0.4927830182637874,26,13
3TK5-D1Q,MSE,ig,60,0.4988572034026579,22,11
3TK5-D1Q,MSE,ig,65,0.48636363636363644,16,8
3TK5-D1Q,MSE,ig,70,0.375,6,3
3TK5-D1Q,MSE,ig,75,0.375,6,3
3TK5-D1Q,MSE,ig,80,0.375,6,3
3TK5-D1Q,MSE,ig,85,0.375,6,3
3TK5-D1Q,MSE,ig,90,0.375,4,2
3TK5-D1Q,MSE,ig,95,0.5,2,1
3TK5-D1Q,MSE,shap,50,0.55500333000333,26,13
3TK5-D1Q,MSE,shap,55,0.55500333000333,26,13
3TK5-D1Q,MSE,shap,60,0.5437918142463597,22,11
3TK5-D1Q,MSE,shap,65,0.5823863636363636,16,8
3TK5-D1Q,MSE,shap,70,0.625,6,3
3TK5-D1Q,MSE,shap,75,0.625,6,3
3TK5-D1Q,MSE,shap,80,0.625,6,3
3TK5-D1Q,MSE,shap,85,0.625,6,3
3TK5-D1Q,MSE,shap,90,0.75,4,2
3TK5-D1Q,MSE,shap,95,1.0,2,1
3TKH-07S,MSE,cam,50,0.5173582486607698,238,119
3TKH-07S,MSE,cam,55,0.515643173251869,230,115
3TKH-07S,MSE,cam,60,0.5092846729444668,194,97
3TKH-07S,MSE,cam,65,0.5109690378208898,162,81
3TKH-07S,MSE,cam,70,0.5129365079365079,100,50
3TKH-07S,MSE,cam,75,0.5113378684807256,42,21
3TKH-07S,MSE,cam,80,0.5277777777777778,12,6
3TKH-07S,MSE,cam,85,0.5416666666666667,8,4
3TKH-07S,MSE,cam,90,0.5,6,3
3TKH-07S,MSE,cam,95,0.5,2,1
3TKH-07S,MSE,diff,50,0.5123278973594103,238,119
3TKH-07S,MSE,diff,55,0.5102748097313318,230,115
3TKH-07S,MSE,diff,60,0.5123915317214286,194,97
3TKH-07S,MSE,diff,65,0.5194428856465892,162,81
3TKH-07S,MSE,diff,70,0.5331944444444444,100,50
3TKH-07S,MSE,diff,75,0.5593537414965986,42,21
3TKH-07S,MSE,diff,80,0.7166666666666667,12,6
3TKH-07S,MSE,diff,85,0.8125,8,4
3TKH-07S,MSE,diff,90,0.8333333333333334,6,3
3TKH-07S,MSE,diff,95,1.0,2,1
3TKH-07S,MSE,gradcam,50,0.5535462086932676,238,119
3TKH-07S,MSE,gradcam,55,0.5533874639852898,230,115
3TKH-07S,MSE,gradcam,60,0.5475272150529882,194,97
3TKH-07S,MSE,gradcam,65,0.5498024780432188,162,81
3TKH-07S,MSE,gradcam,70,0.5545119047619046,100,50
3TKH-07S,MSE,gradcam,75,0.5616780045351475,42,21
3TKH-07S,MSE,gradcam,80,0.6444444444444444,12,6
3TKH-07S,MSE,gradcam,85,0.7291666666666666,8,4
3TKH-07S,MSE,gradcam,90,0.8333333333333334,6,3
3TKH-07S,MSE,gradcam,95,1.0,2,1
3TKH-07S,MSE,gradinput,50,0.5918649336191352,238,119
3TKH-07S,MSE,gradinput,55,0.5907615814137553,230,115
3TKH-07S,MSE,gradinput,60,0.5802612193076111,194,97
3TKH-07S,MSE,gradinput,65,0.5746018384907273,162,81
3TKH-07S,MSE,gradinput,70,0.5446507936507935,100,50
3TKH-07S,MSE,gradinput,75,0.501360544217687,42,21
3TKH-07S,MSE,gradinput,80,0.5444444444444445,12,6
3TKH-07S,MSE,gradinput,85,0.6041666666666667,8,4
3TKH-07S,MSE,gradinput,90,0.6666666666666666,6,3
3TKH-07S,MSE,gradinput,95,1.0,2,1
3TKH-07S,MSE,ig,50,0.5438365322819102,238,119
3TKH-07S,MSE,ig,55,0.5439120058685273,230,115
3TKH-07S,MSE,ig,60,0.5465826412991361,194,97
3TKH-07S,MSE,ig,65,0.5388855486077707,162,81
3TKH-07S,MSE,ig,70,0.5505317460317459,100,50
3TKH-07S,MSE,ig,75,0.5290249433106577,42,21
3TKH-07S,MSE,ig,80,0.5361111111111111,12,6
3TKH-07S,MSE,ig,85,0.5416666666666667,8,4
3TKH-07S,MSE,ig,90,0.5833333333333334,6,3
3TKH-07S,MSE,ig,95,1.0,2,1
3TKH-07S,MSE,shap,50,0.5175121563777023,238,119
3TKH-07S,MSE,shap,55,0.517210301775519,230,115
3TKH-07S,MSE,shap,60,0.5201608671969494,194,97
3TKH-07S,MSE,shap,65,0.5127839238950349,162,81
3TKH-07S,MSE,shap,70,0.5108730158730159,100,50
3TKH-07S,MSE,shap,75,0.49512471655328805,42,21
3TKH-07S,MSE,shap,80,0.35000000000000003,12,6
3TKH-07S,MSE,shap,85,0.375,8,4
3TKH-07S,MSE,shap,90,0.25,6,3
3TKH-07S,MSE,shap,95,0.0,2,1
3TV7-07Q,MSE,cam,50,0.5188721896383187,496,264
3TV7-07Q,MSE,cam,55,0.5225535168195719,436,234
3TV7-07Q,MSE,cam,60,0.5227623456790124,432,232
3TV7-07Q,MSE,cam,65,0.5230829420970267,426,229
3TV7-07Q,MSE,cam,70,0.5238673139158576,412,222
3TV7-07Q,MSE,cam,75,0.5238673139158576,412,222
3TV7-07Q,MSE,cam,80,0.5242200328407225,406,219
3TV7-07Q,MSE,cam,85,0.5082742316784871,282,157
3TV7-07Q,MSE,cam,90,0.5180412371134021,194,109
3TV7-07Q,MSE,cam,95,0.45901639344262296,61,38
3TV7-07Q,MSE,diff,50,0.6726775240888149,496,264
3TV7-07Q,MSE,diff,55,0.6715030382461578,436,234
3TV7-07Q,MSE,diff,60,0.6700396825396827,432,232
3TV7-07Q,MSE,diff,65,0.6679447052686491,426,229
3TV7-07Q,MSE,diff,70,0.6641585760517801,412,222
3TV7-07Q,MSE,diff,75,0.6641585760517801,412,222
3TV7-07Q,MSE,diff,80,0.66247947454844,406,219
3TV7-07Q,MSE,diff,85,0.6610520094562646,282,157
3TV7-07Q,MSE,diff,90,0.654639175257732,194,109
3TV7-07Q,MSE,diff,95,0.6557377049180327,61,38
3TV7-07Q,MSE,gradcam,50,0.6378468585625844,496,264
3TV7-07Q,MSE,gradcam,55,0.6340476355958002,436,234
3TV7-07Q,MSE,gradcam,60,0.6342050631981183,432,232
3TV7-07Q,MSE,gradcam,65,0.6358437663015124,426,229
3TV7-07Q,MSE,gradcam,70,0.6361245954692556,412,222
3TV7-07Q,MSE,gradcam,75,0.6361245954692556,412,222
3TV7-07Q,MSE,gradcam,80,0.6350574712643676,406,219
3TV7-07Q,MSE,gradcam,85,0.6480496453900707,282,157
3TV7-07Q,MSE,gradcam,90,0.6623711340206185,194,109
3TV7-07Q,MSE,gradcam,95,0.6557377049180327,61,38
3TV7-07Q,MSE,gradinput,50,0.6055972309500532,496,264
3TV7-07Q,MSE,gradinput,55,0.6273433052676171,436,234
3TV7-07Q,MSE,gradinput,60,0.6293641607877717,432,232
3TV7-07Q,MSE,gradinput,65,0.6298299053580744,426,229
3TV7-07Q,MSE,gradinput,70,0.6349110032362462,412,222
3TV7-07Q,MSE,gradinput,75,0.6349110032362462,412,222
3TV7-07Q,MSE,gradinput,80,0.6336206896551727,406,219
3TV7-07Q,MSE,gradinput,85,0.6421394799054374,282,157
3TV7-07Q,MSE,gradinput,90,0.6365979381443299,194,109
3TV7-07Q,MSE,gradinput,95,0.6065573770491803,61,38
3TV7-07Q,MSE,ig,50,0.6481760287203835,496,264
3TV7-07Q,MSE,ig,55,0.6374162662006699,436,234
3TV7-07Q,MSE,ig,60,0.6351006760728983,432,232
3TV7-07Q,MSE,ig,65,0.6361930844325211,426,229
3TV7-07Q,MSE,ig,70,0.6355177993527507,412,222
3TV7-07Q,MSE,ig,75,0.6355177993527507,412,222
3TV7-07Q,MSE,ig,80,0.6342364532019702,406,219
3TV7-07Q,MSE,ig,85,0.6190898345153665,282,157
3TV7-07Q,MSE,ig,90,0.5979381443298969,194,109
3TV7-07Q,MSE,ig,95,0.5573770491803278,61,38
3TV7-07Q,MSE,shap,50,0.5413035888842338,496,264
3TV7-07Q,MSE,shap,55,0.5402736407323563,436,234
3TV7-07Q,MSE,shap,60,0.540230930335097,432,232
3TV7-07Q,MSE,shap,65,0.5397058275579402,426,229
3TV7-07Q,MSE,shap,70,0.5425161812297735,412,222
3TV7-07Q,MSE,shap,75,0.5425161812297735,412,222
3TV7-07Q,MSE,shap,80,0.5456075533661741,406,219
3TV7-07Q,MSE,shap,85,0.5310283687943265,282,157
3TV7-07Q,MSE,shap,90,0.5180412371134021,194,109
3TV7-07Q,MSE,shap,95,0.4426229508196721,61,38
3U6H-03X,MSE,cam,50,0.5161626319204818,697,349
3U6H-03X,MSE,cam,55,0.5175779092340664,653,327
3U6H-03X,MSE,cam,60,0.5180488047125654,641,321
3U6H-03X,MSE,cam,65,0.5189893224495301,629,315
3U6H-03X,MSE,cam,70,0.52018571767249,567,284
3U6H-03X,MSE,cam,75,0.5203863027540608,397,199
3U6H-03X,MSE,cam,80,0.5068812793531896,267,134
3U6H-03X,MSE,cam,85,0.5059171597633136,169,85
3U6H-03X,MSE,cam,90,0.4915254237288136,59,30
3U6H-03X,MSE,cam,95,0.4,5,3
3U6H-03X,MSE,diff,50,0.6901077086059939,697,349
3U6H-03X,MSE,diff,55,0.6994398610984267,653,327
3U6H-03X,MSE,diff,60,0.7020057901883173,641,321
3U6H-03X,MSE,diff,65,0.7045373802294218,629,315
3U6H-03X,MSE,diff,70,0.7080259246925918,567,284
3U6H-03X,MSE,diff,75,0.7384776153038121,397,199
3U6H-03X,MSE,diff,80,0.7385871826883061,267,134
3U6H-03X,MSE,diff,85,0.7373767258382643,169,85
3U6H-03X,MSE,diff,90,0.7754237288135594,59,30
3U6H-03X,MSE,diff,95,0.6,5,3
3U6H-03X,MSE,gradcam,50,0.5813660312908097,697,349
3U6H-03X,MSE,gradcam,55,0.5867030577876253,653,327
3U6H-03X,MSE,gradcam,60,0.5891170261019762,641,321
3U6H-03X,MSE,gradcam,65,0.5902547783170621,629,315
3U6H-03X,MSE,gradcam,70,0.6020135459288899,567,284
3U6H-03X,MSE,gradcam,75,0.6198425420087891,397,199
3U6H-03X,MSE,gradcam,80,0.6150303192438022,267,134
3U6H-03X,MSE,gradcam,85,0.6040433925049309,169,85
3U6H-03X,MSE,gradcam,90,0.6059322033898303,59,30
3U6H-03X,MSE,gradcam,95,0.6,5,3
3U6H-03X,MSE,gradinput,50,0.5600380316903889,697,349
3U6H-03X,MSE,gradinput,55,0.5660983645086622,653,327
3U6H-03X,MSE,gradinput,60,0.5692041505189618,641,321
3U6H-03X,MSE,gradinput,65,0.5708218632526588,629,315
3U6H-03X,MSE,gradinput,70,0.5741348549549606,567,284
3U6H-03X,MSE,gradinput,75,0.5923123825516768,397,199
3U6H-03X,MSE,gradinput,80,0.5910855478271207,267,134
3U6H-03X,MSE,gradinput,85,0.6391518737672582,169,85
3U6H-03X,MSE,gradinput,90,0.711864406779661,59,30
3U6H-03X,MSE,gradinput,95,0.6,5,3
3U6H-03X,MSE,ig,50,0.6320825853357598,697,349
3U6H-03X,MSE,ig,55,0.6402613254228667,653,327
3U6H-03X,MSE,ig,60,0.6445866963784748,641,321
3U6H-03X,MSE,ig,65,0.648149111816933,629,315
3U6H-03X,MSE,ig,70,0.6632493070323768,567,284
3U6H-03X,MSE,ig,75,0.6889150591921374,397,199
3U6H-03X,MSE,ig,80,0.6975878366327801,267,134
3U6H-03X,MSE,ig,85,0.7101577909270212,169,85
3U6H-03X,MSE,ig,90,0.7782485875706215,59,30
3U6H-03X,MSE,ig,95,0.8,5,3
3U6H-03X,MSE,shap,50,0.5023980124999667,697,349
3U6H-03X,MSE,shap,55,0.5004738668973286,653,327
3U6H-03X,MSE,shap,60,0.5014103739601584,641,321
3U6H-03X,MSE,shap,65,0.5007339391854966,629,315
3U6H-03X,MSE,shap,70,0.5016135588886915,567,284
3U6H-03X,MSE,shap,75,0.49820269990295196,397,199
3U6H-03X,MSE,shap,80,0.49860145056774285,267,134
3U6H-03X,MSE,shap,85,0.5,169,85
3U6H-03X,MSE,shap,90,0.4872881355932204,59,30
3U6H-03X,MSE,shap,95,0.6,5,3
3U9N-09H,MSE,cam,50,0.486612702366127,73,38
3U9N-09H,MSE,cam,55,0.486612702366127,73,38
3U9N-09H,MSE,cam,60,0.4827144686299616,71,37
3U9N-09H,MSE,cam,65,0.4782608695652174,69,36
3U9N-09H,MSE,cam,70,0.4716981132075472,53,28
3U9N-09H,MSE,cam,75,0.46153846153846156,39,21
3U9N-09H,MSE,cam,80,0.4482758620689655,29,16
3U9N-09H,MSE,cam,85,0.38461538461538464,13,8
3U9N-09H,MSE,cam,90,0.4,10,6
3U9N-09H,MSE,cam,95,0.25,4,3
3U9N-09H,MSE,diff,50,0.5746338136749095,73,38
3U9N-09H,MSE,diff,55,0.5746338136749095,73,38
3U9N-09H,MSE,diff,60,0.5726281934028413,71,37
3U9N-09H,MSE,diff,65,0.5696514837819187,69,36
3U9N-09H,MSE,diff,70,0.5988544474393531,53,28
3U9N-09H,MSE,diff,75,0.6186202686202685,39,21
3U9N-09H,MSE,diff,80,0.6028735632183908,29,16
3U9N-09H,MSE,diff,85,0.6666666666666667,13,8
3U9N-09H,MSE,diff,90,0.65,10,6
3U9N-09H,MSE,diff,95,0.75,4,3
3U9N-09H,MSE,gradcam,50,0.44172794481013666,73,38
3U9N-09H,MSE,gradcam,55,0.44172794481013666,73,38
3U9N-09H,MSE,gradcam,60,0.4383259150864785,71,37
3U9N-09H,MSE,gradcam,65,0.4346560846560847,69,36
3U9N-09H,MSE,gradcam,70,0.4486822401916742,53,28
3U9N-09H,MSE,gradcam,75,0.48510378510378516,39,21
3U9N-09H,MSE,gradcam,80,0.5333333333333333,29,16
3U9N-09H,MSE,gradcam,85,0.7307692307692307,13,8
3U9N-09H,MSE,gradcam,90,0.8,10,6
3U9N-09H,MSE,gradcam,95,1.0,4,3
3U9N-09H,MSE,gradinput,50,0.39995453557097393,73,38
3U9N-09H,MSE,gradinput,55,0.39995453557097393,73,38
3U9N-09H,MSE,gradinput,60,0.39302837225372433,71,37
3U9N-09H,MSE,gradinput,65,0.3848458707154359,69,36
3U9N-09H,MSE,gradinput,70,0.47293351302785264,53,28
3U9N-09H,MSE,gradinput,75,0.528998778998779,39,21
3U9N-09H,MSE,gradinput,80,0.4626436781609195,29,16
3U9N-09H,MSE,gradinput,85,0.6153846153846154,13,8
3U9N-09H,MSE,gradinput,90,0.65,10,6
3U9N-09H,MSE,gradinput,95,0.75,4,3
3U9N-09H,MSE,ig,50,0.4980435470161498,73,38
3U9N-09H,MSE,ig,55,0.4980435470161498,73,38
3U9N-09H,MSE,ig,60,0.49857529012458596,71,37
3U9N-09H,MSE,ig,65,0.49721647112951467,69,36
3U9N-09H,MSE,ig,70,0.5026654687032045,53,28
3U9N-09H,MSE,ig,75,0.5043345543345543,39,21
3U9N-09H,MSE,ig,80,0.5017241379310345,29,16
3U9N-09H,MSE,ig,85,0.48717948717948717,13,8
3U9N-09H,MSE,ig,90,0.45,10,6
3U9N-09H,MSE,ig,95,0.25,4,3
3U9N-09H,MSE,shap,50,0.5094279388799937,73,38
3U9N-09H,MSE,shap,55,0.5094279388799937,73,38
3U9N-09H,MSE,shap,60,0.504411824482247,71,37
3U9N-09H,MSE,shap,65,0.5013400046008741,69,36
3U9N-09H,MSE,shap,70,0.5059374064091043,53,28
3U9N-09H,MSE,shap,75,0.5108669108669108,39,21
3U9N-09H,MSE,shap,80,0.46781609195402296,29,16
3U9N-09H,MSE,shap,85,0.5256410256410257,13,8
3U9N-09H,MSE,shap,90,0.45,10,6
3U9N-09H,MSE,shap,95,0.25,4,3
3UFL-508,MSE,cam,50,0.503225806451613,31,16
3UFL-508,MSE,cam,55,0.503225806451613,31,16
3UFL-508,MSE,cam,60,0.503225806451613,31,16
3UFL-508,MSE,cam,65,0.503225806451613,31,16
3UFL-508,MSE,cam,70,0.504,25,13
3UFL-508,MSE,cam,75,0.5333333333333333,15,8
3UFL-508,MSE,cam,80,0.5454545454545454,11,6
3UFL-508,MSE,cam,85,0.5714285714285714,7,4
3UFL-508,MSE,cam,90,0.5714285714285714,7,4
3UFL-508,MSE,cam,95,,0,0
3UFL-508,MSE,diff,50,0.5982590885816692,31,16
3UFL-508,MSE,diff,55,0.5982590885816692,31,16
3UFL-508,MSE,diff,60,0.5982590885816692,31,16
3UFL-508,MSE,diff,65,0.5982590885816692,31,16
3UFL-508,MSE,diff,70,0.5778412698412698,25,13
3UFL-508,MSE,diff,75,0.5749206349206349,15,8
3UFL-508,MSE,diff,80,0.6454545454545454,11,6
3UFL-508,MSE,diff,85,0.7619047619047619,7,4
3UFL-508,MSE,diff,90,0.7619047619047619,7,4
3UFL-508,MSE,diff,95,,0,0
3UFL-508,MSE,gradcam,50,0.5354838709677419,31,16
3UFL-508,MSE,gradcam,55,0.5354838709677419,31,16
3UFL-508,MSE,gradcam,60,0.5354838709677419,31,16
3UFL-508,MSE,gradcam,65,0.5354838709677419,31,16
3UFL-508,MSE,gradcam,70,0.536,25,13
3UFL-508,MSE,gradcam,75,0.6,15,8
3UFL-508,MSE,gradcam,80,0.6363636363636364,11,6
3UFL-508,MSE,gradcam,85,0.7142857142857143,7,4
3UFL-508,MSE,gradcam,90,0.7142857142857143,7,4
3UFL-508,MSE,gradcam,95,,0,0
3UFL-508,MSE,gradinput,50,0.40819252432155656,31,16
3UFL-508,MSE,gradinput,55,0.40819252432155656,31,16
3UFL-508,MSE,gradinput,60,0.40819252432155656,31,16
3UFL-508,MSE,gradinput,65,0.40819252432155656,31,16
3UFL-508,MSE,gradinput,70,0.40615873015873016,25,13
3UFL-508,MSE,gradinput,75,0.4695238095238095,15,8
3UFL-508,MSE,gradinput,80,0.5363636363636364,11,6
3UFL-508,MSE,gradinput,85,0.7142857142857143,7,4
3UFL-508,MSE,gradinput,90,0.7142857142857143,7,4
3UFL-508,MSE,gradinput,95,,0,0
3UFL-508,MSE,ig,50,0.4926267281105991,31,16
3UFL-508,MSE,ig,55,0.4926267281105991,31,16
3UFL-508,MSE,ig,60,0.4926267281105991,31,16
3UFL-508,MSE,ig,65,0.4926267281105991,31,16
3UFL-508,MSE,ig,70,0.4748571428571428,25,13
3UFL-508,MSE,ig,75,0.5114285714285713,15,8
3UFL-508,MSE,ig,80,0.5545454545454546,11,6
3UFL-508,MSE,ig,85,0.6428571428571429,7,4
3UFL-508,MSE,ig,90,0.6428571428571429,7,4
3UFL-508,MSE,ig,95,,0,0
3UFL-508,MSE,shap,50,0.5207373271889401,31,16
3UFL-508,MSE,shap,55,0.5207373271889401,31,16
3UFL-508,MSE,shap,60,0.5207373271889401,31,16
3UFL-508,MSE,shap,65,0.5207373271889401,31,16
3UFL-508,MSE,shap,70,0.49104761904761896,25,13
3UFL-508,MSE,shap,75,0.5161904761904762,15,8
3UFL-508,MSE,shap,80,0.5696969696969698,11,6
3UFL-508,MSE,shap,85,0.5952380952380952,7,4
3UFL-508,MSE,shap,90,0.5952380952380952,7,4
3UFL-508,MSE,shap,95,,0,0
3UMW-596,MSE,cam,50,0.5,50,27
3UMW-596,MSE,cam,55,0.5,50,27
3UMW-596,MSE,cam,60,0.5,50,27
3UMW-596,MSE,cam,65,0.5,50,27
3UMW-596,MSE,cam,70,0.5,50,27
3UMW-596,MSE,cam,75,0.5,50,27
3UMW-596,MSE,cam,80,0.5,48,26
3UMW-596,MSE,cam,85,0.5,40,22
3UMW-596,MSE,cam,90,0.5555555555555556,18,10
3UMW-596,MSE,cam,95,0.75,4,3
3UMW-596,MSE,diff,50,0.8410952380952381,50,27
3UMW-596,MSE,diff,55,0.8410952380952381,50,27
3UMW-596,MSE,diff,60,0.8410952380952381,50,27
3UMW-596,MSE,diff,65,0.8410952380952381,50,27
3UMW-596,MSE,diff,70,0.8410952380952381,50,27
3UMW-596,MSE,diff,75,0.8410952380952381,50,27
3UMW-596,MSE,diff,80,0.8434027777777778,48,26
3UMW-596,MSE,diff,85,0.9120833333333334,40,22
3UMW-596,MSE,diff,90,0.9444444444444444,18,10
3UMW-596,MSE,diff,95,1.0,4,3
3UMW-596,MSE,gradcam,50,0.6675238095238094,50,27
3UMW-596,MSE,gradcam,55,0.6675238095238094,50,27
3UMW-596,MSE,gradcam,60,0.6675238095238094,50,27
3UMW-596,MSE,gradcam,65,0.6675238095238094,50,27
3UMW-596,MSE,gradcam,70,0.6675238095238094,50,27
3UMW-596,MSE,gradcam,75,0.6675238095238094,50,27
3UMW-596,MSE,gradcam,80,0.6715277777777778,48,26
3UMW-596,MSE,gradcam,85,0.6995833333333332,40,22
3UMW-596,MSE,gradcam,90,0.6666666666666666,18,10
3UMW-596,MSE,gradcam,95,0.75,4,3
3UMW-596,MSE,gradinput,50,0.6739047619047619,50,27
3UMW-596,MSE,gradinput,55,0.6739047619047619,50,27
3UMW-596,MSE,gradinput,60,0.6739047619047619,50,27
3UMW-596,MSE,gradinput,65,0.6739047619047619,50,27
3UMW-596,MSE,gradinput,70,0.6739047619047619,50,27
3UMW-596,MSE,gradinput,75,0.6739047619047619,50,27
3UMW-596,MSE,gradinput,80,0.6722222222222222,48,26
3UMW-596,MSE,gradinput,85,0.6775,40,22
3UMW-596,MSE,gradinput,90,0.7222222222222222,18,10
3UMW-596,MSE,gradinput,95,0.25,4,3
3UMW-596,MSE,ig,50,0.5627619047619048,50,27
3UMW-596,MSE,ig,55,0.5627619047619048,50,27
3UMW-596,MSE,ig,60,0.5627619047619048,50,27
3UMW-596,MSE,ig,65,0.5627619047619048,50,27
3UMW-596,MSE,ig,70,0.5627619047619048,50,27
3UMW-596,MSE,ig,75,0.5627619047619048,50,27
3UMW-596,MSE,ig,80,0.5638888888888889,48,26
3UMW-596,MSE,ig,85,0.5704166666666667,40,22
3UMW-596,MSE,ig,90,0.5092592592592593,18,10
3UMW-596,MSE,ig,95,0.25,4,3
3UMW-596,MSE,shap,50,0.5165714285714285,50,27
3UMW-596,MSE,shap,55,0.5165714285714285,50,27
3UMW-596,MSE,shap,60,0.5165714285714285,50,27
3UMW-596,MSE,shap,65,0.5165714285714285,50,27
3UMW-596,MSE,shap,70,0.5165714285714285,50,27
3UMW-596,MSE,shap,75,0.5165714285714285,50,27
3UMW-596,MSE,shap,80,0.5083333333333332,48,26
3UMW-596,MSE,shap,85,0.5329166666666666,40,22
3UMW-596,MSE,shap,90,0.5740740740740741,18,10
3UMW-596,MSE,shap,95,0.5,4,3
3VHE-42Q,MSE,cam,50,0.8125,64,52
3VHE-42Q,MSE,cam,55,0.8032786885245902,61,49
3VHE-42Q,MSE,cam,60,0.8333333333333334,48,40
3VHE-42Q,MSE,cam,65,0.8571428571428571,35,30
3VHE-42Q,MSE,cam,70,0.9090909090909091,22,20
3VHE-42Q,MSE,cam,75,1.0,13,13
3VHE-42Q,MSE,cam,80,1.0,7,7
3VHE-42Q,MSE,cam,85,1.0,6,6
3VHE-42Q,MSE,cam,90,,0,0
3VHE-42Q,MSE,cam,95,,0,0
3VHE-42Q,MSE,diff,50,0.6057948192024479,64,52
3VHE-42Q,MSE,diff,55,0.6109978430976503,61,49
3VHE-42Q,MSE,diff,60,0.606311107873608,48,40
3VHE-42Q,MSE,diff,65,0.6340764790764792,35,30
3VHE-42Q,MSE,diff,70,0.6521464646464646,22,20
3VHE-42Q,MSE,diff,75,0.641025641025641,13,13
3VHE-42Q,MSE,diff,80,0.7142857142857143,7,7
3VHE-42Q,MSE,diff,85,0.6666666666666666,6,6
3VHE-42Q,MSE,diff,90,,0,0
3VHE-42Q,MSE,diff,95,,0,0
3VHE-42Q,MSE,gradcam,50,0.6200562471127731,64,52
3VHE-42Q,MSE,gradcam,55,0.6186746782093939,61,49
3VHE-42Q,MSE,gradcam,60,0.6312778656528657,48,40
3VHE-42Q,MSE,gradcam,65,0.6496248196248197,35,30
3VHE-42Q,MSE,gradcam,70,0.6755050505050505,22,20
3VHE-42Q,MSE,gradcam,75,0.6666666666666667,13,13
3VHE-42Q,MSE,gradcam,80,0.6428571428571429,7,7
3VHE-42Q,MSE,gradcam,85,0.5833333333333334,6,6
3VHE-42Q,MSE,gradcam,90,,0,0
3VHE-42Q,MSE,gradcam,95,,0,0
3VHE-42Q,MSE,gradinput,50,0.5361964500981047,64,52
3VHE-42Q,MSE,gradinput,55,0.5297798820701426,61,49
3VHE-42Q,MSE,gradinput,60,0.5230524105524106,48,40
3VHE-42Q,MSE,gradinput,65,0.5415728715728715,35,30
3VHE-42Q,MSE,gradinput,70,0.5421717171717172,22,20
3VHE-42Q,MSE,gradinput,75,0.4858974358974359,13,13
3VHE-42Q,MSE,gradinput,80,0.4261904761904762,7,7
3VHE-42Q,MSE,gradinput,85,0.4305555555555556,6,6
3VHE-42Q,MSE,gradinput,90,,0,0
3VHE-42Q,MSE,gradinput,95,,0,0
3VHE-42Q,MSE,ig,50,0.4024106650600216,64,52
3VHE-42Q,MSE,ig,55,0.40307567044548714,61,49
3VHE-42Q,MSE,ig,60,0.3939045907795908,48,40
3VHE-42Q,MSE,ig,65,0.3924098124098124,35,30
3VHE-42Q,MSE,ig,70,0.36363636363636365,22,20
3VHE-42Q,MSE,ig,75,0.2756410256410256,13,13
3VHE-42Q,MSE,ig,80,0.25,7,7
3VHE-42Q,MSE,ig,85,0.2916666666666667,6,6
3VHE-42Q,MSE,ig,90,,0,0
3VHE-42Q,MSE,ig,95,,0,0
3VHE-42Q,MSE,shap,50,0.5189221623964271,64,52
3VHE-42Q,MSE,shap,55,0.5162097732975265,61,49
3VHE-42Q,MSE,shap,60,0.5187161218411219,48,40
3VHE-42Q,MSE,shap,65,0.5245165945165945,35,30
3VHE-42Q,MSE,shap,70,0.526010101010101,22,20
3VHE-42Q,MSE,shap,75,0.5717948717948718,13,13
3VHE-42Q,MSE,shap,80,0.6571428571428571,7,7
3VHE-42Q,MSE,shap,85,0.6666666666666666,6,6
3VHE-42Q,MSE,shap,90,,0,0
3VHE-42Q,MSE,shap,95,,0,0
3VJC-ZGA,MSE,cam,50,0.725,40,29
3VJC-ZGA,MSE,cam,55,0.725,40,29
3VJC-ZGA,MSE,cam,60,0.725,40,29
3VJC-ZGA,MSE,cam,65,0.7647058823529411,34,26
3VJC-ZGA,MSE,cam,70,0.8333333333333334,24,20
3VJC-ZGA,MSE,cam,75,0.75,12,9
3VJC-ZGA,MSE,cam,80,0.75,4,3
3VJC-ZGA,MSE,cam,85,0.6666666666666666,3,2
3VJC-ZGA,MSE,cam,90,1.0,1,1
3VJC-ZGA,MSE,cam,95,,0,0
3VJC-ZGA,MSE,diff,50,0.38023074233987547,40,29
3VJC-ZGA,MSE,diff,55,0.38023074233987547,40,29
3VJC-ZGA,MSE,diff,60,0.38023074233987547,40,29
3VJC-ZGA,MSE,diff,65,0.3968658888209062,34,26
3VJC-ZGA,MSE,diff,70,0.3839266058016058,24,20
3VJC-ZGA,MSE,diff,75,0.4353745791245791,12,9
3VJC-ZGA,MSE,diff,80,0.28125,4,3
3VJC-ZGA,MSE,diff,85,0.3333333333333333,3,2
3VJC-ZGA,MSE,diff,90,0.0,1,1
3VJC-ZGA,MSE,diff,95,,0,0
3VJC-ZGA,MSE,gradcam,50,0.543824336353361,40,29
3VJC-ZGA,MSE,gradcam,55,0.543824336353361,40,29
3VJC-ZGA,MSE,gradcam,60,0.543824336353361,40,29
3VJC-ZGA,MSE,gradcam,65,0.556305204791364,34,26
3VJC-ZGA,MSE,gradcam,70,0.569598514911015,24,20
3VJC-ZGA,MSE,gradcam,75,0.5857744107744107,12,9
3VJC-ZGA,MSE,gradcam,80,0.6125,4,3
3VJC-ZGA,MSE,gradcam,85,0.7333333333333334,3,2
3VJC-ZGA,MSE,gradcam,90,0.6,1,1
3VJC-ZGA,MSE,gradcam,95,,0,0
3VJC-ZGA,MSE,gradinput,50,0.48647622619468606,40,29
3VJC-ZGA,MSE,gradinput,55,0.48647622619468606,40,29
3VJC-ZGA,MSE,gradinput,60,0.48647622619468606,40,29
3VJC-ZGA,MSE,gradinput,65,0.5043167160597959,34,26
3VJC-ZGA,MSE,gradinput,70,0.5401314541939544,24,20
3VJC-ZGA,MSE,gradinput,75,0.5698653198653197,12,9
3VJC-ZGA,MSE,gradinput,80,0.7124999999999999,4,3
3VJC-ZGA,MSE,gradinput,85,0.8666666666666667,3,2
3VJC-ZGA,MSE,gradinput,90,0.8,1,1
3VJC-ZGA,MSE,gradinput,95,,0,0
3VJC-ZGA,MSE,ig,50,0.5932551822102906,40,29
3VJC-ZGA,MSE,ig,55,0.5932551822102906,40,29
3VJC-ZGA,MSE,ig,60,0.5932551822102906,40,29
3VJC-ZGA,MSE,ig,65,0.6054808129202593,34,26
3VJC-ZGA,MSE,ig,70,0.6110601782476782,24,20
3VJC-ZGA,MSE,ig,75,0.5955597643097642,12,9
3VJC-ZGA,MSE,ig,80,0.525,4,3
3VJC-ZGA,MSE,ig,85,0.5333333333333333,3,2
3VJC-ZGA,MSE,ig,90,0.8,1,1
3VJC-ZGA,MSE,ig,95,,0,0
3VJC-ZGA,MSE,shap,50,0.4993139826934332,40,29
3VJC-ZGA,MSE,shap,55,0.4993139826934332,40,29
3VJC-ZGA,MSE,shap,60,0.4993139826934332,40,29
3VJC-ZGA,MSE,shap,65,0.5073456555939255,34,26
3VJC-ZGA,MSE,shap,70,0.521737752987753,24,20
3VJC-ZGA,MSE,shap,75,0.520223063973064,12,9
3VJC-ZGA,MSE,shap,80,0.4375,4,3
3VJC-ZGA,MSE,shap,85,0.3333333333333333,3,2
3VJC-ZGA,MSE,shap,90,0.6,1,1
3VJC-ZGA,MSE,shap,95,,0,0
3VSW-R31,MSE,cam,50,0.5036496350364964,137,69
3VSW-R31,MSE,cam,55,0.5038759689922481,129,65
3VSW-R31,MSE,cam,60,0.5038759689922481,129,65
3VSW-R31,MSE,cam,65,0.5038759689922481,129,65
3VSW-R31,MSE,cam,70,0.5038759689922481,129,65
3VSW-R31,MSE,cam,75,0.5060240963855421,83,42
3VSW-R31,MSE,cam,80,0.5087719298245614,57,29
3VSW-R31,MSE,cam,85,0.5294117647058824,17,9
3VSW-R31,MSE,cam,90,0.6,5,3
3VSW-R31,MSE,cam,95,0.6666666666666666,3,2
3VSW-R31,MSE,diff,50,0.6173504117417814,137,69
3VSW-R31,MSE,diff,55,0.622265008892916,129,65
3VSW-R31,MSE,diff,60,0.622265008892916,129,65
3VSW-R31,MSE,diff,65,0.622265008892916,129,65
3VSW-R31,MSE,diff,70,0.622265008892916,129,65
3VSW-R31,MSE,diff,75,0.618507362784471,83,42
3VSW-R31,MSE,diff,80,0.5831035923141186,57,29
3VSW-R31,MSE,diff,85,0.5156862745098039,17,9
3VSW-R31,MSE,diff,90,0.4333333333333333,5,3
3VSW-R31,MSE,diff,95,0.3333333333333333,3,2
3VSW-R31,MSE,gradcam,50,0.5559520711624618,137,69
3VSW-R31,MSE,gradcam,55,0.5508809020436928,129,65
3VSW-R31,MSE,gradcam,60,0.5508809020436928,129,65
3VSW-R31,MSE,gradcam,65,0.5508809020436928,129,65
3VSW-R31,MSE,gradcam,70,0.5508809020436928,129,65
3VSW-R31,MSE,gradcam,75,0.5978294128896539,83,42
3VSW-R31,MSE,gradcam,80,0.5957811194653301,57,29
3VSW-R31,MSE,gradcam,85,0.6735294117647058,17,9
3VSW-R31,MSE,gradcam,90,0.8333333333333333,5,3
3VSW-R31,MSE,gradcam,95,1.0,3,2
3VSW-R31,MSE,gradinput,50,0.5817321376681615,137,69
3VSW-R31,MSE,gradinput,55,0.5767562110585363,129,65
3VSW-R31,MSE,gradinput,60,0.5767562110585363,129,65
3VSW-R31,MSE,gradinput,65,0.5767562110585363,129,65
3VSW-R31,MSE,gradinput,70,0.5767562110585363,129,65
3VSW-R31,MSE,gradinput,75,0.5513339070567986,83,42
3VSW-R31,MSE,gradinput,80,0.4771512113617377,57,29
3VSW-R31,MSE,gradinput,85,0.5362745098039216,17,9
3VSW-R31,MSE,gradinput,90,0.5333333333333333,5,3
3VSW-R31,MSE,gradinput,95,0.3333333333333333,3,2
3VSW-R31,MSE,ig,50,0.6779003461592557,137,69
3VSW-R31,MSE,ig,55,0.6782106782106784,129,65
3VSW-R31,MSE,ig,60,0.6782106782106784,129,65
3VSW-R31,MSE,ig,65,0.6782106782106784,129,65
3VSW-R31,MSE,ig,70,0.6782106782106784,129,65
3VSW-R31,MSE,ig,75,0.6762191623637408,83,42
3VSW-R31,MSE,ig,80,0.6782999164578112,57,29
3VSW-R31,MSE,ig,85,0.6411764705882352,17,9
3VSW-R31,MSE,ig,90,0.6333333333333333,5,3
3VSW-R31,MSE,ig,95,0.6666666666666666,3,2
3VSW-R31,MSE,shap,50,0.48188082133981663,137,69
3VSW-R31,MSE,shap,55,0.479577894112778,129,65
3VSW-R31,MSE,shap,60,0.479577894112778,129,65
3VSW-R31,MSE,shap,65,0.479577894112778,129,65
3VSW-R31,MSE,shap,70,0.479577894112778,129,65
3VSW-R31,MSE,shap,75,0.4623493975903614,83,42
3VSW-R31,MSE,shap,80,0.45985797827903097,57,29
3VSW-R31,MSE,shap,85,0.4578431372549019,17,9
3VSW-R31,MSE,shap,90,0.26666666666666666,5,3
3VSW-R31,MSE,shap,95,0.0,3,2
3VV6-B00,MSE,cam,50,0.5396825396825397,63,34
3VV6-B00,MSE,cam,55,0.5396825396825397,63,34
3VV6-B00,MSE,cam,60,0.5396825396825397,63,34
3VV6-B00,MSE,cam,65,0.5454545454545454,55,30
3VV6-B00,MSE,cam,70,0.5925925925925926,27,16
3VV6-B00,MSE,cam,75,0.6470588235294118,17,11
3VV6-B00,MSE,cam,80,0.6,5,3
3VV6-B00,MSE,cam,85,0.6666666666666666,3,2
3VV6-B00,MSE,cam,90,,0,0
3VV6-B00,MSE,cam,95,,0,0
3VV6-B00,MSE,diff,50,0.8528081266176505,63,34
3VV6-B00,MSE,diff,55,0.8528081266176505,63,34
3VV6-B00,MSE,diff,60,0.8528081266176505,63,34
3VV6-B00,MSE,diff,65,0.8565223665223665,55,30
3VV6-B00,MSE,diff,70,0.8610229276895945,27,16
3VV6-B00,MSE,diff,75,0.8941176470588236,17,11
3VV6-B00,MSE,diff,80,0.8,5,3
3VV6-B00,MSE,diff,85,1.0,3,2
3VV6-B00,MSE,diff,90,,0,0
3VV6-B00,MSE,diff,95,,0,0
3VV6-B00,MSE,gradcam,50,0.5897025813692478,63,34
3VV6-B00,MSE,gradcam,55,0.5897025813692478,63,34
3VV6-B00,MSE,gradcam,60,0.5897025813692478,63,34
3VV6-B00,MSE,gradcam,65,0.5903535353535352,55,30
3VV6-B00,MSE,gradcam,70,0.5765432098765433,27,16
3VV6-B00,MSE,gradcam,75,0.49411764705882366,17,11
3VV6-B00,MSE,gradcam,80,0.4,5,3
3VV6-B00,MSE,gradcam,85,0.3333333333333333,3,2
3VV6-B00,MSE,gradcam,90,,0,0
3VV6-B00,MSE,gradcam,95,,0,0
3VV6-B00,MSE,gradinput,50,0.8209555876222541,63,34
3VV6-B00,MSE,gradinput,55,0.8209555876222541,63,34
3VV6-B00,MSE,gradinput,60,0.8209555876222541,63,34
3VV6-B00,MSE,gradinput,65,0.8074747474747473,55,30
3VV6-B00,MSE,gradinput,70,0.7765432098765431,27,16
3VV6-B00,MSE,gradinput,75,0.7333333333333334,17,11
3VV6-B00,MSE,gradinput,80,0.7333333333333332,5,3
3VV6-B00,MSE,gradinput,85,0.7777777777777777,3,2
3VV6-B00,MSE,gradinput,90,,0,0
3VV6-B00,MSE,gradinput,95,,0,0
3VV6-B00,MSE,ig,50,0.23034941249226965,63,34
3VV6-B00,MSE,ig,55,0.23034941249226965,63,34
3VV6-B00,MSE,ig,60,0.23034941249226965,63,34
3VV6-B00,MSE,ig,65,0.23525974025974025,55,30
3VV6-B00,MSE,ig,70,0.190652557319224,27,16
3VV6-B00,MSE,ig,75,0.1627450980392157,17,11
3VV6-B00,MSE,ig,80,0.2333333333333333,5,3
3VV6-B00,MSE,ig,85,0.2222222222222222,3,2
3VV6-B00,MSE,ig,90,,0,0
3VV6-B00,MSE,ig,95,,0,0
3VV6-B00,MSE,shap,50,0.6089964268535698,63,34
3VV6-B00,MSE,shap,55,0.6089964268535698,63,34
3VV6-B00,MSE,shap,60,0.6089964268535698,63,34
3VV6-B00,MSE,shap,65,0.6144372294372296,55,30
3VV6-B00,MSE,shap,70,0.5649029982363315,27,16
3VV6-B00,MSE,shap,75,0.5764705882352941,17,11
3VV6-B00,MSE,shap,80,0.39999999999999997,5,3
3VV6-B00,MSE,shap,85,0.1111111111111111,3,2
3VV6-B00,MSE,shap,90,,0,0
3VV6-B00,MSE,shap,95,,0,0
3W2T-LF7,MSE,cam,50,0.5546525020872846,575,303
3W2T-LF7,MSE,cam,55,0.5548737309432494,561,296
3W2T-LF7,MSE,cam,60,0.5557754640931332,532,281
3W2T-LF7,MSE,cam,65,0.559604881379075,465,247
3W2T-LF7,MSE,cam,70,0.5708056906973318,323,175
3W2T-LF7,MSE,cam,75,0.5739969135802471,216,117
3W2T-LF7,MSE,cam,80,0.5928571428571429,140,76
3W2T-LF7,MSE,cam,85,0.5833333333333333,52,28
3W2T-LF7,MSE,cam,90,0.6875,16,9
3W2T-LF7,MSE,cam,95,,0,0
3W2T-LF7,MSE,diff,50,0.5456783506348728,575,303
3W2T-LF7,MSE,diff,55,0.5439213885737954,561,296
3W2T-LF7,MSE,diff,60,0.5459090095368293,532,281
3W2T-LF7,MSE,diff,65,0.5413841952551631,465,247
3W2T-LF7,MSE,diff,70,0.5371517027863776,323,175
3W2T-LF7,MSE,diff,75,0.5417438271604941,216,117
3W2T-LF7,MSE,diff,80,0.5119047619047621,140,76
3W2T-LF7,MSE,diff,85,0.5448717948717949,52,28
3W2T-LF7,MSE,diff,90,0.59375,16,9
3W2T-LF7,MSE,diff,95,,0,0
3W2T-LF7,MSE,gradcam,50,0.5718221778221783,575,303
3W2T-LF7,MSE,gradcam,55,0.5701441458125954,561,296
3W2T-LF7,MSE,gradcam,60,0.5717782009135398,532,281
3W2T-LF7,MSE,gradcam,65,0.5675021334698755,465,247
3W2T-LF7,MSE,gradcam,70,0.567123691581896,323,175
3W2T-LF7,MSE,gradcam,75,0.5672067901234568,216,117
3W2T-LF7,MSE,gradcam,80,0.5672619047619049,140,76
3W2T-LF7,MSE,gradcam,85,0.5544871794871795,52,28
3W2T-LF7,MSE,gradcam,90,0.53125,16,9
3W2T-LF7,MSE,gradcam,95,,0,0
3W2T-LF7,MSE,gradinput,50,0.5063973755712888,575,303
3W2T-LF7,MSE,gradinput,55,0.5040497282475891,561,296
3W2T-LF7,MSE,gradinput,60,0.5015728580108275,532,281
3W2T-LF7,MSE,gradinput,65,0.49726233145587967,465,247
3W2T-LF7,MSE,gradinput,70,0.4949985257260797,323,175
3W2T-LF7,MSE,gradinput,75,0.48526234567901255,216,117
3W2T-LF7,MSE,gradinput,80,0.4749999999999999,140,76
3W2T-LF7,MSE,gradinput,85,0.407051282051282,52,28
3W2T-LF7,MSE,gradinput,90,0.46875,16,9
3W2T-LF7,MSE,gradinput,95,,0,0
3W2T-LF7,MSE,ig,50,0.5342529982095203,575,303
3W2T-LF7,MSE,ig,55,0.5349527230543277,561,296
3W2T-LF7,MSE,ig,60,0.5354338226518677,532,281
3W2T-LF7,MSE,ig,65,0.5371889400921656,465,247
3W2T-LF7,MSE,ig,70,0.533392304290137,323,175
3W2T-LF7,MSE,ig,75,0.5083333333333334,216,117
3W2T-LF7,MSE,ig,80,0.5178571428571429,140,76
3W2T-LF7,MSE,ig,85,0.46153846153846156,52,28
3W2T-LF7,MSE,ig,90,0.5,16,9
3W2T-LF7,MSE,ig,95,,0,0
3W2T-LF7,MSE,shap,50,0.49959683794466403,575,303
3W2T-LF7,MSE,shap,55,0.4990987028420185,561,296
3W2T-LF7,MSE,shap,60,0.49749943039416716,532,281
3W2T-LF7,MSE,shap,65,0.49274449564772155,465,247
3W2T-LF7,MSE,shap,70,0.5011351909184727,323,175
3W2T-LF7,MSE,shap,75,0.5214506172839506,216,117
3W2T-LF7,MSE,shap,80,0.5059523809523809,140,76
3W2T-LF7,MSE,shap,85,0.4262820512820512,52,28
3W2T-LF7,MSE,shap,90,0.375,16,9
3W2T-LF7,MSE,shap,95,,0,0
3WBL-PDY,MSE,cam,50,0.49552845528455286,41,21
3WBL-PDY,MSE,cam,55,0.49552845528455286,41,21
3WBL-PDY,MSE,cam,60,0.49552845528455286,41,21
3WBL-PDY,MSE,cam,65,0.4947619047619047,35,18
3WBL-PDY,MSE,cam,70,0.4901960784313725,17,9
3WBL-PDY,MSE,cam,75,0.4848484848484848,11,6
3WBL-PDY,MSE,cam,80,0.4848484848484848,11,6
3WBL-PDY,MSE,cam,85,0.4848484848484848,11,6
3WBL-PDY,MSE,cam,90,0.5,4,2
3WBL-PDY,MSE,cam,95,0.5,2,1
3WBL-PDY,MSE,diff,50,0.6401988932476738,41,21
3WBL-PDY,MSE,diff,55,0.6401988932476738,41,21
3WBL-PDY,MSE,diff,60,0.6401988932476738,41,21
3WBL-PDY,MSE,diff,65,0.6550144300144302,35,18
3WBL-PDY,MSE,diff,70,0.7557189542483661,17,9
3WBL-PDY,MSE,diff,75,0.8484848484848485,11,6
3WBL-PDY,MSE,diff,80,0.8484848484848485,11,6
3WBL-PDY,MSE,diff,85,0.8484848484848485,11,6
3WBL-PDY,MSE,diff,90,0.875,4,2
3WBL-PDY,MSE,diff,95,1.0,2,1
3WBL-PDY,MSE,gradcam,50,0.5179067544921203,41,21
3WBL-PDY,MSE,gradcam,55,0.5179067544921203,41,21
3WBL-PDY,MSE,gradcam,60,0.5179067544921203,41,21
3WBL-PDY,MSE,gradcam,65,0.5303607503607503,35,18
3WBL-PDY,MSE,gradcam,70,0.5601307189542484,17,9
3WBL-PDY,MSE,gradcam,75,0.5909090909090909,11,6
3WBL-PDY,MSE,gradcam,80,0.5909090909090909,11,6
3WBL-PDY,MSE,gradcam,85,0.5909090909090909,11,6
3WBL-PDY,MSE,gradcam,90,0.5,4,2
3WBL-PDY,MSE,gradcam,95,0.5,2,1
3WBL-PDY,MSE,gradinput,50,0.5899565204443253,41,21
3WBL-PDY,MSE,gradinput,55,0.5899565204443253,41,21
3WBL-PDY,MSE,gradinput,60,0.5899565204443253,41,21
3WBL-PDY,MSE,gradinput,65,0.5984920634920635,35,18
3WBL-PDY,MSE,gradinput,70,0.6589869281045752,17,9
3WBL-PDY,MSE,gradinput,75,0.7272727272727273,11,6
3WBL-PDY,MSE,gradinput,80,0.7272727272727273,11,6
3WBL-PDY,MSE,gradinput,85,0.7272727272727273,11,6
3WBL-PDY,MSE,gradinput,90,0.75,4,2
3WBL-PDY,MSE,gradinput,95,1.0,2,1
3WBL-PDY,MSE,ig,50,0.5747168143509608,41,21
3WBL-PDY,MSE,ig,55,0.5747168143509608,41,21
3WBL-PDY,MSE,ig,60,0.5747168143509608,41,21
3WBL-PDY,MSE,ig,65,0.6017893217893219,35,18
3WBL-PDY,MSE,ig,70,0.7111111111111111,17,9
3WBL-PDY,MSE,ig,75,0.8030303030303031,11,6
3WBL-PDY,MSE,ig,80,0.8030303030303031,11,6
3WBL-PDY,MSE,ig,85,0.8030303030303031,11,6
3WBL-PDY,MSE,ig,90,0.75,4,2
3WBL-PDY,MSE,ig,95,1.0,2,1
3WBL-PDY,MSE,shap,50,0.5395322157517279,41,21
3WBL-PDY,MSE,shap,55,0.5395322157517279,41,21
3WBL-PDY,MSE,shap,60,0.5395322157517279,41,21
3WBL-PDY,MSE,shap,65,0.5409018759018759,35,18
3WBL-PDY,MSE,shap,70,0.5602941176470588,17,9
3WBL-PDY,MSE,shap,75,0.6666666666666667,11,6
3WBL-PDY,MSE,shap,80,0.6666666666666667,11,6
3WBL-PDY,MSE,shap,85,0.6666666666666667,11,6
3WBL-PDY,MSE,shap,90,0.75,4,2
3WBL-PDY,MSE,shap,95,1.0,2,1
3WK4-S0A,MSE,cam,50,0.5403466148364107,147,75
3WK4-S0A,MSE,cam,55,0.5403466148364107,147,75
3WK4-S0A,MSE,cam,60,0.542668722165125,139,71
3WK4-S0A,MSE,cam,65,0.5412874779541446,135,69
3WK4-S0A,MSE,cam,70,0.5483498349834983,101,52
3WK4-S0A,MSE,cam,75,0.5245098039215687,51,27
3WK4-S0A,MSE,cam,80,0.5357142857142857,28,15
3WK4-S0A,MSE,cam,85,0.55,20,11
3WK4-S0A,MSE,cam,90,0.5333333333333333,15,8
3WK4-S0A,MSE,cam,95,0.5,12,6
3WK4-S0A,MSE,diff,50,0.6799263283957164,147,75
3WK4-S0A,MSE,diff,55,0.6799263283957164,147,75
3WK4-S0A,MSE,diff,60,0.6711516501084848,139,71
3WK4-S0A,MSE,diff,65,0.6729012345679013,135,69
3WK4-S0A,MSE,diff,70,0.6930693069306932,101,52
3WK4-S0A,MSE,diff,75,0.6954248366013073,51,27
3WK4-S0A,MSE,diff,80,0.6279761904761906,28,15
3WK4-S0A,MSE,diff,85,0.6916666666666667,20,11
3WK4-S0A,MSE,diff,90,0.7,15,8
3WK4-S0A,MSE,diff,95,0.6666666666666666,12,6
3WK4-S0A,MSE,gradcam,50,0.4290482571094815,147,75
3WK4-S0A,MSE,gradcam,55,0.4290482571094815,147,75
3WK4-S0A,MSE,gradcam,60,0.43477503711316656,139,71
3WK4-S0A,MSE,gradcam,65,0.43766313932980594,135,69
3WK4-S0A,MSE,gradcam,70,0.45186232909005186,101,52
3WK4-S0A,MSE,gradcam,75,0.4418300653594771,51,27
3WK4-S0A,MSE,gradcam,80,0.4761904761904762,28,15
3WK4-S0A,MSE,gradcam,85,0.5166666666666667,20,11
3WK4-S0A,MSE,gradcam,90,0.5333333333333333,15,8
3WK4-S0A,MSE,gradcam,95,0.5,12,6
3WK4-S0A,MSE,gradinput,50,0.4933533586594811,147,75
3WK4-S0A,MSE,gradinput,55,0.4933533586594811,147,75
3WK4-S0A,MSE,gradinput,60,0.4858855772524838,139,71
3WK4-S0A,MSE,gradinput,65,0.4896560846560846,135,69
3WK4-S0A,MSE,gradinput,70,0.473927392739274,101,52
3WK4-S0A,MSE,gradinput,75,0.5287581699346405,51,27
3WK4-S0A,MSE,gradinput,80,0.6011904761904763,28,15
3WK4-S0A,MSE,gradinput,85,0.6416666666666667,20,11
3WK4-S0A,MSE,gradinput,90,0.6333333333333333,15,8
3WK4-S0A,MSE,gradinput,95,0.6666666666666666,12,6
3WK4-S0A,MSE,ig,50,0.6047592052694096,147,75
3WK4-S0A,MSE,ig,55,0.6047592052694096,147,75
3WK4-S0A,MSE,ig,60,0.5952009820714858,139,71
3WK4-S0A,MSE,ig,65,0.5953615520282187,135,69
3WK4-S0A,MSE,ig,70,0.5499999999999999,101,52
3WK4-S0A,MSE,ig,75,0.6127450980392157,51,27
3WK4-S0A,MSE,ig,80,0.6785714285714286,28,15
3WK4-S0A,MSE,ig,85,0.7,20,11
3WK4-S0A,MSE,ig,90,0.6666666666666666,15,8
3WK4-S0A,MSE,ig,95,0.6666666666666666,12,6
3WK4-S0A,MSE,shap,50,0.6200940405022035,147,75
3WK4-S0A,MSE,shap,55,0.6200940405022035,147,75
3WK4-S0A,MSE,shap,60,0.6212287313006736,139,71
3WK4-S0A,MSE,shap,65,0.6212345679012344,135,69
3WK4-S0A,MSE,shap,70,0.6384016973125882,101,52
3WK4-S0A,MSE,shap,75,0.6215686274509804,51,27
3WK4-S0A,MSE,shap,80,0.6458333333333333,28,15
3WK4-S0A,MSE,shap,85,0.6583333333333333,20,11
3WK4-S0A,MSE,shap,90,0.6666666666666666,15,8
3WK4-S0A,MSE,shap,95,0.75,12,6
3WV1-WHH,MSE,cam,50,0.5244771701826919,978,504
3WV1-WHH,MSE,cam,55,0.5248326477579592,964,497
3WV1-WHH,MSE,cam,60,0.5312228440681479,724,377
3WV1-WHH,MSE,cam,65,0.542542595326818,431,229
3WV1-WHH,MSE,cam,70,0.5599844104308389,224,122
3WV1-WHH,MSE,cam,75,0.5495205026455026,144,78
3WV1-WHH,MSE,cam,80,0.5230496453900709,94,50
3WV1-WHH,MSE,cam,85,0.5117521367521368,78,41
3WV1-WHH,MSE,cam,90,0.5151515151515151,33,18
3WV1-WHH,MSE,cam,95,0.625,8,5
3WV1-WHH,MSE,diff,50,0.697322650751015,978,504
3WV1-WHH,MSE,diff,55,0.6946965091155952,964,497
3WV1-WHH,MSE,diff,60,0.7088669042743626,724,377
3WV1-WHH,MSE,diff,65,0.7405593053504893,431,229
3WV1-WHH,MSE,diff,70,0.761155399659864,224,122
3WV1-WHH,MSE,diff,75,0.7977347883597885,144,78
3WV1-WHH,MSE,diff,80,0.8069148936170212,94,50
3WV1-WHH,MSE,diff,85,0.8162393162393161,78,41
3WV1-WHH,MSE,diff,90,0.8333333333333334,33,18
3WV1-WHH,MSE,diff,95,1.0,8,5
3WV1-WHH,MSE,gradcam,50,0.7246613366651257,978,504
3WV1-WHH,MSE,gradcam,55,0.728473235501244,964,497
3WV1-WHH,MSE,gradcam,60,0.7471160592016944,724,377
3WV1-WHH,MSE,gradcam,65,0.7575422772638554,431,229
3WV1-WHH,MSE,gradcam,70,0.760035785147392,224,122
3WV1-WHH,MSE,gradcam,75,0.7370618386243384,144,78
3WV1-WHH,MSE,gradcam,80,0.7109929078014184,94,50
3WV1-WHH,MSE,gradcam,85,0.6965811965811967,78,41
3WV1-WHH,MSE,gradcam,90,0.6363636363636364,33,18
3WV1-WHH,MSE,gradcam,95,0.625,8,5
3WV1-WHH,MSE,gradinput,50,0.5220268021738623,978,504
3WV1-WHH,MSE,gradinput,55,0.5221229525430784,964,497
3WV1-WHH,MSE,gradinput,60,0.5282256609259373,724,377
3WV1-WHH,MSE,gradinput,65,0.5558586360790533,431,229
3WV1-WHH,MSE,gradinput,70,0.5650740504535146,224,122
3WV1-WHH,MSE,gradinput,75,0.5818783068783069,144,78
3WV1-WHH,MSE,gradinput,80,0.599468085106383,94,50
3WV1-WHH,MSE,gradinput,85,0.6036324786324787,78,41
3WV1-WHH,MSE,gradinput,90,0.6363636363636364,33,18
3WV1-WHH,MSE,gradinput,95,0.75,8,5
3WV1-WHH,MSE,ig,50,0.6173592198831288,978,504
3WV1-WHH,MSE,ig,55,0.6177618413743938,964,497
3WV1-WHH,MSE,ig,60,0.616453236757106,724,377
3WV1-WHH,MSE,ig,65,0.6042201933153207,431,229
3WV1-WHH,MSE,ig,70,0.626925666099773,224,122
3WV1-WHH,MSE,ig,75,0.6632771164021165,144,78
3WV1-WHH,MSE,ig,80,0.6675531914893617,94,50
3WV1-WHH,MSE,ig,85,0.6666666666666666,78,41
3WV1-WHH,MSE,ig,90,0.6363636363636364,33,18
3WV1-WHH,MSE,ig,95,0.75,8,5
3WV1-WHH,MSE,shap,50,0.5495844496769253,978,504
3WV1-WHH,MSE,shap,55,0.5489621101005957,964,497
3WV1-WHH,MSE,shap,60,0.5576542472260707,724,377
3WV1-WHH,MSE,shap,65,0.56392613573588,431,229
3WV1-WHH,MSE,shap,70,0.5589941184807257,224,122
3WV1-WHH,MSE,shap,75,0.5508928571428571,144,78
3WV1-WHH,MSE,shap,80,0.5547872340425533,94,50
3WV1-WHH,MSE,shap,85,0.5523504273504274,78,41
3WV1-WHH,MSE,shap,90,0.5606060606060606,33,18
3WV1-WHH,MSE,shap,95,0.375,8,5
3WZJ-O43,MSE,cam,50,0.5,144,72
3WZJ-O43,MSE,cam,55,0.5,144,72
3WZJ-O43,MSE,cam,60,0.5,144,72
3WZJ-O43,MSE,cam,65,0.5,30,15
3WZJ-O43,MSE,cam,70,0.5,12,6
3WZJ-O43,MSE,cam,75,0.5,8,4
3WZJ-O43,MSE,cam,80,,0,0
3WZJ-O43,MSE,cam,85,,0,0
3WZJ-O43,MSE,cam,90,,0,0
3WZJ-O43,MSE,cam,95,,0,0
3WZJ-O43,MSE,diff,50,0.6773303856637187,144,72
3WZJ-O43,MSE,diff,55,0.6773303856637187,144,72
3WZJ-O43,MSE,diff,60,0.6773303856637187,144,72
3WZJ-O43,MSE,diff,65,0.6923594923594926,30,15
3WZJ-O43,MSE,diff,70,0.7091750841750842,12,6
3WZJ-O43,MSE,diff,75,0.7430555555555556,8,4
3WZJ-O43,MSE,diff,80,,0,0
3WZJ-O43,MSE,diff,85,,0,0
3WZJ-O43,MSE,diff,90,,0,0
3WZJ-O43,MSE,diff,95,,0,0
3WZJ-O43,MSE,gradcam,50,0.5891306610056607,144,72
3WZJ-O43,MSE,gradcam,55,0.5891306610056607,144,72
3WZJ-O43,MSE,gradcam,60,0.5891306610056607,144,72
3WZJ-O43,MSE,gradcam,65,0.5792605542605543,30,15
3WZJ-O43,MSE,gradcam,70,0.6224747474747474,12,6
3WZJ-O43,MSE,gradcam,75,0.6458333333333334,8,4
3WZJ-O43,MSE,gradcam,80,,0,0
3WZJ-O43,MSE,gradcam,85,,0,0
3WZJ-O43,MSE,gradcam,90,,0,0
3WZJ-O43,MSE,gradcam,95,,0,0
3WZJ-O43,MSE,gradinput,50,0.5777154172987504,144,72
3WZJ-O43,MSE,gradinput,55,0.5777154172987504,144,72
3WZJ-O43,MSE,gradinput,60,0.5777154172987504,144,72
3WZJ-O43,MSE,gradinput,65,0.5623413623413624,30,15
3WZJ-O43,MSE,gradinput,70,0.6056397306397306,12,6
3WZJ-O43,MSE,gradinput,75,0.6319444444444444,8,4
3WZJ-O43,MSE,gradinput,80,,0,0
3WZJ-O43,MSE,gradinput,85,,0,0
3WZJ-O43,MSE,gradinput,90,,0,0
3WZJ-O43,MSE,gradinput,95,,0,0
3WZJ-O43,MSE,ig,50,0.49088448203031515,144,72
3WZJ-O43,MSE,ig,55,0.49088448203031515,144,72
3WZJ-O43,MSE,ig,60,0.49088448203031515,144,72
3WZJ-O43,MSE,ig,65,0.450560088060088,30,15
3WZJ-O43,MSE,ig,70,0.462226430976431,12,6
3WZJ-O43,MSE,ig,75,0.44965277777777773,8,4
3WZJ-O43,MSE,ig,80,,0,0
3WZJ-O43,MSE,ig,85,,0,0
3WZJ-O43,MSE,ig,90,,0,0
3WZJ-O43,MSE,ig,95,,0,0
3WZJ-O43,MSE,shap,50,0.5460108371566705,144,72
3WZJ-O43,MSE,shap,55,0.5460108371566705,144,72
3WZJ-O43,MSE,shap,60,0.5460108371566705,144,72
3WZJ-O43,MSE,shap,65,0.483653846153846,30,15
3WZJ-O43,MSE,shap,70,0.4675925925925926,12,6
3WZJ-O43,MSE,shap,75,0.45138888888888884,8,4
3WZJ-O43,MSE,shap,80,,0,0
3WZJ-O43,MSE,shap,85,,0,0
3WZJ-O43,MSE,shap,90,,0,0
3WZJ-O43,MSE,shap,95,,0,0
3WZK-O23,MSE,cam,50,0.4992143198742912,697,350
3WZK-O23,MSE,cam,55,0.49919821515721957,683,343
3WZK-O23,MSE,cam,60,0.4990978269396722,607,305
3WZK-O23,MSE,cam,65,0.4989687023585329,531,267
3WZK-O23,MSE,cam,70,0.49860656730885733,393,198
3WZK-O23,MSE,cam,75,0.4969726722304041,291,147
3WZK-O23,MSE,cam,80,0.4948552285235703,199,101
3WZK-O23,MSE,cam,85,0.47761194029850745,67,35
3WZK-O23,MSE,cam,90,0.42857142857142855,21,12
3WZK-O23,MSE,cam,95,0.25,4,3
3WZK-O23,MSE,diff,50,0.6207902383282503,697,350
3WZK-O23,MSE,diff,55,0.6219112115934105,683,343
3WZK-O23,MSE,diff,60,0.6215405864499765,607,305
3WZK-O23,MSE,diff,65,0.6250307654262447,531,267
3WZK-O23,MSE,diff,70,0.6185131026734078,393,198
3WZK-O23,MSE,diff,75,0.6135016091201667,291,147
3WZK-O23,MSE,diff,80,0.6246709739172055,199,101
3WZK-O23,MSE,diff,85,0.7159203980099502,67,35
3WZK-O23,MSE,diff,90,0.8253968253968254,21,12
3WZK-O23,MSE,diff,95,0.75,4,3
3WZK-O23,MSE,gradcam,50,0.5894298628242973,697,350
3WZK-O23,MSE,gradcam,55,0.5905745811858544,683,343
3WZK-O23,MSE,gradcam,60,0.5964780368816597,607,305
3WZK-O23,MSE,gradcam,65,0.607786056797355,531,267
3WZK-O23,MSE,gradcam,70,0.603911066315646,393,198
3WZK-O23,MSE,gradcam,75,0.6065755741013479,291,147
3WZK-O23,MSE,gradcam,80,0.6383106006221588,199,101
3WZK-O23,MSE,gradcam,85,0.6898009950248756,67,35
3WZK-O23,MSE,gradcam,90,0.7222222222222223,21,12
3WZK-O23,MSE,gradcam,95,0.75,4,3
3WZK-O23,MSE,gradinput,50,0.5449273469560539,697,350
3WZK-O23,MSE,gradinput,55,0.54654264983048,683,343
3WZK-O23,MSE,gradinput,60,0.5518664659521323,607,305
3WZK-O23,MSE,gradinput,65,0.558063625012777,531,267
3WZK-O23,MSE,gradinput,70,0.5518638768638763,393,198
3WZK-O23,MSE,gradinput,75,0.5536723394970821,291,147
3WZK-O23,MSE,gradinput,80,0.564357501794688,199,101
3WZK-O23,MSE,gradinput,85,0.6880597014925373,67,35
3WZK-O23,MSE,gradinput,90,0.7777777777777777,21,12
3WZK-O23,MSE,gradinput,95,0.5,4,3
3WZK-O23,MSE,ig,50,0.6502570335303834,697,350
3WZK-O23,MSE,ig,55,0.6513606434188212,683,343
3WZK-O23,MSE,ig,60,0.658864117760328,607,305
3WZK-O23,MSE,ig,65,0.6708610912000752,531,267
3WZK-O23,MSE,ig,70,0.6804667907721355,393,198
3WZK-O23,MSE,ig,75,0.688426607756505,291,147
3WZK-O23,MSE,ig,80,0.7001555396027754,199,101
3WZK-O23,MSE,ig,85,0.743781094527363,67,35
3WZK-O23,MSE,ig,90,0.7857142857142857,21,12
3WZK-O23,MSE,ig,95,0.5,4,3
3WZK-O23,MSE,shap,50,0.5233798615721812,697,350
3WZK-O23,MSE,shap,55,0.5239385725519567,683,343
3WZK-O23,MSE,shap,60,0.5264102728682633,607,305
3WZK-O23,MSE,shap,65,0.5283566245430651,531,267
3WZK-O23,MSE,shap,70,0.5312597990078904,393,198
3WZK-O23,MSE,shap,75,0.5373302241858942,291,147
3WZK-O23,MSE,shap,80,0.545130413974635,199,101
3WZK-O23,MSE,shap,85,0.5360696517412935,67,35
3WZK-O23,MSE,shap,90,0.6587301587301587,21,12
3WZK-O23,MSE,shap,95,0.5,4,3
3ZIM-KKR,MSE,cam,50,0.5172413793103449,58,30
3ZIM-KKR,MSE,cam,55,0.5172413793103449,58,30
3ZIM-KKR,MSE,cam,60,0.5227272727272727,44,23
3ZIM-KKR,MSE,cam,65,0.525,40,21
3ZIM-KKR,MSE,cam,70,0.5416666666666666,24,13
3ZIM-KKR,MSE,cam,75,0.5,14,7
3ZIM-KKR,MSE,cam,80,0.5,10,5
3ZIM-KKR,MSE,cam,85,0.5,4,2
3ZIM-KKR,MSE,cam,90,0.5,4,2
3ZIM-KKR,MSE,cam,95,,0,0
3ZIM-KKR,MSE,diff,50,0.5215714601490464,58,30
3ZIM-KKR,MSE,diff,55,0.5215714601490464,58,30
3ZIM-KKR,MSE,diff,60,0.5088147963147963,44,23
3ZIM-KKR,MSE,diff,65,0.5093986568986569,40,21
3ZIM-KKR,MSE,diff,70,0.51749037999038,24,13
3ZIM-KKR,MSE,diff,75,0.49336734693877554,14,7
3ZIM-KKR,MSE,diff,80,0.5157142857142858,10,5
3ZIM-KKR,MSE,diff,85,0.375,4,2
3ZIM-KKR,MSE,diff,90,0.375,4,2
3ZIM-KKR,MSE,diff,95,,0,0
3ZIM-KKR,MSE,gradcam,50,0.5387504736642666,58,30
3ZIM-KKR,MSE,gradcam,55,0.5387504736642666,58,30
3ZIM-KKR,MSE,gradcam,60,0.5279921467421466,44,23
3ZIM-KKR,MSE,gradcam,65,0.5239461233211233,40,21
3ZIM-KKR,MSE,gradcam,70,0.5748752405002405,24,13
3ZIM-KKR,MSE,gradcam,75,0.612953514739229,14,7
3ZIM-KKR,MSE,gradcam,80,0.6178571428571428,10,5
3ZIM-KKR,MSE,gradcam,85,0.625,4,2
3ZIM-KKR,MSE,gradcam,90,0.625,4,2
3ZIM-KKR,MSE,gradcam,95,,0,0
3ZIM-KKR,MSE,gradinput,50,0.5076325972877698,58,30
3ZIM-KKR,MSE,gradinput,55,0.5076325972877698,58,30
3ZIM-KKR,MSE,gradinput,60,0.5064536473627382,44,23
3ZIM-KKR,MSE,gradinput,65,0.5023371073371073,40,21
3ZIM-KKR,MSE,gradinput,70,0.5508988696488697,24,13
3ZIM-KKR,MSE,gradinput,75,0.5793367346938776,14,7
3ZIM-KKR,MSE,gradinput,80,0.5985714285714285,10,5
3ZIM-KKR,MSE,gradinput,85,0.5625,4,2
3ZIM-KKR,MSE,gradinput,90,0.5625,4,2
3ZIM-KKR,MSE,gradinput,95,,0,0
3ZIM-KKR,MSE,ig,50,0.5164380638518572,58,30
3ZIM-KKR,MSE,ig,55,0.5164380638518572,58,30
3ZIM-KKR,MSE,ig,60,0.46934151706878974,44,23
3ZIM-KKR,MSE,ig,65,0.4507994782994782,40,21
3ZIM-KKR,MSE,ig,70,0.4799843674843675,24,13
3ZIM-KKR,MSE,ig,75,0.5403628117913832,14,7
3ZIM-KKR,MSE,ig,80,0.5092857142857142,10,5
3ZIM-KKR,MSE,ig,85,0.5625,4,2
3ZIM-KKR,MSE,ig,90,0.5625,4,2
3ZIM-KKR,MSE,ig,95,,0,0
3ZIM-KKR,MSE,shap,50,0.5725514428100635,58,30
3ZIM-KKR,MSE,shap,55,0.5725514428100635,58,30
3ZIM-KKR,MSE,shap,60,0.5656846940937851,44,23
3ZIM-KKR,MSE,shap,65,0.575229353979354,40,21
3ZIM-KKR,MSE,shap,70,0.5878652597402597,24,13
3ZIM-KKR,MSE,shap,75,0.6800453514739229,14,7
3ZIM-KKR,MSE,shap,80,0.6492857142857142,10,5
3ZIM-KKR,MSE,shap,85,0.5625,4,2
3ZIM-KKR,MSE,shap,90,0.5625,4,2
3ZIM-KKR,MSE,shap,95,,0,0
3ZXH-E41,MSE,cam,50,0.48455503335415995,687,360
3ZXH-E41,MSE,cam,55,0.48380047009818,655,344
3ZXH-E41,MSE,cam,60,0.48034112000080587,573,303
3ZXH-E41,MSE,cam,65,0.4743590446931461,434,232
3ZXH-E41,MSE,cam,70,0.47532755705832624,338,181
3ZXH-E41,MSE,cam,75,0.4695512820512821,260,139
3ZXH-E41,MSE,cam,80,0.46196581196581193,195,106
3ZXH-E41,MSE,cam,85,0.44704049844236765,107,60
3ZXH-E41,MSE,cam,90,0.38461538461538464,26,18
3ZXH-E41,MSE,cam,95,0.3333333333333333,6,6
3ZXH-E41,MSE,diff,50,0.6159918093484743,687,360
3ZXH-E41,MSE,diff,55,0.6153309392049846,655,344
3ZXH-E41,MSE,diff,60,0.6165263159373103,573,303
3ZXH-E41,MSE,diff,65,0.62258912362599,434,232
3ZXH-E41,MSE,diff,70,0.6350568235183619,338,181
3ZXH-E41,MSE,diff,75,0.6437820512820513,260,139
3ZXH-E41,MSE,diff,80,0.6603418803418805,195,106
3ZXH-E41,MSE,diff,85,0.6674454828660435,107,60
3ZXH-E41,MSE,diff,90,0.8076923076923077,26,18
3ZXH-E41,MSE,diff,95,0.8333333333333334,6,6
3ZXH-E41,MSE,gradcam,50,0.5934836584817327,687,360
3ZXH-E41,MSE,gradcam,55,0.5893109646926444,655,344
3ZXH-E41,MSE,gradcam,60,0.5851255008323076,573,303
3ZXH-E41,MSE,gradcam,65,0.5756565822810061,434,232
3ZXH-E41,MSE,gradcam,70,0.5599511599511597,338,181
3ZXH-E41,MSE,gradcam,75,0.5633058608058606,260,139
3ZXH-E41,MSE,gradcam,80,0.5531623931623934,195,106
3ZXH-E41,MSE,gradcam,85,0.545171339563863,107,60
3ZXH-E41,MSE,gradcam,90,0.5961538461538461,26,18
3ZXH-E41,MSE,gradcam,95,0.5,6,6
3ZXH-E41,MSE,gradinput,50,0.5860618412089007,687,360
3ZXH-E41,MSE,gradinput,55,0.5840362839026968,655,344
3ZXH-E41,MSE,gradinput,60,0.5804855775405517,573,303
3ZXH-E41,MSE,gradinput,65,0.5791485460264262,434,232
3ZXH-E41,MSE,gradinput,70,0.5765485582793276,338,181
3ZXH-E41,MSE,gradinput,75,0.5769734432234435,260,139
3ZXH-E41,MSE,gradinput,80,0.581025641025641,195,106
3ZXH-E41,MSE,gradinput,85,0.5802180685358255,107,60
3ZXH-E41,MSE,gradinput,90,0.5961538461538461,26,18
3ZXH-E41,MSE,gradinput,95,0.5,6,6
3ZXH-E41,MSE,ig,50,0.5627076750631845,687,360
3ZXH-E41,MSE,ig,55,0.5654448329448325,655,344
3ZXH-E41,MSE,ig,60,0.569940998016914,573,303
3ZXH-E41,MSE,ig,65,0.5736290655069454,434,232
3ZXH-E41,MSE,ig,70,0.5911172161172159,338,181
3ZXH-E41,MSE,ig,75,0.5973626373626375,260,139
3ZXH-E41,MSE,ig,80,0.6028205128205131,195,106
3ZXH-E41,MSE,ig,85,0.6035825545171338,107,60
3ZXH-E41,MSE,ig,90,0.6538461538461539,26,18
3ZXH-E41,MSE,ig,95,0.6666666666666666,6,6
3ZXH-E41,MSE,shap,50,0.5171347715465365,687,360
3ZXH-E41,MSE,shap,55,0.5190119041264084,655,344
3ZXH-E41,MSE,shap,60,0.5168317333238801,573,303
3ZXH-E41,MSE,shap,65,0.5117312027450276,434,232
3ZXH-E41,MSE,shap,70,0.5174286183901566,338,181
3ZXH-E41,MSE,shap,75,0.509308608058608,260,139
3ZXH-E41,MSE,shap,80,0.4928205128205131,195,106
3ZXH-E41,MSE,shap,85,0.45950155763239875,107,60
3ZXH-E41,MSE,shap,90,0.4935897435897436,26,18
3ZXH-E41,MSE,shap,95,0.5,6,6
4A7C-E46,MSE,cam,50,0.5,24,13
4A7C-E46,MSE,cam,55,0.5,24,13
4A7C-E46,MSE,cam,60,0.5,20,11
4A7C-E46,MSE,cam,65,0.5,14,8
4A7C-E46,MSE,cam,70,0.5,10,6
4A7C-E46,MSE,cam,75,0.5,10,6
4A7C-E46,MSE,cam,80,0.5,8,5
4A7C-E46,MSE,cam,85,0.5,6,4
4A7C-E46,MSE,cam,90,0.5,4,3
4A7C-E46,MSE,cam,95,0.5,2,2
4A7C-E46,MSE,diff,50,0.48893999518999526,24,13
4A7C-E46,MSE,diff,55,0.48893999518999526,24,13
4A7C-E46,MSE,diff,60,0.5053787878787879,20,11
4A7C-E46,MSE,diff,65,0.5369047619047619,14,8
4A7C-E46,MSE,diff,70,0.5516666666666666,10,6
4A7C-E46,MSE,diff,75,0.5516666666666666,10,6
4A7C-E46,MSE,diff,80,0.5645833333333333,8,5
4A7C-E46,MSE,diff,85,0.5416666666666666,6,4
4A7C-E46,MSE,diff,90,0.5,4,3
4A7C-E46,MSE,diff,95,0.5,2,2
4A7C-E46,MSE,gradcam,50,0.5627705627705627,24,13
4A7C-E46,MSE,gradcam,55,0.5627705627705627,24,13
4A7C-E46,MSE,gradcam,60,0.5681818181818181,20,11
4A7C-E46,MSE,gradcam,65,0.5238095238095238,14,8
4A7C-E46,MSE,gradcam,70,0.4666666666666666,10,6
4A7C-E46,MSE,gradcam,75,0.4666666666666666,10,6
4A7C-E46,MSE,gradcam,80,0.4375,8,5
4A7C-E46,MSE,gradcam,85,0.4166666666666667,6,4
4A7C-E46,MSE,gradcam,90,0.625,4,3
4A7C-E46,MSE,gradcam,95,0.5,2,2
4A7C-E46,MSE,gradinput,50,0.6610660173160173,24,13
4A7C-E46,MSE,gradinput,55,0.6610660173160173,24,13
4A7C-E46,MSE,gradinput,60,0.6722474747474747,20,11
4A7C-E46,MSE,gradinput,65,0.7146825396825395,14,8
4A7C-E46,MSE,gradinput,70,0.7116666666666667,10,6
4A7C-E46,MSE,gradinput,75,0.7116666666666667,10,6
4A7C-E46,MSE,gradinput,80,0.74375,8,5
4A7C-E46,MSE,gradinput,85,0.7916666666666666,6,4
4A7C-E46,MSE,gradinput,90,1.0,4,3
4A7C-E46,MSE,gradinput,95,1.0,2,2
4A7C-E46,MSE,ig,50,0.5409842472342472,24,13
4A7C-E46,MSE,ig,55,0.5409842472342472,24,13
4A7C-E46,MSE,ig,60,0.5444191919191919,20,11
4A7C-E46,MSE,ig,65,0.5472222222222222,14,8
4A7C-E46,MSE,ig,70,0.5883333333333334,10,6
4A7C-E46,MSE,ig,75,0.5883333333333334,10,6
4A7C-E46,MSE,ig,80,0.5479166666666666,8,5
4A7C-E46,MSE,ig,85,0.5416666666666666,6,4
4A7C-E46,MSE,ig,90,0.375,4,3
4A7C-E46,MSE,ig,95,0.5,2,2
4A7C-E46,MSE,shap,50,0.5078252765752765,24,13
4A7C-E46,MSE,shap,55,0.5078252765752765,24,13
4A7C-E46,MSE,shap,60,0.5189141414141414,20,11
4A7C-E46,MSE,shap,65,0.5492063492063491,14,8
4A7C-E46,MSE,shap,70,0.5466666666666666,10,6
4A7C-E46,MSE,shap,75,0.5466666666666666,10,6
4A7C-E46,MSE,shap,80,0.5375,8,5
4A7C-E46,MSE,shap,85,0.5833333333333334,6,4
4A7C-E46,MSE,shap,90,0.375,4,3
4A7C-E46,MSE,shap,95,0.5,2,2
4AEL-4HN,MSE,cam,50,0.5024630541871922,203,103
4AEL-4HN,MSE,cam,55,0.5024630541871922,203,103
4AEL-4HN,MSE,cam,60,0.5033112582781457,151,77
4AEL-4HN,MSE,cam,65,0.5036496350364964,137,70
4AEL-4HN,MSE,cam,70,0.5040650406504065,123,63
4AEL-4HN,MSE,cam,75,0.5056179775280899,89,46
4AEL-4HN,MSE,cam,80,0.5079365079365079,63,33
4AEL-4HN,MSE,cam,85,0.5263157894736842,19,11
4AEL-4HN,MSE,cam,90,0.6,5,4
4AEL-4HN,MSE,cam,95,,0,0
4AEL-4HN,MSE,diff,50,0.6760905760905764,203,103
4AEL-4HN,MSE,diff,55,0.6760905760905764,203,103
4AEL-4HN,MSE,diff,60,0.6671964349116672,151,77
4AEL-4HN,MSE,diff,65,0.6640858533194303,137,70
4AEL-4HN,MSE,diff,70,0.6746322106078205,123,63
4AEL-4HN,MSE,diff,75,0.6797351524879615,89,46
4AEL-4HN,MSE,diff,80,0.6701058201058199,63,33
4AEL-4HN,MSE,diff,85,0.7149122807017544,19,11
4AEL-4HN,MSE,diff,90,0.8,5,4
4AEL-4HN,MSE,diff,95,,0,0
4AEL-4HN,MSE,gradcam,50,0.47097528907873704,203,103
4AEL-4HN,MSE,gradcam,55,0.47097528907873704,203,103
4AEL-4HN,MSE,gradcam,60,0.4829071039335937,151,77
4AEL-4HN,MSE,gradcam,65,0.4894294877871518,137,70
4AEL-4HN,MSE,gradcam,70,0.4879307007355787,123,63
4AEL-4HN,MSE,gradcam,75,0.49951845906902087,89,46
4AEL-4HN,MSE,gradcam,80,0.5015873015873016,63,33
4AEL-4HN,MSE,gradcam,85,0.5263157894736842,19,11
4AEL-4HN,MSE,gradcam,90,0.6,5,4
4AEL-4HN,MSE,gradcam,95,,0,0
4AEL-4HN,MSE,gradinput,50,0.48280284302451787,203,103
4AEL-4HN,MSE,gradinput,55,0.48280284302451787,203,103
4AEL-4HN,MSE,gradinput,60,0.49579605457088877,151,77
4AEL-4HN,MSE,gradinput,65,0.499501005887867,137,70
4AEL-4HN,MSE,gradinput,70,0.501390502000258,123,63
4AEL-4HN,MSE,gradinput,75,0.511597110754414,89,46
4AEL-4HN,MSE,gradinput,80,0.5126984126984127,63,33
4AEL-4HN,MSE,gradinput,85,0.5657894736842105,19,11
4AEL-4HN,MSE,gradinput,90,0.7,5,4
4AEL-4HN,MSE,gradinput,95,,0,0
4AEL-4HN,MSE,ig,50,0.49593669876921104,203,103
4AEL-4HN,MSE,ig,55,0.49593669876921104,203,103
4AEL-4HN,MSE,ig,60,0.5023837641387309,151,77
4AEL-4HN,MSE,ig,65,0.5041212437197838,137,70
4AEL-4HN,MSE,ig,70,0.5020034843205574,123,63
4AEL-4HN,MSE,ig,75,0.5302969502407704,89,46
4AEL-4HN,MSE,ig,80,0.5291005291005293,63,33
4AEL-4HN,MSE,ig,85,0.4912280701754385,19,11
4AEL-4HN,MSE,ig,90,0.5,5,4
4AEL-4HN,MSE,ig,95,,0,0
4AEL-4HN,MSE,shap,50,0.49497090894874146,203,103
4AEL-4HN,MSE,shap,55,0.49497090894874146,203,103
4AEL-4HN,MSE,shap,60,0.5003997841746187,151,77
4AEL-4HN,MSE,shap,65,0.507192888214786,137,70
4AEL-4HN,MSE,shap,70,0.5148728868241064,123,63
4AEL-4HN,MSE,shap,75,0.506166399143927,89,46
4AEL-4HN,MSE,shap,80,0.5222222222222224,63,33
4AEL-4HN,MSE,shap,85,0.45614035087719307,19,11
4AEL-4HN,MSE,shap,90,0.5,5,4
4AEL-4HN,MSE,shap,95,,0,0
4ANW-O92,MSE,cam,50,0.4901477832512315,29,15
4ANW-O92,MSE,cam,55,0.4901477832512315,29,15
4ANW-O92,MSE,cam,60,0.42857142857142855,7,4
4ANW-O92,MSE,cam,65,0.3333333333333333,3,2
4ANW-O92,MSE,cam,70,0.3333333333333333,3,2
4ANW-O92,MSE,cam,75,0.3333333333333333,3,2
4ANW-O92,MSE,cam,80,0.3333333333333333,3,2
4ANW-O92,MSE,cam,85,0.3333333333333333,3,2
4ANW-O92,MSE,cam,90,0.0,1,1
4ANW-O92,MSE,cam,95,,0,0
4ANW-O92,MSE,diff,50,0.6304373787132407,29,15
4ANW-O92,MSE,diff,55,0.6304373787132407,29,15
4ANW-O92,MSE,diff,60,0.6017316017316018,7,4
4ANW-O92,MSE,diff,65,0.5555555555555555,3,2
4ANW-O92,MSE,diff,70,0.5555555555555555,3,2
4ANW-O92,MSE,diff,75,0.5555555555555555,3,2
4ANW-O92,MSE,diff,80,0.5555555555555555,3,2
4ANW-O92,MSE,diff,85,0.5555555555555555,3,2
4ANW-O92,MSE,diff,90,1.0,1,1
4ANW-O92,MSE,diff,95,,0,0
4ANW-O92,MSE,gradcam,50,0.6418122107777279,29,15
4ANW-O92,MSE,gradcam,55,0.6418122107777279,29,15
4ANW-O92,MSE,gradcam,60,0.7316017316017315,7,4
4ANW-O92,MSE,gradcam,65,0.8888888888888888,3,2
4ANW-O92,MSE,gradcam,70,0.8888888888888888,3,2
4ANW-O92,MSE,gradcam,75,0.8888888888888888,3,2
4ANW-O92,MSE,gradcam,80,0.8888888888888888,3,2
4ANW-O92,MSE,gradcam,85,0.8888888888888888,3,2
4ANW-O92,MSE,gradcam,90,1.0,1,1
4ANW-O92,MSE,gradcam,95,,0,0
4ANW-O92,MSE,gradinput,50,0.6450664278250485,29,15
4ANW-O92,MSE,gradinput,55,0.6450664278250485,29,15
4ANW-O92,MSE,gradinput,60,0.6017316017316017,7,4
4ANW-O92,MSE,gradinput,65,0.5555555555555555,3,2
4ANW-O92,MSE,gradinput,70,0.5555555555555555,3,2
4ANW-O92,MSE,gradinput,75,0.5555555555555555,3,2
4ANW-O92,MSE,gradinput,80,0.5555555555555555,3,2
4ANW-O92,MSE,gradinput,85,0.5555555555555555,3,2
4ANW-O92,MSE,gradinput,90,1.0,1,1
4ANW-O92,MSE,gradinput,95,,0,0
4ANW-O92,MSE,ig,50,0.5620913569189429,29,15
4ANW-O92,MSE,ig,55,0.5620913569189429,29,15
4ANW-O92,MSE,ig,60,0.7272727272727273,7,4
4ANW-O92,MSE,ig,65,1.0,3,2
4ANW-O92,MSE,ig,70,1.0,3,2
4ANW-O92,MSE,ig,75,1.0,3,2
4ANW-O92,MSE,ig,80,1.0,3,2
4ANW-O92,MSE,ig,85,1.0,3,2
4ANW-O92,MSE,ig,90,1.0,1,1
4ANW-O92,MSE,ig,95,,0,0
4ANW-O92,MSE,shap,50,0.5040304523063144,29,15
4ANW-O92,MSE,shap,55,0.5040304523063144,29,15
4ANW-O92,MSE,shap,60,0.48268398268398266,7,4
4ANW-O92,MSE,shap,65,0.27777777777777773,3,2
4ANW-O92,MSE,shap,70,0.27777777777777773,3,2
4ANW-O92,MSE,shap,75,0.27777777777777773,3,2
4ANW-O92,MSE,shap,80,0.27777777777777773,3,2
4ANW-O92,MSE,shap,85,0.27777777777777773,3,2
4ANW-O92,MSE,shap,90,0.5,1,1
4ANW-O92,MSE,shap,95,,0,0
4AOF-7L0,MSE,cam,50,0.5115832885063655,169,87
4AOF-7L0,MSE,cam,55,0.5144702842377261,129,67
4AOF-7L0,MSE,cam,60,0.5196491228070176,95,50
4AOF-7L0,MSE,cam,65,0.5248888888888888,75,40
4AOF-7L0,MSE,cam,70,0.5296296296296297,63,34
4AOF-7L0,MSE,cam,75,0.5361702127659574,47,26
4AOF-7L0,MSE,cam,80,0.5714285714285714,21,13
4AOF-7L0,MSE,cam,85,0.75,8,6
4AOF-7L0,MSE,cam,90,1.0,2,2
4AOF-7L0,MSE,cam,95,,0,0
4AOF-7L0,MSE,diff,50,0.6089034558665606,169,87
4AOF-7L0,MSE,diff,55,0.6009146860891048,129,67
4AOF-7L0,MSE,diff,60,0.6083371891266629,95,50
4AOF-7L0,MSE,diff,65,0.6096931216931218,75,40
4AOF-7L0,MSE,diff,70,0.5999307130259511,63,34
4AOF-7L0,MSE,diff,75,0.600354609929078,47,26
4AOF-7L0,MSE,diff,80,0.6455782312925169,21,13
4AOF-7L0,MSE,diff,85,0.46249999999999997,8,6
4AOF-7L0,MSE,diff,90,0.3333333333333333,2,2
4AOF-7L0,MSE,diff,95,,0,0
4AOF-7L0,MSE,gradcam,50,0.5899121921702848,169,87
4AOF-7L0,MSE,gradcam,55,0.582261009877289,129,67
4AOF-7L0,MSE,gradcam,60,0.5567716786137837,95,50
4AOF-7L0,MSE,gradcam,65,0.574132275132275,75,40
4AOF-7L0,MSE,gradcam,70,0.5756172839506174,63,34
4AOF-7L0,MSE,gradcam,75,0.548902397838568,47,26
4AOF-7L0,MSE,gradcam,80,0.49092970521541945,21,13
4AOF-7L0,MSE,gradcam,85,0.32499999999999996,8,6
4AOF-7L0,MSE,gradcam,90,0.3333333333333333,2,2
4AOF-7L0,MSE,gradcam,95,,0,0
4AOF-7L0,MSE,gradinput,50,0.5419378268403674,169,87
4AOF-7L0,MSE,gradinput,55,0.5332918911407283,129,67
4AOF-7L0,MSE,gradinput,60,0.5371285147600936,95,50
4AOF-7L0,MSE,gradinput,65,0.5691005291005291,75,40
4AOF-7L0,MSE,gradinput,70,0.5616654069035022,63,34
4AOF-7L0,MSE,gradinput,75,0.543920972644377,47,26
4AOF-7L0,MSE,gradinput,80,0.5145124716553288,21,13
4AOF-7L0,MSE,gradinput,85,0.4041666666666667,8,6
4AOF-7L0,MSE,gradinput,90,0.3333333333333333,2,2
4AOF-7L0,MSE,gradinput,95,,0,0
4AOF-7L0,MSE,ig,50,0.5851344574325776,169,87
4AOF-7L0,MSE,ig,55,0.5893098718680113,129,67
4AOF-7L0,MSE,ig,60,0.6029323600376233,95,50
4AOF-7L0,MSE,ig,65,0.6267460317460317,75,40
4AOF-7L0,MSE,ig,70,0.6356701940035273,63,34
4AOF-7L0,MSE,ig,75,0.6652988855116514,47,26
4AOF-7L0,MSE,ig,80,0.7579365079365079,21,13
4AOF-7L0,MSE,ig,85,0.6499999999999999,8,6
4AOF-7L0,MSE,ig,90,1.0,2,2
4AOF-7L0,MSE,ig,95,,0,0
4AOF-7L0,MSE,shap,50,0.5367891206909653,169,87
4AOF-7L0,MSE,shap,55,0.5498805888340775,129,67
4AOF-7L0,MSE,shap,60,0.5694574139310979,95,50
4AOF-7L0,MSE,shap,65,0.5647724867724866,75,40
4AOF-7L0,MSE,shap,70,0.5674918115394305,63,34
4AOF-7L0,MSE,shap,75,0.5743161094224926,47,26
4AOF-7L0,MSE,shap,80,0.5952380952380953,21,13
4AOF-7L0,MSE,shap,85,0.5479166666666666,8,6
4AOF-7L0,MSE,shap,90,0.6666666666666666,2,2
4AOF-7L0,MSE,shap,95,,0,0
4AQC-88A,MSE,cam,50,0.5770118687589392,1701,862
4AQC-88A,MSE,cam,55,0.5776033386575035,1515,769
4AQC-88A,MSE,cam,60,0.5803834148231959,1223,623
4AQC-88A,MSE,cam,65,0.575170792647374,854,438
4AQC-88A,MSE,cam,70,0.5632201667571448,622,322
4AQC-88A,MSE,cam,75,0.5442615327380952,384,203
4AQC-88A,MSE,cam,80,0.5504761904761906,230,126
4AQC-88A,MSE,cam,85,0.6350427350427351,78,48
4AQC-88A,MSE,cam,90,0.697530864197531,27,20
4AQC-88A,MSE,cam,95,1.0,3,3
4AQC-88A,MSE,diff,50,0.560012726972474,1701,862
4AQC-88A,MSE,diff,55,0.5631576824456858,1515,769
4AQC-88A,MSE,diff,60,0.5684952229857485,1223,623
4AQC-88A,MSE,diff,65,0.5560469926248611,854,438
4AQC-88A,MSE,diff,70,0.5591564473397266,622,322
4AQC-88A,MSE,diff,75,0.5706070188492065,384,203
4AQC-88A,MSE,diff,80,0.58444099378882,230,126
4AQC-88A,MSE,diff,85,0.5386752136752138,78,48
4AQC-88A,MSE,diff,90,0.4012345679012346,27,20
4AQC-88A,MSE,diff,95,0.6666666666666666,3,3
4AQC-88A,MSE,gradcam,50,0.571935206977744,1701,862
4AQC-88A,MSE,gradcam,55,0.5717758629989278,1515,769
4AQC-88A,MSE,gradcam,60,0.5737122666425011,1223,623
4AQC-88A,MSE,gradcam,65,0.5583771598554969,854,438
4AQC-88A,MSE,gradcam,70,0.554905856915503,622,322
4AQC-88A,MSE,gradcam,75,0.539086268187831,384,203
4AQC-88A,MSE,gradcam,80,0.5549378881987577,230,126
4AQC-88A,MSE,gradcam,85,0.498931623931624,78,48
4AQC-88A,MSE,gradcam,90,0.5185185185185185,27,20
4AQC-88A,MSE,gradcam,95,0.6666666666666666,3,3
4AQC-88A,MSE,gradinput,50,0.5640024568634914,1701,862
4AQC-88A,MSE,gradinput,55,0.5701942734674252,1515,769
4AQC-88A,MSE,gradinput,60,0.574717856454546,1223,623
4AQC-88A,MSE,gradinput,65,0.5639697538994962,854,438
4AQC-88A,MSE,gradinput,70,0.5533425666866179,622,322
4AQC-88A,MSE,gradinput,75,0.5430080191798942,384,203
4AQC-88A,MSE,gradinput,80,0.5413354037267079,230,126
4AQC-88A,MSE,gradinput,85,0.5032051282051282,78,48
4AQC-88A,MSE,gradinput,90,0.4567901234567901,27,20
4AQC-88A,MSE,gradinput,95,0.6666666666666666,3,3
4AQC-88A,MSE,ig,50,0.5532424569202242,1701,862
4AQC-88A,MSE,ig,55,0.5551276465720254,1515,769
4AQC-88A,MSE,ig,60,0.560910909029085,1223,623
4AQC-88A,MSE,ig,65,0.5558910221966425,854,438
4AQC-88A,MSE,ig,70,0.5545456865392554,622,322
4AQC-88A,MSE,ig,75,0.5631252066798945,384,203
4AQC-88A,MSE,ig,80,0.5809420289855073,230,126
4AQC-88A,MSE,ig,85,0.5700854700854701,78,48
4AQC-88A,MSE,ig,90,0.46296296296296297,27,20
4AQC-88A,MSE,ig,95,0.6666666666666666,3,3
4AQC-88A,MSE,shap,50,0.5133807425240664,1701,862
4AQC-88A,MSE,shap,55,0.5123732811764264,1515,769
4AQC-88A,MSE,shap,60,0.5137431498567322,1223,623
4AQC-88A,MSE,shap,65,0.5133645920823907,854,438
4AQC-88A,MSE,shap,70,0.5141870009233359,622,322
4AQC-88A,MSE,shap,75,0.5047712053571424,384,203
4AQC-88A,MSE,shap,80,0.49686335403726706,230,126
4AQC-88A,MSE,shap,85,0.48931623931623935,78,48
4AQC-88A,MSE,shap,90,0.5246913580246914,27,20
4AQC-88A,MSE,shap,95,1.0,3,3
4AZ0-S61,MSE,cam,50,0.5212121212121212,44,24
4AZ0-S61,MSE,cam,55,0.5212121212121212,44,24
4AZ0-S61,MSE,cam,60,0.5212121212121212,44,24
4AZ0-S61,MSE,cam,65,0.5212121212121212,44,24
4AZ0-S61,MSE,cam,70,0.5212121212121212,44,24
4AZ0-S61,MSE,cam,75,0.5245614035087719,38,21
4AZ0-S61,MSE,cam,80,0.5149425287356322,29,16
4AZ0-S61,MSE,cam,85,0.5238095238095238,21,11
4AZ0-S61,MSE,cam,90,0.6,5,3
4AZ0-S61,MSE,cam,95,1.0,1,1
4AZ0-S61,MSE,diff,50,0.7161345598845599,44,24
4AZ0-S61,MSE,diff,55,0.7161345598845599,44,24
4AZ0-S61,MSE,diff,60,0.7161345598845599,44,24
4AZ0-S61,MSE,diff,65,0.7161345598845599,44,24
4AZ0-S61,MSE,diff,70,0.7161345598845599,44,24
4AZ0-S61,MSE,diff,75,0.7034774436090225,38,21
4AZ0-S61,MSE,diff,80,0.6637931034482759,29,16
4AZ0-S61,MSE,diff,85,0.6785714285714286,21,11
4AZ0-S61,MSE,diff,90,0.7,5,3
4AZ0-S61,MSE,diff,95,1.0,1,1
4AZ0-S61,MSE,gradcam,50,0.7605429292929294,44,24
4AZ0-S61,MSE,gradcam,55,0.7605429292929294,44,24
4AZ0-S61,MSE,gradcam,60,0.7605429292929294,44,24
4AZ0-S61,MSE,gradcam,65,0.7605429292929294,44,24
4AZ0-S61,MSE,gradcam,70,0.7605429292929294,44,24
4AZ0-S61,MSE,gradcam,75,0.7256578947368421,38,21
4AZ0-S61,MSE,gradcam,80,0.7137931034482758,29,16
4AZ0-S61,MSE,gradcam,85,0.7857142857142857,21,11
4AZ0-S61,MSE,gradcam,90,0.7,5,3
4AZ0-S61,MSE,gradcam,95,1.0,1,1
4AZ0-S61,MSE,gradinput,50,0.7070616883116884,44,24
4AZ0-S61,MSE,gradinput,55,0.7070616883116884,44,24
4AZ0-S61,MSE,gradinput,60,0.7070616883116884,44,24
4AZ0-S61,MSE,gradinput,65,0.7070616883116884,44,24
4AZ0-S61,MSE,gradinput,70,0.7070616883116884,44,24
4AZ0-S61,MSE,gradinput,75,0.7353696741854637,38,21
4AZ0-S61,MSE,gradinput,80,0.7166666666666667,29,16
4AZ0-S61,MSE,gradinput,85,0.765873015873016,21,11
4AZ0-S61,MSE,gradinput,90,1.0,5,3
4AZ0-S61,MSE,gradinput,95,1.0,1,1
4AZ0-S61,MSE,ig,50,0.6451569264069265,44,24
4AZ0-S61,MSE,ig,55,0.6451569264069265,44,24
4AZ0-S61,MSE,ig,60,0.6451569264069265,44,24
4AZ0-S61,MSE,ig,65,0.6451569264069265,44,24
4AZ0-S61,MSE,ig,70,0.6451569264069265,44,24
4AZ0-S61,MSE,ig,75,0.6900062656641603,38,21
4AZ0-S61,MSE,ig,80,0.7040229885057471,29,16
4AZ0-S61,MSE,ig,85,0.7658730158730158,21,11
4AZ0-S61,MSE,ig,90,0.8,5,3
4AZ0-S61,MSE,ig,95,1.0,1,1
4AZ0-S61,MSE,shap,50,0.5460858585858586,44,24
4AZ0-S61,MSE,shap,55,0.5460858585858586,44,24
4AZ0-S61,MSE,shap,60,0.5460858585858586,44,24
4AZ0-S61,MSE,shap,65,0.5460858585858586,44,24
4AZ0-S61,MSE,shap,70,0.5460858585858586,44,24
4AZ0-S61,MSE,shap,75,0.537280701754386,38,21
4AZ0-S61,MSE,shap,80,0.5660919540229885,29,16
4AZ0-S61,MSE,shap,85,0.5119047619047619,21,11
4AZ0-S61,MSE,shap,90,0.7,5,3
4AZ0-S61,MSE,shap,95,1.0,1,1
4COD-KV1,MSE,cam,50,0.5416666666666666,72,40
4COD-KV1,MSE,cam,55,0.5416666666666666,72,40
4COD-KV1,MSE,cam,60,0.5416666666666666,72,40
4COD-KV1,MSE,cam,65,0.5441176470588235,68,38
4COD-KV1,MSE,cam,70,0.5517241379310345,58,33
4COD-KV1,MSE,cam,75,0.5535714285714286,56,32
4COD-KV1,MSE,cam,80,0.5428571428571428,35,20
4COD-KV1,MSE,cam,85,0.5555555555555556,18,11
4COD-KV1,MSE,cam,90,0.5,12,7
4COD-KV1,MSE,cam,95,0.0,1,1
4COD-KV1,MSE,diff,50,0.6481727377560709,72,40
4COD-KV1,MSE,diff,55,0.6481727377560709,72,40
4COD-KV1,MSE,diff,60,0.6481727377560709,72,40
4COD-KV1,MSE,diff,65,0.6494887057387055,68,38
4COD-KV1,MSE,diff,70,0.6561644772851668,58,33
4COD-KV1,MSE,diff,75,0.657376700680272,56,32
4COD-KV1,MSE,diff,80,0.6903401360544217,35,20
4COD-KV1,MSE,diff,85,0.7092592592592593,18,11
4COD-KV1,MSE,diff,90,0.7638888888888888,12,7
4COD-KV1,MSE,diff,95,1.0,1,1
4COD-KV1,MSE,gradcam,50,0.7027820173653507,72,40
4COD-KV1,MSE,gradcam,55,0.7027820173653507,72,40
4COD-KV1,MSE,gradcam,60,0.7027820173653507,72,40
4COD-KV1,MSE,gradcam,65,0.7080644437262085,68,38
4COD-KV1,MSE,gradcam,70,0.7198549534756432,58,33
4COD-KV1,MSE,gradcam,75,0.7211592970521542,56,32
4COD-KV1,MSE,gradcam,80,0.7476190476190477,35,20
4COD-KV1,MSE,gradcam,85,0.7398148148148147,18,11
4COD-KV1,MSE,gradcam,90,0.8055555555555555,12,7
4COD-KV1,MSE,gradcam,95,1.0,1,1
4COD-KV1,MSE,gradinput,50,0.6038253798670464,72,40
4COD-KV1,MSE,gradinput,55,0.6038253798670464,72,40
4COD-KV1,MSE,gradinput,60,0.6038253798670464,72,40
4COD-KV1,MSE,gradinput,65,0.6023912770236299,68,38
4COD-KV1,MSE,gradinput,70,0.6105842911877395,58,33
4COD-KV1,MSE,gradinput,75,0.6123511904761906,56,32
4COD-KV1,MSE,gradinput,80,0.617891156462585,35,20
4COD-KV1,MSE,gradinput,85,0.6351851851851852,18,11
4COD-KV1,MSE,gradinput,90,0.6944444444444443,12,7
4COD-KV1,MSE,gradinput,95,1.0,1,1
4COD-KV1,MSE,ig,50,0.5724918599918597,72,40
4COD-KV1,MSE,ig,55,0.5724918599918597,72,40
4COD-KV1,MSE,ig,60,0.5724918599918597,72,40
4COD-KV1,MSE,ig,65,0.5798669467787111,68,38
4COD-KV1,MSE,ig,70,0.5937807881773396,58,33
4COD-KV1,MSE,ig,75,0.594550736961451,56,32
4COD-KV1,MSE,ig,80,0.6061904761904764,35,20
4COD-KV1,MSE,ig,85,0.673148148148148,18,11
4COD-KV1,MSE,ig,90,0.7083333333333334,12,7
4COD-KV1,MSE,ig,95,1.0,1,1
4COD-KV1,MSE,shap,50,0.6076647503730839,72,40
4COD-KV1,MSE,shap,55,0.6076647503730839,72,40
4COD-KV1,MSE,shap,60,0.6076647503730839,72,40
4COD-KV1,MSE,shap,65,0.6195598111039288,68,38
4COD-KV1,MSE,shap,70,0.630473453749316,58,33
4COD-KV1,MSE,shap,75,0.6285856009070294,56,32
4COD-KV1,MSE,shap,80,0.635578231292517,35,20
4COD-KV1,MSE,shap,85,0.7092592592592593,18,11
4COD-KV1,MSE,shap,90,0.8124999999999999,12,7
4COD-KV1,MSE,shap,95,1.0,1,1
4D08-Q2T,MSE,cam,50,0.534760261925147,2529,1274
4D08-Q2T,MSE,cam,55,0.534760261925147,2529,1274
4D08-Q2T,MSE,cam,60,0.534760261925147,2529,1274
4D08-Q2T,MSE,cam,65,0.5407348496177556,2229,1124
4D08-Q2T,MSE,cam,70,0.5404102512830757,1667,843
4D08-Q2T,MSE,cam,75,0.5421773324714505,1105,561
4D08-Q2T,MSE,cam,80,0.519918699186992,574,295
4D08-Q2T,MSE,cam,85,0.5093457943925234,214,112
4D08-Q2T,MSE,cam,90,0.5070422535211268,71,39
4D08-Q2T,MSE,cam,95,0.5,8,5
4D08-Q2T,MSE,diff,50,0.6182208448815797,2529,1274
4D08-Q2T,MSE,diff,55,0.6182208448815797,2529,1274
4D08-Q2T,MSE,diff,60,0.6182208448815797,2529,1274
4D08-Q2T,MSE,diff,65,0.6161325975255979,2229,1124
4D08-Q2T,MSE,diff,70,0.6045864636596509,1667,843
4D08-Q2T,MSE,diff,75,0.5983645765998715,1105,561
4D08-Q2T,MSE,diff,80,0.591927990708478,574,295
4D08-Q2T,MSE,diff,85,0.6553738317757009,214,112
4D08-Q2T,MSE,diff,90,0.7136150234741784,71,39
4D08-Q2T,MSE,diff,95,0.75,8,5
4D08-Q2T,MSE,gradcam,50,0.5063345709253199,2529,1274
4D08-Q2T,MSE,gradcam,55,0.5063345709253199,2529,1274
4D08-Q2T,MSE,gradcam,60,0.5063345709253199,2529,1274
4D08-Q2T,MSE,gradcam,65,0.5091651793199574,2229,1124
4D08-Q2T,MSE,gradcam,70,0.5146677807295675,1667,843
4D08-Q2T,MSE,gradcam,75,0.5214641241111839,1105,561
4D08-Q2T,MSE,gradcam,80,0.546806039488966,574,295
4D08-Q2T,MSE,gradcam,85,0.5700934579439254,214,112
4D08-Q2T,MSE,gradcam,90,0.5469483568075117,71,39
4D08-Q2T,MSE,gradcam,95,0.5,8,5
4D08-Q2T,MSE,gradinput,50,0.5465862396467364,2529,1274
4D08-Q2T,MSE,gradinput,55,0.5465862396467364,2529,1274
4D08-Q2T,MSE,gradinput,60,0.5465862396467364,2529,1274
4D08-Q2T,MSE,gradinput,65,0.5553082093122458,2229,1124
4D08-Q2T,MSE,gradinput,70,0.5635339598746899,1667,843
4D08-Q2T,MSE,gradinput,75,0.5600592544710183,1105,561
4D08-Q2T,MSE,gradinput,80,0.5818234610917544,574,295
4D08-Q2T,MSE,gradinput,85,0.6012461059190033,214,112
4D08-Q2T,MSE,gradinput,90,0.5751173708920189,71,39
4D08-Q2T,MSE,gradinput,95,0.125,8,5
4D08-Q2T,MSE,ig,50,0.4993134057191011,2529,1274
4D08-Q2T,MSE,ig,55,0.4993134057191011,2529,1274
4D08-Q2T,MSE,ig,60,0.4993134057191011,2529,1274
4D08-Q2T,MSE,ig,65,0.5011548866865162,2229,1124
4D08-Q2T,MSE,ig,70,0.4987069252816106,1667,843
4D08-Q2T,MSE,ig,75,0.4985035552682606,1105,561
4D08-Q2T,MSE,ig,80,0.5227061556329845,574,295
4D08-Q2T,MSE,ig,85,0.548286604361371,214,112
4D08-Q2T,MSE,ig,90,0.5305164319248824,71,39
4D08-Q2T,MSE,ig,95,0.5,8,5
4D08-Q2T,MSE,shap,50,0.52769882351733,2529,1274
4D08-Q2T,MSE,shap,55,0.52769882351733,2529,1274
4D08-Q2T,MSE,shap,60,0.52769882351733,2529,1274
4D08-Q2T,MSE,shap,65,0.5281551171524254,2229,1124
4D08-Q2T,MSE,shap,70,0.528641414574228,1667,843
4D08-Q2T,MSE,shap,75,0.5294171514759753,1105,561
4D08-Q2T,MSE,shap,80,0.5262195121951221,574,295
4D08-Q2T,MSE,shap,85,0.5720404984423676,214,112
4D08-Q2T,MSE,shap,90,0.6431924882629109,71,39
4D08-Q2T,MSE,shap,95,0.875,8,5
4D2R-DYK,MSE,cam,50,0.5421792493221063,28,15
4D2R-DYK,MSE,cam,55,0.5421792493221063,28,15
4D2R-DYK,MSE,cam,60,0.5421792493221063,28,15
4D2R-DYK,MSE,cam,65,0.5,10,6
4D2R-DYK,MSE,cam,70,0.5,10,6
4D2R-DYK,MSE,cam,75,0.5,10,6
4D2R-DYK,MSE,cam,80,0.5,10,6
4D2R-DYK,MSE,cam,85,0.5,2,2
4D2R-DYK,MSE,cam,90,0.5,2,2
4D2R-DYK,MSE,cam,95,0.5,2,2
4D2R-DYK,MSE,diff,50,0.7023339755482613,28,15
4D2R-DYK,MSE,diff,55,0.7023339755482613,28,15
4D2R-DYK,MSE,diff,60,0.7023339755482613,28,15
4D2R-DYK,MSE,diff,65,0.8095238095238095,10,6
4D2R-DYK,MSE,diff,70,0.8095238095238095,10,6
4D2R-DYK,MSE,diff,75,0.8095238095238095,10,6
4D2R-DYK,MSE,diff,80,0.8095238095238095,10,6
4D2R-DYK,MSE,diff,85,0.5,2,2
4D2R-DYK,MSE,diff,90,0.5,2,2
4D2R-DYK,MSE,diff,95,0.5,2,2
4D2R-DYK,MSE,gradcam,50,0.7543343561200705,28,15
4D2R-DYK,MSE,gradcam,55,0.7543343561200705,28,15
4D2R-DYK,MSE,gradcam,60,0.7543343561200705,28,15
4D2R-DYK,MSE,gradcam,65,0.7476190476190476,10,6
4D2R-DYK,MSE,gradcam,70,0.7476190476190476,10,6
4D2R-DYK,MSE,gradcam,75,0.7476190476190476,10,6
4D2R-DYK,MSE,gradcam,80,0.7476190476190476,10,6
4D2R-DYK,MSE,gradcam,85,0.5,2,2
4D2R-DYK,MSE,gradcam,90,0.5,2,2
4D2R-DYK,MSE,gradcam,95,0.5,2,2
4D2R-DYK,MSE,gradinput,50,0.7691891441891441,28,15
4D2R-DYK,MSE,gradinput,55,0.7691891441891441,28,15
4D2R-DYK,MSE,gradinput,60,0.7691891441891441,28,15
4D2R-DYK,MSE,gradinput,65,0.7976190476190477,10,6
4D2R-DYK,MSE,gradinput,70,0.7976190476190477,10,6
4D2R-DYK,MSE,gradinput,75,0.7976190476190477,10,6
4D2R-DYK,MSE,gradinput,80,0.7976190476190477,10,6
4D2R-DYK,MSE,gradinput,85,1.0,2,2
4D2R-DYK,MSE,gradinput,90,1.0,2,2
4D2R-DYK,MSE,gradinput,95,1.0,2,2
4D2R-DYK,MSE,ig,50,0.5880553969839685,28,15
4D2R-DYK,MSE,ig,55,0.5880553969839685,28,15
4D2R-DYK,MSE,ig,60,0.5880553969839685,28,15
4D2R-DYK,MSE,ig,65,0.7738095238095237,10,6
4D2R-DYK,MSE,ig,70,0.7738095238095237,10,6
4D2R-DYK,MSE,ig,75,0.7738095238095237,10,6
4D2R-DYK,MSE,ig,80,0.7738095238095237,10,6
4D2R-DYK,MSE,ig,85,0.5,2,2
4D2R-DYK,MSE,ig,90,0.5,2,2
4D2R-DYK,MSE,ig,95,0.5,2,2
4D2R-DYK,MSE,shap,50,0.5775141525141524,28,15
4D2R-DYK,MSE,shap,55,0.5775141525141524,28,15
4D2R-DYK,MSE,shap,60,0.5775141525141524,28,15
4D2R-DYK,MSE,shap,65,0.5595238095238095,10,6
4D2R-DYK,MSE,shap,70,0.5595238095238095,10,6
4D2R-DYK,MSE,shap,75,0.5595238095238095,10,6
4D2R-DYK,MSE,shap,80,0.5595238095238095,10,6
4D2R-DYK,MSE,shap,85,1.0,2,2
4D2R-DYK,MSE,shap,90,1.0,2,2
4D2R-DYK,MSE,shap,95,1.0,2,2
4DDL-0JQ,MSE,cam,50,0.4782608695652174,138,72
4DDL-0JQ,MSE,cam,55,0.47580645161290325,124,65
4DDL-0JQ,MSE,cam,60,0.46938775510204084,98,52
4DDL-0JQ,MSE,cam,65,0.47058823529411764,85,45
4DDL-0JQ,MSE,cam,70,0.46875,64,34
4DDL-0JQ,MSE,cam,75,0.46808510638297873,47,25
4DDL-0JQ,MSE,cam,80,0.4782608695652174,23,12
4DDL-0JQ,MSE,cam,85,0.5,6,3
4DDL-0JQ,MSE,cam,90,0.5,2,1
4DDL-0JQ,MSE,cam,95,,0,0
4DDL-0JQ,MSE,diff,50,0.598109182032826,138,72
4DDL-0JQ,MSE,diff,55,0.5920611626671873,124,65
4DDL-0JQ,MSE,diff,60,0.5712967446385815,98,52
4DDL-0JQ,MSE,diff,65,0.5927994227994228,85,45
4DDL-0JQ,MSE,diff,70,0.5727926587301588,64,34
4DDL-0JQ,MSE,diff,75,0.5685241472475515,47,25
4DDL-0JQ,MSE,diff,80,0.6511387163561075,23,12
4DDL-0JQ,MSE,diff,85,0.5416666666666666,6,3
4DDL-0JQ,MSE,diff,90,0.25,2,1
4DDL-0JQ,MSE,diff,95,,0,0
4DDL-0JQ,MSE,gradcam,50,0.721889070638061,138,72
4DDL-0JQ,MSE,gradcam,55,0.7138331828144444,124,65
4DDL-0JQ,MSE,gradcam,60,0.7079245442765849,98,52
4DDL-0JQ,MSE,gradcam,65,0.7226602156013918,85,45
4DDL-0JQ,MSE,gradcam,70,0.7090999278499276,64,34
4DDL-0JQ,MSE,gradcam,75,0.6839581222559947,47,25
4DDL-0JQ,MSE,gradcam,80,0.7016563146997931,23,12
4DDL-0JQ,MSE,gradcam,85,0.6944444444444443,6,3
4DDL-0JQ,MSE,gradcam,90,0.5,2,1
4DDL-0JQ,MSE,gradcam,95,,0,0
4DDL-0JQ,MSE,gradinput,50,0.6323278202232306,138,72
4DDL-0JQ,MSE,gradinput,55,0.6245451338667658,124,65
4DDL-0JQ,MSE,gradinput,60,0.6120846840234594,98,52
4DDL-0JQ,MSE,gradinput,65,0.6255513114336643,85,45
4DDL-0JQ,MSE,gradinput,70,0.6031926406926406,64,34
4DDL-0JQ,MSE,gradinput,75,0.5984802431610942,47,25
4DDL-0JQ,MSE,gradinput,80,0.5888198757763975,23,12
4DDL-0JQ,MSE,gradinput,85,0.5,6,3
4DDL-0JQ,MSE,gradinput,90,0.0,2,1
4DDL-0JQ,MSE,gradinput,95,,0,0
4DDL-0JQ,MSE,ig,50,0.5837023240652597,138,72
4DDL-0JQ,MSE,ig,55,0.5782304448397901,124,65
4DDL-0JQ,MSE,ig,60,0.574825613728675,98,52
4DDL-0JQ,MSE,ig,65,0.5881037263390204,85,45
4DDL-0JQ,MSE,ig,70,0.5810515873015872,64,34
4DDL-0JQ,MSE,ig,75,0.5669537318473489,47,25
4DDL-0JQ,MSE,ig,80,0.5830227743271221,23,12
4DDL-0JQ,MSE,ig,85,0.4861111111111111,6,3
4DDL-0JQ,MSE,ig,90,0.5,2,1
4DDL-0JQ,MSE,ig,95,,0,0
4DDL-0JQ,MSE,shap,50,0.49808632449297413,138,72
4DDL-0JQ,MSE,shap,55,0.4957389279495541,124,65
4DDL-0JQ,MSE,shap,60,0.5013985730822466,98,52
4DDL-0JQ,MSE,shap,65,0.5066535098888039,85,45
4DDL-0JQ,MSE,shap,70,0.49332329996392493,64,34
4DDL-0JQ,MSE,shap,75,0.4786052009456265,47,25
4DDL-0JQ,MSE,shap,80,0.44472049689440996,23,12
4DDL-0JQ,MSE,shap,85,0.4444444444444444,6,3
4DDL-0JQ,MSE,shap,90,0.5,2,1
4DDL-0JQ,MSE,shap,95,,0,0
4EK6-10K,MSE,cam,50,0.5238095238095238,42,24
4EK6-10K,MSE,cam,55,0.5238095238095238,42,24
4EK6-10K,MSE,cam,60,0.5238095238095238,42,24
4EK6-10K,MSE,cam,65,0.5238095238095238,42,24
4EK6-10K,MSE,cam,70,0.55,20,13
4EK6-10K,MSE,cam,75,0.5833333333333334,12,9
4EK6-10K,MSE,cam,80,0.5833333333333334,12,9
4EK6-10K,MSE,cam,85,0.5833333333333334,12,9
4EK6-10K,MSE,cam,90,0.625,8,7
4EK6-10K,MSE,cam,95,1.0,1,3
4EK6-10K,MSE,diff,50,0.5419973544973544,42,24
4EK6-10K,MSE,diff,55,0.5419973544973544,42,24
4EK6-10K,MSE,diff,60,0.5419973544973544,42,24
4EK6-10K,MSE,diff,65,0.5419973544973544,42,24
4EK6-10K,MSE,diff,70,0.5285714285714287,20,13
4EK6-10K,MSE,diff,75,0.5,12,9
4EK6-10K,MSE,diff,80,0.5,12,9
4EK6-10K,MSE,diff,85,0.5,12,9
4EK6-10K,MSE,diff,90,0.5,8,7
4EK6-10K,MSE,diff,95,1.0,1,3
4EK6-10K,MSE,gradcam,50,0.6277872260015117,42,24
4EK6-10K,MSE,gradcam,55,0.6277872260015117,42,24
4EK6-10K,MSE,gradcam,60,0.6277872260015117,42,24
4EK6-10K,MSE,gradcam,65,0.6277872260015117,42,24
4EK6-10K,MSE,gradcam,70,0.6202380952380953,20,13
4EK6-10K,MSE,gradcam,75,0.5972222222222222,12,9
4EK6-10K,MSE,gradcam,80,0.5972222222222222,12,9
4EK6-10K,MSE,gradcam,85,0.5972222222222222,12,9
4EK6-10K,MSE,gradcam,90,0.5625,8,7
4EK6-10K,MSE,gradcam,95,1.0,1,3
4EK6-10K,MSE,gradinput,50,0.4087301587301586,42,24
4EK6-10K,MSE,gradinput,55,0.4087301587301586,42,24
4EK6-10K,MSE,gradinput,60,0.4087301587301586,42,24
4EK6-10K,MSE,gradinput,65,0.4087301587301586,42,24
4EK6-10K,MSE,gradinput,70,0.386904761904762,20,13
4EK6-10K,MSE,gradinput,75,0.5416666666666666,12,9
4EK6-10K,MSE,gradinput,80,0.5416666666666666,12,9
4EK6-10K,MSE,gradinput,85,0.5416666666666666,12,9
4EK6-10K,MSE,gradinput,90,0.6875,8,7
4EK6-10K,MSE,gradinput,95,1.0,1,3
4EK6-10K,MSE,ig,50,0.5876795162509447,42,24
4EK6-10K,MSE,ig,55,0.5876795162509447,42,24
4EK6-10K,MSE,ig,60,0.5876795162509447,42,24
4EK6-10K,MSE,ig,65,0.5876795162509447,42,24
4EK6-10K,MSE,ig,70,0.6619047619047619,20,13
4EK6-10K,MSE,ig,75,0.7222222222222222,12,9
4EK6-10K,MSE,ig,80,0.7222222222222222,12,9
4EK6-10K,MSE,ig,85,0.7222222222222222,12,9
4EK6-10K,MSE,ig,90,0.75,8,7
4EK6-10K,MSE,ig,95,1.0,1,3
4EK6-10K,MSE,shap,50,0.5348639455782312,42,24
4EK6-10K,MSE,shap,55,0.5348639455782312,42,24
4EK6-10K,MSE,shap,60,0.5348639455782312,42,24
4EK6-10K,MSE,shap,65,0.5348639455782312,42,24
4EK6-10K,MSE,shap,70,0.5285714285714286,20,13
4EK6-10K,MSE,shap,75,0.47222222222222215,12,9
4EK6-10K,MSE,shap,80,0.47222222222222215,12,9
4EK6-10K,MSE,shap,85,0.47222222222222215,12,9
4EK6-10K,MSE,shap,90,0.5,8,7
4EK6-10K,MSE,shap,95,1.0,1,3
4EY5-HUP,MSE,cam,50,0.4827586206896552,29,15
4EY5-HUP,MSE,cam,55,0.4827586206896552,29,15
4EY5-HUP,MSE,cam,60,0.4782608695652174,23,12
4EY5-HUP,MSE,cam,65,0.4444444444444444,9,5
4EY5-HUP,MSE,cam,70,0.3333333333333333,3,2
4EY5-HUP,MSE,cam,75,0.3333333333333333,3,2
4EY5-HUP,MSE,cam,80,0.3333333333333333,3,2
4EY5-HUP,MSE,cam,85,0.3333333333333333,3,2
4EY5-HUP,MSE,cam,90,0.3333333333333333,3,2
4EY5-HUP,MSE,cam,95,,0,0
4EY5-HUP,MSE,diff,50,0.8236677115987461,29,15
4EY5-HUP,MSE,diff,55,0.8236677115987461,29,15
4EY5-HUP,MSE,diff,60,0.8392621870882742,23,12
4EY5-HUP,MSE,diff,65,0.9629629629629631,9,5
4EY5-HUP,MSE,diff,70,1.0,3,2
4EY5-HUP,MSE,diff,75,1.0,3,2
4EY5-HUP,MSE,diff,80,1.0,3,2
4EY5-HUP,MSE,diff,85,1.0,3,2
4EY5-HUP,MSE,diff,90,1.0,3,2
4EY5-HUP,MSE,diff,95,,0,0
4EY5-HUP,MSE,gradcam,50,0.942787480718515,29,15
4EY5-HUP,MSE,gradcam,55,0.942787480718515,29,15
4EY5-HUP,MSE,gradcam,60,0.9651295564339043,23,12
4EY5-HUP,MSE,gradcam,65,0.9876543209876544,9,5
4EY5-HUP,MSE,gradcam,70,1.0,3,2
4EY5-HUP,MSE,gradcam,75,1.0,3,2
4EY5-HUP,MSE,gradcam,80,1.0,3,2
4EY5-HUP,MSE,gradcam,85,1.0,3,2
4EY5-HUP,MSE,gradcam,90,1.0,3,2
4EY5-HUP,MSE,gradcam,95,,0,0
4EY5-HUP,MSE,gradinput,50,0.9037791710205502,29,15
4EY5-HUP,MSE,gradinput,55,0.9037791710205502,29,15
4EY5-HUP,MSE,gradinput,60,0.9330259112867808,23,12
4EY5-HUP,MSE,gradinput,65,0.9753086419753088,9,5
4EY5-HUP,MSE,gradinput,70,1.0,3,2
4EY5-HUP,MSE,gradinput,75,1.0,3,2
4EY5-HUP,MSE,gradinput,80,1.0,3,2
4EY5-HUP,MSE,gradinput,85,1.0,3,2
4EY5-HUP,MSE,gradinput,90,1.0,3,2
4EY5-HUP,MSE,gradinput,95,,0,0
4EY5-HUP,MSE,ig,50,0.9509827337413544,29,15
4EY5-HUP,MSE,ig,55,0.9509827337413544,29,15
4EY5-HUP,MSE,ig,60,0.9785682916117701,23,12
4EY5-HUP,MSE,ig,65,0.9876543209876544,9,5
4EY5-HUP,MSE,ig,70,1.0,3,2
4EY5-HUP,MSE,ig,75,1.0,3,2
4EY5-HUP,MSE,ig,80,1.0,3,2
4EY5-HUP,MSE,ig,85,1.0,3,2
4EY5-HUP,MSE,ig,90,1.0,3,2
4EY5-HUP,MSE,ig,95,,0,0
4EY5-HUP,MSE,shap,50,0.6188784395680946,29,15
4EY5-HUP,MSE,shap,55,0.6188784395680946,29,15
4EY5-HUP,MSE,shap,60,0.5774264382960034,23,12
4EY5-HUP,MSE,shap,65,0.7160493827160495,9,5
4EY5-HUP,MSE,shap,70,0.6666666666666666,3,2
4EY5-HUP,MSE,shap,75,0.6666666666666666,3,2
4EY5-HUP,MSE,shap,80,0.6666666666666666,3,2
4EY5-HUP,MSE,shap,85,0.6666666666666666,3,2
4EY5-HUP,MSE,shap,90,0.6666666666666666,3,2
4EY5-HUP,MSE,shap,95,,0,0
4FAL-0T0,MSE,cam,50,0.5590444231383828,149,80
4FAL-0T0,MSE,cam,55,0.5598477486232587,147,79
4FAL-0T0,MSE,cam,60,0.5632922233641657,139,75
4FAL-0T0,MSE,cam,65,0.571525358110724,123,67
4FAL-0T0,MSE,cam,70,0.5787933817594835,118,64
4FAL-0T0,MSE,cam,75,0.5967078189300413,81,45
4FAL-0T0,MSE,cam,80,0.5819209039548023,59,34
4FAL-0T0,MSE,cam,85,0.6028368794326241,47,28
4FAL-0T0,MSE,cam,90,0.6153846153846154,39,24
4FAL-0T0,MSE,cam,95,0.7272727272727273,11,8
4FAL-0T0,MSE,diff,50,0.5863298427895748,149,80
4FAL-0T0,MSE,diff,55,0.586228888269705,147,79
4FAL-0T0,MSE,diff,60,0.5937268167483999,139,75
4FAL-0T0,MSE,diff,65,0.6154248642053523,123,67
4FAL-0T0,MSE,diff,70,0.6252623083131559,118,64
4FAL-0T0,MSE,diff,75,0.6635802469135801,81,45
4FAL-0T0,MSE,diff,80,0.6850282485875706,59,34
4FAL-0T0,MSE,diff,85,0.6666666666666667,47,28
4FAL-0T0,MSE,diff,90,0.6794871794871795,39,24
4FAL-0T0,MSE,diff,95,0.6363636363636364,11,8
4FAL-0T0,MSE,gradcam,50,0.5059502764200752,149,80
4FAL-0T0,MSE,gradcam,55,0.5046139990017543,147,79
4FAL-0T0,MSE,gradcam,60,0.5031666375191558,139,75
4FAL-0T0,MSE,gradcam,65,0.49511344572320193,123,67
4FAL-0T0,MSE,gradcam,70,0.5006355932203391,118,64
4FAL-0T0,MSE,gradcam,75,0.5524691358024691,81,45
4FAL-0T0,MSE,gradcam,80,0.5466101694915254,59,34
4FAL-0T0,MSE,gradcam,85,0.5425531914893617,47,28
4FAL-0T0,MSE,gradcam,90,0.6025641025641025,39,24
4FAL-0T0,MSE,gradcam,95,0.6363636363636364,11,8
4FAL-0T0,MSE,gradinput,50,0.5436159105622194,149,80
4FAL-0T0,MSE,gradinput,55,0.5425086440392564,147,79
4FAL-0T0,MSE,gradinput,60,0.5513957465396315,139,75
4FAL-0T0,MSE,gradinput,65,0.5443585096024118,123,67
4FAL-0T0,MSE,gradinput,70,0.5475282485875704,118,64
4FAL-0T0,MSE,gradinput,75,0.5555555555555556,81,45
4FAL-0T0,MSE,gradinput,80,0.5621468926553673,59,34
4FAL-0T0,MSE,gradinput,85,0.5460992907801417,47,28
4FAL-0T0,MSE,gradinput,90,0.6025641025641025,39,24
4FAL-0T0,MSE,gradinput,95,0.6363636363636364,11,8
4FAL-0T0,MSE,ig,50,0.537209770095676,149,80
4FAL-0T0,MSE,ig,55,0.5326139846548009,147,79
4FAL-0T0,MSE,ig,60,0.5255153719182495,139,75
4FAL-0T0,MSE,ig,65,0.5276774715799107,123,67
4FAL-0T0,MSE,ig,70,0.5290153349475384,118,64
4FAL-0T0,MSE,ig,75,0.5113168724279835,81,45
4FAL-0T0,MSE,ig,80,0.5070621468926553,59,34
4FAL-0T0,MSE,ig,85,0.47517730496453897,47,28
4FAL-0T0,MSE,ig,90,0.47435897435897434,39,24
4FAL-0T0,MSE,ig,95,0.36363636363636365,11,8
4FAL-0T0,MSE,shap,50,0.5758857287380778,149,80
4FAL-0T0,MSE,shap,55,0.5749340606483463,147,79
4FAL-0T0,MSE,shap,60,0.5835633591029273,139,75
4FAL-0T0,MSE,shap,65,0.6040673869942162,123,67
4FAL-0T0,MSE,shap,70,0.5979418886198548,118,64
4FAL-0T0,MSE,shap,75,0.6018518518518519,81,45
4FAL-0T0,MSE,shap,80,0.594632768361582,59,34
4FAL-0T0,MSE,shap,85,0.5992907801418441,47,28
4FAL-0T0,MSE,shap,90,0.5897435897435898,39,24
4FAL-0T0,MSE,shap,95,0.45454545454545453,11,8
4FKQ-42K,MSE,cam,50,0.5074626865671642,67,34
4FKQ-42K,MSE,cam,55,0.5074626865671642,67,34
4FKQ-42K,MSE,cam,60,0.5074626865671642,67,34
4FKQ-42K,MSE,cam,65,0.5074626865671642,67,34
4FKQ-42K,MSE,cam,70,0.5076923076923077,65,33
4FKQ-42K,MSE,cam,75,0.5128205128205128,39,20
4FKQ-42K,MSE,cam,80,0.5161290322580645,31,16
4FKQ-42K,MSE,cam,85,0.5384615384615384,13,7
4FKQ-42K,MSE,cam,90,0.6666666666666666,3,2
4FKQ-42K,MSE,cam,95,,0,0
4FKQ-42K,MSE,diff,50,0.6700485666903577,67,34
4FKQ-42K,MSE,diff,55,0.6700485666903577,67,34
4FKQ-42K,MSE,diff,60,0.6700485666903577,67,34
4FKQ-42K,MSE,diff,65,0.6700485666903577,67,34
4FKQ-42K,MSE,diff,70,0.6706654456654455,65,33
4FKQ-42K,MSE,diff,75,0.7075702075702076,39,20
4FKQ-42K,MSE,diff,80,0.6586021505376345,31,16
4FKQ-42K,MSE,diff,85,0.7564102564102563,13,7
4FKQ-42K,MSE,diff,90,1.0,3,2
4FKQ-42K,MSE,diff,95,,0,0
4FKQ-42K,MSE,gradcam,50,0.472376214167259,67,34
4FKQ-42K,MSE,gradcam,55,0.472376214167259,67,34
4FKQ-42K,MSE,gradcam,60,0.472376214167259,67,34
4FKQ-42K,MSE,gradcam,65,0.472376214167259,67,34
4FKQ-42K,MSE,gradcam,70,0.4746031746031746,65,33
4FKQ-42K,MSE,gradcam,75,0.49542124542124544,39,20
4FKQ-42K,MSE,gradcam,80,0.5080645161290323,31,16
4FKQ-42K,MSE,gradcam,85,0.5897435897435896,13,7
4FKQ-42K,MSE,gradcam,90,0.6666666666666666,3,2
4FKQ-42K,MSE,gradcam,95,,0,0
4FKQ-42K,MSE,gradinput,50,0.49292821606254444,67,34
4FKQ-42K,MSE,gradinput,55,0.49292821606254444,67,34
4FKQ-42K,MSE,gradinput,60,0.49292821606254444,67,34
4FKQ-42K,MSE,gradinput,65,0.49292821606254444,67,34
4FKQ-42K,MSE,gradinput,70,0.49578754578754586,65,33
4FKQ-42K,MSE,gradinput,75,0.5648656898656899,39,20
4FKQ-42K,MSE,gradinput,80,0.5994623655913978,31,16
4FKQ-42K,MSE,gradinput,85,0.6153846153846154,13,7
4FKQ-42K,MSE,gradinput,90,0.6666666666666666,3,2
4FKQ-42K,MSE,gradinput,95,,0,0
4FKQ-42K,MSE,ig,50,0.6930881307746979,67,34
4FKQ-42K,MSE,ig,55,0.6930881307746979,67,34
4FKQ-42K,MSE,ig,60,0.6930881307746979,67,34
4FKQ-42K,MSE,ig,65,0.6930881307746979,67,34
4FKQ-42K,MSE,ig,70,0.6944139194139194,65,33
4FKQ-42K,MSE,ig,75,0.7332112332112332,39,20
4FKQ-42K,MSE,ig,80,0.6908602150537634,31,16
4FKQ-42K,MSE,ig,85,0.6153846153846154,13,7
4FKQ-42K,MSE,ig,90,0.6666666666666666,3,2
4FKQ-42K,MSE,ig,95,,0,0
4FKQ-42K,MSE,shap,50,0.5437040985548449,67,34
4FKQ-42K,MSE,shap,55,0.5437040985548449,67,34
4FKQ-42K,MSE,shap,60,0.5437040985548449,67,34
4FKQ-42K,MSE,shap,65,0.5437040985548449,67,34
4FKQ-42K,MSE,shap,70,0.5404334554334556,65,33
4FKQ-42K,MSE,shap,75,0.5502442002442002,39,20
4FKQ-42K,MSE,shap,80,0.5639784946236558,31,16
4FKQ-42K,MSE,shap,85,0.576923076923077,13,7
4FKQ-42K,MSE,shap,90,0.6666666666666666,3,2
4FKQ-42K,MSE,shap,95,,0,0
4FSR-HKC,MSE,cam,50,0.5153770203363442,1739,886
4FSR-HKC,MSE,cam,55,0.5151234482865784,1669,851
4FSR-HKC,MSE,cam,60,0.5150843573909205,1503,768
4FSR-HKC,MSE,cam,65,0.5108673158314303,1254,643
4FSR-HKC,MSE,cam,70,0.5092138981059761,871,451
4FSR-HKC,MSE,cam,75,0.5064184636118598,424,224
4FSR-HKC,MSE,cam,80,0.5157202630005978,239,127
4FSR-HKC,MSE,cam,85,0.5104895104895105,143,77
4FSR-HKC,MSE,cam,90,0.5454545454545454,44,26
4FSR-HKC,MSE,cam,95,0.75,4,4
4FSR-HKC,MSE,diff,50,0.6383507382683977,1739,886
4FSR-HKC,MSE,diff,55,0.6368429615041927,1669,851
4FSR-HKC,MSE,diff,60,0.6355726445810962,1503,768
4FSR-HKC,MSE,diff,65,0.632983260315795,1254,643
4FSR-HKC,MSE,diff,70,0.6318648025020028,871,451
4FSR-HKC,MSE,diff,75,0.6352669212339014,424,224
4FSR-HKC,MSE,diff,80,0.6321279139270775,239,127
4FSR-HKC,MSE,diff,85,0.65979020979021,143,77
4FSR-HKC,MSE,diff,90,0.6212121212121212,44,26
4FSR-HKC,MSE,diff,95,0.5,4,4
4FSR-HKC,MSE,gradcam,50,0.5783127156422717,1739,886
4FSR-HKC,MSE,gradcam,55,0.5786547519281517,1669,851
4FSR-HKC,MSE,gradcam,60,0.5811976543366697,1503,768
4FSR-HKC,MSE,gradcam,65,0.5869674561660205,1254,643
4FSR-HKC,MSE,gradcam,70,0.6000980713380254,871,451
4FSR-HKC,MSE,gradcam,75,0.6228324348607368,424,224
4FSR-HKC,MSE,gradcam,80,0.6535863717872082,239,127
4FSR-HKC,MSE,gradcam,85,0.6192307692307693,143,77
4FSR-HKC,MSE,gradcam,90,0.6590909090909091,44,26
4FSR-HKC,MSE,gradcam,95,0.75,4,4
4FSR-HKC,MSE,gradinput,50,0.5891699531076058,1739,886
4FSR-HKC,MSE,gradinput,55,0.5878390053810026,1669,851
4FSR-HKC,MSE,gradinput,60,0.5841995718830292,1503,768
4FSR-HKC,MSE,gradinput,65,0.5752743070326812,1254,643
4FSR-HKC,MSE,gradinput,70,0.5642788166037305,871,451
4FSR-HKC,MSE,gradinput,75,0.5791142557651985,424,224
4FSR-HKC,MSE,gradinput,80,0.627286312014346,239,127
4FSR-HKC,MSE,gradinput,85,0.6424242424242427,143,77
4FSR-HKC,MSE,gradinput,90,0.7196969696969696,44,26
4FSR-HKC,MSE,gradinput,95,0.75,4,4
4FSR-HKC,MSE,ig,50,0.6219396803869204,1739,886
4FSR-HKC,MSE,ig,55,0.6212125152684173,1669,851
4FSR-HKC,MSE,ig,60,0.6212215451545626,1503,768
4FSR-HKC,MSE,ig,65,0.6180708180708189,1254,643
4FSR-HKC,MSE,ig,70,0.6170475907559717,871,451
4FSR-HKC,MSE,ig,75,0.6340305855046422,424,224
4FSR-HKC,MSE,ig,80,0.6348575413428966,239,127
4FSR-HKC,MSE,ig,85,0.6756410256410252,143,77
4FSR-HKC,MSE,ig,90,0.7196969696969696,44,26
4FSR-HKC,MSE,ig,95,0.75,4,4
4FSR-HKC,MSE,shap,50,0.5222875865463646,1739,886
4FSR-HKC,MSE,shap,55,0.521558820590958,1669,851
4FSR-HKC,MSE,shap,60,0.5239469326046174,1503,768
4FSR-HKC,MSE,shap,65,0.5249258472344603,1254,643
4FSR-HKC,MSE,shap,70,0.5358947564745495,871,451
4FSR-HKC,MSE,shap,75,0.5512868748128182,424,224
4FSR-HKC,MSE,shap,80,0.5519924287706713,239,127
4FSR-HKC,MSE,shap,85,0.5448717948717947,143,77
4FSR-HKC,MSE,shap,90,0.5340909090909091,44,26
4FSR-HKC,MSE,shap,95,0.25,4,4
4FSW-HK6,MSE,cam,50,0.5862875143832698,352,176
4FSW-HK6,MSE,cam,55,0.5893329560673851,340,170
4FSW-HK6,MSE,cam,60,0.601022354147354,296,148
4FSW-HK6,MSE,cam,65,0.6280743083544809,232,116
4FSW-HK6,MSE,cam,70,0.646204780361757,172,86
4FSW-HK6,MSE,cam,75,0.6334005376344086,124,62
4FSW-HK6,MSE,cam,80,0.6464646464646465,66,33
4FSW-HK6,MSE,cam,85,0.6587301587301587,42,21
4FSW-HK6,MSE,cam,90,0.875,8,4
4FSW-HK6,MSE,cam,95,1.0,2,1
4FSW-HK6,MSE,diff,50,0.5780573095410467,352,176
4FSW-HK6,MSE,diff,55,0.5779357192767773,340,170
4FSW-HK6,MSE,diff,60,0.6076366110373465,296,148
4FSW-HK6,MSE,diff,65,0.6406410519557078,232,116
4FSW-HK6,MSE,diff,70,0.6647702104097456,172,86
4FSW-HK6,MSE,diff,75,0.6772657450076807,124,62
4FSW-HK6,MSE,diff,80,0.6944444444444444,66,33
4FSW-HK6,MSE,diff,85,0.630952380952381,42,21
4FSW-HK6,MSE,diff,90,0.5625,8,4
4FSW-HK6,MSE,diff,95,0.5,2,1
4FSW-HK6,MSE,gradcam,50,0.6288569595672528,352,176
4FSW-HK6,MSE,gradcam,55,0.6301261899157318,340,170
4FSW-HK6,MSE,gradcam,60,0.6236935425354544,296,148
4FSW-HK6,MSE,gradcam,65,0.6378138504216091,232,116
4FSW-HK6,MSE,gradcam,70,0.6376961055740124,172,86
4FSW-HK6,MSE,gradcam,75,0.6444700460829493,124,62
4FSW-HK6,MSE,gradcam,80,0.6161616161616161,66,33
4FSW-HK6,MSE,gradcam,85,0.5575396825396824,42,21
4FSW-HK6,MSE,gradcam,90,0.5,8,4
4FSW-HK6,MSE,gradcam,95,0.5,2,1
4FSW-HK6,MSE,gradinput,50,0.6396783124382378,352,176
4FSW-HK6,MSE,gradinput,55,0.636582433721502,340,170
4FSW-HK6,MSE,gradinput,60,0.6297632114727706,296,148
4FSW-HK6,MSE,gradinput,65,0.6371739371739376,232,116
4FSW-HK6,MSE,gradinput,70,0.6543143226282759,172,86
4FSW-HK6,MSE,gradinput,75,0.6664074500768049,124,62
4FSW-HK6,MSE,gradinput,80,0.7053030303030303,66,33
4FSW-HK6,MSE,gradinput,85,0.6488095238095238,42,21
4FSW-HK6,MSE,gradinput,90,0.6875,8,4
4FSW-HK6,MSE,gradinput,95,0.5,2,1
4FSW-HK6,MSE,ig,50,0.5537590635926327,352,176
4FSW-HK6,MSE,ig,55,0.5522490267098488,340,170
4FSW-HK6,MSE,ig,60,0.5684537996118876,296,148
4FSW-HK6,MSE,ig,65,0.6037607268210716,232,116
4FSW-HK6,MSE,ig,70,0.6272863602805464,172,86
4FSW-HK6,MSE,ig,75,0.6194508448540705,124,62
4FSW-HK6,MSE,ig,80,0.6323232323232322,66,33
4FSW-HK6,MSE,ig,85,0.6011904761904762,42,21
4FSW-HK6,MSE,ig,90,0.75,8,4
4FSW-HK6,MSE,ig,95,0.5,2,1
4FSW-HK6,MSE,shap,50,0.5161700174668973,352,176
4FSW-HK6,MSE,shap,55,0.5134844214447205,340,170
4FSW-HK6,MSE,shap,60,0.5044334449665334,296,148
4FSW-HK6,MSE,shap,65,0.48852547117633316,232,116
4FSW-HK6,MSE,shap,70,0.4850936692506458,172,86
4FSW-HK6,MSE,shap,75,0.4912250384024578,124,62
4FSW-HK6,MSE,shap,80,0.4295454545454546,66,33
4FSW-HK6,MSE,shap,85,0.4166666666666667,42,21
4FSW-HK6,MSE,shap,90,0.375,8,4
4FSW-HK6,MSE,shap,95,0.5,2,1
4FZ7-0VH,MSE,cam,50,0.5153846153846153,65,35
4FZ7-0VH,MSE,cam,55,0.5222222222222223,45,25
4FZ7-0VH,MSE,cam,60,0.54,25,15
4FZ7-0VH,MSE,cam,65,0.5263157894736842,19,12
4FZ7-0VH,MSE,cam,70,0.5263157894736842,19,12
4FZ7-0VH,MSE,cam,75,0.5263157894736842,19,12
4FZ7-0VH,MSE,cam,80,0.5263157894736842,19,12
4FZ7-0VH,MSE,cam,85,0.5,14,8
4FZ7-0VH,MSE,cam,90,0.45454545454545453,11,6
4FZ7-0VH,MSE,cam,95,0.5,8,4
4FZ7-0VH,MSE,diff,50,0.5589129246821554,65,35
4FZ7-0VH,MSE,diff,55,0.5553738237071569,45,25
4FZ7-0VH,MSE,diff,60,0.5890000000000001,25,15
4FZ7-0VH,MSE,diff,65,0.6105263157894737,19,12
4FZ7-0VH,MSE,diff,70,0.6105263157894737,19,12
4FZ7-0VH,MSE,diff,75,0.6105263157894737,19,12
4FZ7-0VH,MSE,diff,80,0.6105263157894737,19,12
4FZ7-0VH,MSE,diff,85,0.6785714285714286,14,8
4FZ7-0VH,MSE,diff,90,0.7272727272727273,11,6
4FZ7-0VH,MSE,diff,95,0.75,8,4
4FZ7-0VH,MSE,gradcam,50,0.48422812230504536,65,35
4FZ7-0VH,MSE,gradcam,55,0.49433782267115595,45,25
4FZ7-0VH,MSE,gradcam,60,0.5583333333333333,25,15
4FZ7-0VH,MSE,gradcam,65,0.5833333333333334,19,12
4FZ7-0VH,MSE,gradcam,70,0.5833333333333334,19,12
4FZ7-0VH,MSE,gradcam,75,0.5833333333333334,19,12
4FZ7-0VH,MSE,gradcam,80,0.5833333333333334,19,12
4FZ7-0VH,MSE,gradcam,85,0.5714285714285714,14,8
4FZ7-0VH,MSE,gradcam,90,0.6363636363636364,11,6
4FZ7-0VH,MSE,gradcam,95,0.625,8,4
4FZ7-0VH,MSE,gradinput,50,0.4716698685929455,65,35
4FZ7-0VH,MSE,gradinput,55,0.47279806613139946,45,25
4FZ7-0VH,MSE,gradinput,60,0.5273333333333333,25,15
4FZ7-0VH,MSE,gradinput,65,0.543859649122807,19,12
4FZ7-0VH,MSE,gradinput,70,0.543859649122807,19,12
4FZ7-0VH,MSE,gradinput,75,0.543859649122807,19,12
4FZ7-0VH,MSE,gradinput,80,0.543859649122807,19,12
4FZ7-0VH,MSE,gradinput,85,0.5357142857142857,14,8
4FZ7-0VH,MSE,gradinput,90,0.5909090909090909,11,6
4FZ7-0VH,MSE,gradinput,95,0.625,8,4
4FZ7-0VH,MSE,ig,50,0.5608679354833198,65,35
4FZ7-0VH,MSE,ig,55,0.574889924889925,45,25
4FZ7-0VH,MSE,ig,60,0.6040000000000001,25,15
4FZ7-0VH,MSE,ig,65,0.6210526315789474,19,12
4FZ7-0VH,MSE,ig,70,0.6210526315789474,19,12
4FZ7-0VH,MSE,ig,75,0.6210526315789474,19,12
4FZ7-0VH,MSE,ig,80,0.6210526315789474,19,12
4FZ7-0VH,MSE,ig,85,0.6428571428571429,14,8
4FZ7-0VH,MSE,ig,90,0.6363636363636364,11,6
4FZ7-0VH,MSE,ig,95,0.625,8,4
4FZ7-0VH,MSE,shap,50,0.4205142293603833,65,35
4FZ7-0VH,MSE,shap,55,0.4121535871535872,45,25
4FZ7-0VH,MSE,shap,60,0.364,25,15
4FZ7-0VH,MSE,shap,65,0.35526315789473684,19,12
4FZ7-0VH,MSE,shap,70,0.35526315789473684,19,12
4FZ7-0VH,MSE,shap,75,0.35526315789473684,19,12
4FZ7-0VH,MSE,shap,80,0.35526315789473684,19,12
4FZ7-0VH,MSE,shap,85,0.3095238095238096,14,8
4FZ7-0VH,MSE,shap,90,0.3181818181818182,11,6
4FZ7-0VH,MSE,shap,95,0.375,8,4
4GG5-0J3,MSE,cam,50,0.55,60,33
4GG5-0J3,MSE,cam,55,0.5517241379310345,58,32
4GG5-0J3,MSE,cam,60,0.5517241379310345,58,32
4GG5-0J3,MSE,cam,65,0.5517241379310345,58,32
4GG5-0J3,MSE,cam,70,0.5535714285714286,56,31
4GG5-0J3,MSE,cam,75,0.5510204081632653,49,27
4GG5-0J3,MSE,cam,80,0.5517241379310345,29,16
4GG5-0J3,MSE,cam,85,0.5384615384615384,13,7
4GG5-0J3,MSE,cam,90,0.5,8,4
4GG5-0J3,MSE,cam,95,0.5,2,1
4GG5-0J3,MSE,diff,50,0.6023346560846561,60,33
4GG5-0J3,MSE,diff,55,0.606176916952779,58,32
4GG5-0J3,MSE,diff,60,0.606176916952779,58,32
4GG5-0J3,MSE,diff,65,0.606176916952779,58,32
4GG5-0J3,MSE,diff,70,0.6042871315192745,56,31
4GG5-0J3,MSE,diff,75,0.6212261094914157,49,27
4GG5-0J3,MSE,diff,80,0.6821839080459771,29,16
4GG5-0J3,MSE,diff,85,0.7243589743589743,13,7
4GG5-0J3,MSE,diff,90,0.8333333333333333,8,4
4GG5-0J3,MSE,diff,95,0.5,2,1
4GG5-0J3,MSE,gradcam,50,0.5628036315536316,60,33
4GG5-0J3,MSE,gradcam,55,0.5657007264765885,58,32
4GG5-0J3,MSE,gradcam,60,0.5657007264765885,58,32
4GG5-0J3,MSE,gradcam,65,0.5657007264765885,58,32
4GG5-0J3,MSE,gradcam,70,0.5645975056689342,56,31
4GG5-0J3,MSE,gradcam,75,0.5677032717849044,49,27
4GG5-0J3,MSE,gradcam,80,0.5862068965517241,29,16
4GG5-0J3,MSE,gradcam,85,0.5384615384615384,13,7
4GG5-0J3,MSE,gradcam,90,0.5,8,4
4GG5-0J3,MSE,gradcam,95,0.0,2,1
4GG5-0J3,MSE,gradinput,50,0.6673009860509861,60,33
4GG5-0J3,MSE,gradinput,55,0.6729654923620442,58,32
4GG5-0J3,MSE,gradinput,60,0.6729654923620442,58,32
4GG5-0J3,MSE,gradinput,65,0.6729654923620442,58,32
4GG5-0J3,MSE,gradinput,70,0.6744756235827666,56,31
4GG5-0J3,MSE,gradinput,75,0.666747651441529,49,27
4GG5-0J3,MSE,gradinput,80,0.6912972085385879,29,16
4GG5-0J3,MSE,gradinput,85,0.6153846153846154,13,7
4GG5-0J3,MSE,gradinput,90,0.375,8,4
4GG5-0J3,MSE,gradinput,95,0.0,2,1
4GG5-0J3,MSE,ig,50,0.5935575998075998,60,33
4GG5-0J3,MSE,ig,55,0.5982466288500772,58,32
4GG5-0J3,MSE,ig,60,0.5982466288500772,58,32
4GG5-0J3,MSE,ig,65,0.5982466288500772,58,32
4GG5-0J3,MSE,ig,70,0.6021612811791384,56,31
4GG5-0J3,MSE,ig,75,0.6269598315516685,49,27
4GG5-0J3,MSE,ig,80,0.7148604269293926,29,16
4GG5-0J3,MSE,ig,85,0.7243589743589743,13,7
4GG5-0J3,MSE,ig,90,0.8333333333333333,8,4
4GG5-0J3,MSE,ig,95,0.5,2,1
4GG5-0J3,MSE,shap,50,0.5549621212121212,60,33
4GG5-0J3,MSE,shap,55,0.5504832810867295,58,32
4GG5-0J3,MSE,shap,60,0.5504832810867295,58,32
4GG5-0J3,MSE,shap,65,0.5504832810867295,58,32
4GG5-0J3,MSE,shap,70,0.5476190476190477,56,31
4GG5-0J3,MSE,shap,75,0.5523809523809525,49,27
4GG5-0J3,MSE,shap,80,0.5802955665024631,29,16
4GG5-0J3,MSE,shap,85,0.6025641025641026,13,7
4GG5-0J3,MSE,shap,90,0.6666666666666666,8,4
4GG5-0J3,MSE,shap,95,1.0,2,1
4GJ7-0LT,MSE,cam,50,0.5253412848243999,412,210
4GJ7-0LT,MSE,cam,55,0.5253429496284214,410,209
4GJ7-0LT,MSE,cam,60,0.5234200435853897,386,197
4GJ7-0LT,MSE,cam,65,0.5154592890331144,298,153
4GJ7-0LT,MSE,cam,70,0.5109348353666535,220,114
4GJ7-0LT,MSE,cam,75,0.4395476190476191,50,29
4GJ7-0LT,MSE,cam,80,0.3948412698412699,36,22
4GJ7-0LT,MSE,cam,85,0.3472222222222222,18,12
4GJ7-0LT,MSE,cam,90,0.3,10,7
4GJ7-0LT,MSE,cam,95,0.3333333333333333,6,4
4GJ7-0LT,MSE,diff,50,0.5650081390141596,412,210
4GJ7-0LT,MSE,diff,55,0.5651478682953816,410,209
4GJ7-0LT,MSE,diff,60,0.5671072266908153,386,197
4GJ7-0LT,MSE,diff,65,0.5848459705842265,298,153
4GJ7-0LT,MSE,diff,70,0.5988392037255676,220,114
4GJ7-0LT,MSE,diff,75,0.5279126984126985,50,29
4GJ7-0LT,MSE,diff,80,0.5289021164021164,36,22
4GJ7-0LT,MSE,diff,85,0.5416666666666666,18,12
4GJ7-0LT,MSE,diff,90,0.55,10,7
4GJ7-0LT,MSE,diff,95,0.5,6,4
4GJ7-0LT,MSE,gradcam,50,0.5618347467492881,412,210
4GJ7-0LT,MSE,gradcam,55,0.5620920337622558,410,209
4GJ7-0LT,MSE,gradcam,60,0.5626395902093098,386,197
4GJ7-0LT,MSE,gradcam,65,0.5469607759876214,298,153
4GJ7-0LT,MSE,gradcam,70,0.5374212908303817,220,114
4GJ7-0LT,MSE,gradcam,75,0.5168015873015873,50,29
4GJ7-0LT,MSE,gradcam,80,0.4980158730158731,36,22
4GJ7-0LT,MSE,gradcam,85,0.4583333333333333,18,12
4GJ7-0LT,MSE,gradcam,90,0.4,10,7
4GJ7-0LT,MSE,gradcam,95,0.5,6,4
4GJ7-0LT,MSE,gradinput,50,0.519900299248378,412,210
4GJ7-0LT,MSE,gradinput,55,0.519808903812339,410,209
4GJ7-0LT,MSE,gradinput,60,0.5214315231992768,386,197
4GJ7-0LT,MSE,gradinput,65,0.5251662859884331,298,153
4GJ7-0LT,MSE,gradinput,70,0.5276385609340151,220,114
4GJ7-0LT,MSE,gradinput,75,0.43617460317460316,50,29
4GJ7-0LT,MSE,gradinput,80,0.4380952380952381,36,22
4GJ7-0LT,MSE,gradinput,85,0.4555555555555555,18,12
4GJ7-0LT,MSE,gradinput,90,0.45,10,7
4GJ7-0LT,MSE,gradinput,95,0.5,6,4
4GJ7-0LT,MSE,ig,50,0.6142848759836421,412,210
4GJ7-0LT,MSE,ig,55,0.6138778399019659,410,209
4GJ7-0LT,MSE,ig,60,0.6127648514325595,386,197
4GJ7-0LT,MSE,ig,65,0.6119058048588257,298,153
4GJ7-0LT,MSE,ig,70,0.5952531811622727,220,114
4GJ7-0LT,MSE,ig,75,0.6129444444444444,50,29
4GJ7-0LT,MSE,ig,80,0.5764550264550264,36,22
4GJ7-0LT,MSE,ig,85,0.6000000000000001,18,12
4GJ7-0LT,MSE,ig,90,0.6,10,7
4GJ7-0LT,MSE,ig,95,0.6666666666666666,6,4
4GJ7-0LT,MSE,shap,50,0.5344271604849202,412,210
4GJ7-0LT,MSE,shap,55,0.5356150535072414,410,209
4GJ7-0LT,MSE,shap,60,0.5347026407335761,386,197
4GJ7-0LT,MSE,shap,65,0.5337836753105211,298,153
4GJ7-0LT,MSE,shap,70,0.5228661616161615,220,114
4GJ7-0LT,MSE,shap,75,0.46022222222222225,50,29
4GJ7-0LT,MSE,shap,80,0.43062169312169307,36,22
4GJ7-0LT,MSE,shap,85,0.2796296296296296,18,12
4GJ7-0LT,MSE,shap,90,0.13333333333333333,10,7
4GJ7-0LT,MSE,shap,95,0.0,6,4
4GL5-G29,MSE,cam,50,0.5263157894736842,19,13
4GL5-G29,MSE,cam,55,0.5263157894736842,19,13
4GL5-G29,MSE,cam,60,0.5263157894736842,19,13
4GL5-G29,MSE,cam,65,0.5263157894736842,19,13
4GL5-G29,MSE,cam,70,0.5555555555555556,18,12
4GL5-G29,MSE,cam,75,0.5555555555555556,18,12
4GL5-G29,MSE,cam,80,0.5555555555555556,18,12
4GL5-G29,MSE,cam,85,0.5625,16,10
4GL5-G29,MSE,cam,90,0.5,14,8
4GL5-G29,MSE,cam,95,0.5,12,6
4GL5-G29,MSE,diff,50,0.5605263157894737,19,13
4GL5-G29,MSE,diff,55,0.5605263157894737,19,13
4GL5-G29,MSE,diff,60,0.5605263157894737,19,13
4GL5-G29,MSE,diff,65,0.5605263157894737,19,13
4GL5-G29,MSE,diff,70,0.5472222222222222,18,12
4GL5-G29,MSE,diff,75,0.5472222222222222,18,12
4GL5-G29,MSE,diff,80,0.5472222222222222,18,12
4GL5-G29,MSE,diff,85,0.53125,16,10
4GL5-G29,MSE,diff,90,0.5357142857142857,14,8
4GL5-G29,MSE,diff,95,0.5,12,6
4GL5-G29,MSE,gradcam,50,0.5666666666666667,19,13
4GL5-G29,MSE,gradcam,55,0.5666666666666667,19,13
4GL5-G29,MSE,gradcam,60,0.5666666666666667,19,13
4GL5-G29,MSE,gradcam,65,0.5666666666666667,19,13
4GL5-G29,MSE,gradcam,70,0.5648148148148148,18,12
4GL5-G29,MSE,gradcam,75,0.5648148148148148,18,12
4GL5-G29,MSE,gradcam,80,0.5648148148148148,18,12
4GL5-G29,MSE,gradcam,85,0.5416666666666667,16,10
4GL5-G29,MSE,gradcam,90,0.5,14,8
4GL5-G29,MSE,gradcam,95,0.5,12,6
4GL5-G29,MSE,gradinput,50,0.47543859649122805,19,13
4GL5-G29,MSE,gradinput,55,0.47543859649122805,19,13
4GL5-G29,MSE,gradinput,60,0.47543859649122805,19,13
4GL5-G29,MSE,gradinput,65,0.47543859649122805,19,13
4GL5-G29,MSE,gradinput,70,0.4629629629629629,18,12
4GL5-G29,MSE,gradinput,75,0.4629629629629629,18,12
4GL5-G29,MSE,gradinput,80,0.4629629629629629,18,12
4GL5-G29,MSE,gradinput,85,0.4270833333333333,16,10
4GL5-G29,MSE,gradinput,90,0.39285714285714285,14,8
4GL5-G29,MSE,gradinput,95,0.3333333333333333,12,6
4GL5-G29,MSE,ig,50,0.2535087719298246,19,13
4GL5-G29,MSE,ig,55,0.2535087719298246,19,13
4GL5-G29,MSE,ig,60,0.2535087719298246,19,13
4GL5-G29,MSE,ig,65,0.2535087719298246,19,13
4GL5-G29,MSE,ig,70,0.24537037037037035,18,12
4GL5-G29,MSE,ig,75,0.24537037037037035,18,12
4GL5-G29,MSE,ig,80,0.24537037037037035,18,12
4GL5-G29,MSE,ig,85,0.16666666666666666,16,10
4GL5-G29,MSE,ig,90,0.07142857142857142,14,8
4GL5-G29,MSE,ig,95,0.0,12,6
4GL5-G29,MSE,shap,50,0.39035087719298245,19,13
4GL5-G29,MSE,shap,55,0.39035087719298245,19,13
4GL5-G29,MSE,shap,60,0.39035087719298245,19,13
4GL5-G29,MSE,shap,65,0.39035087719298245,19,13
4GL5-G29,MSE,shap,70,0.3898148148148148,18,12
4GL5-G29,MSE,shap,75,0.3898148148148148,18,12
4GL5-G29,MSE,shap,80,0.3898148148148148,18,12
4GL5-G29,MSE,shap,85,0.38541666666666663,16,10
4GL5-G29,MSE,shap,90,0.39285714285714285,14,8
4GL5-G29,MSE,shap,95,0.3333333333333333,12,6
4HAI-I23,MSE,cam,50,0.5140181363600246,1091,555
4HAI-I23,MSE,cam,55,0.5136028663806442,999,509
4HAI-I23,MSE,cam,60,0.5108124749616737,811,415
4HAI-I23,MSE,cam,65,0.5071203539045863,723,371
4HAI-I23,MSE,cam,70,0.500941132358455,635,327
4HAI-I23,MSE,cam,75,0.49775803722504225,591,305
4HAI-I23,MSE,cam,80,0.4975786163522013,530,274
4HAI-I23,MSE,cam,85,0.4960117548278757,397,206
4HAI-I23,MSE,cam,90,0.46153846153846156,39,22
4HAI-I23,MSE,cam,95,0.4666666666666667,15,9
4HAI-I23,MSE,diff,50,0.6888011367388074,1091,555
4HAI-I23,MSE,diff,55,0.7014665320220861,999,509
4HAI-I23,MSE,diff,60,0.7110914328855137,811,415
4HAI-I23,MSE,diff,65,0.7171405089454888,723,371
4HAI-I23,MSE,diff,70,0.7266422947131614,635,327
4HAI-I23,MSE,diff,75,0.7336012408347441,591,305
4HAI-I23,MSE,diff,80,0.7387106918239001,530,274
4HAI-I23,MSE,diff,85,0.7732997481108312,397,206
4HAI-I23,MSE,diff,90,0.8589743589743589,39,22
4HAI-I23,MSE,diff,95,0.8666666666666667,15,9
4HAI-I23,MSE,gradcam,50,0.6757617408052796,1091,555
4HAI-I23,MSE,gradcam,55,0.6872083927639491,999,509
4HAI-I23,MSE,gradcam,60,0.7073974593703328,811,415
4HAI-I23,MSE,gradcam,65,0.7161100847822852,723,371
4HAI-I23,MSE,gradcam,70,0.7215523059617557,635,327
4HAI-I23,MSE,gradcam,75,0.726683990008864,591,305
4HAI-I23,MSE,gradcam,80,0.727201257861636,530,274
4HAI-I23,MSE,gradcam,85,0.7573467674223342,397,206
4HAI-I23,MSE,gradcam,90,0.8974358974358975,39,22
4HAI-I23,MSE,gradcam,95,0.8666666666666667,15,9
4HAI-I23,MSE,gradinput,50,0.4696620278082233,1091,555
4HAI-I23,MSE,gradinput,55,0.46415376970932415,999,509
4HAI-I23,MSE,gradinput,60,0.4537700277527645,811,415
4HAI-I23,MSE,gradinput,65,0.446758297795642,723,371
4HAI-I23,MSE,gradinput,70,0.4353899512560928,635,327
4HAI-I23,MSE,gradinput,75,0.43271694464587857,591,305
4HAI-I23,MSE,gradinput,80,0.4338679245283018,530,274
4HAI-I23,MSE,gradinput,85,0.4338790931989924,397,206
4HAI-I23,MSE,gradinput,90,0.32051282051282054,39,22
4HAI-I23,MSE,gradinput,95,0.4666666666666667,15,9
4HAI-I23,MSE,ig,50,0.6316780467215835,1091,555
4HAI-I23,MSE,ig,55,0.6357779774446437,999,509
4HAI-I23,MSE,ig,60,0.6416688907749335,811,415
4HAI-I23,MSE,ig,65,0.6455378300813994,723,371
4HAI-I23,MSE,ig,70,0.654831896012999,635,327
4HAI-I23,MSE,ig,75,0.6613145596648138,591,305
4HAI-I23,MSE,ig,80,0.6716037735849062,530,274
4HAI-I23,MSE,ig,85,0.7120067170445009,397,206
4HAI-I23,MSE,ig,90,0.8205128205128205,39,22
4HAI-I23,MSE,ig,95,0.8,15,9
4HAI-I23,MSE,shap,50,0.526121697282127,1091,555
4HAI-I23,MSE,shap,55,0.5269059185725847,999,509
4HAI-I23,MSE,shap,60,0.5218450510990582,811,415
4HAI-I23,MSE,shap,65,0.5180447146214779,723,371
4HAI-I23,MSE,shap,70,0.5143994500687412,635,327
4HAI-I23,MSE,shap,75,0.5122975586173554,591,305
4HAI-I23,MSE,shap,80,0.5102201257861634,530,274
4HAI-I23,MSE,shap,85,0.5109151973131821,397,206
4HAI-I23,MSE,shap,90,0.41025641025641024,39,22
4HAI-I23,MSE,shap,95,0.4,15,9
4HBP-17J,MSE,cam,50,0.503448275862069,145,73
4HBP-17J,MSE,cam,55,0.503448275862069,145,73
4HBP-17J,MSE,cam,60,0.5037037037037037,135,68
4HBP-17J,MSE,cam,65,0.5066666666666667,75,38
4HBP-17J,MSE,cam,70,0.5094339622641509,53,27
4HBP-17J,MSE,cam,75,0.5151515151515151,33,17
4HBP-17J,MSE,cam,80,0.5161290322580645,31,16
4HBP-17J,MSE,cam,85,0.5384615384615384,13,7
4HBP-17J,MSE,cam,90,,0,0
4HBP-17J,MSE,cam,95,,0,0
4HBP-17J,MSE,diff,50,0.7931389108975312,145,73
4HBP-17J,MSE,diff,55,0.7931389108975312,145,73
4HBP-17J,MSE,diff,60,0.7963136657581098,135,68
4HBP-17J,MSE,diff,65,0.8289100529100527,75,38
4HBP-17J,MSE,diff,70,0.8139712488769093,53,27
4HBP-17J,MSE,diff,75,0.813059163059163,33,17
4HBP-17J,MSE,diff,80,0.8263440860215054,31,16
4HBP-17J,MSE,diff,85,0.9743589743589743,13,7
4HBP-17J,MSE,diff,90,,0,0
4HBP-17J,MSE,diff,95,,0,0
4HBP-17J,MSE,gradcam,50,0.6337691810105599,145,73
4HBP-17J,MSE,gradcam,55,0.6337691810105599,145,73
4HBP-17J,MSE,gradcam,60,0.6380519480519475,135,68
4HBP-17J,MSE,gradcam,65,0.661079365079365,75,38
4HBP-17J,MSE,gradcam,70,0.6603324348607368,53,27
4HBP-17J,MSE,gradcam,75,0.6763347763347762,33,17
4HBP-17J,MSE,gradcam,80,0.678494623655914,31,16
4HBP-17J,MSE,gradcam,85,0.8461538461538461,13,7
4HBP-17J,MSE,gradcam,90,,0,0
4HBP-17J,MSE,gradcam,95,,0,0
4HBP-17J,MSE,gradinput,50,0.6353927107375379,145,73
4HBP-17J,MSE,gradinput,55,0.6353927107375379,145,73
4HBP-17J,MSE,gradinput,60,0.6443127037571477,135,68
4HBP-17J,MSE,gradinput,65,0.6493915343915342,75,38
4HBP-17J,MSE,gradinput,70,0.6293800539083558,53,27
4HBP-17J,MSE,gradinput,75,0.6576479076479078,33,17
4HBP-17J,MSE,gradinput,80,0.6586021505376345,31,16
4HBP-17J,MSE,gradinput,85,0.7756410256410255,13,7
4HBP-17J,MSE,gradinput,90,,0,0
4HBP-17J,MSE,gradinput,95,,0,0
4HBP-17J,MSE,ig,50,0.5143431089982813,145,73
4HBP-17J,MSE,ig,55,0.5143431089982813,145,73
4HBP-17J,MSE,ig,60,0.5063532146865478,135,68
4HBP-17J,MSE,ig,65,0.5299841269841266,75,38
4HBP-17J,MSE,ig,70,0.5542228212039534,53,27
4HBP-17J,MSE,ig,75,0.6660894660894663,33,17
4HBP-17J,MSE,ig,80,0.6860215053763442,31,16
4HBP-17J,MSE,ig,85,0.7307692307692307,13,7
4HBP-17J,MSE,ig,90,,0,0
4HBP-17J,MSE,ig,95,,0,0
4HBP-17J,MSE,shap,50,0.535306188064809,145,73
4HBP-17J,MSE,shap,55,0.535306188064809,145,73
4HBP-17J,MSE,shap,60,0.5310614077280745,135,68
4HBP-17J,MSE,shap,65,0.5209841269841271,75,38
4HBP-17J,MSE,shap,70,0.49982030548068285,53,27
4HBP-17J,MSE,shap,75,0.5188311688311688,33,17
4HBP-17J,MSE,shap,80,0.5338709677419354,31,16
4HBP-17J,MSE,shap,85,0.596153846153846,13,7
4HBP-17J,MSE,shap,90,,0,0
4HBP-17J,MSE,shap,95,,0,0
4HF4-15H,MSE,cam,50,0.4838709677419355,31,16
4HF4-15H,MSE,cam,55,0.4838709677419355,31,16
4HF4-15H,MSE,cam,60,0.4838709677419355,31,16
4HF4-15H,MSE,cam,65,0.4838709677419355,31,16
4HF4-15H,MSE,cam,70,0.47368421052631576,19,10
4HF4-15H,MSE,cam,75,0.47058823529411764,17,9
4HF4-15H,MSE,cam,80,0.4666666666666667,15,8
4HF4-15H,MSE,cam,85,0.45454545454545453,11,6
4HF4-15H,MSE,cam,90,0.5,8,4
4HF4-15H,MSE,cam,95,,0,0
4HF4-15H,MSE,diff,50,0.6331343387795,31,16
4HF4-15H,MSE,diff,55,0.6331343387795,31,16
4HF4-15H,MSE,diff,60,0.6331343387795,31,16
4HF4-15H,MSE,diff,65,0.6331343387795,31,16
4HF4-15H,MSE,diff,70,0.6972431077694236,19,10
4HF4-15H,MSE,diff,75,0.6861344537815126,17,9
4HF4-15H,MSE,diff,80,0.6744444444444445,15,8
4HF4-15H,MSE,diff,85,0.6893939393939393,11,6
4HF4-15H,MSE,diff,90,0.7291666666666666,8,4
4HF4-15H,MSE,diff,95,,0,0
4HF4-15H,MSE,gradcam,50,0.569888981985756,31,16
4HF4-15H,MSE,gradcam,55,0.569888981985756,31,16
4HF4-15H,MSE,gradcam,60,0.569888981985756,31,16
4HF4-15H,MSE,gradcam,65,0.569888981985756,31,16
4HF4-15H,MSE,gradcam,70,0.5739974937343358,19,10
4HF4-15H,MSE,gradcam,75,0.5508403361344537,17,9
4HF4-15H,MSE,gradcam,80,0.5322222222222223,15,8
4HF4-15H,MSE,gradcam,85,0.5227272727272727,11,6
4HF4-15H,MSE,gradcam,90,0.5,8,4
4HF4-15H,MSE,gradcam,95,,0,0
4HF4-15H,MSE,gradinput,50,0.5180072615556487,31,16
4HF4-15H,MSE,gradinput,55,0.5180072615556487,31,16
4HF4-15H,MSE,gradinput,60,0.5180072615556487,31,16
4HF4-15H,MSE,gradinput,65,0.5180072615556487,31,16
4HF4-15H,MSE,gradinput,70,0.5428571428571428,19,10
4HF4-15H,MSE,gradinput,75,0.5429971988795518,17,9
4HF4-15H,MSE,gradinput,80,0.5455555555555556,15,8
4HF4-15H,MSE,gradinput,85,0.5227272727272727,11,6
4HF4-15H,MSE,gradinput,90,0.5,8,4
4HF4-15H,MSE,gradinput,95,,0,0
4HF4-15H,MSE,ig,50,0.6030861611506773,31,16
4HF4-15H,MSE,ig,55,0.6030861611506773,31,16
4HF4-15H,MSE,ig,60,0.6030861611506773,31,16
4HF4-15H,MSE,ig,65,0.6030861611506773,31,16
4HF4-15H,MSE,ig,70,0.6853383458646617,19,10
4HF4-15H,MSE,ig,75,0.6728291316526611,17,9
4HF4-15H,MSE,ig,80,0.6688888888888889,15,8
4HF4-15H,MSE,ig,85,0.6666666666666666,11,6
4HF4-15H,MSE,ig,90,0.6666666666666666,8,4
4HF4-15H,MSE,ig,95,,0,0
4HF4-15H,MSE,shap,50,0.5572266443234185,31,16
4HF4-15H,MSE,shap,55,0.5572266443234185,31,16
4HF4-15H,MSE,shap,60,0.5572266443234185,31,16
4HF4-15H,MSE,shap,65,0.5572266443234185,31,16
4HF4-15H,MSE,shap,70,0.5278195488721805,19,10
4HF4-15H,MSE,shap,75,0.4967787114845939,17,9
4HF4-15H,MSE,shap,80,0.5011111111111111,15,8
4HF4-15H,MSE,shap,85,0.5075757575757576,11,6
4HF4-15H,MSE,shap,90,0.5416666666666667,8,4
4HF4-15H,MSE,shap,95,,0,0
4HMN-16J,MSE,cam,50,0.5611111111111111,45,25
4HMN-16J,MSE,cam,55,0.5611111111111111,45,25
4HMN-16J,MSE,cam,60,0.5611111111111111,45,25
4HMN-16J,MSE,cam,65,0.5611111111111111,45,25
4HMN-16J,MSE,cam,70,0.5611111111111111,45,25
4HMN-16J,MSE,cam,75,0.5611111111111111,45,25
4HMN-16J,MSE,cam,80,0.5833333333333334,33,19
4HMN-16J,MSE,cam,85,0.5238095238095238,21,13
4HMN-16J,MSE,cam,90,0.5384615384615384,13,8
4HMN-16J,MSE,cam,95,0.6666666666666666,3,3
4HMN-16J,MSE,diff,50,0.615925925925926,45,25
4HMN-16J,MSE,diff,55,0.615925925925926,45,25
4HMN-16J,MSE,diff,60,0.615925925925926,45,25
4HMN-16J,MSE,diff,65,0.615925925925926,45,25
4HMN-16J,MSE,diff,70,0.615925925925926,45,25
4HMN-16J,MSE,diff,75,0.615925925925926,45,25
4HMN-16J,MSE,diff,80,0.6313131313131313,33,19
4HMN-16J,MSE,diff,85,0.6349206349206349,21,13
4HMN-16J,MSE,diff,90,0.6153846153846154,13,8
4HMN-16J,MSE,diff,95,0.6666666666666666,3,3
4HMN-16J,MSE,gradcam,50,0.6488888888888888,45,25
4HMN-16J,MSE,gradcam,55,0.6488888888888888,45,25
4HMN-16J,MSE,gradcam,60,0.6488888888888888,45,25
4HMN-16J,MSE,gradcam,65,0.6488888888888888,45,25
4HMN-16J,MSE,gradcam,70,0.6488888888888888,45,25
4HMN-16J,MSE,gradcam,75,0.6488888888888888,45,25
4HMN-16J,MSE,gradcam,80,0.6414141414141414,33,19
4HMN-16J,MSE,gradcam,85,0.6984126984126984,21,13
4HMN-16J,MSE,gradcam,90,0.6923076923076923,13,8
4HMN-16J,MSE,gradcam,95,1.0,3,3
4HMN-16J,MSE,gradinput,50,0.548148148148148,45,25
4HMN-16J,MSE,gradinput,55,0.548148148148148,45,25
4HMN-16J,MSE,gradinput,60,0.548148148148148,45,25
4HMN-16J,MSE,gradinput,65,0.548148148148148,45,25
4HMN-16J,MSE,gradinput,70,0.548148148148148,45,25
4HMN-16J,MSE,gradinput,75,0.548148148148148,45,25
4HMN-16J,MSE,gradinput,80,0.558080808080808,33,19
4HMN-16J,MSE,gradinput,85,0.6031746031746033,21,13
4HMN-16J,MSE,gradinput,90,0.6153846153846154,13,8
4HMN-16J,MSE,gradinput,95,0.6666666666666666,3,3
4HMN-16J,MSE,ig,50,0.6366666666666668,45,25
4HMN-16J,MSE,ig,55,0.6366666666666668,45,25
4HMN-16J,MSE,ig,60,0.6366666666666668,45,25
4HMN-16J,MSE,ig,65,0.6366666666666668,45,25
4HMN-16J,MSE,ig,70,0.6366666666666668,45,25
4HMN-16J,MSE,ig,75,0.6366666666666668,45,25
4HMN-16J,MSE,ig,80,0.6262626262626262,33,19
4HMN-16J,MSE,ig,85,0.6746031746031745,21,13
4HMN-16J,MSE,ig,90,0.5769230769230769,13,8
4HMN-16J,MSE,ig,95,0.6666666666666666,3,3
4HMN-16J,MSE,shap,50,0.5470370370370371,45,25
4HMN-16J,MSE,shap,55,0.5470370370370371,45,25
4HMN-16J,MSE,shap,60,0.5470370370370371,45,25
4HMN-16J,MSE,shap,65,0.5470370370370371,45,25
4HMN-16J,MSE,shap,70,0.5470370370370371,45,25
4HMN-16J,MSE,shap,75,0.5470370370370371,45,25
4HMN-16J,MSE,shap,80,0.5303030303030303,33,19
4HMN-16J,MSE,shap,85,0.5714285714285714,21,13
4HMN-16J,MSE,shap,90,0.6153846153846154,13,8
4HMN-16J,MSE,shap,95,0.6666666666666666,3,3
4I8V-BHF,MSE,cam,50,0.5490196078431373,51,28
4I8V-BHF,MSE,cam,55,0.5510204081632653,49,27
4I8V-BHF,MSE,cam,60,0.5531914893617021,47,26
4I8V-BHF,MSE,cam,65,0.6923076923076923,13,9
4I8V-BHF,MSE,cam,70,0.7777777777777778,9,7
4I8V-BHF,MSE,cam,75,0.7777777777777778,9,7
4I8V-BHF,MSE,cam,80,0.7777777777777778,9,7
4I8V-BHF,MSE,cam,85,1.0,3,3
4I8V-BHF,MSE,cam,90,1.0,2,2
4I8V-BHF,MSE,cam,95,,0,0
4I8V-BHF,MSE,diff,50,0.669665737312796,51,28
4I8V-BHF,MSE,diff,55,0.6670670599242026,49,27
4I8V-BHF,MSE,diff,60,0.6643563292499461,47,26
4I8V-BHF,MSE,diff,65,0.5277777777777778,13,9
4I8V-BHF,MSE,diff,70,0.4629629629629629,9,7
4I8V-BHF,MSE,diff,75,0.4629629629629629,9,7
4I8V-BHF,MSE,diff,80,0.4629629629629629,9,7
4I8V-BHF,MSE,diff,85,0.2222222222222222,3,3
4I8V-BHF,MSE,diff,90,0.0,2,2
4I8V-BHF,MSE,diff,95,,0,0
4I8V-BHF,MSE,gradcam,50,0.9459893048128342,51,28
4I8V-BHF,MSE,gradcam,55,0.9437847866419294,49,27
4I8V-BHF,MSE,gradcam,60,0.9413926499032882,47,26
4I8V-BHF,MSE,gradcam,65,0.8461538461538461,13,9
4I8V-BHF,MSE,gradcam,70,0.8333333333333334,9,7
4I8V-BHF,MSE,gradcam,75,0.8333333333333334,9,7
4I8V-BHF,MSE,gradcam,80,0.8333333333333334,9,7
4I8V-BHF,MSE,gradcam,85,0.8333333333333334,3,3
4I8V-BHF,MSE,gradcam,90,0.75,2,2
4I8V-BHF,MSE,gradcam,95,,0,0
4I8V-BHF,MSE,gradinput,50,0.8375527522586347,51,28
4I8V-BHF,MSE,gradinput,55,0.8350038850038851,49,27
4I8V-BHF,MSE,gradinput,60,0.8328927573608426,47,26
4I8V-BHF,MSE,gradinput,65,0.732905982905983,13,9
4I8V-BHF,MSE,gradinput,70,0.6944444444444444,9,7
4I8V-BHF,MSE,gradinput,75,0.6944444444444444,9,7
4I8V-BHF,MSE,gradinput,80,0.6944444444444444,9,7
4I8V-BHF,MSE,gradinput,85,0.6666666666666666,3,3
4I8V-BHF,MSE,gradinput,90,0.5,2,2
4I8V-BHF,MSE,gradinput,95,,0,0
4I8V-BHF,MSE,ig,50,0.691204655910538,51,28
4I8V-BHF,MSE,ig,55,0.6894851180565463,49,27
4I8V-BHF,MSE,ig,60,0.6877283473028152,47,26
4I8V-BHF,MSE,ig,65,0.5982905982905983,13,9
4I8V-BHF,MSE,ig,70,0.5092592592592592,9,7
4I8V-BHF,MSE,ig,75,0.5092592592592592,9,7
4I8V-BHF,MSE,ig,80,0.5092592592592592,9,7
4I8V-BHF,MSE,ig,85,0.27777777777777773,3,3
4I8V-BHF,MSE,ig,90,0.25,2,2
4I8V-BHF,MSE,ig,95,,0,0
4I8V-BHF,MSE,shap,50,0.4344626506391212,51,28
4I8V-BHF,MSE,shap,55,0.43586928944071796,49,27
4I8V-BHF,MSE,shap,60,0.4249570169782935,47,26
4I8V-BHF,MSE,shap,65,0.6356837606837608,13,9
4I8V-BHF,MSE,shap,70,0.7037037037037037,9,7
4I8V-BHF,MSE,shap,75,0.7037037037037037,9,7
4I8V-BHF,MSE,shap,80,0.7037037037037037,9,7
4I8V-BHF,MSE,shap,85,0.611111111111111,3,3
4I8V-BHF,MSE,shap,90,0.75,2,2
4I8V-BHF,MSE,shap,95,,0,0
4ID7-1G0,MSE,cam,50,0.5013851301420466,3976,2022
4ID7-1G0,MSE,cam,55,0.5012551554260478,3944,2006
4ID7-1G0,MSE,cam,60,0.5011066450357851,3768,1918
4ID7-1G0,MSE,cam,65,0.5011964289077402,3218,1643
4ID7-1G0,MSE,cam,70,0.5014723493719394,2440,1253
4ID7-1G0,MSE,cam,75,0.5005864926319472,2178,1122
4ID7-1G0,MSE,cam,80,0.4979110632956787,1859,959
4ID7-1G0,MSE,cam,85,0.49740970988750743,1126,585
4ID7-1G0,MSE,cam,90,0.48392282958199356,311,168
4ID7-1G0,MSE,cam,95,0.43103448275862066,58,34
4ID7-1G0,MSE,diff,50,0.6502486424984668,3976,2022
4ID7-1G0,MSE,diff,55,0.6509129024280498,3944,2006
4ID7-1G0,MSE,diff,60,0.6532031000218977,3768,1918
4ID7-1G0,MSE,diff,65,0.6590499394259467,3218,1643
4ID7-1G0,MSE,diff,70,0.6742122040072844,2440,1253
4ID7-1G0,MSE,diff,75,0.6841433818706527,2178,1122
4ID7-1G0,MSE,diff,80,0.6962166039089094,1859,959
4ID7-1G0,MSE,diff,85,0.711870929544109,1126,585
4ID7-1G0,MSE,diff,90,0.7888531618435156,311,168
4ID7-1G0,MSE,diff,95,0.8620689655172413,58,34
4ID7-1G0,MSE,gradcam,50,0.5660420656697952,3976,2022
4ID7-1G0,MSE,gradcam,55,0.5663081883166744,3944,2006
4ID7-1G0,MSE,gradcam,60,0.5671254215512362,3768,1918
4ID7-1G0,MSE,gradcam,65,0.5680624456339172,3218,1643
4ID7-1G0,MSE,gradcam,70,0.5708625481986145,2440,1253
4ID7-1G0,MSE,gradcam,75,0.5727021295203115,2178,1122
4ID7-1G0,MSE,gradcam,80,0.5723058992289775,1859,959
4ID7-1G0,MSE,gradcam,85,0.5730313795145056,1126,585
4ID7-1G0,MSE,gradcam,90,0.6270096463022508,311,168
4ID7-1G0,MSE,gradcam,95,0.7068965517241379,58,34
4ID7-1G0,MSE,gradinput,50,0.5442834701430406,3976,2022
4ID7-1G0,MSE,gradinput,55,0.5443993694603347,3944,2006
4ID7-1G0,MSE,gradinput,60,0.544253027238813,3768,1918
4ID7-1G0,MSE,gradinput,65,0.54563411262448,3218,1643
4ID7-1G0,MSE,gradinput,70,0.5504257593499414,2440,1253
4ID7-1G0,MSE,gradinput,75,0.5551357733175921,2178,1122
4ID7-1G0,MSE,gradinput,80,0.5625694818002513,1859,959
4ID7-1G0,MSE,gradinput,85,0.5681172291296621,1126,585
4ID7-1G0,MSE,gradinput,90,0.594319399785638,311,168
4ID7-1G0,MSE,gradinput,95,0.5689655172413793,58,34
4ID7-1G0,MSE,ig,50,0.558017751590773,3976,2022
4ID7-1G0,MSE,ig,55,0.5580065301326588,3944,2006
4ID7-1G0,MSE,ig,60,0.556782060926288,3768,1918
4ID7-1G0,MSE,ig,65,0.5531998515606358,3218,1643
4ID7-1G0,MSE,ig,70,0.5375379231424305,2440,1253
4ID7-1G0,MSE,ig,75,0.5298969128514585,2178,1122
4ID7-1G0,MSE,ig,80,0.5302223417608033,1859,959
4ID7-1G0,MSE,ig,85,0.5431912374185911,1126,585
4ID7-1G0,MSE,ig,90,0.5744908896034296,311,168
4ID7-1G0,MSE,ig,95,0.7241379310344828,58,34
4ID7-1G0,MSE,shap,50,0.5334246534310897,3976,2022
4ID7-1G0,MSE,shap,55,0.5335596542662754,3944,2006
4ID7-1G0,MSE,shap,60,0.5339402339911672,3768,1918
4ID7-1G0,MSE,shap,65,0.5358830788367773,3218,1643
4ID7-1G0,MSE,shap,70,0.5377723960920687,2440,1253
4ID7-1G0,MSE,shap,75,0.5377426866063227,2178,1122
4ID7-1G0,MSE,shap,80,0.542379415456338,1859,959
4ID7-1G0,MSE,shap,85,0.5507252812314978,1126,585
4ID7-1G0,MSE,shap,90,0.537513397642015,311,168
4ID7-1G0,MSE,shap,95,0.6206896551724138,58,34
4IS9-LTF,MSE,cam,50,1.0,12,13
4IS9-LTF,MSE,cam,55,1.0,11,12
4IS9-LTF,MSE,cam,60,1.0,11,12
4IS9-LTF,MSE,cam,65,1.0,11,12
4IS9-LTF,MSE,cam,70,1.0,9,10
4IS9-LTF,MSE,cam,75,1.0,4,5
4IS9-LTF,MSE,cam,80,1.0,3,4
4IS9-LTF,MSE,cam,85,1.0,2,3
4IS9-LTF,MSE,cam,90,,0,1
4IS9-LTF,MSE,cam,95,,0,1
4IS9-LTF,MSE,diff,50,0.6656288156288157,12,13
4IS9-LTF,MSE,diff,55,0.6632034632034632,11,12
4IS9-LTF,MSE,diff,60,0.6632034632034632,11,12
4IS9-LTF,MSE,diff,65,0.6632034632034632,11,12
4IS9-LTF,MSE,diff,70,0.6518518518518519,9,10
4IS9-LTF,MSE,diff,75,0.6416666666666666,4,5
4IS9-LTF,MSE,diff,80,0.7222222222222222,3,4
4IS9-LTF,MSE,diff,85,0.75,2,3
4IS9-LTF,MSE,diff,90,,0,1
4IS9-LTF,MSE,diff,95,,0,1
4IS9-LTF,MSE,gradcam,50,0.7367826617826617,12,13
4IS9-LTF,MSE,gradcam,55,0.7268398268398268,11,12
4IS9-LTF,MSE,gradcam,60,0.7268398268398268,11,12
4IS9-LTF,MSE,gradcam,65,0.7268398268398268,11,12
4IS9-LTF,MSE,gradcam,70,0.7296296296296296,9,10
4IS9-LTF,MSE,gradcam,75,0.775,4,5
4IS9-LTF,MSE,gradcam,80,0.8333333333333334,3,4
4IS9-LTF,MSE,gradcam,85,0.75,2,3
4IS9-LTF,MSE,gradcam,90,,0,1
4IS9-LTF,MSE,gradcam,95,,0,1
4IS9-LTF,MSE,gradinput,50,0.6215201465201465,12,13
4IS9-LTF,MSE,gradinput,55,0.622077922077922,11,12
4IS9-LTF,MSE,gradinput,60,0.622077922077922,11,12
4IS9-LTF,MSE,gradinput,65,0.622077922077922,11,12
4IS9-LTF,MSE,gradinput,70,0.6333333333333333,9,10
4IS9-LTF,MSE,gradinput,75,0.6916666666666667,4,5
4IS9-LTF,MSE,gradinput,80,0.7222222222222222,3,4
4IS9-LTF,MSE,gradinput,85,0.75,2,3
4IS9-LTF,MSE,gradinput,90,,0,1
4IS9-LTF,MSE,gradinput,95,,0,1
4IS9-LTF,MSE,ig,50,0.6656288156288156,12,13
4IS9-LTF,MSE,ig,55,0.6632034632034632,11,12
4IS9-LTF,MSE,ig,60,0.6632034632034632,11,12
4IS9-LTF,MSE,ig,65,0.6632034632034632,11,12
4IS9-LTF,MSE,ig,70,0.6518518518518518,9,10
4IS9-LTF,MSE,ig,75,0.775,4,5
4IS9-LTF,MSE,ig,80,0.8333333333333334,3,4
4IS9-LTF,MSE,ig,85,0.75,2,3
4IS9-LTF,MSE,ig,90,,0,1
4IS9-LTF,MSE,ig,95,,0,1
4IS9-LTF,MSE,shap,50,0.6123931623931624,12,13
4IS9-LTF,MSE,shap,55,0.6121212121212122,11,12
4IS9-LTF,MSE,shap,60,0.6121212121212122,11,12
4IS9-LTF,MSE,shap,65,0.6121212121212122,11,12
4IS9-LTF,MSE,shap,70,0.6370370370370372,9,10
4IS9-LTF,MSE,shap,75,0.7083333333333333,4,5
4IS9-LTF,MSE,shap,80,0.611111111111111,3,4
4IS9-LTF,MSE,shap,85,0.75,2,3
4IS9-LTF,MSE,shap,90,,0,1
4IS9-LTF,MSE,shap,95,,0,1
4JAI-XU2,MSE,cam,50,0.9,20,18
4JAI-XU2,MSE,cam,55,0.9,20,18
4JAI-XU2,MSE,cam,60,0.9,20,18
4JAI-XU2,MSE,cam,65,0.9285714285714286,14,13
4JAI-XU2,MSE,cam,70,0.8333333333333334,6,5
4JAI-XU2,MSE,cam,75,,0,0
4JAI-XU2,MSE,cam,80,,0,0
4JAI-XU2,MSE,cam,85,,0,0
4JAI-XU2,MSE,cam,90,,0,0
4JAI-XU2,MSE,cam,95,,0,0
4JAI-XU2,MSE,diff,50,0.6677418414918415,20,18
4JAI-XU2,MSE,diff,55,0.6677418414918415,20,18
4JAI-XU2,MSE,diff,60,0.6677418414918415,20,18
4JAI-XU2,MSE,diff,65,0.7025432900432901,14,13
4JAI-XU2,MSE,diff,70,0.7013888888888888,6,5
4JAI-XU2,MSE,diff,75,,0,0
4JAI-XU2,MSE,diff,80,,0,0
4JAI-XU2,MSE,diff,85,,0,0
4JAI-XU2,MSE,diff,90,,0,0
4JAI-XU2,MSE,diff,95,,0,0
4JAI-XU2,MSE,gradcam,50,0.8070512820512821,20,18
4JAI-XU2,MSE,gradcam,55,0.8070512820512821,20,18
4JAI-XU2,MSE,gradcam,60,0.8070512820512821,20,18
4JAI-XU2,MSE,gradcam,65,0.8452380952380955,14,13
4JAI-XU2,MSE,gradcam,70,0.7777777777777777,6,5
4JAI-XU2,MSE,gradcam,75,,0,0
4JAI-XU2,MSE,gradcam,80,,0,0
4JAI-XU2,MSE,gradcam,85,,0,0
4JAI-XU2,MSE,gradcam,90,,0,0
4JAI-XU2,MSE,gradcam,95,,0,0
4JAI-XU2,MSE,gradinput,50,0.7236285936285934,20,18
4JAI-XU2,MSE,gradinput,55,0.7236285936285934,20,18
4JAI-XU2,MSE,gradinput,60,0.7236285936285934,20,18
4JAI-XU2,MSE,gradinput,65,0.7654401154401153,14,13
4JAI-XU2,MSE,gradinput,70,0.7592592592592592,6,5
4JAI-XU2,MSE,gradinput,75,,0,0
4JAI-XU2,MSE,gradinput,80,,0,0
4JAI-XU2,MSE,gradinput,85,,0,0
4JAI-XU2,MSE,gradinput,90,,0,0
4JAI-XU2,MSE,gradinput,95,,0,0
4JAI-XU2,MSE,ig,50,0.5062422299922299,20,18
4JAI-XU2,MSE,ig,55,0.5062422299922299,20,18
4JAI-XU2,MSE,ig,60,0.5062422299922299,20,18
4JAI-XU2,MSE,ig,65,0.5144119769119768,14,13
4JAI-XU2,MSE,ig,70,0.5439814814814815,6,5
4JAI-XU2,MSE,ig,75,,0,0
4JAI-XU2,MSE,ig,80,,0,0
4JAI-XU2,MSE,ig,85,,0,0
4JAI-XU2,MSE,ig,90,,0,0
4JAI-XU2,MSE,ig,95,,0,0
4JAI-XU2,MSE,shap,50,0.5829885392385393,20,18
4JAI-XU2,MSE,shap,55,0.5829885392385393,20,18
4JAI-XU2,MSE,shap,60,0.5829885392385393,20,18
4JAI-XU2,MSE,shap,65,0.5677308802308803,14,13
4JAI-XU2,MSE,shap,70,0.5115740740740741,6,5
4JAI-XU2,MSE,shap,75,,0,0
4JAI-XU2,MSE,shap,80,,0,0
4JAI-XU2,MSE,shap,85,,0,0
4JAI-XU2,MSE,shap,90,,0,0
4JAI-XU2,MSE,shap,95,,0,0
4JIA-1K3,MSE,cam,50,0.5035808655445985,266,134
4JIA-1K3,MSE,cam,55,0.5037207431049343,256,129
4JIA-1K3,MSE,cam,60,0.5013860013860014,222,112
4JIA-1K3,MSE,cam,65,0.5,170,86
4JIA-1K3,MSE,cam,70,0.5,144,73
4JIA-1K3,MSE,cam,75,0.5,74,38
4JIA-1K3,MSE,cam,80,0.5,40,21
4JIA-1K3,MSE,cam,85,0.5,18,10
4JIA-1K3,MSE,cam,90,0.5,8,5
4JIA-1K3,MSE,cam,95,0.5,2,2
4JIA-1K3,MSE,diff,50,0.5082954427630454,266,134
4JIA-1K3,MSE,diff,55,0.5104856837020209,256,129
4JIA-1K3,MSE,diff,60,0.5152945152945154,222,112
4JIA-1K3,MSE,diff,65,0.5233538357067768,170,86
4JIA-1K3,MSE,diff,70,0.5326566758858426,144,73
4JIA-1K3,MSE,diff,75,0.5529761904761903,74,38
4JIA-1K3,MSE,diff,80,0.5574999999999999,40,21
4JIA-1K3,MSE,diff,85,0.6185185185185185,18,10
4JIA-1K3,MSE,diff,90,0.7708333333333333,8,5
4JIA-1K3,MSE,diff,95,1.0,2,2
4JIA-1K3,MSE,gradcam,50,0.5455109537374021,266,134
4JIA-1K3,MSE,gradcam,55,0.553926846361359,256,129
4JIA-1K3,MSE,gradcam,60,0.5540761790761786,222,112
4JIA-1K3,MSE,gradcam,65,0.5553074376603787,170,86
4JIA-1K3,MSE,gradcam,70,0.5567380150713485,144,73
4JIA-1K3,MSE,gradcam,75,0.5770216645216646,74,38
4JIA-1K3,MSE,gradcam,80,0.6145833333333333,40,21
4JIA-1K3,MSE,gradcam,85,0.7657407407407407,18,10
4JIA-1K3,MSE,gradcam,90,0.8958333333333333,8,5
4JIA-1K3,MSE,gradcam,95,1.0,2,2
4JIA-1K3,MSE,gradinput,50,0.4595838442725882,266,134
4JIA-1K3,MSE,gradinput,55,0.46117551802007223,256,129
4JIA-1K3,MSE,gradinput,60,0.4623447873447872,222,112
4JIA-1K3,MSE,gradinput,65,0.44597526656350184,170,86
4JIA-1K3,MSE,gradinput,70,0.4370921516754851,144,73
4JIA-1K3,MSE,gradinput,75,0.4445141570141572,74,38
4JIA-1K3,MSE,gradinput,80,0.46708333333333335,40,21
4JIA-1K3,MSE,gradinput,85,0.5296296296296297,18,10
4JIA-1K3,MSE,gradinput,90,0.5625,8,5
4JIA-1K3,MSE,gradinput,95,0.5,2,2
4JIA-1K3,MSE,ig,50,0.4939438519242811,266,134
4JIA-1K3,MSE,ig,55,0.49092211308146516,256,129
4JIA-1K3,MSE,ig,60,0.49112900362900364,222,112
4JIA-1K3,MSE,ig,65,0.49591402061990303,170,86
4JIA-1K3,MSE,ig,70,0.4957919973544975,144,73
4JIA-1K3,MSE,ig,75,0.4981606606606607,74,38
4JIA-1K3,MSE,ig,80,0.5025000000000001,40,21
4JIA-1K3,MSE,ig,85,0.4833333333333334,18,10
4JIA-1K3,MSE,ig,90,0.4583333333333333,8,5
4JIA-1K3,MSE,ig,95,0.5,2,2
4JIA-1K3,MSE,shap,50,0.5216023582786078,266,134
4JIA-1K3,MSE,shap,55,0.5226921295998731,256,129
4JIA-1K3,MSE,shap,60,0.5208779958779958,222,112
4JIA-1K3,MSE,shap,65,0.5286645054292111,170,86
4JIA-1K3,MSE,shap,70,0.5294632836299501,144,73
4JIA-1K3,MSE,shap,75,0.5373552123552122,74,38
4JIA-1K3,MSE,shap,80,0.5775000000000001,40,21
4JIA-1K3,MSE,shap,85,0.6342592592592592,18,10
4JIA-1K3,MSE,shap,90,0.6666666666666666,8,5
4JIA-1K3,MSE,shap,95,0.5,2,2
4JNC-1LF,MSE,cam,50,0.5,58,30
4JNC-1LF,MSE,cam,55,0.5,56,29
4JNC-1LF,MSE,cam,60,0.5,56,29
4JNC-1LF,MSE,cam,65,0.5,54,28
4JNC-1LF,MSE,cam,70,0.5,48,25
4JNC-1LF,MSE,cam,75,0.5,42,22
4JNC-1LF,MSE,cam,80,0.5,34,18
4JNC-1LF,MSE,cam,85,0.5,10,6
4JNC-1LF,MSE,cam,90,0.42857142857142855,7,4
4JNC-1LF,MSE,cam,95,0.0,1,1
4JNC-1LF,MSE,diff,50,0.6058827188137531,58,30
4JNC-1LF,MSE,diff,55,0.6049873737373737,56,29
4JNC-1LF,MSE,diff,60,0.6049873737373737,56,29
4JNC-1LF,MSE,diff,65,0.6023288439955105,54,28
4JNC-1LF,MSE,diff,70,0.5909722222222221,48,25
4JNC-1LF,MSE,diff,75,0.584126984126984,42,22
4JNC-1LF,MSE,diff,80,0.5686274509803922,34,18
4JNC-1LF,MSE,diff,85,0.6,10,6
4JNC-1LF,MSE,diff,90,0.5714285714285714,7,4
4JNC-1LF,MSE,diff,95,0.0,1,1
4JNC-1LF,MSE,gradcam,50,0.5114880330397571,58,30
4JNC-1LF,MSE,gradcam,55,0.5101976396619253,56,29
4JNC-1LF,MSE,gradcam,60,0.5101976396619253,56,29
4JNC-1LF,MSE,gradcam,65,0.5102012185345518,54,28
4JNC-1LF,MSE,gradcam,70,0.5157242063492062,48,25
4JNC-1LF,MSE,gradcam,75,0.5179705215419501,42,22
4JNC-1LF,MSE,gradcam,80,0.5230392156862744,34,18
4JNC-1LF,MSE,gradcam,85,0.575,10,6
4JNC-1LF,MSE,gradcam,90,0.5714285714285714,7,4
4JNC-1LF,MSE,gradcam,95,0.0,1,1
4JNC-1LF,MSE,gradinput,50,0.506690675225158,58,30
4JNC-1LF,MSE,gradinput,55,0.5065044578437435,56,29
4JNC-1LF,MSE,gradinput,60,0.5065044578437435,56,29
4JNC-1LF,MSE,gradinput,65,0.5018819143819143,54,28
4JNC-1LF,MSE,gradinput,70,0.5082589285714285,48,25
4JNC-1LF,MSE,gradinput,75,0.5044784580498867,42,22
4JNC-1LF,MSE,gradinput,80,0.48774509803921573,34,18
4JNC-1LF,MSE,gradinput,85,0.525,10,6
4JNC-1LF,MSE,gradinput,90,0.5,7,4
4JNC-1LF,MSE,gradinput,95,0.0,1,1
4JNC-1LF,MSE,ig,50,0.5557266009852218,58,30
4JNC-1LF,MSE,ig,55,0.552827380952381,56,29
4JNC-1LF,MSE,ig,60,0.552827380952381,56,29
4JNC-1LF,MSE,ig,65,0.5519781144781145,54,28
4JNC-1LF,MSE,ig,70,0.546875,48,25
4JNC-1LF,MSE,ig,75,0.5476190476190476,42,22
4JNC-1LF,MSE,ig,80,0.5343137254901961,34,18
4JNC-1LF,MSE,ig,85,0.55,10,6
4JNC-1LF,MSE,ig,90,0.5,7,4
4JNC-1LF,MSE,ig,95,0.0,1,1
4JNC-1LF,MSE,shap,50,0.4855811812708365,58,30
4JNC-1LF,MSE,shap,55,0.4829403731189446,56,29
4JNC-1LF,MSE,shap,60,0.4829403731189446,56,29
4JNC-1LF,MSE,shap,65,0.48081208914542256,54,28
4JNC-1LF,MSE,shap,70,0.4910962301587302,48,25
4JNC-1LF,MSE,shap,75,0.5066893424036282,42,22
4JNC-1LF,MSE,shap,80,0.5245098039215687,34,18
4JNC-1LF,MSE,shap,85,0.58,10,6
4JNC-1LF,MSE,shap,90,0.6428571428571429,7,4
4JNC-1LF,MSE,shap,95,0.0,1,1
4JNM-1LJ,MSE,cam,50,0.5121951219512195,41,21
4JNM-1LJ,MSE,cam,55,0.5121951219512195,41,21
4JNM-1LJ,MSE,cam,60,0.5121951219512195,41,21
4JNM-1LJ,MSE,cam,65,0.5142857142857142,35,18
4JNM-1LJ,MSE,cam,70,0.5142857142857142,35,18
4JNM-1LJ,MSE,cam,75,0.5142857142857142,35,18
4JNM-1LJ,MSE,cam,80,0.5142857142857142,35,18
4JNM-1LJ,MSE,cam,85,0.5185185185185185,27,14
4JNM-1LJ,MSE,cam,90,0.5263157894736842,19,10
4JNM-1LJ,MSE,cam,95,0.5384615384615384,13,7
4JNM-1LJ,MSE,diff,50,0.7536585365853659,41,21
4JNM-1LJ,MSE,diff,55,0.7536585365853659,41,21
4JNM-1LJ,MSE,diff,60,0.7536585365853659,41,21
4JNM-1LJ,MSE,diff,65,0.777142857142857,35,18
4JNM-1LJ,MSE,diff,70,0.777142857142857,35,18
4JNM-1LJ,MSE,diff,75,0.777142857142857,35,18
4JNM-1LJ,MSE,diff,80,0.777142857142857,35,18
4JNM-1LJ,MSE,diff,85,0.8518518518518519,27,14
4JNM-1LJ,MSE,diff,90,0.9210526315789473,19,10
4JNM-1LJ,MSE,diff,95,0.9230769230769231,13,7
4JNM-1LJ,MSE,gradcam,50,0.7634146341463416,41,21
4JNM-1LJ,MSE,gradcam,55,0.7634146341463416,41,21
4JNM-1LJ,MSE,gradcam,60,0.7634146341463416,41,21
4JNM-1LJ,MSE,gradcam,65,0.8057142857142858,35,18
4JNM-1LJ,MSE,gradcam,70,0.8057142857142858,35,18
4JNM-1LJ,MSE,gradcam,75,0.8057142857142858,35,18
4JNM-1LJ,MSE,gradcam,80,0.8057142857142858,35,18
4JNM-1LJ,MSE,gradcam,85,0.8148148148148148,27,14
4JNM-1LJ,MSE,gradcam,90,0.8421052631578947,19,10
4JNM-1LJ,MSE,gradcam,95,0.7692307692307693,13,7
4JNM-1LJ,MSE,gradinput,50,0.8121951219512196,41,21
4JNM-1LJ,MSE,gradinput,55,0.8121951219512196,41,21
4JNM-1LJ,MSE,gradinput,60,0.8121951219512196,41,21
4JNM-1LJ,MSE,gradinput,65,0.862857142857143,35,18
4JNM-1LJ,MSE,gradinput,70,0.862857142857143,35,18
4JNM-1LJ,MSE,gradinput,75,0.862857142857143,35,18
4JNM-1LJ,MSE,gradinput,80,0.862857142857143,35,18
4JNM-1LJ,MSE,gradinput,85,0.8888888888888888,27,14
4JNM-1LJ,MSE,gradinput,90,0.9473684210526315,19,10
4JNM-1LJ,MSE,gradinput,95,0.9230769230769231,13,7
4JNM-1LJ,MSE,ig,50,0.6634146341463415,41,21
4JNM-1LJ,MSE,ig,55,0.6634146341463415,41,21
4JNM-1LJ,MSE,ig,60,0.6634146341463415,41,21
4JNM-1LJ,MSE,ig,65,0.6714285714285714,35,18
4JNM-1LJ,MSE,ig,70,0.6714285714285714,35,18
4JNM-1LJ,MSE,ig,75,0.6714285714285714,35,18
4JNM-1LJ,MSE,ig,80,0.6714285714285714,35,18
4JNM-1LJ,MSE,ig,85,0.6851851851851852,27,14
4JNM-1LJ,MSE,ig,90,0.7368421052631579,19,10
4JNM-1LJ,MSE,ig,95,0.6923076923076923,13,7
4JNM-1LJ,MSE,shap,50,0.5121951219512194,41,21
4JNM-1LJ,MSE,shap,55,0.5121951219512194,41,21
4JNM-1LJ,MSE,shap,60,0.5121951219512194,41,21
4JNM-1LJ,MSE,shap,65,0.5057142857142857,35,18
4JNM-1LJ,MSE,shap,70,0.5057142857142857,35,18
4JNM-1LJ,MSE,shap,75,0.5057142857142857,35,18
4JNM-1LJ,MSE,shap,80,0.5057142857142857,35,18
4JNM-1LJ,MSE,shap,85,0.5185185185185186,27,14
4JNM-1LJ,MSE,shap,90,0.5,19,10
4JNM-1LJ,MSE,shap,95,0.5384615384615384,13,7
4JOO-1M4,MSE,cam,50,0.4883720930232558,43,22
4JOO-1M4,MSE,cam,55,0.4883720930232558,43,22
4JOO-1M4,MSE,cam,60,0.4883720930232558,43,22
4JOO-1M4,MSE,cam,65,0.4878048780487805,41,21
4JOO-1M4,MSE,cam,70,0.4864864864864865,37,19
4JOO-1M4,MSE,cam,75,0.48484848484848486,33,17
4JOO-1M4,MSE,cam,80,0.4827586206896552,29,15
4JOO-1M4,MSE,cam,85,0.4782608695652174,23,12
4JOO-1M4,MSE,cam,90,0.4,5,3
4JOO-1M4,MSE,cam,95,,0,0
4JOO-1M4,MSE,diff,50,0.6990033222591363,43,22
4JOO-1M4,MSE,diff,55,0.6990033222591363,43,22
4JOO-1M4,MSE,diff,60,0.6990033222591363,43,22
4JOO-1M4,MSE,diff,65,0.7144018583042975,41,21
4JOO-1M4,MSE,diff,70,0.7429858429858431,37,19
4JOO-1M4,MSE,diff,75,0.7464646464646465,33,17
4JOO-1M4,MSE,diff,80,0.7425287356321838,29,15
4JOO-1M4,MSE,diff,85,0.7318840579710144,23,12
4JOO-1M4,MSE,diff,90,1.0,5,3
4JOO-1M4,MSE,diff,95,,0,0
4JOO-1M4,MSE,gradcam,50,0.524390919158361,43,22
4JOO-1M4,MSE,gradcam,55,0.524390919158361,43,22
4JOO-1M4,MSE,gradcam,60,0.524390919158361,43,22
4JOO-1M4,MSE,gradcam,65,0.5255807200929152,41,21
4JOO-1M4,MSE,gradcam,70,0.5310489060489061,37,19
4JOO-1M4,MSE,gradcam,75,0.5353535353535352,33,17
4JOO-1M4,MSE,gradcam,80,0.5114942528735632,29,15
4JOO-1M4,MSE,gradcam,85,0.5362318840579711,23,12
4JOO-1M4,MSE,gradcam,90,0.6,5,3
4JOO-1M4,MSE,gradcam,95,,0,0
4JOO-1M4,MSE,gradinput,50,0.5412513842746401,43,22
4JOO-1M4,MSE,gradinput,55,0.5412513842746401,43,22
4JOO-1M4,MSE,gradinput,60,0.5412513842746401,43,22
4JOO-1M4,MSE,gradinput,65,0.5457026713124274,41,21
4JOO-1M4,MSE,gradinput,70,0.5641570141570142,37,19
4JOO-1M4,MSE,gradinput,75,0.5686868686868687,33,17
4JOO-1M4,MSE,gradinput,80,0.5436781609195402,29,15
4JOO-1M4,MSE,gradinput,85,0.5072463768115941,23,12
4JOO-1M4,MSE,gradinput,90,0.5,5,3
4JOO-1M4,MSE,gradinput,95,,0,0
4JOO-1M4,MSE,ig,50,0.574390919158361,43,22
4JOO-1M4,MSE,ig,55,0.574390919158361,43,22
4JOO-1M4,MSE,ig,60,0.574390919158361,43,22
4JOO-1M4,MSE,ig,65,0.5812717770034843,41,21
4JOO-1M4,MSE,ig,70,0.6008687258687258,37,19
4JOO-1M4,MSE,ig,75,0.5909090909090909,33,17
4JOO-1M4,MSE,ig,80,0.5712643678160919,29,15
4JOO-1M4,MSE,ig,85,0.6159420289855072,23,12
4JOO-1M4,MSE,ig,90,0.7,5,3
4JOO-1M4,MSE,ig,95,,0,0
4JOO-1M4,MSE,shap,50,0.5608250276854929,43,22
4JOO-1M4,MSE,shap,55,0.5608250276854929,43,22
4JOO-1M4,MSE,shap,60,0.5608250276854929,43,22
4JOO-1M4,MSE,shap,65,0.565418118466899,41,21
4JOO-1M4,MSE,shap,70,0.5670849420849421,37,19
4JOO-1M4,MSE,shap,75,0.5666666666666668,33,17
4JOO-1M4,MSE,shap,80,0.5632183908045978,29,15
4JOO-1M4,MSE,shap,85,0.5362318840579711,23,12
4JOO-1M4,MSE,shap,90,0.5,5,3
4JOO-1M4,MSE,shap,95,,0,0
4JQ7-KJQ,MSE,cam,50,0.4928574158082355,122,65
4JQ7-KJQ,MSE,cam,55,0.49273837273837273,120,64
4JQ7-KJQ,MSE,cam,60,0.4880702630702631,94,51
4JQ7-KJQ,MSE,cam,65,0.4863244479098138,82,45
4JQ7-KJQ,MSE,cam,70,0.48172750672750675,74,41
4JQ7-KJQ,MSE,cam,75,0.4676020408163265,56,32
4JQ7-KJQ,MSE,cam,80,0.45488721804511273,38,23
4JQ7-KJQ,MSE,cam,85,0.45454545454545453,33,20
4JQ7-KJQ,MSE,cam,90,0.4,15,10
4JQ7-KJQ,MSE,cam,95,1.0,1,1
4JQ7-KJQ,MSE,diff,50,0.6963198265090743,122,65
4JQ7-KJQ,MSE,diff,55,0.6984013474270827,120,64
4JQ7-KJQ,MSE,diff,60,0.7226747543236905,94,51
4JQ7-KJQ,MSE,diff,65,0.7441956079151202,82,45
4JQ7-KJQ,MSE,diff,70,0.747592235092235,74,41
4JQ7-KJQ,MSE,diff,75,0.7305980725623584,56,32
4JQ7-KJQ,MSE,diff,80,0.7261904761904763,38,23
4JQ7-KJQ,MSE,diff,85,0.702020202020202,33,20
4JQ7-KJQ,MSE,diff,90,0.7,15,10
4JQ7-KJQ,MSE,diff,95,1.0,1,1
4JQ7-KJQ,MSE,gradcam,50,0.5849520503871997,122,65
4JQ7-KJQ,MSE,gradcam,55,0.5870822036079387,120,64
4JQ7-KJQ,MSE,gradcam,60,0.5963230918018152,94,51
4JQ7-KJQ,MSE,gradcam,65,0.5985746976600635,82,45
4JQ7-KJQ,MSE,gradcam,70,0.5978047853047854,74,41
4JQ7-KJQ,MSE,gradcam,75,0.6077097505668936,56,32
4JQ7-KJQ,MSE,gradcam,80,0.5848997493734336,38,23
4JQ7-KJQ,MSE,gradcam,85,0.5934343434343434,33,20
4JQ7-KJQ,MSE,gradcam,90,0.5555555555555555,15,10
4JQ7-KJQ,MSE,gradcam,95,1.0,1,1
4JQ7-KJQ,MSE,gradinput,50,0.6158054932584826,122,65
4JQ7-KJQ,MSE,gradinput,55,0.6184498705270763,120,64
4JQ7-KJQ,MSE,gradinput,60,0.6336428051853585,94,51
4JQ7-KJQ,MSE,gradinput,65,0.6289209773965873,82,45
4JQ7-KJQ,MSE,gradinput,70,0.6368418743418746,74,41
4JQ7-KJQ,MSE,gradinput,75,0.6110260770975058,56,32
4JQ7-KJQ,MSE,gradinput,80,0.5921052631578947,38,23
4JQ7-KJQ,MSE,gradinput,85,0.5757575757575758,33,20
4JQ7-KJQ,MSE,gradinput,90,0.5666666666666667,15,10
4JQ7-KJQ,MSE,gradinput,95,1.0,1,1
4JQ7-KJQ,MSE,ig,50,0.6911926837493377,122,65
4JQ7-KJQ,MSE,ig,55,0.6954506570499218,120,64
4JQ7-KJQ,MSE,ig,60,0.7258436008436007,94,51
4JQ7-KJQ,MSE,ig,65,0.7462818346964687,82,45
4JQ7-KJQ,MSE,ig,70,0.7566056316056314,74,41
4JQ7-KJQ,MSE,ig,75,0.7520549886621316,56,32
4JQ7-KJQ,MSE,ig,80,0.7592731829573935,38,23
4JQ7-KJQ,MSE,ig,85,0.7444444444444445,33,20
4JQ7-KJQ,MSE,ig,90,0.8333333333333334,15,10
4JQ7-KJQ,MSE,ig,95,1.0,1,1
4JQ7-KJQ,MSE,shap,50,0.5094172709589778,122,65
4JQ7-KJQ,MSE,shap,55,0.5106456540463894,120,64
4JQ7-KJQ,MSE,shap,60,0.5207871324892601,94,51
4JQ7-KJQ,MSE,shap,65,0.5272122186756333,82,45
4JQ7-KJQ,MSE,shap,70,0.5176406926406926,74,41
4JQ7-KJQ,MSE,shap,75,0.5383857709750567,56,32
4JQ7-KJQ,MSE,shap,80,0.5951127819548873,38,23
4JQ7-KJQ,MSE,shap,85,0.5878787878787879,33,20
4JQ7-KJQ,MSE,shap,90,0.6555555555555556,15,10
4JQ7-KJQ,MSE,shap,95,0.0,1,1
4JQA-ID8,MSE,cam,50,0.47058823529411764,187,99
4JQA-ID8,MSE,cam,55,0.47058823529411764,187,99
4JQA-ID8,MSE,cam,60,0.47058823529411764,187,99
4JQA-ID8,MSE,cam,65,0.4692737430167598,179,95
4JQA-ID8,MSE,cam,70,0.46710526315789475,152,81
4JQA-ID8,MSE,cam,75,0.46153846153846156,91,49
4JQA-ID8,MSE,cam,80,0.4722222222222222,36,19
4JQA-ID8,MSE,cam,85,0.5,6,3
4JQA-ID8,MSE,cam,90,,0,0
4JQA-ID8,MSE,cam,95,,0,0
4JQA-ID8,MSE,diff,50,0.8117137764196587,187,99
4JQA-ID8,MSE,diff,55,0.8117137764196587,187,99
4JQA-ID8,MSE,diff,60,0.8117137764196587,187,99
4JQA-ID8,MSE,diff,65,0.8144719340250065,179,95
4JQA-ID8,MSE,diff,70,0.8246710526315789,152,81
4JQA-ID8,MSE,diff,75,0.8531135531135531,91,49
4JQA-ID8,MSE,diff,80,0.9282407407407409,36,19
4JQA-ID8,MSE,diff,85,1.0,6,3
4JQA-ID8,MSE,diff,90,,0,0
4JQA-ID8,MSE,diff,95,,0,0
4JQA-ID8,MSE,gradcam,50,0.5612426788897377,187,99
4JQA-ID8,MSE,gradcam,55,0.5612426788897377,187,99
4JQA-ID8,MSE,gradcam,60,0.5612426788897377,187,99
4JQA-ID8,MSE,gradcam,65,0.5597898377227986,179,95
4JQA-ID8,MSE,gradcam,70,0.5557174185463658,152,81
4JQA-ID8,MSE,gradcam,75,0.56007326007326,91,49
4JQA-ID8,MSE,gradcam,80,0.5416666666666666,36,19
4JQA-ID8,MSE,gradcam,85,0.5833333333333334,6,3
4JQA-ID8,MSE,gradcam,90,,0,0
4JQA-ID8,MSE,gradcam,95,,0,0
4JQA-ID8,MSE,gradinput,50,0.6839954163483577,187,99
4JQA-ID8,MSE,gradinput,55,0.6839954163483577,187,99
4JQA-ID8,MSE,gradinput,60,0.6839954163483577,187,99
4JQA-ID8,MSE,gradinput,65,0.6959430699654164,179,95
4JQA-ID8,MSE,gradinput,70,0.682487468671679,152,81
4JQA-ID8,MSE,gradinput,75,0.7181318681318679,91,49
4JQA-ID8,MSE,gradinput,80,0.7916666666666666,36,19
4JQA-ID8,MSE,gradinput,85,0.75,6,3
4JQA-ID8,MSE,gradinput,90,,0,0
4JQA-ID8,MSE,gradinput,95,,0,0
4JQA-ID8,MSE,ig,50,0.6907053730583141,187,99
4JQA-ID8,MSE,ig,55,0.6907053730583141,187,99
4JQA-ID8,MSE,ig,60,0.6907053730583141,187,99
4JQA-ID8,MSE,ig,65,0.6957368981111995,179,95
4JQA-ID8,MSE,ig,70,0.700689223057644,152,81
4JQA-ID8,MSE,ig,75,0.7260073260073258,91,49
4JQA-ID8,MSE,ig,80,0.7615740740740742,36,19
4JQA-ID8,MSE,ig,85,0.75,6,3
4JQA-ID8,MSE,ig,90,,0,0
4JQA-ID8,MSE,ig,95,,0,0
4JQA-ID8,MSE,shap,50,0.5857503607503609,187,99
4JQA-ID8,MSE,shap,55,0.5857503607503609,187,99
4JQA-ID8,MSE,shap,60,0.5857503607503609,187,99
4JQA-ID8,MSE,shap,65,0.5848496940675714,179,95
4JQA-ID8,MSE,shap,70,0.5956766917293234,152,81
4JQA-ID8,MSE,shap,75,0.6036630036630035,91,49
4JQA-ID8,MSE,shap,80,0.6087962962962963,36,19
4JQA-ID8,MSE,shap,85,0.6666666666666666,6,3
4JQA-ID8,MSE,shap,90,,0,0
4JQA-ID8,MSE,shap,95,,0,0
4JR5-1LS,MSE,cam,50,0.5088144963144965,148,75
4JR5-1LS,MSE,cam,55,0.5051163812033377,138,70
4JR5-1LS,MSE,cam,60,0.5017948717948718,130,66
4JR5-1LS,MSE,cam,65,0.49867724867724866,126,64
4JR5-1LS,MSE,cam,70,0.49867724867724866,126,64
4JR5-1LS,MSE,cam,75,0.49867724867724866,126,64
4JR5-1LS,MSE,cam,80,0.49861111111111106,120,61
4JR5-1LS,MSE,cam,85,0.47357723577235766,82,42
4JR5-1LS,MSE,cam,90,0.45918367346938777,49,25
4JR5-1LS,MSE,cam,95,0.2,10,5
4JR5-1LS,MSE,diff,50,0.7190000315000314,148,75
4JR5-1LS,MSE,diff,55,0.7283157663592447,138,70
4JR5-1LS,MSE,diff,60,0.7351282051282051,130,66
4JR5-1LS,MSE,diff,65,0.7402116402116402,126,64
4JR5-1LS,MSE,diff,70,0.7402116402116402,126,64
4JR5-1LS,MSE,diff,75,0.7402116402116402,126,64
4JR5-1LS,MSE,diff,80,0.7397222222222222,120,61
4JR5-1LS,MSE,diff,85,0.7601626016260162,82,42
4JR5-1LS,MSE,diff,90,0.826530612244898,49,25
4JR5-1LS,MSE,diff,95,0.9,10,5
4JR5-1LS,MSE,gradcam,50,0.5937196812196813,148,75
4JR5-1LS,MSE,gradcam,55,0.599154589371981,138,70
4JR5-1LS,MSE,gradcam,60,0.6052564102564105,130,66
4JR5-1LS,MSE,gradcam,65,0.6085978835978838,126,64
4JR5-1LS,MSE,gradcam,70,0.6085978835978838,126,64
4JR5-1LS,MSE,gradcam,75,0.6085978835978838,126,64
4JR5-1LS,MSE,gradcam,80,0.6098611111111113,120,61
4JR5-1LS,MSE,gradcam,85,0.6300813008130081,82,42
4JR5-1LS,MSE,gradcam,90,0.6326530612244898,49,25
4JR5-1LS,MSE,gradcam,95,0.5,10,5
4JR5-1LS,MSE,gradinput,50,0.546974421974422,148,75
4JR5-1LS,MSE,gradinput,55,0.5447518664909969,138,70
4JR5-1LS,MSE,gradinput,60,0.5412820512820512,130,66
4JR5-1LS,MSE,gradinput,65,0.5394179894179894,126,64
4JR5-1LS,MSE,gradinput,70,0.5394179894179894,126,64
4JR5-1LS,MSE,gradinput,75,0.5394179894179894,126,64
4JR5-1LS,MSE,gradinput,80,0.5372222222222222,120,61
4JR5-1LS,MSE,gradinput,85,0.5833333333333333,82,42
4JR5-1LS,MSE,gradinput,90,0.5918367346938775,49,25
4JR5-1LS,MSE,gradinput,95,0.3,10,5
4JR5-1LS,MSE,ig,50,0.68995778995779,148,75
4JR5-1LS,MSE,ig,55,0.6925450153711024,138,70
4JR5-1LS,MSE,ig,60,0.6920512820512822,130,66
4JR5-1LS,MSE,ig,65,0.6910052910052911,126,64
4JR5-1LS,MSE,ig,70,0.6910052910052911,126,64
4JR5-1LS,MSE,ig,75,0.6910052910052911,126,64
4JR5-1LS,MSE,ig,80,0.6918055555555557,120,61
4JR5-1LS,MSE,ig,85,0.7489837398373983,82,42
4JR5-1LS,MSE,ig,90,0.826530612244898,49,25
4JR5-1LS,MSE,ig,95,0.8,10,5
4JR5-1LS,MSE,shap,50,0.5351477351477353,148,75
4JR5-1LS,MSE,shap,55,0.5393719806763286,138,70
4JR5-1LS,MSE,shap,60,0.5339743589743589,130,66
4JR5-1LS,MSE,shap,65,0.5334656084656084,126,64
4JR5-1LS,MSE,shap,70,0.5334656084656084,126,64
4JR5-1LS,MSE,shap,75,0.5334656084656084,126,64
4JR5-1LS,MSE,shap,80,0.5343055555555555,120,61
4JR5-1LS,MSE,shap,85,0.5569105691056909,82,42
4JR5-1LS,MSE,shap,90,0.5816326530612245,49,25
4JR5-1LS,MSE,shap,95,0.6,10,5
4JZE-1NK,MSE,cam,50,0.503114670734808,138,71
4JZE-1NK,MSE,cam,55,0.5035818713450292,120,62
4JZE-1NK,MSE,cam,60,0.5018518518518519,90,47
4JZE-1NK,MSE,cam,65,0.5022522522522523,74,39
4JZE-1NK,MSE,cam,70,0.5023809523809525,70,37
4JZE-1NK,MSE,cam,75,0.5,26,15
4JZE-1NK,MSE,cam,80,0.5,6,5
4JZE-1NK,MSE,cam,85,0.5,4,4
4JZE-1NK,MSE,cam,90,0.3333333333333333,3,3
4JZE-1NK,MSE,cam,95,1.0,1,1
4JZE-1NK,MSE,diff,50,0.5831233905276503,138,71
4JZE-1NK,MSE,diff,55,0.5884772988807428,120,62
4JZE-1NK,MSE,diff,60,0.6191134482801148,90,47
4JZE-1NK,MSE,diff,65,0.6387020262020263,74,39
4JZE-1NK,MSE,diff,70,0.6438306534735107,70,37
4JZE-1NK,MSE,diff,75,0.6897130647130647,26,15
4JZE-1NK,MSE,diff,80,0.861111111111111,6,5
4JZE-1NK,MSE,diff,85,1.0,4,4
4JZE-1NK,MSE,diff,90,1.0,3,3
4JZE-1NK,MSE,diff,95,1.0,1,1
4JZE-1NK,MSE,gradcam,50,0.5830705189552275,138,71
4JZE-1NK,MSE,gradcam,55,0.5940352206702826,120,62
4JZE-1NK,MSE,gradcam,60,0.6178925395592062,90,47
4JZE-1NK,MSE,gradcam,65,0.6416397416397416,74,39
4JZE-1NK,MSE,gradcam,70,0.6489342403628118,70,37
4JZE-1NK,MSE,gradcam,75,0.699587912087912,26,15
4JZE-1NK,MSE,gradcam,80,0.888888888888889,6,5
4JZE-1NK,MSE,gradcam,85,1.0,4,4
4JZE-1NK,MSE,gradcam,90,1.0,3,3
4JZE-1NK,MSE,gradcam,95,1.0,1,1
4JZE-1NK,MSE,gradinput,50,0.48157927794823735,138,71
4JZE-1NK,MSE,gradinput,55,0.4855949630291734,120,62
4JZE-1NK,MSE,gradinput,60,0.5015583182249848,90,47
4JZE-1NK,MSE,gradinput,65,0.5133011883011884,74,39
4JZE-1NK,MSE,gradinput,70,0.5169583591012165,70,37
4JZE-1NK,MSE,gradinput,75,0.5539224664224662,26,15
4JZE-1NK,MSE,gradinput,80,0.8333333333333334,6,5
4JZE-1NK,MSE,gradinput,85,1.0,4,4
4JZE-1NK,MSE,gradinput,90,1.0,3,3
4JZE-1NK,MSE,gradinput,95,1.0,1,1
4JZE-1NK,MSE,ig,50,0.6253523436101847,138,71
4JZE-1NK,MSE,ig,55,0.6381066280640584,120,62
4JZE-1NK,MSE,ig,60,0.6717131633798298,90,47
4JZE-1NK,MSE,ig,65,0.7071667821667821,74,39
4JZE-1NK,MSE,ig,70,0.7184054834054834,70,37
4JZE-1NK,MSE,ig,75,0.7230769230769233,26,15
4JZE-1NK,MSE,ig,80,0.611111111111111,6,5
4JZE-1NK,MSE,ig,85,0.6666666666666666,4,4
4JZE-1NK,MSE,ig,90,0.5555555555555555,3,3
4JZE-1NK,MSE,ig,95,0.0,1,1
4JZE-1NK,MSE,shap,50,0.5339573361371384,138,71
4JZE-1NK,MSE,shap,55,0.5430846370262005,120,62
4JZE-1NK,MSE,shap,60,0.5462660179326846,90,47
4JZE-1NK,MSE,shap,65,0.5452446952446952,74,39
4JZE-1NK,MSE,shap,70,0.539738198309627,70,37
4JZE-1NK,MSE,shap,75,0.5605616605616607,26,15
4JZE-1NK,MSE,shap,80,0.7333333333333334,6,5
4JZE-1NK,MSE,shap,85,0.6833333333333333,4,4
4JZE-1NK,MSE,shap,90,0.7777777777777778,3,3
4JZE-1NK,MSE,shap,95,1.0,1,1
4KAK-06U,MSE,cam,50,0.5108695652173914,184,94
4KAK-06U,MSE,cam,55,0.5108695652173914,184,94
4KAK-06U,MSE,cam,60,0.5112359550561798,178,91
4KAK-06U,MSE,cam,65,0.5126582278481012,158,81
4KAK-06U,MSE,cam,70,0.5144927536231884,138,71
4KAK-06U,MSE,cam,75,0.5175438596491229,114,59
4KAK-06U,MSE,cam,80,0.5232558139534884,86,45
4KAK-06U,MSE,cam,85,0.5283018867924528,53,28
4KAK-06U,MSE,cam,90,0.5416666666666666,24,13
4KAK-06U,MSE,cam,95,0.6,5,3
4KAK-06U,MSE,diff,50,0.6624827467218768,184,94
4KAK-06U,MSE,diff,55,0.6624827467218768,184,94
4KAK-06U,MSE,diff,60,0.6617397895487779,178,91
4KAK-06U,MSE,diff,65,0.6566857544705643,158,81
4KAK-06U,MSE,diff,70,0.6468253968253969,138,71
4KAK-06U,MSE,diff,75,0.6560150375939853,114,59
4KAK-06U,MSE,diff,80,0.675387596899225,86,45
4KAK-06U,MSE,diff,85,0.7279874213836478,53,28
4KAK-06U,MSE,diff,90,0.7708333333333334,24,13
4KAK-06U,MSE,diff,95,1.0,5,3
4KAK-06U,MSE,gradcam,50,0.47614400997553163,184,94
4KAK-06U,MSE,gradcam,55,0.47614400997553163,184,94
4KAK-06U,MSE,gradcam,60,0.47533987548032486,178,91
4KAK-06U,MSE,gradcam,65,0.47805838676091844,158,81
4KAK-06U,MSE,gradcam,70,0.479028640441684,138,71
4KAK-06U,MSE,gradcam,75,0.47414369256474526,114,59
4KAK-06U,MSE,gradcam,80,0.4827519379844961,86,45
4KAK-06U,MSE,gradcam,85,0.5141509433962265,53,28
4KAK-06U,MSE,gradcam,90,0.5347222222222222,24,13
4KAK-06U,MSE,gradcam,95,0.8,5,3
4KAK-06U,MSE,gradinput,50,0.4943585701737877,184,94
4KAK-06U,MSE,gradinput,55,0.4943585701737877,184,94
4KAK-06U,MSE,gradinput,60,0.49567322502715777,178,91
4KAK-06U,MSE,gradinput,65,0.5063884779074653,158,81
4KAK-06U,MSE,gradinput,70,0.5074620427881298,138,71
4KAK-06U,MSE,gradinput,75,0.5268901420217208,114,59
4KAK-06U,MSE,gradinput,80,0.5290697674418603,86,45
4KAK-06U,MSE,gradinput,85,0.5707547169811321,53,28
4KAK-06U,MSE,gradinput,90,0.5833333333333333,24,13
4KAK-06U,MSE,gradinput,95,0.8,5,3
4KAK-06U,MSE,ig,50,0.6048891476880608,184,94
4KAK-06U,MSE,ig,55,0.6048891476880608,184,94
4KAK-06U,MSE,ig,60,0.6022048332441592,178,91
4KAK-06U,MSE,ig,65,0.5903531243721117,158,81
4KAK-06U,MSE,ig,70,0.5884316770186336,138,71
4KAK-06U,MSE,ig,75,0.5869465329991644,114,59
4KAK-06U,MSE,ig,80,0.589922480620155,86,45
4KAK-06U,MSE,ig,85,0.5817610062893083,53,28
4KAK-06U,MSE,ig,90,0.5902777777777778,24,13
4KAK-06U,MSE,ig,95,0.6,5,3
4KAK-06U,MSE,shap,50,0.5134246188594016,184,94
4KAK-06U,MSE,shap,55,0.5134246188594016,184,94
4KAK-06U,MSE,shap,60,0.5127736028016928,178,91
4KAK-06U,MSE,shap,65,0.5071935448517728,158,81
4KAK-06U,MSE,shap,70,0.5157867494824018,138,71
4KAK-06U,MSE,shap,75,0.5193086883876356,114,59
4KAK-06U,MSE,shap,80,0.5370155038759689,86,45
4KAK-06U,MSE,shap,85,0.5235849056603774,53,28
4KAK-06U,MSE,shap,90,0.6180555555555555,24,13
4KAK-06U,MSE,shap,95,0.6,5,3
4KFN-1QR,MSE,cam,50,0.5,110,55
4KFN-1QR,MSE,cam,55,0.5,110,55
4KFN-1QR,MSE,cam,60,0.5,94,47
4KFN-1QR,MSE,cam,65,0.5,86,43
4KFN-1QR,MSE,cam,70,0.5,74,37
4KFN-1QR,MSE,cam,75,0.5,60,30
4KFN-1QR,MSE,cam,80,0.5,34,17
4KFN-1QR,MSE,cam,85,0.5,26,13
4KFN-1QR,MSE,cam,90,0.5,18,9
4KFN-1QR,MSE,cam,95,0.5,2,1
4KFN-1QR,MSE,diff,50,0.6175947285038192,110,55
4KFN-1QR,MSE,diff,55,0.6175947285038192,110,55
4KFN-1QR,MSE,diff,60,0.5951459887630098,94,47
4KFN-1QR,MSE,diff,65,0.58250276854928,86,43
4KFN-1QR,MSE,diff,70,0.5608429858429858,74,37
4KFN-1QR,MSE,diff,75,0.5365674603174604,60,30
4KFN-1QR,MSE,diff,80,0.49313725490196075,34,17
4KFN-1QR,MSE,diff,85,0.6153846153846154,26,13
4KFN-1QR,MSE,diff,90,0.6111111111111112,18,9
4KFN-1QR,MSE,diff,95,0.5,2,1
4KFN-1QR,MSE,gradcam,50,0.5729575727302997,110,55
4KFN-1QR,MSE,gradcam,55,0.5729575727302997,110,55
4KFN-1QR,MSE,gradcam,60,0.5707212704553128,94,47
4KFN-1QR,MSE,gradcam,65,0.5830610926541158,86,43
4KFN-1QR,MSE,gradcam,70,0.5845559845559845,74,37
4KFN-1QR,MSE,gradcam,75,0.5756150793650794,60,30
4KFN-1QR,MSE,gradcam,80,0.517156862745098,34,17
4KFN-1QR,MSE,gradcam,85,0.5288461538461539,26,13
4KFN-1QR,MSE,gradcam,90,0.5277777777777778,18,9
4KFN-1QR,MSE,gradcam,95,0.5,2,1
4KFN-1QR,MSE,gradinput,50,0.7503374151101424,110,55
4KFN-1QR,MSE,gradinput,55,0.7503374151101424,110,55
4KFN-1QR,MSE,gradinput,60,0.7724267753523075,94,47
4KFN-1QR,MSE,gradinput,65,0.7783361018826136,86,43
4KFN-1QR,MSE,gradinput,70,0.8029708279708282,74,37
4KFN-1QR,MSE,gradinput,75,0.8304960317460319,60,30
4KFN-1QR,MSE,gradinput,80,0.9215686274509804,34,17
4KFN-1QR,MSE,gradinput,85,0.9230769230769231,26,13
4KFN-1QR,MSE,gradinput,90,0.8888888888888888,18,9
4KFN-1QR,MSE,gradinput,95,1.0,2,1
4KFN-1QR,MSE,ig,50,0.6564139395957579,110,55
4KFN-1QR,MSE,ig,55,0.6564139395957579,110,55
4KFN-1QR,MSE,ig,60,0.6616330478032605,94,47
4KFN-1QR,MSE,ig,65,0.6733388704318937,86,43
4KFN-1QR,MSE,ig,70,0.678523166023166,74,37
4KFN-1QR,MSE,ig,75,0.6927976190476192,60,30
4KFN-1QR,MSE,ig,80,0.7161764705882352,34,17
4KFN-1QR,MSE,ig,85,0.7724358974358974,26,13
4KFN-1QR,MSE,ig,90,0.7777777777777778,18,9
4KFN-1QR,MSE,ig,95,1.0,2,1
4KFN-1QR,MSE,shap,50,0.5533042210314937,110,55
4KFN-1QR,MSE,shap,55,0.5533042210314937,110,55
4KFN-1QR,MSE,shap,60,0.5536159467010529,94,47
4KFN-1QR,MSE,shap,65,0.5522609819121446,86,43
4KFN-1QR,MSE,shap,70,0.5684470184470183,74,37
4KFN-1QR,MSE,shap,75,0.5655555555555555,60,30
4KFN-1QR,MSE,shap,80,0.6254901960784314,34,17
4KFN-1QR,MSE,shap,85,0.5961538461538463,26,13
4KFN-1QR,MSE,shap,90,0.6666666666666666,18,9
4KFN-1QR,MSE,shap,95,1.0,2,1
4KFO-1QS,MSE,cam,50,0.5,162,81
4KFO-1QS,MSE,cam,55,0.5,152,76
4KFO-1QS,MSE,cam,60,0.5,136,68
4KFO-1QS,MSE,cam,65,0.5,130,65
4KFO-1QS,MSE,cam,70,0.5,124,62
4KFO-1QS,MSE,cam,75,0.5,110,55
4KFO-1QS,MSE,cam,80,0.5,86,43
4KFO-1QS,MSE,cam,85,0.5,60,30
4KFO-1QS,MSE,cam,90,0.5,14,7
4KFO-1QS,MSE,cam,95,0.5,2,1
4KFO-1QS,MSE,diff,50,0.5739231618861247,162,81
4KFO-1QS,MSE,diff,55,0.5693338094653881,152,76
4KFO-1QS,MSE,diff,60,0.5664337704778878,136,68
4KFO-1QS,MSE,diff,65,0.5697680097680096,130,65
4KFO-1QS,MSE,diff,70,0.5698412698412696,124,62
4KFO-1QS,MSE,diff,75,0.560865800865801,110,55
4KFO-1QS,MSE,diff,80,0.5428294573643412,86,43
4KFO-1QS,MSE,diff,85,0.5388888888888889,60,30
4KFO-1QS,MSE,diff,90,0.5714285714285714,14,7
4KFO-1QS,MSE,diff,95,0.5,2,1
4KFO-1QS,MSE,gradcam,50,0.656614287632806,162,81
4KFO-1QS,MSE,gradcam,55,0.6637729777532406,152,76
4KFO-1QS,MSE,gradcam,60,0.6821160661234188,136,68
4KFO-1QS,MSE,gradcam,65,0.6902960927960925,130,65
4KFO-1QS,MSE,gradcam,70,0.6966109831029182,124,62
4KFO-1QS,MSE,gradcam,75,0.7047619047619045,110,55
4KFO-1QS,MSE,gradcam,80,0.7277131782945735,86,43
4KFO-1QS,MSE,gradcam,85,0.7111111111111109,60,30
4KFO-1QS,MSE,gradcam,90,0.6428571428571429,14,7
4KFO-1QS,MSE,gradcam,95,0.0,2,1
4KFO-1QS,MSE,gradinput,50,0.5925304804934431,162,81
4KFO-1QS,MSE,gradinput,55,0.5973829533040056,152,76
4KFO-1QS,MSE,gradinput,60,0.6059168364315423,136,68
4KFO-1QS,MSE,gradinput,65,0.6137423687423686,130,65
4KFO-1QS,MSE,gradinput,70,0.6195660522273424,124,62
4KFO-1QS,MSE,gradinput,75,0.6134740259740261,110,55
4KFO-1QS,MSE,gradinput,80,0.5775193798449612,86,43
4KFO-1QS,MSE,gradinput,85,0.5388888888888889,60,30
4KFO-1QS,MSE,gradinput,90,0.5357142857142857,14,7
4KFO-1QS,MSE,gradinput,95,0.0,2,1
4KFO-1QS,MSE,ig,50,0.547913043746377,162,81
4KFO-1QS,MSE,ig,55,0.5454863667034717,152,76
4KFO-1QS,MSE,ig,60,0.5392690030557677,136,68
4KFO-1QS,MSE,ig,65,0.5392399267399268,130,65
4KFO-1QS,MSE,ig,70,0.5393209165386587,124,62
4KFO-1QS,MSE,ig,75,0.5363852813852816,110,55
4KFO-1QS,MSE,ig,80,0.5044573643410853,86,43
4KFO-1QS,MSE,ig,85,0.461111111111111,60,30
4KFO-1QS,MSE,ig,90,0.4642857142857143,14,7
4KFO-1QS,MSE,ig,95,0.0,2,1
4KFO-1QS,MSE,shap,50,0.5335283543616879,162,81
4KFO-1QS,MSE,shap,55,0.5324627674956625,152,76
4KFO-1QS,MSE,shap,60,0.5395825375604789,136,68
4KFO-1QS,MSE,shap,65,0.5425671550671552,130,65
4KFO-1QS,MSE,shap,70,0.5454973118279571,124,62
4KFO-1QS,MSE,shap,75,0.5501406926406927,110,55
4KFO-1QS,MSE,shap,80,0.5699612403100776,86,43
4KFO-1QS,MSE,shap,85,0.5749999999999998,60,30
4KFO-1QS,MSE,shap,90,0.75,14,7
4KFO-1QS,MSE,shap,95,1.0,2,1
4L23-X6K,MSE,cam,50,0.47058823529411764,51,27
4L23-X6K,MSE,cam,55,0.47058823529411764,51,27
4L23-X6K,MSE,cam,60,0.47058823529411764,51,27
4L23-X6K,MSE,cam,65,0.46808510638297873,47,25
4L23-X6K,MSE,cam,70,0.46511627906976744,43,23
4L23-X6K,MSE,cam,75,0.46153846153846156,39,21
4L23-X6K,MSE,cam,80,0.45161290322580644,31,17
4L23-X6K,MSE,cam,85,0.45161290322580644,31,17
4L23-X6K,MSE,cam,90,0.44,25,14
4L23-X6K,MSE,cam,95,0.4117647058823529,17,10
4L23-X6K,MSE,diff,50,0.5068208479973186,51,27
4L23-X6K,MSE,diff,55,0.5068208479973186,51,27
4L23-X6K,MSE,diff,60,0.5068208479973186,51,27
4L23-X6K,MSE,diff,65,0.5011820330969268,47,25
4L23-X6K,MSE,diff,70,0.5129198966408269,43,23
4L23-X6K,MSE,diff,75,0.5128205128205128,39,21
4L23-X6K,MSE,diff,80,0.4838709677419355,31,17
4L23-X6K,MSE,diff,85,0.4838709677419355,31,17
4L23-X6K,MSE,diff,90,0.48,25,14
4L23-X6K,MSE,diff,95,0.4117647058823529,17,10
4L23-X6K,MSE,gradcam,50,0.6379084967320261,51,27
4L23-X6K,MSE,gradcam,55,0.6379084967320261,51,27
4L23-X6K,MSE,gradcam,60,0.6379084967320261,51,27
4L23-X6K,MSE,gradcam,65,0.6453900709219859,47,25
4L23-X6K,MSE,gradcam,70,0.6511627906976745,43,23
4L23-X6K,MSE,gradcam,75,0.6538461538461539,39,21
4L23-X6K,MSE,gradcam,80,0.6290322580645161,31,17
4L23-X6K,MSE,gradcam,85,0.6290322580645161,31,17
4L23-X6K,MSE,gradcam,90,0.6,25,14
4L23-X6K,MSE,gradcam,95,0.5882352941176471,17,10
4L23-X6K,MSE,gradinput,50,0.7267973856209151,51,27
4L23-X6K,MSE,gradinput,55,0.7267973856209151,51,27
4L23-X6K,MSE,gradinput,60,0.7267973856209151,51,27
4L23-X6K,MSE,gradinput,65,0.7375886524822695,47,25
4L23-X6K,MSE,gradinput,70,0.7441860465116279,43,23
4L23-X6K,MSE,gradinput,75,0.7435897435897436,39,21
4L23-X6K,MSE,gradinput,80,0.6935483870967742,31,17
4L23-X6K,MSE,gradinput,85,0.6935483870967742,31,17
4L23-X6K,MSE,gradinput,90,0.64,25,14
4L23-X6K,MSE,gradinput,95,0.7058823529411765,17,10
4L23-X6K,MSE,ig,50,0.5594771241830065,51,27
4L23-X6K,MSE,ig,55,0.5594771241830065,51,27
4L23-X6K,MSE,ig,60,0.5594771241830065,51,27
4L23-X6K,MSE,ig,65,0.5602836879432623,47,25
4L23-X6K,MSE,ig,70,0.5581395348837209,43,23
4L23-X6K,MSE,ig,75,0.5512820512820513,39,21
4L23-X6K,MSE,ig,80,0.5,31,17
4L23-X6K,MSE,ig,85,0.5,31,17
4L23-X6K,MSE,ig,90,0.48,25,14
4L23-X6K,MSE,ig,95,0.4117647058823529,17,10
4L23-X6K,MSE,shap,50,0.4447586726998493,51,27
4L23-X6K,MSE,shap,55,0.4447586726998493,51,27
4L23-X6K,MSE,shap,60,0.4447586726998493,51,27
4L23-X6K,MSE,shap,65,0.4335106382978724,47,25
4L23-X6K,MSE,shap,70,0.4273255813953488,43,23
4L23-X6K,MSE,shap,75,0.4198717948717949,39,21
4L23-X6K,MSE,shap,80,0.4032258064516129,31,17
4L23-X6K,MSE,shap,85,0.4032258064516129,31,17
4L23-X6K,MSE,shap,90,0.42,25,14
4L23-X6K,MSE,shap,95,0.35294117647058826,17,10
4L2Y-XXK,MSE,cam,50,0.5,46,23
4L2Y-XXK,MSE,cam,55,0.5,46,23
4L2Y-XXK,MSE,cam,60,0.5,46,23
4L2Y-XXK,MSE,cam,65,0.5,42,21
4L2Y-XXK,MSE,cam,70,0.5,40,20
4L2Y-XXK,MSE,cam,75,0.5,36,18
4L2Y-XXK,MSE,cam,80,0.5,28,14
4L2Y-XXK,MSE,cam,85,0.5,28,14
4L2Y-XXK,MSE,cam,90,0.5,22,11
4L2Y-XXK,MSE,cam,95,0.5,14,7
4L2Y-XXK,MSE,diff,50,0.29925678186547755,46,23
4L2Y-XXK,MSE,diff,55,0.29925678186547755,46,23
4L2Y-XXK,MSE,diff,60,0.29925678186547755,46,23
4L2Y-XXK,MSE,diff,65,0.2830687830687831,42,21
4L2Y-XXK,MSE,diff,70,0.2972222222222222,40,20
4L2Y-XXK,MSE,diff,75,0.3055555555555556,36,18
4L2Y-XXK,MSE,diff,80,0.2857142857142857,28,14
4L2Y-XXK,MSE,diff,85,0.2857142857142857,28,14
4L2Y-XXK,MSE,diff,90,0.2727272727272727,22,11
4L2Y-XXK,MSE,diff,95,0.14285714285714285,14,7
4L2Y-XXK,MSE,gradcam,50,0.37161835748792266,46,23
4L2Y-XXK,MSE,gradcam,55,0.37161835748792266,46,23
4L2Y-XXK,MSE,gradcam,60,0.37161835748792266,46,23
4L2Y-XXK,MSE,gradcam,65,0.3498677248677249,42,21
4L2Y-XXK,MSE,gradcam,70,0.3611111111111111,40,20
4L2Y-XXK,MSE,gradcam,75,0.35185185185185186,36,18
4L2Y-XXK,MSE,gradcam,80,0.3095238095238095,28,14
4L2Y-XXK,MSE,gradcam,85,0.3095238095238095,28,14
4L2Y-XXK,MSE,gradcam,90,0.2727272727272727,22,11
4L2Y-XXK,MSE,gradcam,95,0.14285714285714285,14,7
4L2Y-XXK,MSE,gradinput,50,0.2769137866963954,46,23
4L2Y-XXK,MSE,gradinput,55,0.2769137866963954,46,23
4L2Y-XXK,MSE,gradinput,60,0.2769137866963954,46,23
4L2Y-XXK,MSE,gradinput,65,0.2585978835978836,42,21
4L2Y-XXK,MSE,gradinput,70,0.27152777777777776,40,20
4L2Y-XXK,MSE,gradinput,75,0.28935185185185186,36,18
4L2Y-XXK,MSE,gradinput,80,0.3095238095238095,28,14
4L2Y-XXK,MSE,gradinput,85,0.3095238095238095,28,14
4L2Y-XXK,MSE,gradinput,90,0.2727272727272727,22,11
4L2Y-XXK,MSE,gradinput,95,0.14285714285714285,14,7
4L2Y-XXK,MSE,ig,50,0.8090579710144928,46,23
4L2Y-XXK,MSE,ig,55,0.8090579710144928,46,23
4L2Y-XXK,MSE,ig,60,0.8090579710144928,46,23
4L2Y-XXK,MSE,ig,65,0.8194444444444445,42,21
4L2Y-XXK,MSE,ig,70,0.8291666666666668,40,20
4L2Y-XXK,MSE,ig,75,0.837962962962963,36,18
4L2Y-XXK,MSE,ig,80,0.7916666666666667,28,14
4L2Y-XXK,MSE,ig,85,0.7916666666666667,28,14
4L2Y-XXK,MSE,ig,90,0.7727272727272727,22,11
4L2Y-XXK,MSE,ig,95,0.7857142857142857,14,7
4L2Y-XXK,MSE,shap,50,0.3645717205499813,46,23
4L2Y-XXK,MSE,shap,55,0.3645717205499813,46,23
4L2Y-XXK,MSE,shap,60,0.3645717205499813,46,23
4L2Y-XXK,MSE,shap,65,0.353505291005291,42,21
4L2Y-XXK,MSE,shap,70,0.3482638888888888,40,20
4L2Y-XXK,MSE,shap,75,0.3344907407407407,36,18
4L2Y-XXK,MSE,shap,80,0.3273809523809524,28,14
4L2Y-XXK,MSE,shap,85,0.3273809523809524,28,14
4L2Y-XXK,MSE,shap,90,0.2727272727272727,22,11
4L2Y-XXK,MSE,shap,95,0.35714285714285715,14,7
4LTS-LTS,MSE,cam,50,0.5,28,14
4LTS-LTS,MSE,cam,55,0.5,28,14
4LTS-LTS,MSE,cam,60,0.5,28,14
4LTS-LTS,MSE,cam,65,0.5,28,14
4LTS-LTS,MSE,cam,70,0.5,28,14
4LTS-LTS,MSE,cam,75,0.5,28,14
4LTS-LTS,MSE,cam,80,0.5,28,14
4LTS-LTS,MSE,cam,85,0.5,20,10
4LTS-LTS,MSE,cam,90,0.5,10,5
4LTS-LTS,MSE,cam,95,,0,0
4LTS-LTS,MSE,diff,50,0.6797619047619048,28,14
4LTS-LTS,MSE,diff,55,0.6797619047619048,28,14
4LTS-LTS,MSE,diff,60,0.6797619047619048,28,14
4LTS-LTS,MSE,diff,65,0.6797619047619048,28,14
4LTS-LTS,MSE,diff,70,0.6797619047619048,28,14
4LTS-LTS,MSE,diff,75,0.6797619047619048,28,14
4LTS-LTS,MSE,diff,80,0.6797619047619048,28,14
4LTS-LTS,MSE,diff,85,0.6708333333333333,20,10
4LTS-LTS,MSE,diff,90,0.6166666666666666,10,5
4LTS-LTS,MSE,diff,95,,0,0
4LTS-LTS,MSE,gradcam,50,0.6601190476190478,28,14
4LTS-LTS,MSE,gradcam,55,0.6601190476190478,28,14
4LTS-LTS,MSE,gradcam,60,0.6601190476190478,28,14
4LTS-LTS,MSE,gradcam,65,0.6601190476190478,28,14
4LTS-LTS,MSE,gradcam,70,0.6601190476190478,28,14
4LTS-LTS,MSE,gradcam,75,0.6601190476190478,28,14
4LTS-LTS,MSE,gradcam,80,0.6601190476190478,28,14
4LTS-LTS,MSE,gradcam,85,0.6541666666666667,20,10
4LTS-LTS,MSE,gradcam,90,0.6333333333333334,10,5
4LTS-LTS,MSE,gradcam,95,,0,0
4LTS-LTS,MSE,gradinput,50,0.5547619047619048,28,14
4LTS-LTS,MSE,gradinput,55,0.5547619047619048,28,14
4LTS-LTS,MSE,gradinput,60,0.5547619047619048,28,14
4LTS-LTS,MSE,gradinput,65,0.5547619047619048,28,14
4LTS-LTS,MSE,gradinput,70,0.5547619047619048,28,14
4LTS-LTS,MSE,gradinput,75,0.5547619047619048,28,14
4LTS-LTS,MSE,gradinput,80,0.5547619047619048,28,14
4LTS-LTS,MSE,gradinput,85,0.5291666666666666,20,10
4LTS-LTS,MSE,gradinput,90,0.4333333333333333,10,5
4LTS-LTS,MSE,gradinput,95,,0,0
4LTS-LTS,MSE,ig,50,0.5797619047619049,28,14
4LTS-LTS,MSE,ig,55,0.5797619047619049,28,14
4LTS-LTS,MSE,ig,60,0.5797619047619049,28,14
4LTS-LTS,MSE,ig,65,0.5797619047619049,28,14
4LTS-LTS,MSE,ig,70,0.5797619047619049,28,14
4LTS-LTS,MSE,ig,75,0.5797619047619049,28,14
4LTS-LTS,MSE,ig,80,0.5797619047619049,28,14
4LTS-LTS,MSE,ig,85,0.5333333333333333,20,10
4LTS-LTS,MSE,ig,90,0.4833333333333333,10,5
4LTS-LTS,MSE,ig,95,,0,0
4LTS-LTS,MSE,shap,50,0.5297619047619047,28,14
4LTS-LTS,MSE,shap,55,0.5297619047619047,28,14
4LTS-LTS,MSE,shap,60,0.5297619047619047,28,14
4LTS-LTS,MSE,shap,65,0.5297619047619047,28,14
4LTS-LTS,MSE,shap,70,0.5297619047619047,28,14
4LTS-LTS,MSE,shap,75,0.5297619047619047,28,14
4LTS-LTS,MSE,shap,80,0.5297619047619047,28,14
4LTS-LTS,MSE,shap,85,0.48749999999999993,20,10
4LTS-LTS,MSE,shap,90,0.4833333333333333,10,5
4LTS-LTS,MSE,shap,95,,0,0
4LY1-20Y,MSE,cam,50,0.49645390070921985,141,72
4LY1-20Y,MSE,cam,55,0.49606299212598426,127,65
4LY1-20Y,MSE,cam,60,0.4943820224719101,89,46
4LY1-20Y,MSE,cam,65,0.4909090909090909,55,29
4LY1-20Y,MSE,cam,70,0.4791666666666667,48,25
4LY1-20Y,MSE,cam,75,0.4864864864864865,37,19
4LY1-20Y,MSE,cam,80,0.47368421052631576,19,10
4LY1-20Y,MSE,cam,85,0.4444444444444444,9,5
4LY1-20Y,MSE,cam,90,0.42857142857142855,7,4
4LY1-20Y,MSE,cam,95,0.4,5,3
4LY1-20Y,MSE,diff,50,0.6568133206431076,141,72
4LY1-20Y,MSE,diff,55,0.6627547976957423,127,65
4LY1-20Y,MSE,diff,60,0.6842700370790256,89,46
4LY1-20Y,MSE,diff,65,0.797142857142857,55,29
4LY1-20Y,MSE,diff,70,0.8066220238095236,48,25
4LY1-20Y,MSE,diff,75,0.8189189189189189,37,19
4LY1-20Y,MSE,diff,80,0.8070175438596491,19,10
4LY1-20Y,MSE,diff,85,0.7592592592592593,9,5
4LY1-20Y,MSE,diff,90,0.7857142857142857,7,4
4LY1-20Y,MSE,diff,95,0.8,5,3
4LY1-20Y,MSE,gradcam,50,0.7660967705867576,141,72
4LY1-20Y,MSE,gradcam,55,0.7799600141251365,127,65
4LY1-20Y,MSE,gradcam,60,0.7605675223652753,89,46
4LY1-20Y,MSE,gradcam,65,0.825930735930736,55,29
4LY1-20Y,MSE,gradcam,70,0.8333581349206348,48,25
4LY1-20Y,MSE,gradcam,75,0.8306306306306308,37,19
4LY1-20Y,MSE,gradcam,80,0.7982456140350878,19,10
4LY1-20Y,MSE,gradcam,85,0.6851851851851852,9,5
4LY1-20Y,MSE,gradcam,90,0.6428571428571429,7,4
4LY1-20Y,MSE,gradcam,95,0.6,5,3
4LY1-20Y,MSE,gradinput,50,0.639499457803588,141,72
4LY1-20Y,MSE,gradinput,55,0.6424540624575361,127,65
4LY1-20Y,MSE,gradinput,60,0.5817649578885534,89,46
4LY1-20Y,MSE,gradinput,65,0.5883333333333334,55,29
4LY1-20Y,MSE,gradinput,70,0.593402777777778,48,25
4LY1-20Y,MSE,gradinput,75,0.5333333333333334,37,19
4LY1-20Y,MSE,gradinput,80,0.5175438596491229,19,10
4LY1-20Y,MSE,gradinput,85,0.2037037037037037,9,5
4LY1-20Y,MSE,gradinput,90,0.21428571428571427,7,4
4LY1-20Y,MSE,gradinput,95,0.2,5,3
4LY1-20Y,MSE,ig,50,0.6293343233737477,141,72
4LY1-20Y,MSE,ig,55,0.6237016900808008,127,65
4LY1-20Y,MSE,ig,60,0.6382015924150753,89,46
4LY1-20Y,MSE,ig,65,0.7307575757575758,55,29
4LY1-20Y,MSE,ig,70,0.7326388888888892,48,25
4LY1-20Y,MSE,ig,75,0.7396396396396396,37,19
4LY1-20Y,MSE,ig,80,0.7280701754385965,19,10
4LY1-20Y,MSE,ig,85,0.7407407407407407,9,5
4LY1-20Y,MSE,ig,90,0.7142857142857143,7,4
4LY1-20Y,MSE,ig,95,0.8,5,3
4LY1-20Y,MSE,shap,50,0.5172871576344668,141,72
4LY1-20Y,MSE,shap,55,0.5246565172514684,127,65
4LY1-20Y,MSE,shap,60,0.5305211642290293,89,46
4LY1-20Y,MSE,shap,65,0.5303463203463205,55,29
4LY1-20Y,MSE,shap,70,0.5342509920634921,48,25
4LY1-20Y,MSE,shap,75,0.5387387387387388,37,19
4LY1-20Y,MSE,shap,80,0.6052631578947368,19,10
4LY1-20Y,MSE,shap,85,0.7777777777777778,9,5
4LY1-20Y,MSE,shap,90,0.7142857142857143,7,4
4LY1-20Y,MSE,shap,95,1.0,5,3
4LYN-1YG,MSE,cam,50,0.5378234272706635,199,112
4LYN-1YG,MSE,cam,55,0.5350834909900845,182,103
4LYN-1YG,MSE,cam,60,0.5366021825396825,160,92
4LYN-1YG,MSE,cam,65,0.539481332439079,142,82
4LYN-1YG,MSE,cam,70,0.534896584896585,132,76
4LYN-1YG,MSE,cam,75,0.53130081300813,82,50
4LYN-1YG,MSE,cam,80,0.5687830687830687,63,37
4LYN-1YG,MSE,cam,85,0.6271929824561403,38,24
4LYN-1YG,MSE,cam,90,0.7,20,14
4LYN-1YG,MSE,cam,95,1.0,4,5
4LYN-1YG,MSE,diff,50,0.6262684203010832,199,112
4LYN-1YG,MSE,diff,55,0.6397641583081138,182,103
4LYN-1YG,MSE,diff,60,0.6497961760461757,160,92
4LYN-1YG,MSE,diff,65,0.6535993740219089,142,82
4LYN-1YG,MSE,diff,70,0.6491372053872053,132,76
4LYN-1YG,MSE,diff,75,0.6588995354239258,82,50
4LYN-1YG,MSE,diff,80,0.6904761904761905,63,37
4LYN-1YG,MSE,diff,85,0.5921052631578947,38,24
4LYN-1YG,MSE,diff,90,0.65,20,14
4LYN-1YG,MSE,diff,95,0.75,4,5
4LYN-1YG,MSE,gradcam,50,0.664608967247158,199,112
4LYN-1YG,MSE,gradcam,55,0.666935079572442,182,103
4LYN-1YG,MSE,gradcam,60,0.6721602182539681,160,92
4LYN-1YG,MSE,gradcam,65,0.6747009836798569,142,82
4LYN-1YG,MSE,gradcam,70,0.6862674362674362,132,76
4LYN-1YG,MSE,gradcam,75,0.7454703832752615,82,50
4LYN-1YG,MSE,gradcam,80,0.7478835978835979,63,37
4LYN-1YG,MSE,gradcam,85,0.7017543859649122,38,24
4LYN-1YG,MSE,gradcam,90,0.8,20,14
4LYN-1YG,MSE,gradcam,95,1.0,4,5
4LYN-1YG,MSE,gradinput,50,0.5815317987428538,199,112
4LYN-1YG,MSE,gradinput,55,0.5750463516947031,182,103
4LYN-1YG,MSE,gradinput,60,0.5651314484126986,160,92
4LYN-1YG,MSE,gradinput,65,0.5589173932483793,142,82
4LYN-1YG,MSE,gradinput,70,0.5606752044252045,132,76
4LYN-1YG,MSE,gradinput,75,0.5741289198606271,82,50
4LYN-1YG,MSE,gradinput,80,0.5814814814814814,63,37
4LYN-1YG,MSE,gradinput,85,0.6403508771929824,38,24
4LYN-1YG,MSE,gradinput,90,0.7,20,14
4LYN-1YG,MSE,gradinput,95,0.75,4,5
4LYN-1YG,MSE,ig,50,0.5850258688826528,199,112
4LYN-1YG,MSE,ig,55,0.59255366123498,182,103
4LYN-1YG,MSE,ig,60,0.5956319895382396,160,92
4LYN-1YG,MSE,ig,65,0.5978845293986139,142,82
4LYN-1YG,MSE,ig,70,0.5940265752765752,132,76
4LYN-1YG,MSE,ig,75,0.577308362369338,82,50
4LYN-1YG,MSE,ig,80,0.5571428571428572,63,37
4LYN-1YG,MSE,ig,85,0.6842105263157895,38,24
4LYN-1YG,MSE,ig,90,0.6,20,14
4LYN-1YG,MSE,ig,95,0.25,4,5
4LYN-1YG,MSE,shap,50,0.5330526397109313,199,112
4LYN-1YG,MSE,shap,55,0.5337969265167068,182,103
4LYN-1YG,MSE,shap,60,0.5363661165223667,160,92
4LYN-1YG,MSE,shap,65,0.5500586854460094,142,82
4LYN-1YG,MSE,shap,70,0.5448472823472824,132,76
4LYN-1YG,MSE,shap,75,0.5577235772357724,82,50
4LYN-1YG,MSE,shap,80,0.5775132275132275,63,37
4LYN-1YG,MSE,shap,85,0.5570175438596492,38,24
4LYN-1YG,MSE,shap,90,0.6,20,14
4LYN-1YG,MSE,shap,95,1.0,4,5
4M0F-1YK,MSE,cam,50,0.5,34,18
4M0F-1YK,MSE,cam,55,0.5,34,18
4M0F-1YK,MSE,cam,60,0.5,34,18
4M0F-1YK,MSE,cam,65,0.5,34,18
4M0F-1YK,MSE,cam,70,0.5,34,18
4M0F-1YK,MSE,cam,75,0.5,32,17
4M0F-1YK,MSE,cam,80,0.5,26,14
4M0F-1YK,MSE,cam,85,0.5384615384615384,13,7
4M0F-1YK,MSE,cam,90,0.6,5,3
4M0F-1YK,MSE,cam,95,,0,0
4M0F-1YK,MSE,diff,50,0.7855020796197268,34,18
4M0F-1YK,MSE,diff,55,0.7855020796197268,34,18
4M0F-1YK,MSE,diff,60,0.7855020796197268,34,18
4M0F-1YK,MSE,diff,65,0.7855020796197268,34,18
4M0F-1YK,MSE,diff,70,0.7855020796197268,34,18
4M0F-1YK,MSE,diff,75,0.7855902777777779,32,17
4M0F-1YK,MSE,diff,80,0.7846153846153847,26,14
4M0F-1YK,MSE,diff,85,0.8730769230769231,13,7
4M0F-1YK,MSE,diff,90,0.8,5,3
4M0F-1YK,MSE,diff,95,,0,0
4M0F-1YK,MSE,gradcam,50,0.7977941176470589,34,18
4M0F-1YK,MSE,gradcam,55,0.7977941176470589,34,18
4M0F-1YK,MSE,gradcam,60,0.7977941176470589,34,18
4M0F-1YK,MSE,gradcam,65,0.7977941176470589,34,18
4M0F-1YK,MSE,gradcam,70,0.7977941176470589,34,18
4M0F-1YK,MSE,gradcam,75,0.79296875,32,17
4M0F-1YK,MSE,gradcam,80,0.7749999999999999,26,14
4M0F-1YK,MSE,gradcam,85,0.7461538461538461,13,7
4M0F-1YK,MSE,gradcam,90,0.8,5,3
4M0F-1YK,MSE,gradcam,95,,0,0
4M0F-1YK,MSE,gradinput,50,0.8049242424242424,34,18
4M0F-1YK,MSE,gradinput,55,0.8049242424242424,34,18
4M0F-1YK,MSE,gradinput,60,0.8049242424242424,34,18
4M0F-1YK,MSE,gradinput,65,0.8049242424242424,34,18
4M0F-1YK,MSE,gradinput,70,0.8049242424242424,34,18
4M0F-1YK,MSE,gradinput,75,0.8033854166666666,32,17
4M0F-1YK,MSE,gradinput,80,0.7878205128205127,26,14
4M0F-1YK,MSE,gradinput,85,0.7461538461538461,13,7
4M0F-1YK,MSE,gradinput,90,0.8,5,3
4M0F-1YK,MSE,gradinput,95,,0,0
4M0F-1YK,MSE,ig,50,0.537448009506833,34,18
4M0F-1YK,MSE,ig,55,0.537448009506833,34,18
4M0F-1YK,MSE,ig,60,0.537448009506833,34,18
4M0F-1YK,MSE,ig,65,0.537448009506833,34,18
4M0F-1YK,MSE,ig,70,0.537448009506833,34,18
4M0F-1YK,MSE,ig,75,0.5383680555555556,32,17
4M0F-1YK,MSE,ig,80,0.5416666666666667,26,14
4M0F-1YK,MSE,ig,85,0.5448717948717948,13,7
4M0F-1YK,MSE,ig,90,0.4333333333333333,5,3
4M0F-1YK,MSE,ig,95,,0,0
4M0F-1YK,MSE,shap,50,0.6246583481877599,34,18
4M0F-1YK,MSE,shap,55,0.6246583481877599,34,18
4M0F-1YK,MSE,shap,60,0.6246583481877599,34,18
4M0F-1YK,MSE,shap,65,0.6246583481877599,34,18
4M0F-1YK,MSE,shap,70,0.6246583481877599,34,18
4M0F-1YK,MSE,shap,75,0.6331597222222222,32,17
4M0F-1YK,MSE,shap,80,0.6487179487179487,26,14
4M0F-1YK,MSE,shap,85,0.7628205128205128,13,7
4M0F-1YK,MSE,shap,90,0.9333333333333332,5,3
4M0F-1YK,MSE,shap,95,,0,0
4MBI-26K,MSE,cam,50,0.516115598182736,283,142
4MBI-26K,MSE,cam,55,0.5163466461853559,279,140
4MBI-26K,MSE,cam,60,0.516472303206997,245,123
4MBI-26K,MSE,cam,65,0.5161129568106312,215,108
4MBI-26K,MSE,cam,70,0.5142418930762489,163,82
4MBI-26K,MSE,cam,75,0.5166666666666666,85,43
4MBI-26K,MSE,cam,80,0.5192307692307693,39,20
4MBI-26K,MSE,cam,85,0.47368421052631576,19,10
4MBI-26K,MSE,cam,90,0.4,5,3
4MBI-26K,MSE,cam,95,,0,0
4MBI-26K,MSE,diff,50,0.6074756123342694,283,142
4MBI-26K,MSE,diff,55,0.6083961339337681,279,140
4MBI-26K,MSE,diff,60,0.6110371940984184,245,123
4MBI-26K,MSE,diff,65,0.61125138427464,215,108
4MBI-26K,MSE,diff,70,0.6143222319602688,163,82
4MBI-26K,MSE,diff,75,0.6139495798319329,85,43
4MBI-26K,MSE,diff,80,0.697863247863248,39,20
4MBI-26K,MSE,diff,85,0.7149122807017543,19,10
4MBI-26K,MSE,diff,90,0.8,5,3
4MBI-26K,MSE,diff,95,,0,0
4MBI-26K,MSE,gradcam,50,0.6479233761919272,283,142
4MBI-26K,MSE,gradcam,55,0.6486655916763441,279,140
4MBI-26K,MSE,gradcam,60,0.649312660128986,245,123
4MBI-26K,MSE,gradcam,65,0.6587190845330376,215,108
4MBI-26K,MSE,gradcam,70,0.6460414840782939,163,82
4MBI-26K,MSE,gradcam,75,0.6705882352941176,85,43
4MBI-26K,MSE,gradcam,80,0.6790598290598291,39,20
4MBI-26K,MSE,gradcam,85,0.6842105263157895,19,10
4MBI-26K,MSE,gradcam,90,0.6,5,3
4MBI-26K,MSE,gradcam,95,,0,0
4MBI-26K,MSE,gradinput,50,0.671233821145482,283,142
4MBI-26K,MSE,gradinput,55,0.6730684389286541,279,140
4MBI-26K,MSE,gradinput,60,0.6784633507082486,245,123
4MBI-26K,MSE,gradinput,65,0.6743558508674785,215,108
4MBI-26K,MSE,gradinput,70,0.6636430032135553,163,82
4MBI-26K,MSE,gradinput,75,0.6588795518207284,85,43
4MBI-26K,MSE,gradinput,80,0.7700854700854702,39,20
4MBI-26K,MSE,gradinput,85,0.7894736842105263,19,10
4MBI-26K,MSE,gradinput,90,0.9,5,3
4MBI-26K,MSE,gradinput,95,,0,0
4MBI-26K,MSE,ig,50,0.6544864930907331,283,142
4MBI-26K,MSE,ig,55,0.6537374712105892,279,140
4MBI-26K,MSE,ig,60,0.6456826280295667,245,123
4MBI-26K,MSE,ig,65,0.6513455149501661,215,108
4MBI-26K,MSE,ig,70,0.6471004966403741,163,82
4MBI-26K,MSE,ig,75,0.6707282913165264,85,43
4MBI-26K,MSE,ig,80,0.7393162393162392,39,20
4MBI-26K,MSE,ig,85,0.7938596491228069,19,10
4MBI-26K,MSE,ig,90,0.8,5,3
4MBI-26K,MSE,ig,95,,0,0
4MBI-26K,MSE,shap,50,0.5212007270311159,283,142
4MBI-26K,MSE,shap,55,0.5195057829466434,279,140
4MBI-26K,MSE,shap,60,0.518931589951998,245,123
4MBI-26K,MSE,shap,65,0.5092598744924325,215,108
4MBI-26K,MSE,shap,70,0.5016579024247734,163,82
4MBI-26K,MSE,shap,75,0.504873949579832,85,43
4MBI-26K,MSE,shap,80,0.4833333333333333,39,20
4MBI-26K,MSE,shap,85,0.45614035087719307,19,10
4MBI-26K,MSE,shap,90,0.4,5,3
4MBI-26K,MSE,shap,95,,0,0
4MPC-PV2,MSE,cam,50,0.6666666666666666,18,13
4MPC-PV2,MSE,cam,55,0.6666666666666666,18,13
4MPC-PV2,MSE,cam,60,0.625,16,11
4MPC-PV2,MSE,cam,65,0.5,10,6
4MPC-PV2,MSE,cam,70,0.5,8,5
4MPC-PV2,MSE,cam,75,0.5,8,5
4MPC-PV2,MSE,cam,80,0.5,8,5
4MPC-PV2,MSE,cam,85,0.5,8,5
4MPC-PV2,MSE,cam,90,0.5,4,3
4MPC-PV2,MSE,cam,95,,0,1
4MPC-PV2,MSE,diff,50,0.45655363155363154,18,13
4MPC-PV2,MSE,diff,55,0.45655363155363154,18,13
4MPC-PV2,MSE,diff,60,0.4576704545454545,16,11
4MPC-PV2,MSE,diff,65,0.4603030303030303,10,6
4MPC-PV2,MSE,diff,70,0.4583333333333333,8,5
4MPC-PV2,MSE,diff,75,0.4583333333333333,8,5
4MPC-PV2,MSE,diff,80,0.4583333333333333,8,5
4MPC-PV2,MSE,diff,85,0.4583333333333333,8,5
4MPC-PV2,MSE,diff,90,0.3333333333333333,4,3
4MPC-PV2,MSE,diff,95,,0,1
4MPC-PV2,MSE,gradcam,50,0.7049163799163799,18,13
4MPC-PV2,MSE,gradcam,55,0.7049163799163799,18,13
4MPC-PV2,MSE,gradcam,60,0.6852928321678321,16,11
4MPC-PV2,MSE,gradcam,65,0.633939393939394,10,6
4MPC-PV2,MSE,gradcam,70,0.6458333333333333,8,5
4MPC-PV2,MSE,gradcam,75,0.6458333333333333,8,5
4MPC-PV2,MSE,gradcam,80,0.6458333333333333,8,5
4MPC-PV2,MSE,gradcam,85,0.6458333333333333,8,5
4MPC-PV2,MSE,gradcam,90,0.41666666666666663,4,3
4MPC-PV2,MSE,gradcam,95,,0,1
4MPC-PV2,MSE,gradinput,50,0.5516668516668516,18,13
4MPC-PV2,MSE,gradinput,55,0.5516668516668516,18,13
4MPC-PV2,MSE,gradinput,60,0.5694347319347319,16,11
4MPC-PV2,MSE,gradinput,65,0.6127272727272728,10,6
4MPC-PV2,MSE,gradinput,70,0.625,8,5
4MPC-PV2,MSE,gradinput,75,0.625,8,5
4MPC-PV2,MSE,gradinput,80,0.625,8,5
4MPC-PV2,MSE,gradinput,85,0.625,8,5
4MPC-PV2,MSE,gradinput,90,0.6666666666666666,4,3
4MPC-PV2,MSE,gradinput,95,,0,1
4MPC-PV2,MSE,ig,50,0.5995791245791247,18,13
4MPC-PV2,MSE,ig,55,0.5995791245791247,18,13
4MPC-PV2,MSE,ig,60,0.6099431818181819,16,11
4MPC-PV2,MSE,ig,65,0.6554545454545454,10,6
4MPC-PV2,MSE,ig,70,0.6875,8,5
4MPC-PV2,MSE,ig,75,0.6875,8,5
4MPC-PV2,MSE,ig,80,0.6875,8,5
4MPC-PV2,MSE,ig,85,0.6875,8,5
4MPC-PV2,MSE,ig,90,0.5833333333333334,4,3
4MPC-PV2,MSE,ig,95,,0,1
4MPC-PV2,MSE,shap,50,0.5322242572242571,18,13
4MPC-PV2,MSE,shap,55,0.5322242572242571,18,13
4MPC-PV2,MSE,shap,60,0.5210737179487179,16,11
4MPC-PV2,MSE,shap,65,0.5062121212121211,10,6
4MPC-PV2,MSE,shap,70,0.4895833333333333,8,5
4MPC-PV2,MSE,shap,75,0.4895833333333333,8,5
4MPC-PV2,MSE,shap,80,0.4895833333333333,8,5
4MPC-PV2,MSE,shap,85,0.4895833333333333,8,5
4MPC-PV2,MSE,shap,90,0.4583333333333333,4,3
4MPC-PV2,MSE,shap,95,,0,1
4MQ1-2C3,MSE,cam,50,0.5019230769230769,52,26
4MQ1-2C3,MSE,cam,55,0.5020833333333333,48,24
4MQ1-2C3,MSE,cam,60,0.5021739130434782,46,23
4MQ1-2C3,MSE,cam,65,0.5022727272727273,44,22
4MQ1-2C3,MSE,cam,70,0.5027777777777778,36,18
4MQ1-2C3,MSE,cam,75,0.5,32,16
4MQ1-2C3,MSE,cam,80,0.5,24,12
4MQ1-2C3,MSE,cam,85,0.5,12,6
4MQ1-2C3,MSE,cam,90,0.5,8,4
4MQ1-2C3,MSE,cam,95,,0,0
4MQ1-2C3,MSE,diff,50,0.5109346793557321,52,26
4MQ1-2C3,MSE,diff,55,0.5100018037518038,48,24
4MQ1-2C3,MSE,diff,60,0.5086250705815923,46,23
4MQ1-2C3,MSE,diff,65,0.5171340023612752,44,22
4MQ1-2C3,MSE,diff,70,0.5041065416065417,36,18
4MQ1-2C3,MSE,diff,75,0.4796198593073593,32,16
4MQ1-2C3,MSE,diff,80,0.5084325396825397,24,12
4MQ1-2C3,MSE,diff,85,0.5555555555555555,12,6
4MQ1-2C3,MSE,diff,90,0.5833333333333333,8,4
4MQ1-2C3,MSE,diff,95,,0,0
4MQ1-2C3,MSE,gradcam,50,0.5401450158029105,52,26
4MQ1-2C3,MSE,gradcam,55,0.5253983285233285,48,24
4MQ1-2C3,MSE,gradcam,60,0.5168407679277245,46,23
4MQ1-2C3,MSE,gradcam,65,0.5273465171192444,44,22
4MQ1-2C3,MSE,gradcam,70,0.5485750360750361,36,18
4MQ1-2C3,MSE,gradcam,75,0.5390219155844157,32,16
4MQ1-2C3,MSE,gradcam,80,0.5217261904761905,24,12
4MQ1-2C3,MSE,gradcam,85,0.5625,12,6
4MQ1-2C3,MSE,gradcam,90,0.4375,8,4
4MQ1-2C3,MSE,gradcam,95,,0,0
4MQ1-2C3,MSE,gradinput,50,0.41525338696391334,52,26
4MQ1-2C3,MSE,gradinput,55,0.41247745310245315,48,24
4MQ1-2C3,MSE,gradinput,60,0.4104837191793715,46,23
4MQ1-2C3,MSE,gradinput,65,0.4096615505706416,44,22
4MQ1-2C3,MSE,gradinput,70,0.4005291005291005,36,18
4MQ1-2C3,MSE,gradinput,75,0.36934523809523806,32,16
4MQ1-2C3,MSE,gradinput,80,0.4007936507936507,24,12
4MQ1-2C3,MSE,gradinput,85,0.5277777777777778,12,6
4MQ1-2C3,MSE,gradinput,90,0.47916666666666663,8,4
4MQ1-2C3,MSE,gradinput,95,,0,0
4MQ1-2C3,MSE,ig,50,0.4410649292228238,52,26
4MQ1-2C3,MSE,ig,55,0.4512055074555073,48,24
4MQ1-2C3,MSE,ig,60,0.45572651985695445,46,23
4MQ1-2C3,MSE,ig,65,0.45046733569460823,44,22
4MQ1-2C3,MSE,ig,70,0.4415644540644541,36,18
4MQ1-2C3,MSE,ig,75,0.4248850108225109,32,16
4MQ1-2C3,MSE,ig,80,0.47787698412698415,24,12
4MQ1-2C3,MSE,ig,85,0.6319444444444444,12,6
4MQ1-2C3,MSE,ig,90,0.6666666666666666,8,4
4MQ1-2C3,MSE,ig,95,,0,0
4MQ1-2C3,MSE,shap,50,0.52226337259232,52,26
4MQ1-2C3,MSE,shap,55,0.5169665404040406,48,24
4MQ1-2C3,MSE,shap,60,0.5086462450592887,46,23
4MQ1-2C3,MSE,shap,65,0.5171561393152303,44,22
4MQ1-2C3,MSE,shap,70,0.5277026214526215,36,18
4MQ1-2C3,MSE,shap,75,0.4999154491341991,32,16
4MQ1-2C3,MSE,shap,80,0.48814484126984126,24,12
4MQ1-2C3,MSE,shap,85,0.5277777777777778,12,6
4MQ1-2C3,MSE,shap,90,0.5416666666666666,8,4
4MQ1-2C3,MSE,shap,95,,0,0
4MXC-DWF,MSE,cam,50,0.4935064935064935,77,39
4MXC-DWF,MSE,cam,55,0.4927536231884058,69,35
4MXC-DWF,MSE,cam,60,0.49230769230769234,65,33
4MXC-DWF,MSE,cam,65,0.4909090909090909,55,28
4MXC-DWF,MSE,cam,70,0.4864864864864865,37,19
4MXC-DWF,MSE,cam,75,0.4782608695652174,23,12
4MXC-DWF,MSE,cam,80,0.46153846153846156,13,7
4MXC-DWF,MSE,cam,85,0.46153846153846156,13,7
4MXC-DWF,MSE,cam,90,0.4,5,3
4MXC-DWF,MSE,cam,95,0.3333333333333333,3,2
4MXC-DWF,MSE,diff,50,0.5431030026804222,77,39
4MXC-DWF,MSE,diff,55,0.5574105632929162,69,35
4MXC-DWF,MSE,diff,60,0.5435289911194888,65,33
4MXC-DWF,MSE,diff,65,0.5518864973410427,55,28
4MXC-DWF,MSE,diff,70,0.5525032025032025,37,19
4MXC-DWF,MSE,diff,75,0.5227053140096618,23,12
4MXC-DWF,MSE,diff,80,0.5,13,7
4MXC-DWF,MSE,diff,85,0.5,13,7
4MXC-DWF,MSE,diff,90,0.4666666666666666,5,3
4MXC-DWF,MSE,diff,95,0.5,3,2
4MXC-DWF,MSE,gradcam,50,0.5212495053675543,77,39
4MXC-DWF,MSE,gradcam,55,0.5174245476035757,69,35
4MXC-DWF,MSE,gradcam,60,0.5193515283108042,65,33
4MXC-DWF,MSE,gradcam,65,0.5216379580015944,55,28
4MXC-DWF,MSE,gradcam,70,0.47994602994603,37,19
4MXC-DWF,MSE,gradcam,75,0.4647342995169082,23,12
4MXC-DWF,MSE,gradcam,80,0.46153846153846156,13,7
4MXC-DWF,MSE,gradcam,85,0.46153846153846156,13,7
4MXC-DWF,MSE,gradcam,90,0.4,5,3
4MXC-DWF,MSE,gradcam,95,0.3333333333333333,3,2
4MXC-DWF,MSE,gradinput,50,0.47530362107480006,77,39
4MXC-DWF,MSE,gradinput,55,0.47880945662275576,69,35
4MXC-DWF,MSE,gradinput,60,0.48284730352603644,65,33
4MXC-DWF,MSE,gradinput,65,0.47466230738957993,55,28
4MXC-DWF,MSE,gradinput,70,0.4523215523215523,37,19
4MXC-DWF,MSE,gradinput,75,0.4405797101449275,23,12
4MXC-DWF,MSE,gradinput,80,0.45128205128205123,13,7
4MXC-DWF,MSE,gradinput,85,0.45128205128205123,13,7
4MXC-DWF,MSE,gradinput,90,0.6,5,3
4MXC-DWF,MSE,gradinput,95,0.8333333333333334,3,2
4MXC-DWF,MSE,ig,50,0.5990101213860815,77,39
4MXC-DWF,MSE,ig,55,0.6019125576990028,69,35
4MXC-DWF,MSE,ig,60,0.6086114501385996,65,33
4MXC-DWF,MSE,ig,65,0.6223690450963179,55,28
4MXC-DWF,MSE,ig,70,0.5994476994476994,37,19
4MXC-DWF,MSE,ig,75,0.6111111111111109,23,12
4MXC-DWF,MSE,ig,80,0.6564102564102564,13,7
4MXC-DWF,MSE,ig,85,0.6564102564102564,13,7
4MXC-DWF,MSE,ig,90,0.6333333333333333,5,3
4MXC-DWF,MSE,ig,95,0.6666666666666666,3,2
4MXC-DWF,MSE,shap,50,0.5140258635212599,77,39
4MXC-DWF,MSE,shap,55,0.5022144711403023,69,35
4MXC-DWF,MSE,shap,60,0.5033122847489363,65,33
4MXC-DWF,MSE,shap,65,0.5055776546685637,55,28
4MXC-DWF,MSE,shap,70,0.46594741594741595,37,19
4MXC-DWF,MSE,shap,75,0.4642512077294686,23,12
4MXC-DWF,MSE,shap,80,0.4025641025641026,13,7
4MXC-DWF,MSE,shap,85,0.4025641025641026,13,7
4MXC-DWF,MSE,shap,90,0.36666666666666664,5,3
4MXC-DWF,MSE,shap,95,0.5,3,2
4MXO-DB8,MSE,cam,50,0.508595289987952,4034,2034
4MXO-DB8,MSE,cam,55,0.5092550214069147,3844,1939
4MXO-DB8,MSE,cam,60,0.5122602057103446,3200,1617
4MXO-DB8,MSE,cam,65,0.523205690260774,1888,955
4MXO-DB8,MSE,cam,70,0.5241958844015806,948,479
4MXO-DB8,MSE,cam,75,0.5301254584996922,489,249
4MXO-DB8,MSE,cam,80,0.5195857795172864,292,150
4MXO-DB8,MSE,cam,85,0.5062500000000001,192,98
4MXO-DB8,MSE,cam,90,0.5287356321839081,58,31
4MXO-DB8,MSE,cam,95,0.625,8,5
4MXO-DB8,MSE,diff,50,0.6149061050607361,4034,2034
4MXO-DB8,MSE,diff,55,0.6160140523452089,3844,1939
4MXO-DB8,MSE,diff,60,0.6183302268095456,3200,1617
4MXO-DB8,MSE,diff,65,0.6212806967044262,1888,955
4MXO-DB8,MSE,diff,70,0.6312466132086386,948,479
4MXO-DB8,MSE,diff,75,0.6316080760866036,489,249
4MXO-DB8,MSE,diff,80,0.6243966079582515,292,150
4MXO-DB8,MSE,diff,85,0.615451388888889,192,98
4MXO-DB8,MSE,diff,90,0.6149425287356323,58,31
4MXO-DB8,MSE,diff,95,0.875,8,5
4MXO-DB8,MSE,gradcam,50,0.538144271314628,4034,2034
4MXO-DB8,MSE,gradcam,55,0.538613191162331,3844,1939
4MXO-DB8,MSE,gradcam,60,0.5400673039685018,3200,1617
4MXO-DB8,MSE,gradcam,65,0.5270971745415589,1888,955
4MXO-DB8,MSE,gradcam,70,0.5328050319347796,948,479
4MXO-DB8,MSE,gradcam,75,0.5299777647937156,489,249
4MXO-DB8,MSE,gradcam,80,0.5400154924983693,292,150
4MXO-DB8,MSE,gradcam,85,0.5381076388888889,192,98
4MXO-DB8,MSE,gradcam,90,0.574712643678161,58,31
4MXO-DB8,MSE,gradcam,95,0.625,8,5
4MXO-DB8,MSE,gradinput,50,0.49421179324941156,4034,2034
4MXO-DB8,MSE,gradinput,55,0.4964814893528503,3844,1939
4MXO-DB8,MSE,gradinput,60,0.5032477442645154,3200,1617
4MXO-DB8,MSE,gradinput,65,0.5056871388968842,1888,955
4MXO-DB8,MSE,gradinput,70,0.5283357611680394,948,479
4MXO-DB8,MSE,gradinput,75,0.5164353880611547,489,249
4MXO-DB8,MSE,gradinput,80,0.5192351598173517,292,150
4MXO-DB8,MSE,gradinput,85,0.5125000000000001,192,98
4MXO-DB8,MSE,gradinput,90,0.5086206896551724,58,31
4MXO-DB8,MSE,gradinput,95,0.625,8,5
4MXO-DB8,MSE,ig,50,0.576137456302944,4034,2034
4MXO-DB8,MSE,ig,55,0.5794848618592682,3844,1939
4MXO-DB8,MSE,ig,60,0.5826672061853564,3200,1617
4MXO-DB8,MSE,ig,65,0.572353852597495,1888,955
4MXO-DB8,MSE,ig,70,0.5679177626171293,948,479
4MXO-DB8,MSE,ig,75,0.5875215048527932,489,249
4MXO-DB8,MSE,ig,80,0.6102943574690147,292,150
4MXO-DB8,MSE,ig,85,0.5953125000000005,192,98
4MXO-DB8,MSE,ig,90,0.5833333333333335,58,31
4MXO-DB8,MSE,ig,95,0.5,8,5
4MXO-DB8,MSE,shap,50,0.528893599662161,4034,2034
4MXO-DB8,MSE,shap,55,0.5301916627345681,3844,1939
4MXO-DB8,MSE,shap,60,0.5321257243063299,3200,1617
4MXO-DB8,MSE,shap,65,0.5307002451997161,1888,955
4MXO-DB8,MSE,shap,70,0.5355257670131082,948,479
4MXO-DB8,MSE,shap,75,0.5366020709578996,489,249
4MXO-DB8,MSE,shap,80,0.5303775277234177,292,150
4MXO-DB8,MSE,shap,85,0.5198784722222225,192,98
4MXO-DB8,MSE,shap,90,0.456896551724138,58,31
4MXO-DB8,MSE,shap,95,0.125,8,5
4NR7-2LO,MSE,cam,50,0.5,26,13
4NR7-2LO,MSE,cam,55,0.5,26,13
4NR7-2LO,MSE,cam,60,0.5,26,13
4NR7-2LO,MSE,cam,65,0.5,26,13
4NR7-2LO,MSE,cam,70,0.5,26,13
4NR7-2LO,MSE,cam,75,0.5,26,13
4NR7-2LO,MSE,cam,80,0.5,26,13
4NR7-2LO,MSE,cam,85,0.5,22,11
4NR7-2LO,MSE,cam,90,0.5,8,4
4NR7-2LO,MSE,cam,95,,0,0
4NR7-2LO,MSE,diff,50,0.575,26,13
4NR7-2LO,MSE,diff,55,0.575,26,13
4NR7-2LO,MSE,diff,60,0.575,26,13
4NR7-2LO,MSE,diff,65,0.575,26,13
4NR7-2LO,MSE,diff,70,0.575,26,13
4NR7-2LO,MSE,diff,75,0.575,26,13
4NR7-2LO,MSE,diff,80,0.575,26,13
4NR7-2LO,MSE,diff,85,0.5962121212121212,22,11
4NR7-2LO,MSE,diff,90,0.6458333333333334,8,4
4NR7-2LO,MSE,diff,95,,0,0
4NR7-2LO,MSE,gradcam,50,0.5166666666666667,26,13
4NR7-2LO,MSE,gradcam,55,0.5166666666666667,26,13
4NR7-2LO,MSE,gradcam,60,0.5166666666666667,26,13
4NR7-2LO,MSE,gradcam,65,0.5166666666666667,26,13
4NR7-2LO,MSE,gradcam,70,0.5166666666666667,26,13
4NR7-2LO,MSE,gradcam,75,0.5166666666666667,26,13
4NR7-2LO,MSE,gradcam,80,0.5166666666666667,26,13
4NR7-2LO,MSE,gradcam,85,0.5159090909090909,22,11
4NR7-2LO,MSE,gradcam,90,0.5,8,4
4NR7-2LO,MSE,gradcam,95,,0,0
4NR7-2LO,MSE,gradinput,50,0.5121794871794872,26,13
4NR7-2LO,MSE,gradinput,55,0.5121794871794872,26,13
4NR7-2LO,MSE,gradinput,60,0.5121794871794872,26,13
4NR7-2LO,MSE,gradinput,65,0.5121794871794872,26,13
4NR7-2LO,MSE,gradinput,70,0.5121794871794872,26,13
4NR7-2LO,MSE,gradinput,75,0.5121794871794872,26,13
4NR7-2LO,MSE,gradinput,80,0.5121794871794872,26,13
4NR7-2LO,MSE,gradinput,85,0.4840909090909091,22,11
4NR7-2LO,MSE,gradinput,90,0.5,8,4
4NR7-2LO,MSE,gradinput,95,,0,0
4NR7-2LO,MSE,ig,50,0.6916666666666665,26,13
4NR7-2LO,MSE,ig,55,0.6916666666666665,26,13
4NR7-2LO,MSE,ig,60,0.6916666666666665,26,13
4NR7-2LO,MSE,ig,65,0.6916666666666665,26,13
4NR7-2LO,MSE,ig,70,0.6916666666666665,26,13
4NR7-2LO,MSE,ig,75,0.6916666666666665,26,13
4NR7-2LO,MSE,ig,80,0.6916666666666665,26,13
4NR7-2LO,MSE,ig,85,0.7113636363636364,22,11
4NR7-2LO,MSE,ig,90,0.75,8,4
4NR7-2LO,MSE,ig,95,,0,0
4NR7-2LO,MSE,shap,50,0.5493589743589743,26,13
4NR7-2LO,MSE,shap,55,0.5493589743589743,26,13
4NR7-2LO,MSE,shap,60,0.5493589743589743,26,13
4NR7-2LO,MSE,shap,65,0.5493589743589743,26,13
4NR7-2LO,MSE,shap,70,0.5493589743589743,26,13
4NR7-2LO,MSE,shap,75,0.5493589743589743,26,13
4NR7-2LO,MSE,shap,80,0.5493589743589743,26,13
4NR7-2LO,MSE,shap,85,0.5393939393939393,22,11
4NR7-2LO,MSE,shap,90,0.5833333333333334,8,4
4NR7-2LO,MSE,shap,95,,0,0
4O04-2Q8,MSE,cam,50,0.9186991869918698,41,38
4O04-2Q8,MSE,cam,55,0.9186991869918698,41,38
4O04-2Q8,MSE,cam,60,0.9186991869918698,41,38
4O04-2Q8,MSE,cam,65,0.9186991869918698,41,38
4O04-2Q8,MSE,cam,70,0.9186991869918698,41,38
4O04-2Q8,MSE,cam,75,0.9186991869918698,41,38
4O04-2Q8,MSE,cam,80,0.9099099099099098,37,34
4O04-2Q8,MSE,cam,85,0.9444444444444443,24,23
4O04-2Q8,MSE,cam,90,0.980392156862745,17,17
4O04-2Q8,MSE,cam,95,1.0,2,2
4O04-2Q8,MSE,diff,50,0.6020905923344947,41,38
4O04-2Q8,MSE,diff,55,0.6020905923344947,41,38
4O04-2Q8,MSE,diff,60,0.6020905923344947,41,38
4O04-2Q8,MSE,diff,65,0.6020905923344947,41,38
4O04-2Q8,MSE,diff,70,0.6020905923344947,41,38
4O04-2Q8,MSE,diff,75,0.6020905923344947,41,38
4O04-2Q8,MSE,diff,80,0.6054054054054053,37,34
4O04-2Q8,MSE,diff,85,0.6805555555555557,24,23
4O04-2Q8,MSE,diff,90,0.696078431372549,17,17
4O04-2Q8,MSE,diff,95,1.0,2,2
4O04-2Q8,MSE,gradcam,50,0.6436701509872242,41,38
4O04-2Q8,MSE,gradcam,55,0.6436701509872242,41,38
4O04-2Q8,MSE,gradcam,60,0.6436701509872242,41,38
4O04-2Q8,MSE,gradcam,65,0.6436701509872242,41,38
4O04-2Q8,MSE,gradcam,70,0.6436701509872242,41,38
4O04-2Q8,MSE,gradcam,75,0.6436701509872242,41,38
4O04-2Q8,MSE,gradcam,80,0.636036036036036,37,34
4O04-2Q8,MSE,gradcam,85,0.6666666666666666,24,23
4O04-2Q8,MSE,gradcam,90,0.6470588235294117,17,17
4O04-2Q8,MSE,gradcam,95,0.5,2,2
4O04-2Q8,MSE,gradinput,50,0.3195702671312427,41,38
4O04-2Q8,MSE,gradinput,55,0.3195702671312427,41,38
4O04-2Q8,MSE,gradinput,60,0.3195702671312427,41,38
4O04-2Q8,MSE,gradinput,65,0.3195702671312427,41,38
4O04-2Q8,MSE,gradinput,70,0.3195702671312427,41,38
4O04-2Q8,MSE,gradinput,75,0.3195702671312427,41,38
4O04-2Q8,MSE,gradinput,80,0.29234234234234235,37,34
4O04-2Q8,MSE,gradinput,85,0.3159722222222222,24,23
4O04-2Q8,MSE,gradinput,90,0.37254901960784315,17,17
4O04-2Q8,MSE,gradinput,95,1.0,2,2
4O04-2Q8,MSE,ig,50,0.7151567944250873,41,38
4O04-2Q8,MSE,ig,55,0.7151567944250873,41,38
4O04-2Q8,MSE,ig,60,0.7151567944250873,41,38
4O04-2Q8,MSE,ig,65,0.7151567944250873,41,38
4O04-2Q8,MSE,ig,70,0.7151567944250873,41,38
4O04-2Q8,MSE,ig,75,0.7151567944250873,41,38
4O04-2Q8,MSE,ig,80,0.722972972972973,37,34
4O04-2Q8,MSE,ig,85,0.8159722222222223,24,23
4O04-2Q8,MSE,ig,90,0.872549019607843,17,17
4O04-2Q8,MSE,ig,95,1.0,2,2
4O04-2Q8,MSE,shap,50,0.5128339140534263,41,38
4O04-2Q8,MSE,shap,55,0.5128339140534263,41,38
4O04-2Q8,MSE,shap,60,0.5128339140534263,41,38
4O04-2Q8,MSE,shap,65,0.5128339140534263,41,38
4O04-2Q8,MSE,shap,70,0.5128339140534263,41,38
4O04-2Q8,MSE,shap,75,0.5128339140534263,41,38
4O04-2Q8,MSE,shap,80,0.5103603603603604,37,34
4O04-2Q8,MSE,shap,85,0.5312499999999999,24,23
4O04-2Q8,MSE,shap,90,0.6470588235294117,17,17
4O04-2Q8,MSE,shap,95,0.5,2,2
4O1L-HO4,MSE,cam,50,0.5093942122303469,1904,988
4O1L-HO4,MSE,cam,55,0.5108649000937865,1634,853
4O1L-HO4,MSE,cam,60,0.5150238394478025,1085,577
4O1L-HO4,MSE,cam,65,0.5170836696260424,885,476
4O1L-HO4,MSE,cam,70,0.5189699468244009,797,432
4O1L-HO4,MSE,cam,75,0.5266237132489076,643,352
4O1L-HO4,MSE,cam,80,0.5355072463768117,460,259
4O1L-HO4,MSE,cam,85,0.5447761194029851,268,161
4O1L-HO4,MSE,cam,90,0.5637583892617449,149,99
4O1L-HO4,MSE,cam,95,0.4634146341463415,41,27
4O1L-HO4,MSE,diff,50,0.5570161476338101,1904,988
4O1L-HO4,MSE,diff,55,0.5568903183040284,1634,853
4O1L-HO4,MSE,diff,60,0.6118440110836415,1085,577
4O1L-HO4,MSE,diff,65,0.6291343621852096,885,476
4O1L-HO4,MSE,diff,70,0.6420226643564159,797,432
4O1L-HO4,MSE,diff,75,0.6471376731096793,643,352
4O1L-HO4,MSE,diff,80,0.6432246376811595,460,259
4O1L-HO4,MSE,diff,85,0.6478233830845771,268,161
4O1L-HO4,MSE,diff,90,0.7102908277404921,149,99
4O1L-HO4,MSE,diff,95,0.6829268292682927,41,27
4O1L-HO4,MSE,gradcam,50,0.5083639424249765,1904,988
4O1L-HO4,MSE,gradcam,55,0.5108011022025744,1634,853
4O1L-HO4,MSE,gradcam,60,0.5052205756353217,1085,577
4O1L-HO4,MSE,gradcam,65,0.5108008250381124,885,476
4O1L-HO4,MSE,gradcam,70,0.5153611758379633,797,432
4O1L-HO4,MSE,gradcam,75,0.519906687402799,643,352
4O1L-HO4,MSE,gradcam,80,0.5680797101449271,460,259
4O1L-HO4,MSE,gradcam,85,0.6149253731343286,268,161
4O1L-HO4,MSE,gradcam,90,0.6722595078299775,149,99
4O1L-HO4,MSE,gradcam,95,0.7560975609756098,41,27
4O1L-HO4,MSE,gradinput,50,0.5068871713895348,1904,988
4O1L-HO4,MSE,gradinput,55,0.5075315952916917,1634,853
4O1L-HO4,MSE,gradinput,60,0.5010245745038373,1085,577
4O1L-HO4,MSE,gradinput,65,0.49468999926627044,885,476
4O1L-HO4,MSE,gradinput,70,0.49292684869849246,797,432
4O1L-HO4,MSE,gradinput,75,0.49429571206398615,643,352
4O1L-HO4,MSE,gradinput,80,0.5092753623188409,460,259
4O1L-HO4,MSE,gradinput,85,0.5384950248756217,268,161
4O1L-HO4,MSE,gradinput,90,0.5335570469798658,149,99
4O1L-HO4,MSE,gradinput,95,0.5365853658536586,41,27
4O1L-HO4,MSE,ig,50,0.6359649446899979,1904,988
4O1L-HO4,MSE,ig,55,0.6342348559912852,1634,853
4O1L-HO4,MSE,ig,60,0.6255240842107195,1085,577
4O1L-HO4,MSE,ig,65,0.6257098833370013,885,476
4O1L-HO4,MSE,ig,70,0.628311027464102,797,432
4O1L-HO4,MSE,ig,75,0.6231837369473451,643,352
4O1L-HO4,MSE,ig,80,0.5995652173913046,460,259
4O1L-HO4,MSE,ig,85,0.6037935323383086,268,161
4O1L-HO4,MSE,ig,90,0.6017897091722595,149,99
4O1L-HO4,MSE,ig,95,0.6097560975609756,41,27
4O1L-HO4,MSE,shap,50,0.4867024285975882,1904,988
4O1L-HO4,MSE,shap,55,0.4877001942026428,1634,853
4O1L-HO4,MSE,shap,60,0.5039002369877938,1085,577
4O1L-HO4,MSE,shap,65,0.5060463798599393,885,476
4O1L-HO4,MSE,shap,70,0.5055615303419573,797,432
4O1L-HO4,MSE,shap,75,0.5092572021032364,643,352
4O1L-HO4,MSE,shap,80,0.5200724637681157,460,259
4O1L-HO4,MSE,shap,85,0.5342039800995023,268,161
4O1L-HO4,MSE,shap,90,0.5604026845637586,149,99
4O1L-HO4,MSE,shap,95,0.6097560975609756,41,27
4OBO-2QV,MSE,cam,50,0.5,30,16
4OBO-2QV,MSE,cam,55,0.5,30,16
4OBO-2QV,MSE,cam,60,0.5,30,16
4OBO-2QV,MSE,cam,65,0.5,30,16
4OBO-2QV,MSE,cam,70,0.5,26,14
4OBO-2QV,MSE,cam,75,0.5,26,14
4OBO-2QV,MSE,cam,80,0.5,22,12
4OBO-2QV,MSE,cam,85,0.5,14,8
4OBO-2QV,MSE,cam,90,0.5,4,3
4OBO-2QV,MSE,cam,95,,0,0
4OBO-2QV,MSE,diff,50,0.6577777777777778,30,16
4OBO-2QV,MSE,diff,55,0.6577777777777778,30,16
4OBO-2QV,MSE,diff,60,0.6577777777777778,30,16
4OBO-2QV,MSE,diff,65,0.6577777777777778,30,16
4OBO-2QV,MSE,diff,70,0.6435897435897436,26,14
4OBO-2QV,MSE,diff,75,0.6435897435897436,26,14
4OBO-2QV,MSE,diff,80,0.6515151515151515,22,12
4OBO-2QV,MSE,diff,85,0.7142857142857143,14,8
4OBO-2QV,MSE,diff,90,1.0,4,3
4OBO-2QV,MSE,diff,95,,0,0
4OBO-2QV,MSE,gradcam,50,0.44583333333333336,30,16
4OBO-2QV,MSE,gradcam,55,0.44583333333333336,30,16
4OBO-2QV,MSE,gradcam,60,0.44583333333333336,30,16
4OBO-2QV,MSE,gradcam,65,0.44583333333333336,30,16
4OBO-2QV,MSE,gradcam,70,0.4423076923076923,26,14
4OBO-2QV,MSE,gradcam,75,0.4423076923076923,26,14
4OBO-2QV,MSE,gradcam,80,0.4318181818181818,22,12
4OBO-2QV,MSE,gradcam,85,0.39285714285714285,14,8
4OBO-2QV,MSE,gradcam,90,0.5,4,3
4OBO-2QV,MSE,gradcam,95,,0,0
4OBO-2QV,MSE,gradinput,50,0.6252777777777777,30,16
4OBO-2QV,MSE,gradinput,55,0.6252777777777777,30,16
4OBO-2QV,MSE,gradinput,60,0.6252777777777777,30,16
4OBO-2QV,MSE,gradinput,65,0.6252777777777777,30,16
4OBO-2QV,MSE,gradinput,70,0.6269230769230769,26,14
4OBO-2QV,MSE,gradinput,75,0.6269230769230769,26,14
4OBO-2QV,MSE,gradinput,80,0.6136363636363636,22,12
4OBO-2QV,MSE,gradinput,85,0.6071428571428571,14,8
4OBO-2QV,MSE,gradinput,90,0.5,4,3
4OBO-2QV,MSE,gradinput,95,,0,0
4OBO-2QV,MSE,ig,50,0.8861111111111112,30,16
4OBO-2QV,MSE,ig,55,0.8861111111111112,30,16
4OBO-2QV,MSE,ig,60,0.8861111111111112,30,16
4OBO-2QV,MSE,ig,65,0.8861111111111112,30,16
4OBO-2QV,MSE,ig,70,0.8782051282051283,26,14
4OBO-2QV,MSE,ig,75,0.8782051282051283,26,14
4OBO-2QV,MSE,ig,80,0.8560606060606062,22,12
4OBO-2QV,MSE,ig,85,0.8928571428571429,14,8
4OBO-2QV,MSE,ig,90,0.75,4,3
4OBO-2QV,MSE,ig,95,,0,0
4OBO-2QV,MSE,shap,50,0.6591666666666668,30,16
4OBO-2QV,MSE,shap,55,0.6591666666666668,30,16
4OBO-2QV,MSE,shap,60,0.6591666666666668,30,16
4OBO-2QV,MSE,shap,65,0.6591666666666668,30,16
4OBO-2QV,MSE,shap,70,0.6500000000000001,26,14
4OBO-2QV,MSE,shap,75,0.6500000000000001,26,14
4OBO-2QV,MSE,shap,80,0.6590909090909091,22,12
4OBO-2QV,MSE,shap,85,0.75,14,8
4OBO-2QV,MSE,shap,90,1.0,4,3
4OBO-2QV,MSE,shap,95,,0,0
4OBZ-2S4,MSE,cam,50,0.5184909083164896,2236,1154
4OBZ-2S4,MSE,cam,55,0.5185406596393142,2230,1151
4OBZ-2S4,MSE,cam,60,0.5187993030973885,2194,1133
4OBZ-2S4,MSE,cam,65,0.5202781076674882,2034,1053
4OBZ-2S4,MSE,cam,70,0.5213537619787619,1872,972
4OBZ-2S4,MSE,cam,75,0.5216630481980027,1645,858
4OBZ-2S4,MSE,cam,80,0.5217484152752012,1232,651
4OBZ-2S4,MSE,cam,85,0.5295668549905838,708,381
4OBZ-2S4,MSE,cam,90,0.545,200,114
4OBZ-2S4,MSE,cam,95,0.5,18,12
4OBZ-2S4,MSE,diff,50,0.6163118959341731,2236,1154
4OBZ-2S4,MSE,diff,55,0.6165443552149436,2230,1151
4OBZ-2S4,MSE,diff,60,0.6153668031895425,2194,1133
4OBZ-2S4,MSE,diff,65,0.6098580636560001,2034,1053
4OBZ-2S4,MSE,diff,70,0.5972179248220937,1872,972
4OBZ-2S4,MSE,diff,75,0.5852267573696146,1645,858
4OBZ-2S4,MSE,diff,80,0.585970354050711,1232,651
4OBZ-2S4,MSE,diff,85,0.5840866290018837,708,381
4OBZ-2S4,MSE,diff,90,0.65125,200,114
4OBZ-2S4,MSE,diff,95,0.8333333333333334,18,12
4OBZ-2S4,MSE,gradcam,50,0.5377704379944159,2236,1154
4OBZ-2S4,MSE,gradcam,55,0.5378211418125386,2230,1151
4OBZ-2S4,MSE,gradcam,60,0.5369628746575912,2194,1133
4OBZ-2S4,MSE,gradcam,65,0.5349911055294542,2034,1053
4OBZ-2S4,MSE,gradcam,70,0.536612962654629,1872,972
4OBZ-2S4,MSE,gradcam,75,0.5392792010421193,1645,858
4OBZ-2S4,MSE,gradcam,80,0.5384150819418677,1232,651
4OBZ-2S4,MSE,gradcam,85,0.5513418079096047,708,381
4OBZ-2S4,MSE,gradcam,90,0.5145833333333334,200,114
4OBZ-2S4,MSE,gradcam,95,0.5,18,12
4OBZ-2S4,MSE,gradinput,50,0.4869260136674291,2236,1154
4OBZ-2S4,MSE,gradinput,55,0.48701813871939675,2230,1151
4OBZ-2S4,MSE,gradinput,60,0.48723897147471895,2194,1133
4OBZ-2S4,MSE,gradinput,65,0.4871844232463682,2034,1053
4OBZ-2S4,MSE,gradinput,70,0.48213156442322985,1872,972
4OBZ-2S4,MSE,gradinput,75,0.4772572007526405,1645,858
4OBZ-2S4,MSE,gradinput,80,0.4751111239950529,1232,651
4OBZ-2S4,MSE,gradinput,85,0.47022128060263707,708,381
4OBZ-2S4,MSE,gradinput,90,0.4720833333333335,200,114
4OBZ-2S4,MSE,gradinput,95,0.2777777777777778,18,12
4OBZ-2S4,MSE,ig,50,0.536858029127161,2236,1154
4OBZ-2S4,MSE,ig,55,0.5367650142151392,2230,1151
4OBZ-2S4,MSE,ig,60,0.5365743900792705,2194,1133
4OBZ-2S4,MSE,ig,65,0.5359237493087058,2034,1053
4OBZ-2S4,MSE,ig,70,0.5349773683106994,1872,972
4OBZ-2S4,MSE,ig,75,0.5336167800453502,1645,858
4OBZ-2S4,MSE,ig,80,0.5261701839826839,1232,651
4OBZ-2S4,MSE,ig,85,0.5233992467043321,708,381
4OBZ-2S4,MSE,ig,90,0.55125,200,114
4OBZ-2S4,MSE,ig,95,0.4166666666666667,18,12
4OBZ-2S4,MSE,shap,50,0.5268123829880648,2236,1154
4OBZ-2S4,MSE,shap,55,0.5269195661163482,2230,1151
4OBZ-2S4,MSE,shap,60,0.5267115701964757,2194,1133
4OBZ-2S4,MSE,shap,65,0.5258337341670667,2034,1053
4OBZ-2S4,MSE,shap,70,0.5249974177057501,1872,972
4OBZ-2S4,MSE,shap,75,0.5237226805615854,1645,858
4OBZ-2S4,MSE,shap,80,0.5231282854050706,1232,651
4OBZ-2S4,MSE,shap,85,0.5232344632768364,708,381
4OBZ-2S4,MSE,shap,90,0.5316666666666667,200,114
4OBZ-2S4,MSE,shap,95,0.5833333333333334,18,12
4OCZ-2RU,MSE,cam,50,0.5709850646148723,416,227
4OCZ-2RU,MSE,cam,55,0.5800117028565305,348,193
4OCZ-2RU,MSE,cam,60,0.5844996782496782,296,166
4OCZ-2RU,MSE,cam,65,0.5995384938116216,227,129
4OCZ-2RU,MSE,cam,70,0.6290627362055934,126,73
4OCZ-2RU,MSE,cam,75,0.6309523809523809,92,54
4OCZ-2RU,MSE,cam,80,0.6041666666666666,48,30
4OCZ-2RU,MSE,cam,85,0.5945945945945946,37,23
4OCZ-2RU,MSE,cam,90,0.5769230769230769,26,16
4OCZ-2RU,MSE,cam,95,0.5714285714285714,21,13
4OCZ-2RU,MSE,diff,50,0.5880207366084772,416,227
4OCZ-2RU,MSE,diff,55,0.6040923436397573,348,193
4OCZ-2RU,MSE,diff,60,0.615443359193359,296,166
4OCZ-2RU,MSE,diff,65,0.6292439816668896,227,129
4OCZ-2RU,MSE,diff,70,0.6500251952632905,126,73
4OCZ-2RU,MSE,diff,75,0.675103519668737,92,54
4OCZ-2RU,MSE,diff,80,0.7434027777777777,48,30
4OCZ-2RU,MSE,diff,85,0.7612612612612613,37,23
4OCZ-2RU,MSE,diff,90,0.7307692307692307,26,16
4OCZ-2RU,MSE,diff,95,0.7142857142857143,21,13
4OCZ-2RU,MSE,gradcam,50,0.5976696914196913,416,227
4OCZ-2RU,MSE,gradcam,55,0.5998205498205497,348,193
4OCZ-2RU,MSE,gradcam,60,0.6009023915273917,296,166
4OCZ-2RU,MSE,gradcam,65,0.6140317587454153,227,129
4OCZ-2RU,MSE,gradcam,70,0.6244394053917862,126,73
4OCZ-2RU,MSE,gradcam,75,0.6240942028985508,92,54
4OCZ-2RU,MSE,gradcam,80,0.6972222222222223,48,30
4OCZ-2RU,MSE,gradcam,85,0.7117117117117118,37,23
4OCZ-2RU,MSE,gradcam,90,0.7307692307692307,26,16
4OCZ-2RU,MSE,gradcam,95,0.7142857142857143,21,13
4OCZ-2RU,MSE,gradinput,50,0.5382403387211079,416,227
4OCZ-2RU,MSE,gradinput,55,0.5546208979398635,348,193
4OCZ-2RU,MSE,gradinput,60,0.5602879102879104,296,166
4OCZ-2RU,MSE,gradinput,65,0.5668778724946124,227,129
4OCZ-2RU,MSE,gradinput,70,0.5763668430335097,126,73
4OCZ-2RU,MSE,gradinput,75,0.5834109730848861,92,54
4OCZ-2RU,MSE,gradinput,80,0.634375,48,30
4OCZ-2RU,MSE,gradinput,85,0.6486486486486487,37,23
4OCZ-2RU,MSE,gradinput,90,0.6346153846153846,26,16
4OCZ-2RU,MSE,gradinput,95,0.6666666666666666,21,13
4OCZ-2RU,MSE,ig,50,0.6424898185415009,416,227
4OCZ-2RU,MSE,ig,55,0.6611659373512822,348,193
4OCZ-2RU,MSE,ig,60,0.671769924894925,296,166
4OCZ-2RU,MSE,ig,65,0.6794067166313862,227,129
4OCZ-2RU,MSE,ig,70,0.6205152431342909,126,73
4OCZ-2RU,MSE,ig,75,0.6211438923395444,92,54
4OCZ-2RU,MSE,ig,80,0.6572916666666667,48,30
4OCZ-2RU,MSE,ig,85,0.6261261261261262,37,23
4OCZ-2RU,MSE,ig,90,0.5384615384615384,26,16
4OCZ-2RU,MSE,ig,95,0.47619047619047616,21,13
4OCZ-2RU,MSE,shap,50,0.5485036964904754,416,227
4OCZ-2RU,MSE,shap,55,0.55782314747832,348,193
4OCZ-2RU,MSE,shap,60,0.567075895200895,296,166
4OCZ-2RU,MSE,shap,65,0.5681217460953144,227,129
4OCZ-2RU,MSE,shap,70,0.5664399092970519,126,73
4OCZ-2RU,MSE,shap,75,0.5763457556935816,92,54
4OCZ-2RU,MSE,shap,80,0.5760416666666667,48,30
4OCZ-2RU,MSE,shap,85,0.5711711711711712,37,23
4OCZ-2RU,MSE,shap,90,0.5769230769230769,26,16
4OCZ-2RU,MSE,shap,95,0.5238095238095238,21,13
4PHW-2W1,MSE,cam,50,0.5467595088349806,1590,821
4PHW-2W1,MSE,cam,55,0.5471150944534976,1578,815
4PHW-2W1,MSE,cam,60,0.5474761296600378,1566,809
4PHW-2W1,MSE,cam,65,0.5480903098626256,1546,799
4PHW-2W1,MSE,cam,70,0.5543251620174697,1352,702
4PHW-2W1,MSE,cam,75,0.5545641259698767,1252,652
4PHW-2W1,MSE,cam,80,0.540447561790247,998,525
4PHW-2W1,MSE,cam,85,0.5277777777777778,576,313
4PHW-2W1,MSE,cam,90,0.53125,336,190
4PHW-2W1,MSE,cam,95,0.5945945945945946,37,29
4PHW-2W1,MSE,diff,50,0.6708366486044052,1590,821
4PHW-2W1,MSE,diff,55,0.6714405331325473,1578,815
4PHW-2W1,MSE,diff,60,0.6721753307002345,1566,809
4PHW-2W1,MSE,diff,65,0.6715843628844919,1546,799
4PHW-2W1,MSE,diff,70,0.6678369974043039,1352,702
4PHW-2W1,MSE,diff,75,0.6703341320553771,1252,652
4PHW-2W1,MSE,diff,80,0.6865874606355571,998,525
4PHW-2W1,MSE,diff,85,0.7113136574074079,576,313
4PHW-2W1,MSE,diff,90,0.7043650793650785,336,190
4PHW-2W1,MSE,diff,95,0.6756756756756757,37,29
4PHW-2W1,MSE,gradcam,50,0.5928143466781094,1590,821
4PHW-2W1,MSE,gradcam,55,0.5942184030587075,1578,815
4PHW-2W1,MSE,gradcam,60,0.5954315905465334,1566,809
4PHW-2W1,MSE,gradcam,65,0.5956312230244963,1546,799
4PHW-2W1,MSE,gradcam,70,0.600271283203977,1352,702
4PHW-2W1,MSE,gradcam,75,0.6094315761448372,1252,652
4PHW-2W1,MSE,gradcam,80,0.6195271495371695,998,525
4PHW-2W1,MSE,gradcam,85,0.6254629629629629,576,313
4PHW-2W1,MSE,gradcam,90,0.6071428571428577,336,190
4PHW-2W1,MSE,gradcam,95,0.5135135135135135,37,29
4PHW-2W1,MSE,gradinput,50,0.5433077816457395,1590,821
4PHW-2W1,MSE,gradinput,55,0.5445079283482324,1578,815
4PHW-2W1,MSE,gradinput,60,0.5450384509771482,1566,809
4PHW-2W1,MSE,gradinput,65,0.5455995348621481,1546,799
4PHW-2W1,MSE,gradinput,70,0.5471673625519781,1352,702
4PHW-2W1,MSE,gradinput,75,0.5447918251432621,1252,652
4PHW-2W1,MSE,gradinput,80,0.5484468937875755,998,525
4PHW-2W1,MSE,gradinput,85,0.5565972222222224,576,313
4PHW-2W1,MSE,gradinput,90,0.5218253968253967,336,190
4PHW-2W1,MSE,gradinput,95,0.5135135135135135,37,29
4PHW-2W1,MSE,ig,50,0.5744862211718479,1590,821
4PHW-2W1,MSE,ig,55,0.57451840512677,1578,815
4PHW-2W1,MSE,ig,60,0.5747525994652432,1566,809
4PHW-2W1,MSE,ig,65,0.5752699435105645,1546,799
4PHW-2W1,MSE,ig,70,0.5746488287353676,1352,702
4PHW-2W1,MSE,ig,75,0.5715658121608606,1252,652
4PHW-2W1,MSE,ig,80,0.573284664567231,998,525
4PHW-2W1,MSE,ig,85,0.5956886574074072,576,313
4PHW-2W1,MSE,ig,90,0.5868055555555557,336,190
4PHW-2W1,MSE,ig,95,0.5675675675675675,37,29
4PHW-2W1,MSE,shap,50,0.5139268602795233,1590,821
4PHW-2W1,MSE,shap,55,0.5135147453588511,1578,815
4PHW-2W1,MSE,shap,60,0.5135446255178048,1566,809
4PHW-2W1,MSE,shap,65,0.5142865938144067,1546,799
4PHW-2W1,MSE,shap,70,0.5143684307145843,1352,702
4PHW-2W1,MSE,shap,75,0.5115383640144026,1252,652
4PHW-2W1,MSE,shap,80,0.5060549670770114,998,525
4PHW-2W1,MSE,shap,85,0.507783564814815,576,313
4PHW-2W1,MSE,shap,90,0.49900793650793646,336,190
4PHW-2W1,MSE,shap,95,0.5135135135135135,37,29
4PM0-32V,MSE,cam,50,0.5708812260536399,261,154
4PM0-32V,MSE,cam,55,0.5689655172413793,232,137
4PM0-32V,MSE,cam,60,0.5588235294117647,170,100
4PM0-32V,MSE,cam,65,0.5522388059701493,134,79
4PM0-32V,MSE,cam,70,0.5434782608695652,92,55
4PM0-32V,MSE,cam,75,0.48148148148148145,54,31
4PM0-32V,MSE,cam,80,0.45161290322580644,31,18
4PM0-32V,MSE,cam,85,0.4230769230769231,26,15
4PM0-32V,MSE,cam,90,0.42857142857142855,7,4
4PM0-32V,MSE,cam,95,,0,0
4PM0-32V,MSE,diff,50,0.7387081947426765,261,154
4PM0-32V,MSE,diff,55,0.746302368608402,232,137
4PM0-32V,MSE,diff,60,0.744262159409218,170,100
4PM0-32V,MSE,diff,65,0.7525155607245158,134,79
4PM0-32V,MSE,diff,70,0.7490036231884057,92,55
4PM0-32V,MSE,diff,75,0.7641975308641974,54,31
4PM0-32V,MSE,diff,80,0.7849462365591398,31,18
4PM0-32V,MSE,diff,85,0.8269230769230769,26,15
4PM0-32V,MSE,diff,90,0.8571428571428571,7,4
4PM0-32V,MSE,diff,95,,0,0
4PM0-32V,MSE,gradcam,50,0.6935179124834293,261,154
4PM0-32V,MSE,gradcam,55,0.7000248314903482,232,137
4PM0-32V,MSE,gradcam,60,0.6803200067905952,170,100
4PM0-32V,MSE,gradcam,65,0.6738315995778682,134,79
4PM0-32V,MSE,gradcam,70,0.6675465838509316,92,55
4PM0-32V,MSE,gradcam,75,0.6901234567901233,54,31
4PM0-32V,MSE,gradcam,80,0.8118279569892473,31,18
4PM0-32V,MSE,gradcam,85,0.8589743589743589,26,15
4PM0-32V,MSE,gradcam,90,0.7142857142857143,7,4
4PM0-32V,MSE,gradcam,95,,0,0
4PM0-32V,MSE,gradinput,50,0.5707804753781767,261,154
4PM0-32V,MSE,gradinput,55,0.5815767685379755,232,137
4PM0-32V,MSE,gradinput,60,0.5719045496986674,170,100
4PM0-32V,MSE,gradinput,65,0.5790964011113265,134,79
4PM0-32V,MSE,gradinput,70,0.5679089026915115,92,55
4PM0-32V,MSE,gradinput,75,0.5694444444444444,54,31
4PM0-32V,MSE,gradinput,80,0.5591397849462365,31,18
4PM0-32V,MSE,gradinput,85,0.5576923076923077,26,15
4PM0-32V,MSE,gradinput,90,0.5714285714285714,7,4
4PM0-32V,MSE,gradinput,95,,0,0
4PM0-32V,MSE,ig,50,0.6665781111183408,261,154
4PM0-32V,MSE,ig,55,0.6693732512698026,232,137
4PM0-32V,MSE,ig,60,0.6603119429590016,170,100
4PM0-32V,MSE,ig,65,0.6348840214511855,134,79
4PM0-32V,MSE,ig,70,0.606741718426501,92,55
4PM0-32V,MSE,ig,75,0.5154320987654321,54,31
4PM0-32V,MSE,ig,80,0.37634408602150543,31,18
4PM0-32V,MSE,ig,85,0.391025641025641,26,15
4PM0-32V,MSE,ig,90,0.5714285714285714,7,4
4PM0-32V,MSE,ig,95,,0,0
4PM0-32V,MSE,shap,50,0.562648079889459,261,154
4PM0-32V,MSE,shap,55,0.567424924213717,232,137
4PM0-32V,MSE,shap,60,0.5602499787793908,170,100
4PM0-32V,MSE,shap,65,0.5573334625573433,134,79
4PM0-32V,MSE,shap,70,0.5300077639751553,92,55
4PM0-32V,MSE,shap,75,0.5246913580246914,54,31
4PM0-32V,MSE,shap,80,0.49193548387096775,31,18
4PM0-32V,MSE,shap,85,0.532051282051282,26,15
4PM0-32V,MSE,shap,90,0.5714285714285714,7,4
4PM0-32V,MSE,shap,95,,0,0
4QHV-IXF,MSE,cam,50,0.4945054945054945,91,50
4QHV-IXF,MSE,cam,55,0.4945054945054945,91,50
4QHV-IXF,MSE,cam,60,0.4945054945054945,91,50
4QHV-IXF,MSE,cam,65,0.4945054945054945,91,50
4QHV-IXF,MSE,cam,70,0.4945054945054945,91,50
4QHV-IXF,MSE,cam,75,0.49411764705882355,85,47
4QHV-IXF,MSE,cam,80,0.5,56,31
4QHV-IXF,MSE,cam,85,0.4642857142857143,28,16
4QHV-IXF,MSE,cam,90,0.5,8,5
4QHV-IXF,MSE,cam,95,0.5,2,2
4QHV-IXF,MSE,diff,50,0.6007326007326008,91,50
4QHV-IXF,MSE,diff,55,0.6007326007326008,91,50
4QHV-IXF,MSE,diff,60,0.6007326007326008,91,50
4QHV-IXF,MSE,diff,65,0.6007326007326008,91,50
4QHV-IXF,MSE,diff,70,0.6007326007326008,91,50
4QHV-IXF,MSE,diff,75,0.6166666666666667,85,47
4QHV-IXF,MSE,diff,80,0.668154761904762,56,31
4QHV-IXF,MSE,diff,85,0.7202380952380952,28,16
4QHV-IXF,MSE,diff,90,0.75,8,5
4QHV-IXF,MSE,diff,95,0.5,2,2
4QHV-IXF,MSE,gradcam,50,0.5874934589220305,91,50
4QHV-IXF,MSE,gradcam,55,0.5874934589220305,91,50
4QHV-IXF,MSE,gradcam,60,0.5874934589220305,91,50
4QHV-IXF,MSE,gradcam,65,0.5874934589220305,91,50
4QHV-IXF,MSE,gradcam,70,0.5874934589220305,91,50
4QHV-IXF,MSE,gradcam,75,0.5886274509803923,85,47
4QHV-IXF,MSE,gradcam,80,0.6255952380952381,56,31
4QHV-IXF,MSE,gradcam,85,0.5892857142857144,28,16
4QHV-IXF,MSE,gradcam,90,0.8125,8,5
4QHV-IXF,MSE,gradcam,95,1.0,2,2
4QHV-IXF,MSE,gradinput,50,0.6021454735740451,91,50
4QHV-IXF,MSE,gradinput,55,0.6021454735740451,91,50
4QHV-IXF,MSE,gradinput,60,0.6021454735740451,91,50
4QHV-IXF,MSE,gradinput,65,0.6021454735740451,91,50
4QHV-IXF,MSE,gradinput,70,0.6021454735740451,91,50
4QHV-IXF,MSE,gradinput,75,0.6101960784313726,85,47
4QHV-IXF,MSE,gradinput,80,0.6642857142857145,56,31
4QHV-IXF,MSE,gradinput,85,0.6666666666666666,28,16
4QHV-IXF,MSE,gradinput,90,0.9375,8,5
4QHV-IXF,MSE,gradinput,95,1.0,2,2
4QHV-IXF,MSE,ig,50,0.5447671376242805,91,50
4QHV-IXF,MSE,ig,55,0.5447671376242805,91,50
4QHV-IXF,MSE,ig,60,0.5447671376242805,91,50
4QHV-IXF,MSE,ig,65,0.5447671376242805,91,50
4QHV-IXF,MSE,ig,70,0.5447671376242805,91,50
4QHV-IXF,MSE,ig,75,0.5554901960784315,85,47
4QHV-IXF,MSE,ig,80,0.5488095238095237,56,31
4QHV-IXF,MSE,ig,85,0.5416666666666666,28,16
4QHV-IXF,MSE,ig,90,0.625,8,5
4QHV-IXF,MSE,ig,95,1.0,2,2
4QHV-IXF,MSE,shap,50,0.46316064887493463,91,50
4QHV-IXF,MSE,shap,55,0.46316064887493463,91,50
4QHV-IXF,MSE,shap,60,0.46316064887493463,91,50
4QHV-IXF,MSE,shap,65,0.46316064887493463,91,50
4QHV-IXF,MSE,shap,70,0.46316064887493463,91,50
4QHV-IXF,MSE,shap,75,0.4580392156862745,85,47
4QHV-IXF,MSE,shap,80,0.4497023809523809,56,31
4QHV-IXF,MSE,shap,85,0.5,28,16
4QHV-IXF,MSE,shap,90,0.625,8,5
4QHV-IXF,MSE,shap,95,0.5,2,2
4QO8-36U,MSE,cam,50,0.5,80,40
4QO8-36U,MSE,cam,55,0.5,80,40
4QO8-36U,MSE,cam,60,0.5,80,40
4QO8-36U,MSE,cam,65,0.5,80,40
4QO8-36U,MSE,cam,70,0.5,70,35
4QO8-36U,MSE,cam,75,0.5,48,24
4QO8-36U,MSE,cam,80,0.5,16,8
4QO8-36U,MSE,cam,85,0.5,4,2
4QO8-36U,MSE,cam,90,,0,0
4QO8-36U,MSE,cam,95,,0,0
4QO8-36U,MSE,diff,50,0.730342261904762,80,40
4QO8-36U,MSE,diff,55,0.730342261904762,80,40
4QO8-36U,MSE,diff,60,0.730342261904762,80,40
4QO8-36U,MSE,diff,65,0.730342261904762,80,40
4QO8-36U,MSE,diff,70,0.7489625850340138,70,35
4QO8-36U,MSE,diff,75,0.7354662698412698,48,24
4QO8-36U,MSE,diff,80,0.740625,16,8
4QO8-36U,MSE,diff,85,0.625,4,2
4QO8-36U,MSE,diff,90,,0,0
4QO8-36U,MSE,diff,95,,0,0
4QO8-36U,MSE,gradcam,50,0.6115823412698412,80,40
4QO8-36U,MSE,gradcam,55,0.6115823412698412,80,40
4QO8-36U,MSE,gradcam,60,0.6115823412698412,80,40
4QO8-36U,MSE,gradcam,65,0.6115823412698412,80,40
4QO8-36U,MSE,gradcam,70,0.6275226757369613,70,35
4QO8-36U,MSE,gradcam,75,0.6220238095238094,48,24
4QO8-36U,MSE,gradcam,80,0.6979166666666666,16,8
4QO8-36U,MSE,gradcam,85,0.6666666666666666,4,2
4QO8-36U,MSE,gradcam,90,,0,0
4QO8-36U,MSE,gradcam,95,,0,0
4QO8-36U,MSE,gradinput,50,0.5704464285714282,80,40
4QO8-36U,MSE,gradinput,55,0.5704464285714282,80,40
4QO8-36U,MSE,gradinput,60,0.5704464285714282,80,40
4QO8-36U,MSE,gradinput,65,0.5704464285714282,80,40
4QO8-36U,MSE,gradinput,70,0.5785260770975054,70,35
4QO8-36U,MSE,gradinput,75,0.5774801587301587,48,24
4QO8-36U,MSE,gradinput,80,0.7354166666666666,16,8
4QO8-36U,MSE,gradinput,85,0.7916666666666666,4,2
4QO8-36U,MSE,gradinput,90,,0,0
4QO8-36U,MSE,gradinput,95,,0,0
4QO8-36U,MSE,ig,50,0.5929662698412697,80,40
4QO8-36U,MSE,ig,55,0.5929662698412697,80,40
4QO8-36U,MSE,ig,60,0.5929662698412697,80,40
4QO8-36U,MSE,ig,65,0.5929662698412697,80,40
4QO8-36U,MSE,ig,70,0.6201360544217684,70,35
4QO8-36U,MSE,ig,75,0.6126984126984126,48,24
4QO8-36U,MSE,ig,80,0.7354166666666666,16,8
4QO8-36U,MSE,ig,85,0.7916666666666666,4,2
4QO8-36U,MSE,ig,90,,0,0
4QO8-36U,MSE,ig,95,,0,0
4QO8-36U,MSE,shap,50,0.603095238095238,80,40
4QO8-36U,MSE,shap,55,0.603095238095238,80,40
4QO8-36U,MSE,shap,60,0.603095238095238,80,40
4QO8-36U,MSE,shap,65,0.603095238095238,80,40
4QO8-36U,MSE,shap,70,0.6059183673469386,70,35
4QO8-36U,MSE,shap,75,0.5989087301587301,48,24
4QO8-36U,MSE,shap,80,0.6375,16,8
4QO8-36U,MSE,shap,85,0.625,4,2
4QO8-36U,MSE,shap,90,,0,0
4QO8-36U,MSE,shap,95,,0,0
4QP7-363,MSE,cam,50,0.5673076923076922,72,41
4QP7-363,MSE,cam,55,0.5606060606060606,66,37
4QP7-363,MSE,cam,60,0.5555555555555556,63,35
4QP7-363,MSE,cam,65,0.5531914893617021,47,26
4QP7-363,MSE,cam,70,0.5882352941176471,17,10
4QP7-363,MSE,cam,75,,0,0
4QP7-363,MSE,cam,80,,0,0
4QP7-363,MSE,cam,85,,0,0
4QP7-363,MSE,cam,90,,0,0
4QP7-363,MSE,cam,95,,0,0
4QP7-363,MSE,diff,50,0.4412533068783069,72,41
4QP7-363,MSE,diff,55,0.45106421356421356,66,37
4QP7-363,MSE,diff,60,0.45137944066515495,63,35
4QP7-363,MSE,diff,65,0.48244680851063826,47,26
4QP7-363,MSE,diff,70,0.5274509803921568,17,10
4QP7-363,MSE,diff,75,,0,0
4QP7-363,MSE,diff,80,,0,0
4QP7-363,MSE,diff,85,,0,0
4QP7-363,MSE,diff,90,,0,0
4QP7-363,MSE,diff,95,,0,0
4QP7-363,MSE,gradcam,50,0.7235585402252068,72,41
4QP7-363,MSE,gradcam,55,0.701924001924002,66,37
4QP7-363,MSE,gradcam,60,0.6877299067775259,63,35
4QP7-363,MSE,gradcam,65,0.7218338399189463,47,26
4QP7-363,MSE,gradcam,70,0.8941176470588235,17,10
4QP7-363,MSE,gradcam,75,,0,0
4QP7-363,MSE,gradcam,80,,0,0
4QP7-363,MSE,gradcam,85,,0,0
4QP7-363,MSE,gradcam,90,,0,0
4QP7-363,MSE,gradcam,95,,0,0
4QP7-363,MSE,gradinput,50,0.6519476665309998,72,41
4QP7-363,MSE,gradinput,55,0.6459475709475709,66,37
4QP7-363,MSE,gradinput,60,0.6396699420508944,63,35
4QP7-363,MSE,gradinput,65,0.6913120567375888,47,26
4QP7-363,MSE,gradinput,70,0.8450980392156864,17,10
4QP7-363,MSE,gradinput,75,,0,0
4QP7-363,MSE,gradinput,80,,0,0
4QP7-363,MSE,gradinput,85,,0,0
4QP7-363,MSE,gradinput,90,,0,0
4QP7-363,MSE,gradinput,95,,0,0
4QP7-363,MSE,ig,50,0.7222502035002035,72,41
4QP7-363,MSE,ig,55,0.7203102453102453,66,37
4QP7-363,MSE,ig,60,0.7175736961451246,63,35
4QP7-363,MSE,ig,65,0.7027355623100304,47,26
4QP7-363,MSE,ig,70,0.7705882352941176,17,10
4QP7-363,MSE,ig,75,,0,0
4QP7-363,MSE,ig,80,,0,0
4QP7-363,MSE,ig,85,,0,0
4QP7-363,MSE,ig,90,,0,0
4QP7-363,MSE,ig,95,,0,0
4QP7-363,MSE,shap,50,0.46747049247049255,72,41
4QP7-363,MSE,shap,55,0.4633477633477634,66,37
4QP7-363,MSE,shap,60,0.4668934240362812,63,35
4QP7-363,MSE,shap,65,0.4413120567375886,47,26
4QP7-363,MSE,shap,70,0.5607843137254903,17,10
4QP7-363,MSE,shap,75,,0,0
4QP7-363,MSE,shap,80,,0,0
4QP7-363,MSE,shap,85,,0,0
4QP7-363,MSE,shap,90,,0,0
4QP7-363,MSE,shap,95,,0,0
4RLI-3SH,MSE,cam,50,0.5,34,18
4RLI-3SH,MSE,cam,55,0.5,34,18
4RLI-3SH,MSE,cam,60,0.5,28,15
4RLI-3SH,MSE,cam,65,0.5,18,10
4RLI-3SH,MSE,cam,70,0.5,18,10
4RLI-3SH,MSE,cam,75,0.5,16,9
4RLI-3SH,MSE,cam,80,0.5,12,7
4RLI-3SH,MSE,cam,85,0.5,10,6
4RLI-3SH,MSE,cam,90,,0,0
4RLI-3SH,MSE,cam,95,,0,0
4RLI-3SH,MSE,diff,50,0.6799465240641712,34,18
4RLI-3SH,MSE,diff,55,0.6799465240641712,34,18
4RLI-3SH,MSE,diff,60,0.6785714285714286,28,15
4RLI-3SH,MSE,diff,65,0.7037037037037036,18,10
4RLI-3SH,MSE,diff,70,0.7037037037037036,18,10
4RLI-3SH,MSE,diff,75,0.6979166666666666,16,9
4RLI-3SH,MSE,diff,80,0.6527777777777778,12,7
4RLI-3SH,MSE,diff,85,0.6333333333333333,10,6
4RLI-3SH,MSE,diff,90,,0,0
4RLI-3SH,MSE,diff,95,,0,0
4RLI-3SH,MSE,gradcam,50,0.5360665478312537,34,18
4RLI-3SH,MSE,gradcam,55,0.5360665478312537,34,18
4RLI-3SH,MSE,gradcam,60,0.5265873015873016,28,15
4RLI-3SH,MSE,gradcam,65,0.5,18,10
4RLI-3SH,MSE,gradcam,70,0.5,18,10
4RLI-3SH,MSE,gradcam,75,0.4791666666666667,16,9
4RLI-3SH,MSE,gradcam,80,0.4583333333333333,12,7
4RLI-3SH,MSE,gradcam,85,0.475,10,6
4RLI-3SH,MSE,gradcam,90,,0,0
4RLI-3SH,MSE,gradcam,95,,0,0
4RLI-3SH,MSE,gradinput,50,0.5039512774806891,34,18
4RLI-3SH,MSE,gradinput,55,0.5039512774806891,34,18
4RLI-3SH,MSE,gradinput,60,0.503174603174603,28,15
4RLI-3SH,MSE,gradinput,65,0.5185185185185186,18,10
4RLI-3SH,MSE,gradinput,70,0.5185185185185186,18,10
4RLI-3SH,MSE,gradinput,75,0.5,16,9
4RLI-3SH,MSE,gradinput,80,0.5,12,7
4RLI-3SH,MSE,gradinput,85,0.5,10,6
4RLI-3SH,MSE,gradinput,90,,0,0
4RLI-3SH,MSE,gradinput,95,,0,0
4RLI-3SH,MSE,ig,50,0.7831402257872848,34,18
4RLI-3SH,MSE,ig,55,0.7831402257872848,34,18
4RLI-3SH,MSE,ig,60,0.7811507936507939,28,15
4RLI-3SH,MSE,ig,65,0.8101851851851851,18,10
4RLI-3SH,MSE,ig,70,0.8101851851851851,18,10
4RLI-3SH,MSE,ig,75,0.7968749999999999,16,9
4RLI-3SH,MSE,ig,80,0.7291666666666666,12,7
4RLI-3SH,MSE,ig,85,0.7,10,6
4RLI-3SH,MSE,ig,90,,0,0
4RLI-3SH,MSE,ig,95,,0,0
4RLI-3SH,MSE,shap,50,0.5020944741532978,34,18
4RLI-3SH,MSE,shap,55,0.5020944741532978,34,18
4RLI-3SH,MSE,shap,60,0.4863095238095238,28,15
4RLI-3SH,MSE,shap,65,0.38425925925925924,18,10
4RLI-3SH,MSE,shap,70,0.38425925925925924,18,10
4RLI-3SH,MSE,shap,75,0.328125,16,9
4RLI-3SH,MSE,shap,80,0.3541666666666667,12,7
4RLI-3SH,MSE,shap,85,0.35,10,6
4RLI-3SH,MSE,shap,90,,0,0
4RLI-3SH,MSE,shap,95,,0,0
4RLS-49C,MSE,cam,50,0.5270833333333333,24,14
4RLS-49C,MSE,cam,55,0.5270833333333333,24,14
4RLS-49C,MSE,cam,60,0.5270833333333333,24,14
4RLS-49C,MSE,cam,65,0.5270833333333333,24,14
4RLS-49C,MSE,cam,70,0.5270833333333333,24,14
4RLS-49C,MSE,cam,75,0.5270833333333333,24,14
4RLS-49C,MSE,cam,80,0.5295454545454545,22,13
4RLS-49C,MSE,cam,85,0.5125,20,12
4RLS-49C,MSE,cam,90,0.5454545454545454,11,7
4RLS-49C,MSE,cam,95,0.75,4,3
4RLS-49C,MSE,diff,50,0.7888888888888889,24,14
4RLS-49C,MSE,diff,55,0.7888888888888889,24,14
4RLS-49C,MSE,diff,60,0.7888888888888889,24,14
4RLS-49C,MSE,diff,65,0.7888888888888889,24,14
4RLS-49C,MSE,diff,70,0.7888888888888889,24,14
4RLS-49C,MSE,diff,75,0.7888888888888889,24,14
4RLS-49C,MSE,diff,80,0.7696969696969697,22,13
4RLS-49C,MSE,diff,85,0.7666666666666667,20,12
4RLS-49C,MSE,diff,90,0.7727272727272727,11,7
4RLS-49C,MSE,diff,95,0.75,4,3
4RLS-49C,MSE,gradcam,50,0.6527777777777778,24,14
4RLS-49C,MSE,gradcam,55,0.6527777777777778,24,14
4RLS-49C,MSE,gradcam,60,0.6527777777777778,24,14
4RLS-49C,MSE,gradcam,65,0.6527777777777778,24,14
4RLS-49C,MSE,gradcam,70,0.6527777777777778,24,14
4RLS-49C,MSE,gradcam,75,0.6527777777777778,24,14
4RLS-49C,MSE,gradcam,80,0.6212121212121212,22,13
4RLS-49C,MSE,gradcam,85,0.6333333333333333,20,12
4RLS-49C,MSE,gradcam,90,0.5909090909090909,11,7
4RLS-49C,MSE,gradcam,95,0.25,4,3
4RLS-49C,MSE,gradinput,50,0.5597222222222221,24,14
4RLS-49C,MSE,gradinput,55,0.5597222222222221,24,14
4RLS-49C,MSE,gradinput,60,0.5597222222222221,24,14
4RLS-49C,MSE,gradinput,65,0.5597222222222221,24,14
4RLS-49C,MSE,gradinput,70,0.5597222222222221,24,14
4RLS-49C,MSE,gradinput,75,0.5597222222222221,24,14
4RLS-49C,MSE,gradinput,80,0.5424242424242424,22,13
4RLS-49C,MSE,gradinput,85,0.5166666666666666,20,12
4RLS-49C,MSE,gradinput,90,0.45454545454545453,11,7
4RLS-49C,MSE,gradinput,95,0.25,4,3
4RLS-49C,MSE,ig,50,0.5256944444444446,24,14
4RLS-49C,MSE,ig,55,0.5256944444444446,24,14
4RLS-49C,MSE,ig,60,0.5256944444444446,24,14
4RLS-49C,MSE,ig,65,0.5256944444444446,24,14
4RLS-49C,MSE,ig,70,0.5256944444444446,24,14
4RLS-49C,MSE,ig,75,0.5256944444444446,24,14
4RLS-49C,MSE,ig,80,0.5053030303030304,22,13
4RLS-49C,MSE,ig,85,0.4958333333333334,20,12
4RLS-49C,MSE,ig,90,0.4090909090909091,11,7
4RLS-49C,MSE,ig,95,0.25,4,3
4RLS-49C,MSE,shap,50,0.39325396825396836,24,14
4RLS-49C,MSE,shap,55,0.39325396825396836,24,14
4RLS-49C,MSE,shap,60,0.39325396825396836,24,14
4RLS-49C,MSE,shap,65,0.39325396825396836,24,14
4RLS-49C,MSE,shap,70,0.39325396825396836,24,14
4RLS-49C,MSE,shap,75,0.39325396825396836,24,14
4RLS-49C,MSE,shap,80,0.3803030303030303,22,13
4RLS-49C,MSE,shap,85,0.3833333333333333,20,12
4RLS-49C,MSE,shap,90,0.36363636363636365,11,7
4RLS-49C,MSE,shap,95,0.25,4,3
4RSS-4MG,MSE,cam,50,0.5402467435295718,297,165
4RSS-4MG,MSE,cam,55,0.5402467435295718,297,165
4RSS-4MG,MSE,cam,60,0.5402467435295718,297,165
4RSS-4MG,MSE,cam,65,0.5402467435295718,297,165
4RSS-4MG,MSE,cam,70,0.5402467435295718,297,165
4RSS-4MG,MSE,cam,75,0.5454081632653062,245,138
4RSS-4MG,MSE,cam,80,0.5568862275449101,167,96
4RSS-4MG,MSE,cam,85,0.5568181818181818,88,52
4RSS-4MG,MSE,cam,90,0.5384615384615384,52,31
4RSS-4MG,MSE,cam,95,0.5,4,3
4RSS-4MG,MSE,diff,50,0.6191337375680817,297,165
4RSS-4MG,MSE,diff,55,0.6191337375680817,297,165
4RSS-4MG,MSE,diff,60,0.6191337375680817,297,165
4RSS-4MG,MSE,diff,65,0.6191337375680817,297,165
4RSS-4MG,MSE,diff,70,0.6191337375680817,297,165
4RSS-4MG,MSE,diff,75,0.6491043083900229,245,138
4RSS-4MG,MSE,diff,80,0.6641716566866261,167,96
4RSS-4MG,MSE,diff,85,0.6982954545454544,88,52
4RSS-4MG,MSE,diff,90,0.7435897435897437,52,31
4RSS-4MG,MSE,diff,95,0.5,4,3
4RSS-4MG,MSE,gradcam,50,0.6650794865441337,297,165
4RSS-4MG,MSE,gradcam,55,0.6650794865441337,297,165
4RSS-4MG,MSE,gradcam,60,0.6650794865441337,297,165
4RSS-4MG,MSE,gradcam,65,0.6650794865441337,297,165
4RSS-4MG,MSE,gradcam,70,0.6650794865441337,297,165
4RSS-4MG,MSE,gradcam,75,0.7046760609005511,245,138
4RSS-4MG,MSE,gradcam,80,0.7334759053321926,167,96
4RSS-4MG,MSE,gradcam,85,0.771022727272727,88,52
4RSS-4MG,MSE,gradcam,90,0.7756410256410257,52,31
4RSS-4MG,MSE,gradcam,95,0.5,4,3
4RSS-4MG,MSE,gradinput,50,0.6525733525733522,297,165
4RSS-4MG,MSE,gradinput,55,0.6525733525733522,297,165
4RSS-4MG,MSE,gradinput,60,0.6525733525733522,297,165
4RSS-4MG,MSE,gradinput,65,0.6525733525733522,297,165
4RSS-4MG,MSE,gradinput,70,0.6525733525733522,297,165
4RSS-4MG,MSE,gradinput,75,0.6835390346614832,245,138
4RSS-4MG,MSE,gradinput,80,0.705560307955517,167,96
4RSS-4MG,MSE,gradinput,85,0.728030303030303,88,52
4RSS-4MG,MSE,gradinput,90,0.7435897435897434,52,31
4RSS-4MG,MSE,gradinput,95,1.0,4,3
4RSS-4MG,MSE,ig,50,0.590062360011855,297,165
4RSS-4MG,MSE,ig,55,0.590062360011855,297,165
4RSS-4MG,MSE,ig,60,0.590062360011855,297,165
4RSS-4MG,MSE,ig,65,0.590062360011855,297,165
4RSS-4MG,MSE,ig,70,0.590062360011855,297,165
4RSS-4MG,MSE,ig,75,0.6082847424684161,245,138
4RSS-4MG,MSE,ig,80,0.6119190191046477,167,96
4RSS-4MG,MSE,ig,85,0.5916666666666668,88,52
4RSS-4MG,MSE,ig,90,0.608974358974359,52,31
4RSS-4MG,MSE,ig,95,0.75,4,3
4RSS-4MG,MSE,shap,50,0.5123416706750038,297,165
4RSS-4MG,MSE,shap,55,0.5123416706750038,297,165
4RSS-4MG,MSE,shap,60,0.5123416706750038,297,165
4RSS-4MG,MSE,shap,65,0.5123416706750038,297,165
4RSS-4MG,MSE,shap,70,0.5123416706750038,297,165
4RSS-4MG,MSE,shap,75,0.5062390670553938,245,138
4RSS-4MG,MSE,shap,80,0.5179070430567436,167,96
4RSS-4MG,MSE,shap,85,0.546590909090909,88,52
4RSS-4MG,MSE,shap,90,0.5256410256410257,52,31
4RSS-4MG,MSE,shap,95,0.5,4,3
4RX5-3YO,MSE,cam,50,0.5032879818594105,42,21
4RX5-3YO,MSE,cam,55,0.5032879818594105,42,21
4RX5-3YO,MSE,cam,60,0.5038359788359789,36,18
4RX5-3YO,MSE,cam,65,0.5,24,12
4RX5-3YO,MSE,cam,70,0.5,14,7
4RX5-3YO,MSE,cam,75,0.5,10,5
4RX5-3YO,MSE,cam,80,0.5,10,5
4RX5-3YO,MSE,cam,85,0.5,8,4
4RX5-3YO,MSE,cam,90,0.5,6,3
4RX5-3YO,MSE,cam,95,0.5,2,1
4RX5-3YO,MSE,diff,50,0.5635738910948993,42,21
4RX5-3YO,MSE,diff,55,0.5635738910948993,42,21
4RX5-3YO,MSE,diff,60,0.5729090354090354,36,18
4RX5-3YO,MSE,diff,65,0.6128739316239317,24,12
4RX5-3YO,MSE,diff,70,0.6380952380952382,14,7
4RX5-3YO,MSE,diff,75,0.6833333333333332,10,5
4RX5-3YO,MSE,diff,80,0.6833333333333332,10,5
4RX5-3YO,MSE,diff,85,0.7395833333333333,8,4
4RX5-3YO,MSE,diff,90,0.6944444444444445,6,3
4RX5-3YO,MSE,diff,95,1.0,2,1
4RX5-3YO,MSE,gradcam,50,0.56684128779717,42,21
4RX5-3YO,MSE,gradcam,55,0.56684128779717,42,21
4RX5-3YO,MSE,gradcam,60,0.5447191697191697,36,18
4RX5-3YO,MSE,gradcam,65,0.5407814407814409,24,12
4RX5-3YO,MSE,gradcam,70,0.5149659863945578,14,7
4RX5-3YO,MSE,gradcam,75,0.5166666666666666,10,5
4RX5-3YO,MSE,gradcam,80,0.5166666666666666,10,5
4RX5-3YO,MSE,gradcam,85,0.53125,8,4
4RX5-3YO,MSE,gradcam,90,0.5,6,3
4RX5-3YO,MSE,gradcam,95,0.5,2,1
4RX5-3YO,MSE,gradinput,50,0.6060780081263274,42,21
4RX5-3YO,MSE,gradinput,55,0.6060780081263274,42,21
4RX5-3YO,MSE,gradinput,60,0.5965099715099715,36,18
4RX5-3YO,MSE,gradinput,65,0.6102258852258852,24,12
4RX5-3YO,MSE,gradinput,70,0.6102040816326529,14,7
4RX5-3YO,MSE,gradinput,75,0.65,10,5
4RX5-3YO,MSE,gradinput,80,0.65,10,5
4RX5-3YO,MSE,gradinput,85,0.71875,8,4
4RX5-3YO,MSE,gradinput,90,0.6666666666666666,6,3
4RX5-3YO,MSE,gradinput,95,1.0,2,1
4RX5-3YO,MSE,ig,50,0.4836542309231384,42,21
4RX5-3YO,MSE,ig,55,0.4836542309231384,42,21
4RX5-3YO,MSE,ig,60,0.4709198209198207,36,18
4RX5-3YO,MSE,ig,65,0.4618589743589743,24,12
4RX5-3YO,MSE,ig,70,0.419047619047619,14,7
4RX5-3YO,MSE,ig,75,0.36666666666666664,10,5
4RX5-3YO,MSE,ig,80,0.36666666666666664,10,5
4RX5-3YO,MSE,ig,85,0.375,8,4
4RX5-3YO,MSE,ig,90,0.16666666666666666,6,3
4RX5-3YO,MSE,ig,95,0.0,2,1
4RX5-3YO,MSE,shap,50,0.4978023260586283,42,21
4RX5-3YO,MSE,shap,55,0.4978023260586283,42,21
4RX5-3YO,MSE,shap,60,0.49435286935286915,36,18
4RX5-3YO,MSE,shap,65,0.49078144078144076,24,12
4RX5-3YO,MSE,shap,70,0.560204081632653,14,7
4RX5-3YO,MSE,shap,75,0.5499999999999999,10,5
4RX5-3YO,MSE,shap,80,0.5499999999999999,10,5
4RX5-3YO,MSE,shap,85,0.5520833333333333,8,4
4RX5-3YO,MSE,shap,90,0.638888888888889,6,3
4RX5-3YO,MSE,shap,95,1.0,2,1
4TPM-35E,MSE,cam,50,0.497265625,64,32
4TPM-35E,MSE,cam,55,0.4971774193548387,62,31
4TPM-35E,MSE,cam,60,0.4970833333333333,60,30
4TPM-35E,MSE,cam,65,0.49841954022988505,58,29
4TPM-35E,MSE,cam,70,0.4997916666666666,40,20
4TPM-35E,MSE,cam,75,0.5036458333333333,32,16
4TPM-35E,MSE,cam,80,0.5204545454545454,22,11
4TPM-35E,MSE,cam,85,0.5178571428571429,14,7
4TPM-35E,MSE,cam,90,0.5,2,1
4TPM-35E,MSE,cam,95,,0,0
4TPM-35E,MSE,diff,50,0.4718186327561327,64,32
4TPM-35E,MSE,diff,55,0.4665316762090955,62,31
4TPM-35E,MSE,diff,60,0.46263828763828757,60,30
4TPM-35E,MSE,diff,65,0.4670970791660446,58,29
4TPM-35E,MSE,diff,70,0.5036011904761903,40,20
4TPM-35E,MSE,diff,75,0.5495535714285714,32,16
4TPM-35E,MSE,diff,80,0.5984848484848485,22,11
4TPM-35E,MSE,diff,85,0.6297619047619049,14,7
4TPM-35E,MSE,diff,90,0.5,2,1
4TPM-35E,MSE,diff,95,,0,0
4TPM-35E,MSE,gradcam,50,0.6754007711038961,64,32
4TPM-35E,MSE,gradcam,55,0.6787547130289064,62,31
4TPM-35E,MSE,gradcam,60,0.6833243145743144,60,30
4TPM-35E,MSE,gradcam,65,0.6824619346171069,58,29
4TPM-35E,MSE,gradcam,70,0.6922619047619046,40,20
4TPM-35E,MSE,gradcam,75,0.6700148809523809,32,16
4TPM-35E,MSE,gradcam,80,0.6401515151515151,22,11
4TPM-35E,MSE,gradcam,85,0.5773809523809524,14,7
4TPM-35E,MSE,gradcam,90,0.5,2,1
4TPM-35E,MSE,gradcam,95,,0,0
4TPM-35E,MSE,gradinput,50,0.56128134018759,64,32
4TPM-35E,MSE,gradinput,55,0.5609540101475584,62,31
4TPM-35E,MSE,gradinput,60,0.5607635882635882,60,30
4TPM-35E,MSE,gradinput,65,0.5614221028014131,58,29
4TPM-35E,MSE,gradinput,70,0.5661904761904762,40,20
4TPM-35E,MSE,gradinput,75,0.5733630952380954,32,16
4TPM-35E,MSE,gradinput,80,0.5984848484848486,22,11
4TPM-35E,MSE,gradinput,85,0.6,14,7
4TPM-35E,MSE,gradinput,90,0.25,2,1
4TPM-35E,MSE,gradinput,95,,0,0
4TPM-35E,MSE,ig,50,0.5231646825396827,64,32
4TPM-35E,MSE,ig,55,0.5250640040962623,62,31
4TPM-35E,MSE,ig,60,0.5242328042328043,60,30
4TPM-35E,MSE,ig,65,0.5265051997810619,58,29
4TPM-35E,MSE,ig,70,0.555595238095238,40,20
4TPM-35E,MSE,ig,75,0.582514880952381,32,16
4TPM-35E,MSE,ig,80,0.5977272727272728,22,11
4TPM-35E,MSE,ig,85,0.625,14,7
4TPM-35E,MSE,ig,90,0.5,2,1
4TPM-35E,MSE,ig,95,,0,0
4TPM-35E,MSE,shap,50,0.5100316783910533,64,32
4TPM-35E,MSE,shap,55,0.5075903039612716,62,31
4TPM-35E,MSE,shap,60,0.5064544252044251,60,30
4TPM-35E,MSE,shap,65,0.50811377319998,58,29
4TPM-35E,MSE,shap,70,0.5170535714285716,40,20
4TPM-35E,MSE,shap,75,0.5247023809523812,32,16
4TPM-35E,MSE,shap,80,0.5287878787878788,22,11
4TPM-35E,MSE,shap,85,0.5428571428571428,14,7
4TPM-35E,MSE,shap,90,0.25,2,1
4TPM-35E,MSE,shap,95,,0,0
4TPT-35H,MSE,cam,50,0.4423076923076923,52,30
4TPT-35H,MSE,cam,55,0.4423076923076923,52,30
4TPT-35H,MSE,cam,60,0.4423076923076923,52,30
4TPT-35H,MSE,cam,65,0.4423076923076923,52,30
4TPT-35H,MSE,cam,70,0.4423076923076923,52,30
4TPT-35H,MSE,cam,75,0.4423076923076923,52,30
4TPT-35H,MSE,cam,80,0.44,50,29
4TPT-35H,MSE,cam,85,0.43902439024390244,41,24
4TPT-35H,MSE,cam,90,0.4090909090909091,22,14
4TPT-35H,MSE,cam,95,0.5,8,5
4TPT-35H,MSE,diff,50,0.6672847985347985,52,30
4TPT-35H,MSE,diff,55,0.6672847985347985,52,30
4TPT-35H,MSE,diff,60,0.6672847985347985,52,30
4TPT-35H,MSE,diff,65,0.6672847985347985,52,30
4TPT-35H,MSE,diff,70,0.6672847985347985,52,30
4TPT-35H,MSE,diff,75,0.6672847985347985,52,30
4TPT-35H,MSE,diff,80,0.6643333333333333,50,29
4TPT-35H,MSE,diff,85,0.6841463414634147,41,24
4TPT-35H,MSE,diff,90,0.7727272727272727,22,14
4TPT-35H,MSE,diff,95,0.875,8,5
4TPT-35H,MSE,gradcam,50,0.4122023809523809,52,30
4TPT-35H,MSE,gradcam,55,0.4122023809523809,52,30
4TPT-35H,MSE,gradcam,60,0.4122023809523809,52,30
4TPT-35H,MSE,gradcam,65,0.4122023809523809,52,30
4TPT-35H,MSE,gradcam,70,0.4122023809523809,52,30
4TPT-35H,MSE,gradcam,75,0.4122023809523809,52,30
4TPT-35H,MSE,gradcam,80,0.40833333333333327,50,29
4TPT-35H,MSE,gradcam,85,0.4410569105691057,41,24
4TPT-35H,MSE,gradcam,90,0.5,22,14
4TPT-35H,MSE,gradcam,95,0.625,8,5
4TPT-35H,MSE,gradinput,50,0.4711996336996337,52,30
4TPT-35H,MSE,gradinput,55,0.4711996336996337,52,30
4TPT-35H,MSE,gradinput,60,0.4711996336996337,52,30
4TPT-35H,MSE,gradinput,65,0.4711996336996337,52,30
4TPT-35H,MSE,gradinput,70,0.4711996336996337,52,30
4TPT-35H,MSE,gradinput,75,0.4711996336996337,52,30
4TPT-35H,MSE,gradinput,80,0.4693333333333334,50,29
4TPT-35H,MSE,gradinput,85,0.49512195121951214,41,24
4TPT-35H,MSE,gradinput,90,0.5454545454545454,22,14
4TPT-35H,MSE,gradinput,95,0.625,8,5
4TPT-35H,MSE,ig,50,0.6648809523809524,52,30
4TPT-35H,MSE,ig,55,0.6648809523809524,52,30
4TPT-35H,MSE,ig,60,0.6648809523809524,52,30
4TPT-35H,MSE,ig,65,0.6648809523809524,52,30
4TPT-35H,MSE,ig,70,0.6648809523809524,52,30
4TPT-35H,MSE,ig,75,0.6648809523809524,52,30
4TPT-35H,MSE,ig,80,0.6593333333333333,50,29
4TPT-35H,MSE,ig,85,0.6577235772357723,41,24
4TPT-35H,MSE,ig,90,0.6818181818181818,22,14
4TPT-35H,MSE,ig,95,0.625,8,5
4TPT-35H,MSE,shap,50,0.548992673992674,52,30
4TPT-35H,MSE,shap,55,0.548992673992674,52,30
4TPT-35H,MSE,shap,60,0.548992673992674,52,30
4TPT-35H,MSE,shap,65,0.548992673992674,52,30
4TPT-35H,MSE,shap,70,0.548992673992674,52,30
4TPT-35H,MSE,shap,75,0.548992673992674,52,30
4TPT-35H,MSE,shap,80,0.5416666666666666,50,29
4TPT-35H,MSE,shap,85,0.5406504065040649,41,24
4TPT-35H,MSE,shap,90,0.5681818181818182,22,14
4TPT-35H,MSE,shap,95,0.5,8,5
4TV3-ML9,MSE,cam,50,0.5455449810896738,1790,912
4TV3-ML9,MSE,cam,55,0.5455959262586778,1788,911
4TV3-ML9,MSE,cam,60,0.545874911341013,1770,902
4TV3-ML9,MSE,cam,65,0.5478143631861887,1654,844
4TV3-ML9,MSE,cam,70,0.5520152801974442,1312,669
4TV3-ML9,MSE,cam,75,0.5547912662822976,892,454
4TV3-ML9,MSE,cam,80,0.5581229773462784,515,264
4TV3-ML9,MSE,cam,85,0.5720524017467249,229,117
4TV3-ML9,MSE,cam,90,0.6428571428571429,28,15
4TV3-ML9,MSE,cam,95,0.8,5,3
4TV3-ML9,MSE,diff,50,0.6330697080697069,1790,912
4TV3-ML9,MSE,diff,55,0.6331146885677075,1788,911
4TV3-ML9,MSE,diff,60,0.6334362373345408,1770,902
4TV3-ML9,MSE,diff,65,0.6324834761503421,1654,844
4TV3-ML9,MSE,diff,70,0.6319595673635282,1312,669
4TV3-ML9,MSE,diff,75,0.6491311659192838,892,454
4TV3-ML9,MSE,diff,80,0.669870550161813,515,264
4TV3-ML9,MSE,diff,85,0.6746724890829697,229,117
4TV3-ML9,MSE,diff,90,0.7142857142857143,28,15
4TV3-ML9,MSE,diff,95,1.0,5,3
4TV3-ML9,MSE,gradcam,50,0.6780025654047998,1790,912
4TV3-ML9,MSE,gradcam,55,0.6781537347812514,1788,911
4TV3-ML9,MSE,gradcam,60,0.6787323081814602,1770,902
4TV3-ML9,MSE,gradcam,65,0.6765746949543804,1654,844
4TV3-ML9,MSE,gradcam,70,0.6763553160085177,1312,669
4TV3-ML9,MSE,gradcam,75,0.6609184817424731,892,454
4TV3-ML9,MSE,gradcam,80,0.6518446601941748,515,264
4TV3-ML9,MSE,gradcam,85,0.620815138282387,229,117
4TV3-ML9,MSE,gradcam,90,0.6428571428571429,28,15
4TV3-ML9,MSE,gradcam,95,0.6,5,3
4TV3-ML9,MSE,gradinput,50,0.5592425963236033,1790,912
4TV3-ML9,MSE,gradinput,55,0.5593967507138662,1788,911
4TV3-ML9,MSE,gradinput,60,0.5604824601011054,1770,902
4TV3-ML9,MSE,gradinput,65,0.5564617718033683,1654,844
4TV3-ML9,MSE,gradinput,70,0.5479094076655051,1312,669
4TV3-ML9,MSE,gradinput,75,0.5287169015588304,892,454
4TV3-ML9,MSE,gradinput,80,0.5332362459546921,515,264
4TV3-ML9,MSE,gradinput,85,0.5363901018922854,229,117
4TV3-ML9,MSE,gradinput,90,0.3392857142857143,28,15
4TV3-ML9,MSE,gradinput,95,0.6,5,3
4TV3-ML9,MSE,ig,50,0.6346226275276576,1790,912
4TV3-ML9,MSE,ig,55,0.6347572325760267,1788,911
4TV3-ML9,MSE,ig,60,0.6353725386352521,1770,902
4TV3-ML9,MSE,ig,65,0.632242139829807,1654,844
4TV3-ML9,MSE,ig,70,0.6268858280100654,1312,669
4TV3-ML9,MSE,ig,75,0.6280495942771729,892,454
4TV3-ML9,MSE,ig,80,0.6382847896440134,515,264
4TV3-ML9,MSE,ig,85,0.6324599708879186,229,117
4TV3-ML9,MSE,ig,90,0.7678571428571429,28,15
4TV3-ML9,MSE,ig,95,0.8,5,3
4TV3-ML9,MSE,shap,50,0.5157705996672476,1790,912
4TV3-ML9,MSE,shap,55,0.5155165878739703,1788,911
4TV3-ML9,MSE,shap,60,0.5148251152488439,1770,902
4TV3-ML9,MSE,shap,65,0.5163268328473889,1654,844
4TV3-ML9,MSE,shap,70,0.5178704510259391,1312,669
4TV3-ML9,MSE,shap,75,0.5202514413837287,892,454
4TV3-ML9,MSE,shap,80,0.5189967637540451,515,264
4TV3-ML9,MSE,shap,85,0.5287481804949056,229,117
4TV3-ML9,MSE,shap,90,0.5357142857142857,28,15
4TV3-ML9,MSE,shap,95,0.6,5,3
4TY1-38W,MSE,cam,50,0.5083927935214876,1049,525
4TY1-38W,MSE,cam,55,0.5082248272121691,1027,514
4TY1-38W,MSE,cam,60,0.5084578456386425,979,490
4TY1-38W,MSE,cam,65,0.5088507242605605,915,458
4TY1-38W,MSE,cam,70,0.5065963891918094,655,328
4TY1-38W,MSE,cam,75,0.5060785037529221,387,194
4TY1-38W,MSE,cam,80,0.5001841620626152,181,91
4TY1-38W,MSE,cam,85,0.4942528735632184,87,44
4TY1-38W,MSE,cam,90,0.5,10,5
4TY1-38W,MSE,cam,95,0.5,2,1
4TY1-38W,MSE,diff,50,0.659346606153088,1049,525
4TY1-38W,MSE,diff,55,0.660719135889535,1027,514
4TY1-38W,MSE,diff,60,0.6616918435100257,979,490
4TY1-38W,MSE,diff,65,0.6641535574322467,915,458
4TY1-38W,MSE,diff,70,0.6785871804192425,655,328
4TY1-38W,MSE,diff,75,0.6905192567983264,387,194
4TY1-38W,MSE,diff,80,0.7153775322283611,181,91
4TY1-38W,MSE,diff,85,0.732758620689655,87,44
4TY1-38W,MSE,diff,90,0.85,10,5
4TY1-38W,MSE,diff,95,1.0,2,1
4TY1-38W,MSE,gradcam,50,0.5793400964039666,1049,525
4TY1-38W,MSE,gradcam,55,0.5808309725544385,1027,514
4TY1-38W,MSE,gradcam,60,0.579494129749492,979,490
4TY1-38W,MSE,gradcam,65,0.5785640952854065,915,458
4TY1-38W,MSE,gradcam,70,0.5899509269356596,655,328
4TY1-38W,MSE,gradcam,75,0.58812292358804,387,194
4TY1-38W,MSE,gradcam,80,0.5919889502762431,181,91
4TY1-38W,MSE,gradcam,85,0.546934865900383,87,44
4TY1-38W,MSE,gradcam,90,0.5,10,5
4TY1-38W,MSE,gradcam,95,0.5,2,1
4TY1-38W,MSE,gradinput,50,0.5042170386545989,1049,525
4TY1-38W,MSE,gradinput,55,0.505242952979078,1027,514
4TY1-38W,MSE,gradinput,60,0.5057797411985361,979,490
4TY1-38W,MSE,gradinput,65,0.508007002105363,915,458
4TY1-38W,MSE,gradinput,70,0.5166969586816916,655,328
4TY1-38W,MSE,gradinput,75,0.5065553094622859,387,194
4TY1-38W,MSE,gradinput,80,0.5230202578268874,181,91
4TY1-38W,MSE,gradinput,85,0.4971264367816093,87,44
4TY1-38W,MSE,gradinput,90,0.4,10,5
4TY1-38W,MSE,gradinput,95,0.5,2,1
4TY1-38W,MSE,ig,50,0.5971054287307862,1049,525
4TY1-38W,MSE,ig,55,0.5980926489933306,1027,514
4TY1-38W,MSE,ig,60,0.5970922874651168,979,490
4TY1-38W,MSE,ig,65,0.5951736332883871,915,458
4TY1-38W,MSE,ig,70,0.5908251544892763,655,328
4TY1-38W,MSE,ig,75,0.5939922480620159,387,194
4TY1-38W,MSE,ig,80,0.6058931860036831,181,91
4TY1-38W,MSE,ig,85,0.5411877394636014,87,44
4TY1-38W,MSE,ig,90,0.45,10,5
4TY1-38W,MSE,ig,95,0.5,2,1
4TY1-38W,MSE,shap,50,0.537655539037808,1049,525
4TY1-38W,MSE,shap,55,0.5376388082327713,1027,514
4TY1-38W,MSE,shap,60,0.5368044649709619,979,490
4TY1-38W,MSE,shap,65,0.5376504309291201,915,458
4TY1-38W,MSE,shap,70,0.5397055616139591,655,328
4TY1-38W,MSE,shap,75,0.5489971699274027,387,194
4TY1-38W,MSE,shap,80,0.5660220994475135,181,91
4TY1-38W,MSE,shap,85,0.560344827586207,87,44
4TY1-38W,MSE,shap,90,0.35,10,5
4TY1-38W,MSE,shap,95,0.0,2,1
4U41-3C8,MSE,cam,50,0.49812260536398467,145,86
4U41-3C8,MSE,cam,55,0.49812260536398467,145,86
4U41-3C8,MSE,cam,60,0.49812260536398467,145,86
4U41-3C8,MSE,cam,65,0.49812260536398467,145,86
4U41-3C8,MSE,cam,70,0.5160353535353536,132,77
4U41-3C8,MSE,cam,75,0.543888888888889,90,54
4U41-3C8,MSE,cam,80,0.5304232804232804,63,35
4U41-3C8,MSE,cam,85,0.5021367521367522,39,22
4U41-3C8,MSE,cam,90,0.5,20,11
4U41-3C8,MSE,cam,95,0.42857142857142855,7,4
4U41-3C8,MSE,diff,50,0.6713355227148329,145,86
4U41-3C8,MSE,diff,55,0.6713355227148329,145,86
4U41-3C8,MSE,diff,60,0.6713355227148329,145,86
4U41-3C8,MSE,diff,65,0.6713355227148329,145,86
4U41-3C8,MSE,diff,70,0.6726370851370851,132,77
4U41-3C8,MSE,diff,75,0.6416666666666667,90,54
4U41-3C8,MSE,diff,80,0.5955026455026455,63,35
4U41-3C8,MSE,diff,85,0.5384615384615384,39,22
4U41-3C8,MSE,diff,90,0.475,20,11
4U41-3C8,MSE,diff,95,0.5714285714285714,7,4
4U41-3C8,MSE,gradcam,50,0.5409934318555009,145,86
4U41-3C8,MSE,gradcam,55,0.5409934318555009,145,86
4U41-3C8,MSE,gradcam,60,0.5409934318555009,145,86
4U41-3C8,MSE,gradcam,65,0.5409934318555009,145,86
4U41-3C8,MSE,gradcam,70,0.5358766233766232,132,77
4U41-3C8,MSE,gradcam,75,0.5238888888888888,90,54
4U41-3C8,MSE,gradcam,80,0.4817460317460317,63,35
4U41-3C8,MSE,gradcam,85,0.41880341880341887,39,22
4U41-3C8,MSE,gradcam,90,0.35,20,11
4U41-3C8,MSE,gradcam,95,0.2857142857142857,7,4
4U41-3C8,MSE,gradinput,50,0.5564449917898192,145,86
4U41-3C8,MSE,gradinput,55,0.5564449917898192,145,86
4U41-3C8,MSE,gradinput,60,0.5564449917898192,145,86
4U41-3C8,MSE,gradinput,65,0.5564449917898192,145,86
4U41-3C8,MSE,gradinput,70,0.5515873015873014,132,77
4U41-3C8,MSE,gradinput,75,0.5614814814814816,90,54
4U41-3C8,MSE,gradinput,80,0.5423280423280423,63,35
4U41-3C8,MSE,gradinput,85,0.49786324786324787,39,22
4U41-3C8,MSE,gradinput,90,0.475,20,11
4U41-3C8,MSE,gradinput,95,0.42857142857142855,7,4
4U41-3C8,MSE,ig,50,0.6594854953475644,145,86
4U41-3C8,MSE,ig,55,0.6594854953475644,145,86
4U41-3C8,MSE,ig,60,0.6594854953475644,145,86
4U41-3C8,MSE,ig,65,0.6594854953475644,145,86
4U41-3C8,MSE,ig,70,0.6730880230880231,132,77
4U41-3C8,MSE,ig,75,0.6725925925925925,90,54
4U41-3C8,MSE,ig,80,0.647089947089947,63,35
4U41-3C8,MSE,ig,85,0.6410256410256411,39,22
4U41-3C8,MSE,ig,90,0.625,20,11
4U41-3C8,MSE,ig,95,0.7142857142857143,7,4
4U41-3C8,MSE,shap,50,0.5240640394088671,145,86
4U41-3C8,MSE,shap,55,0.5240640394088671,145,86
4U41-3C8,MSE,shap,60,0.5240640394088671,145,86
4U41-3C8,MSE,shap,65,0.5240640394088671,145,86
4U41-3C8,MSE,shap,70,0.5381132756132755,132,77
4U41-3C8,MSE,shap,75,0.5198148148148148,90,54
4U41-3C8,MSE,shap,80,0.4952380952380953,63,35
4U41-3C8,MSE,shap,85,0.5235042735042734,39,22
4U41-3C8,MSE,shap,90,0.5,20,11
4U41-3C8,MSE,shap,95,0.5714285714285714,7,4
4U43-3D8,MSE,cam,50,0.5158730158730158,90,45
4U43-3D8,MSE,cam,55,0.5166112956810631,86,43
4U43-3D8,MSE,cam,60,0.5198412698412699,72,36
4U43-3D8,MSE,cam,65,0.5230414746543779,62,31
4U43-3D8,MSE,cam,70,0.525,40,20
4U43-3D8,MSE,cam,75,0.5,6,3
4U43-3D8,MSE,cam,80,0.5,4,2
4U43-3D8,MSE,cam,85,0.5,2,1
4U43-3D8,MSE,cam,90,,0,0
4U43-3D8,MSE,cam,95,,0,0
4U43-3D8,MSE,diff,50,0.4341580024913356,90,45
4U43-3D8,MSE,diff,55,0.4346946980667909,86,43
4U43-3D8,MSE,diff,60,0.46148589065255735,72,36
4U43-3D8,MSE,diff,65,0.4697900665642599,62,31
4U43-3D8,MSE,diff,70,0.5428571428571427,40,20
4U43-3D8,MSE,diff,75,0.47222222222222215,6,3
4U43-3D8,MSE,diff,80,0.4583333333333333,4,2
4U43-3D8,MSE,diff,85,0.6666666666666666,2,1
4U43-3D8,MSE,diff,90,,0,0
4U43-3D8,MSE,diff,95,,0,0
4U43-3D8,MSE,gradcam,50,0.37337606837606846,90,45
4U43-3D8,MSE,gradcam,55,0.3759583439815999,86,43
4U43-3D8,MSE,gradcam,60,0.4237764550264551,72,36
4U43-3D8,MSE,gradcam,65,0.44374039938556076,62,31
4U43-3D8,MSE,gradcam,70,0.537797619047619,40,20
4U43-3D8,MSE,gradcam,75,0.40277777777777773,6,3
4U43-3D8,MSE,gradcam,80,0.35416666666666663,4,2
4U43-3D8,MSE,gradcam,85,0.3333333333333333,2,1
4U43-3D8,MSE,gradcam,90,,0,0
4U43-3D8,MSE,gradcam,95,,0,0
4U43-3D8,MSE,gradinput,50,0.3778597636930971,90,45
4U43-3D8,MSE,gradinput,55,0.37660850131780366,86,43
4U43-3D8,MSE,gradinput,60,0.4152452100368767,72,36
4U43-3D8,MSE,gradinput,65,0.4259152585765489,62,31
4U43-3D8,MSE,gradinput,70,0.5086309523809522,40,20
4U43-3D8,MSE,gradinput,75,0.40277777777777773,6,3
4U43-3D8,MSE,gradinput,80,0.35416666666666663,4,2
4U43-3D8,MSE,gradinput,85,0.3333333333333333,2,1
4U43-3D8,MSE,gradinput,90,,0,0
4U43-3D8,MSE,gradinput,95,,0,0
4U43-3D8,MSE,ig,50,0.4406488881488881,90,45
4U43-3D8,MSE,ig,55,0.4415428563684378,86,43
4U43-3D8,MSE,ig,60,0.4810049903799903,72,36
4U43-3D8,MSE,ig,65,0.49011136712749603,62,31
4U43-3D8,MSE,ig,70,0.5741071428571427,40,20
4U43-3D8,MSE,ig,75,0.40277777777777773,6,3
4U43-3D8,MSE,ig,80,0.35416666666666663,4,2
4U43-3D8,MSE,ig,85,0.3333333333333333,2,1
4U43-3D8,MSE,ig,90,,0,0
4U43-3D8,MSE,ig,95,,0,0
4U43-3D8,MSE,shap,50,0.5276588534921868,90,45
4U43-3D8,MSE,shap,55,0.5309386672758765,86,43
4U43-3D8,MSE,shap,60,0.5542994428411094,72,36
4U43-3D8,MSE,shap,65,0.5446556579621096,62,31
4U43-3D8,MSE,shap,70,0.5596428571428571,40,20
4U43-3D8,MSE,shap,75,0.6,6,3
4U43-3D8,MSE,shap,80,0.75,4,2
4U43-3D8,MSE,shap,85,0.5,2,1
4U43-3D8,MSE,shap,90,,0,0
4U43-3D8,MSE,shap,95,,0,0
4UYE-9F9,MSE,cam,50,0.5224545102593883,82,42
4UYE-9F9,MSE,cam,55,0.5224545102593883,82,42
4UYE-9F9,MSE,cam,60,0.5242272347535506,76,39
4UYE-9F9,MSE,cam,65,0.5242272347535506,76,39
4UYE-9F9,MSE,cam,70,0.5224867724867724,72,37
4UYE-9F9,MSE,cam,75,0.5305555555555556,60,31
4UYE-9F9,MSE,cam,80,0.5833333333333333,26,14
4UYE-9F9,MSE,cam,85,0.5833333333333333,20,11
4UYE-9F9,MSE,cam,90,0.6666666666666666,3,2
4UYE-9F9,MSE,cam,95,,0,0
4UYE-9F9,MSE,diff,50,0.6813681237461724,82,42
4UYE-9F9,MSE,diff,55,0.6813681237461724,82,42
4UYE-9F9,MSE,diff,60,0.6916196741854636,76,39
4UYE-9F9,MSE,diff,65,0.6916196741854636,76,39
4UYE-9F9,MSE,diff,70,0.7003361992945325,72,37
4UYE-9F9,MSE,diff,75,0.7277380952380951,60,31
4UYE-9F9,MSE,diff,80,0.7032051282051281,26,14
4UYE-9F9,MSE,diff,85,0.7166666666666667,20,11
4UYE-9F9,MSE,diff,90,0.8333333333333334,3,2
4UYE-9F9,MSE,diff,95,,0,0
4UYE-9F9,MSE,gradcam,50,0.5088871155944327,82,42
4UYE-9F9,MSE,gradcam,55,0.5088871155944327,82,42
4UYE-9F9,MSE,gradcam,60,0.5028717627401837,76,39
4UYE-9F9,MSE,gradcam,65,0.5028717627401837,76,39
4UYE-9F9,MSE,gradcam,70,0.5014880952380953,72,37
4UYE-9F9,MSE,gradcam,75,0.49464285714285716,60,31
4UYE-9F9,MSE,gradcam,80,0.5096153846153846,26,14
4UYE-9F9,MSE,gradcam,85,0.5125,20,11
4UYE-9F9,MSE,gradcam,90,0.6666666666666666,3,2
4UYE-9F9,MSE,gradcam,95,,0,0
4UYE-9F9,MSE,gradinput,50,0.6818265406680041,82,42
4UYE-9F9,MSE,gradinput,55,0.6818265406680041,82,42
4UYE-9F9,MSE,gradinput,60,0.6878080618212197,76,39
4UYE-9F9,MSE,gradinput,65,0.6878080618212197,76,39
4UYE-9F9,MSE,gradinput,70,0.6982418430335096,72,37
4UYE-9F9,MSE,gradinput,75,0.7295238095238096,60,31
4UYE-9F9,MSE,gradinput,80,0.6871794871794872,26,14
4UYE-9F9,MSE,gradinput,85,0.7083333333333334,20,11
4UYE-9F9,MSE,gradinput,90,1.0,3,2
4UYE-9F9,MSE,gradinput,95,,0,0
4UYE-9F9,MSE,ig,50,0.6582601680162659,82,42
4UYE-9F9,MSE,ig,55,0.6582601680162659,82,42
4UYE-9F9,MSE,ig,60,0.6700918964076861,76,39
4UYE-9F9,MSE,ig,65,0.6700918964076861,76,39
4UYE-9F9,MSE,ig,70,0.6768408289241625,72,37
4UYE-9F9,MSE,ig,75,0.6905158730158731,60,31
4UYE-9F9,MSE,ig,80,0.5403846153846155,26,14
4UYE-9F9,MSE,ig,85,0.5625,20,11
4UYE-9F9,MSE,ig,90,0.6666666666666666,3,2
4UYE-9F9,MSE,ig,95,,0,0
4UYE-9F9,MSE,shap,50,0.5520812859227493,82,42
4UYE-9F9,MSE,shap,55,0.5520812859227493,82,42
4UYE-9F9,MSE,shap,60,0.5540674603174602,76,39
4UYE-9F9,MSE,shap,65,0.5540674603174602,76,39
4UYE-9F9,MSE,shap,70,0.5570712081128748,72,37
4UYE-9F9,MSE,shap,75,0.5777777777777778,60,31
4UYE-9F9,MSE,shap,80,0.5384615384615384,26,14
4UYE-9F9,MSE,shap,85,0.575,20,11
4UYE-9F9,MSE,shap,90,0.6666666666666666,3,2
4UYE-9F9,MSE,shap,95,,0,0
4W4V-3H8,MSE,cam,50,0.6620541992442818,121,62
4W4V-3H8,MSE,cam,55,0.6620541992442818,121,62
4W4V-3H8,MSE,cam,60,0.6690599255816647,115,59
4W4V-3H8,MSE,cam,65,0.6723801723801724,111,57
4W4V-3H8,MSE,cam,70,0.7041142127349025,87,45
4W4V-3H8,MSE,cam,75,0.7123750734861848,81,42
4W4V-3H8,MSE,cam,80,0.7145871006630502,79,41
4W4V-3H8,MSE,cam,85,0.7485875706214689,59,31
4W4V-3H8,MSE,cam,90,0.7733333333333333,50,26
4W4V-3H8,MSE,cam,95,0.8888888888888888,18,10
4W4V-3H8,MSE,diff,50,0.5502492915716057,121,62
4W4V-3H8,MSE,diff,55,0.5502492915716057,121,62
4W4V-3H8,MSE,diff,60,0.5443202691028778,115,59
4W4V-3H8,MSE,diff,65,0.5455708955708956,111,57
4W4V-3H8,MSE,diff,70,0.5374293012224046,87,45
4W4V-3H8,MSE,diff,75,0.5378012933568489,81,42
4W4V-3H8,MSE,diff,80,0.5324291742013261,79,41
4W4V-3H8,MSE,diff,85,0.5141242937853108,59,31
4W4V-3H8,MSE,diff,90,0.5166666666666667,50,26
4W4V-3H8,MSE,diff,95,0.5555555555555556,18,10
4W4V-3H8,MSE,gradcam,50,0.49700875341371215,121,62
4W4V-3H8,MSE,gradcam,55,0.49700875341371215,121,62
4W4V-3H8,MSE,gradcam,60,0.49047587678022464,115,59
4W4V-3H8,MSE,gradcam,65,0.493886418886419,111,57
4W4V-3H8,MSE,gradcam,70,0.49988596971355603,87,45
4W4V-3H8,MSE,gradcam,75,0.4889035861258085,81,42
4W4V-3H8,MSE,gradcam,80,0.48704038577456304,79,41
4W4V-3H8,MSE,gradcam,85,0.4180790960451977,59,31
4W4V-3H8,MSE,gradcam,90,0.4233333333333333,50,26
4W4V-3H8,MSE,gradcam,95,0.3888888888888889,18,10
4W4V-3H8,MSE,gradinput,50,0.5019469281865977,121,62
4W4V-3H8,MSE,gradinput,55,0.5019469281865977,121,62
4W4V-3H8,MSE,gradinput,60,0.5024108258890867,115,59
4W4V-3H8,MSE,gradinput,65,0.5042302042302043,111,57
4W4V-3H8,MSE,gradinput,70,0.5064769202700238,87,45
4W4V-3H8,MSE,gradinput,75,0.501469723691946,81,42
4W4V-3H8,MSE,gradinput,80,0.5015069318866787,79,41
4W4V-3H8,MSE,gradinput,85,0.49152542372881364,59,31
4W4V-3H8,MSE,gradinput,90,0.4800000000000001,50,26
4W4V-3H8,MSE,gradinput,95,0.3888888888888889,18,10
4W4V-3H8,MSE,ig,50,0.5442248522827035,121,62
4W4V-3H8,MSE,ig,55,0.5442248522827035,121,62
4W4V-3H8,MSE,ig,60,0.5429815112423807,115,59
4W4V-3H8,MSE,ig,65,0.5449923949923948,111,57
4W4V-3H8,MSE,ig,70,0.5418810436051814,87,45
4W4V-3H8,MSE,ig,75,0.5422398589065255,81,42
4W4V-3H8,MSE,ig,80,0.5401446654611212,79,41
4W4V-3H8,MSE,ig,85,0.5282485875706215,59,31
4W4V-3H8,MSE,ig,90,0.5333333333333333,50,26
4W4V-3H8,MSE,ig,95,0.5555555555555556,18,10
4W4V-3H8,MSE,shap,50,0.49258746304200857,121,62
4W4V-3H8,MSE,shap,55,0.49258746304200857,121,62
4W4V-3H8,MSE,shap,60,0.491910866910867,115,59
4W4V-3H8,MSE,shap,65,0.4905798655798656,111,57
4W4V-3H8,MSE,shap,70,0.48644864075898564,87,45
4W4V-3H8,MSE,shap,75,0.4821869488536156,81,42
4W4V-3H8,MSE,shap,80,0.47857142857142865,79,41
4W4V-3H8,MSE,shap,85,0.44774011299435024,59,31
4W4V-3H8,MSE,shap,90,0.40333333333333327,50,26
4W4V-3H8,MSE,shap,95,0.5,18,10
4WOT-3SG,MSE,cam,50,0.5845864661654134,147,83
4WOT-3SG,MSE,cam,55,0.5845864661654134,147,83
4WOT-3SG,MSE,cam,60,0.589763779527559,127,73
4WOT-3SG,MSE,cam,65,0.603448275862069,87,53
4WOT-3SG,MSE,cam,70,0.6595744680851063,47,33
4WOT-3SG,MSE,cam,75,0.6744186046511628,43,31
4WOT-3SG,MSE,cam,80,0.6410256410256411,39,27
4WOT-3SG,MSE,cam,85,0.6153846153846154,26,18
4WOT-3SG,MSE,cam,90,0.5833333333333334,12,8
4WOT-3SG,MSE,cam,95,0.4,5,4
4WOT-3SG,MSE,diff,50,0.683436041632478,147,83
4WOT-3SG,MSE,diff,55,0.683436041632478,147,83
4WOT-3SG,MSE,diff,60,0.6897244487795668,127,73
4WOT-3SG,MSE,diff,65,0.6922481732826559,87,53
4WOT-3SG,MSE,diff,70,0.658379386570876,47,33
4WOT-3SG,MSE,diff,75,0.6528516057585826,43,31
4WOT-3SG,MSE,diff,80,0.6909645909645911,39,27
4WOT-3SG,MSE,diff,85,0.7352564102564103,26,18
4WOT-3SG,MSE,diff,90,0.7916666666666666,12,8
4WOT-3SG,MSE,diff,95,1.0,5,4
4WOT-3SG,MSE,gradcam,50,0.586455687602462,147,83
4WOT-3SG,MSE,gradcam,55,0.586455687602462,147,83
4WOT-3SG,MSE,gradcam,60,0.5754932075798217,127,73
4WOT-3SG,MSE,gradcam,65,0.5764536230053472,87,53
4WOT-3SG,MSE,gradcam,70,0.5351685548494058,47,33
4WOT-3SG,MSE,gradcam,75,0.539673311184939,43,31
4WOT-3SG,MSE,gradcam,80,0.5387057387057387,39,27
4WOT-3SG,MSE,gradcam,85,0.49807692307692303,26,18
4WOT-3SG,MSE,gradcam,90,0.5,12,8
4WOT-3SG,MSE,gradcam,95,0.4,5,4
4WOT-3SG,MSE,gradinput,50,0.5568627171323515,147,83
4WOT-3SG,MSE,gradinput,55,0.5568627171323515,147,83
4WOT-3SG,MSE,gradinput,60,0.5525853739436416,127,73
4WOT-3SG,MSE,gradinput,65,0.5776514673066394,87,53
4WOT-3SG,MSE,gradinput,70,0.5826977986552456,47,33
4WOT-3SG,MSE,gradinput,75,0.5831672203765229,43,31
4WOT-3SG,MSE,gradinput,80,0.5866605616605618,39,27
4WOT-3SG,MSE,gradinput,85,0.5448717948717948,26,18
4WOT-3SG,MSE,gradinput,90,0.5416666666666666,12,8
4WOT-3SG,MSE,gradinput,95,0.6,5,4
4WOT-3SG,MSE,ig,50,0.5743507307346,147,83
4WOT-3SG,MSE,ig,55,0.5743507307346,147,83
4WOT-3SG,MSE,ig,60,0.582782604534573,127,73
4WOT-3SG,MSE,ig,65,0.6106950520743624,87,53
4WOT-3SG,MSE,ig,70,0.6772911485677444,47,33
4WOT-3SG,MSE,ig,75,0.6950166112956812,43,31
4WOT-3SG,MSE,ig,80,0.6742673992673993,39,27
4WOT-3SG,MSE,ig,85,0.6391025641025642,26,18
4WOT-3SG,MSE,ig,90,0.625,12,8
4WOT-3SG,MSE,ig,95,0.6,5,4
4WOT-3SG,MSE,shap,50,0.5684338757323216,147,83
4WOT-3SG,MSE,shap,55,0.5684338757323216,147,83
4WOT-3SG,MSE,shap,60,0.5678791680760186,127,73
4WOT-3SG,MSE,shap,65,0.5358622220691185,87,53
4WOT-3SG,MSE,shap,70,0.5145804550059869,47,33
4WOT-3SG,MSE,shap,75,0.5161129568106312,43,31
4WOT-3SG,MSE,shap,80,0.5090659340659341,39,27
4WOT-3SG,MSE,shap,85,0.5211538461538461,26,18
4WOT-3SG,MSE,shap,90,0.5,12,8
4WOT-3SG,MSE,shap,95,0.6,5,4
4WPF-3SN,MSE,cam,50,0.5031446540880503,159,81
4WPF-3SN,MSE,cam,55,0.5031446540880503,159,81
4WPF-3SN,MSE,cam,60,0.5031446540880503,159,81
4WPF-3SN,MSE,cam,65,0.5031446540880503,159,81
4WPF-3SN,MSE,cam,70,0.5031847133757962,157,80
4WPF-3SN,MSE,cam,75,0.5032679738562091,153,78
4WPF-3SN,MSE,cam,80,0.5033112582781457,151,77
4WPF-3SN,MSE,cam,85,0.5035460992907801,141,72
4WPF-3SN,MSE,cam,90,0.5076923076923077,65,34
4WPF-3SN,MSE,cam,95,0.5,2,2
4WPF-3SN,MSE,diff,50,0.625731029976313,159,81
4WPF-3SN,MSE,diff,55,0.625731029976313,159,81
4WPF-3SN,MSE,diff,60,0.625731029976313,159,81
4WPF-3SN,MSE,diff,65,0.625731029976313,159,81
4WPF-3SN,MSE,diff,70,0.6223384895359418,157,80
4WPF-3SN,MSE,diff,75,0.6217242452536571,153,78
4WPF-3SN,MSE,diff,80,0.6200252286345003,151,77
4WPF-3SN,MSE,diff,85,0.6069739952718678,141,72
4WPF-3SN,MSE,diff,90,0.6025641025641025,65,34
4WPF-3SN,MSE,diff,95,0.5,2,2
4WPF-3SN,MSE,gradcam,50,0.5652690426275331,159,81
4WPF-3SN,MSE,gradcam,55,0.5652690426275331,159,81
4WPF-3SN,MSE,gradcam,60,0.5652690426275331,159,81
4WPF-3SN,MSE,gradcam,65,0.5652690426275331,159,81
4WPF-3SN,MSE,gradcam,70,0.5676928520877564,157,80
4WPF-3SN,MSE,gradcam,75,0.571350762527233,153,78
4WPF-3SN,MSE,gradcam,80,0.5722958057395143,151,77
4WPF-3SN,MSE,gradcam,85,0.5774231678486997,141,72
4WPF-3SN,MSE,gradcam,90,0.5974358974358974,65,34
4WPF-3SN,MSE,gradcam,95,1.0,2,2
4WPF-3SN,MSE,gradinput,50,0.5571063283327433,159,81
4WPF-3SN,MSE,gradinput,55,0.5571063283327433,159,81
4WPF-3SN,MSE,gradinput,60,0.5571063283327433,159,81
4WPF-3SN,MSE,gradinput,65,0.5571063283327433,159,81
4WPF-3SN,MSE,gradinput,70,0.5563138206450308,157,80
4WPF-3SN,MSE,gradinput,75,0.5560068471833177,153,78
4WPF-3SN,MSE,gradinput,80,0.5567486597287921,151,77
4WPF-3SN,MSE,gradinput,85,0.5609929078014183,141,72
4WPF-3SN,MSE,gradinput,90,0.5615384615384615,65,34
4WPF-3SN,MSE,gradinput,95,0.5,2,2
4WPF-3SN,MSE,ig,50,0.6637808906676832,159,81
4WPF-3SN,MSE,ig,55,0.6637808906676832,159,81
4WPF-3SN,MSE,ig,60,0.6637808906676832,159,81
4WPF-3SN,MSE,ig,65,0.6637808906676832,159,81
4WPF-3SN,MSE,ig,70,0.6636234961075725,157,80
4WPF-3SN,MSE,ig,75,0.6659041394335512,153,78
4WPF-3SN,MSE,ig,80,0.6647902869757175,151,77
4WPF-3SN,MSE,ig,85,0.6741134751773049,141,72
4WPF-3SN,MSE,ig,90,0.717948717948718,65,34
4WPF-3SN,MSE,ig,95,0.5,2,2
4WPF-3SN,MSE,shap,50,0.4862193362193362,159,81
4WPF-3SN,MSE,shap,55,0.4862193362193362,159,81
4WPF-3SN,MSE,shap,60,0.4862193362193362,159,81
4WPF-3SN,MSE,shap,65,0.4862193362193362,159,81
4WPF-3SN,MSE,shap,70,0.4861161662117076,157,80
4WPF-3SN,MSE,shap,75,0.48439153439153443,153,78
4WPF-3SN,MSE,shap,80,0.48418479974771367,151,77
4WPF-3SN,MSE,shap,85,0.48333333333333345,141,72
4WPF-3SN,MSE,shap,90,0.4666666666666667,65,34
4WPF-3SN,MSE,shap,95,0.5,2,2
4WQP-3SX,MSE,cam,50,0.6593215308312101,1343,677
4WQP-3SX,MSE,cam,55,0.6593394280754454,1341,676
4WQP-3SX,MSE,cam,60,0.659440507629454,1339,675
4WQP-3SX,MSE,cam,65,0.6600654795937811,1325,668
4WQP-3SX,MSE,cam,70,0.6610357606077447,1285,648
4WQP-3SX,MSE,cam,75,0.6651018826135099,1075,543
4WQP-3SX,MSE,cam,80,0.6739997282793292,701,356
4WQP-3SX,MSE,cam,85,0.6762402088772848,383,197
4WQP-3SX,MSE,cam,90,0.6164154103852598,199,104
4WQP-3SX,MSE,cam,95,0.5357142857142857,28,16
4WQP-3SX,MSE,diff,50,0.7083335936835563,1343,677
4WQP-3SX,MSE,diff,55,0.7084711957195177,1341,676
4WQP-3SX,MSE,diff,60,0.7084714016379436,1339,675
4WQP-3SX,MSE,diff,65,0.7090111900677936,1325,668
4WQP-3SX,MSE,diff,70,0.71061206843308,1285,648
4WQP-3SX,MSE,diff,75,0.7147009966777403,1075,543
4WQP-3SX,MSE,diff,80,0.7211806263161474,701,356
4WQP-3SX,MSE,diff,85,0.7347693646649264,383,197
4WQP-3SX,MSE,diff,90,0.7211055276381911,199,104
4WQP-3SX,MSE,diff,95,0.6428571428571429,28,16
4WQP-3SX,MSE,gradcam,50,0.7014438568794488,1343,677
4WQP-3SX,MSE,gradcam,55,0.7016777137023222,1341,676
4WQP-3SX,MSE,gradcam,60,0.7017673493214941,1339,675
4WQP-3SX,MSE,gradcam,65,0.7023959541506711,1325,668
4WQP-3SX,MSE,gradcam,70,0.7034892841702177,1285,648
4WQP-3SX,MSE,gradcam,75,0.7111816168327783,1075,543
4WQP-3SX,MSE,gradcam,80,0.7305312139120985,701,356
4WQP-3SX,MSE,gradcam,85,0.7422976501305485,383,197
4WQP-3SX,MSE,gradcam,90,0.7395309882747069,199,104
4WQP-3SX,MSE,gradcam,95,0.75,28,16
4WQP-3SX,MSE,gradinput,50,0.590322879321392,1343,677
4WQP-3SX,MSE,gradinput,55,0.5907239148290622,1341,676
4WQP-3SX,MSE,gradinput,60,0.5909341073829516,1339,675
4WQP-3SX,MSE,gradinput,65,0.5918722263061904,1325,668
4WQP-3SX,MSE,gradinput,70,0.5938221851645992,1285,648
4WQP-3SX,MSE,gradinput,75,0.6052945736434113,1075,543
4WQP-3SX,MSE,gradinput,80,0.6218395489436858,701,356
4WQP-3SX,MSE,gradinput,85,0.646953872932985,383,197
4WQP-3SX,MSE,gradinput,90,0.6859296482412061,199,104
4WQP-3SX,MSE,gradinput,95,0.6428571428571429,28,16
4WQP-3SX,MSE,ig,50,0.6676658856573234,1343,677
4WQP-3SX,MSE,ig,55,0.6677494930291358,1341,676
4WQP-3SX,MSE,ig,60,0.6679253697924354,1339,675
4WQP-3SX,MSE,ig,65,0.6697060088758209,1325,668
4WQP-3SX,MSE,ig,70,0.6728874065839053,1285,648
4WQP-3SX,MSE,ig,75,0.6876843853820597,1075,543
4WQP-3SX,MSE,ig,80,0.7099891311731549,701,356
4WQP-3SX,MSE,ig,85,0.7342906875543954,383,197
4WQP-3SX,MSE,ig,90,0.7294807370184253,199,104
4WQP-3SX,MSE,ig,95,0.7142857142857143,28,16
4WQP-3SX,MSE,shap,50,0.5337964312927082,1343,677
4WQP-3SX,MSE,shap,55,0.5336004847749813,1341,676
4WQP-3SX,MSE,shap,60,0.5335635425067836,1339,675
4WQP-3SX,MSE,shap,65,0.5334902393204277,1325,668
4WQP-3SX,MSE,shap,70,0.5338580075350502,1285,648
4WQP-3SX,MSE,shap,75,0.5367796234772979,1075,543
4WQP-3SX,MSE,shap,80,0.5424835269343111,701,356
4WQP-3SX,MSE,shap,85,0.5562663185378592,383,197
4WQP-3SX,MSE,shap,90,0.5477386934673366,199,104
4WQP-3SX,MSE,shap,95,0.5357142857142857,28,16
4WT6-3U6,MSE,cam,50,0.5132155044326323,1483,751
4WT6-3U6,MSE,cam,55,0.5136957324064246,1431,725
4WT6-3U6,MSE,cam,60,0.5152281220463041,1287,653
4WT6-3U6,MSE,cam,65,0.5200933530811006,1061,540
4WT6-3U6,MSE,cam,70,0.5228391945706433,849,434
4WT6-3U6,MSE,cam,75,0.5362205162438808,428,223
4WT6-3U6,MSE,cam,80,0.5408700980392157,272,143
4WT6-3U6,MSE,cam,85,0.5364891518737672,169,90
4WT6-3U6,MSE,cam,90,0.5288461538461539,52,30
4WT6-3U6,MSE,cam,95,0.6,10,7
4WT6-3U6,MSE,diff,50,0.6634164205333524,1483,751
4WT6-3U6,MSE,diff,55,0.6667236191869301,1431,725
4WT6-3U6,MSE,diff,60,0.6722393293488846,1287,653
4WT6-3U6,MSE,diff,65,0.6814121081557474,1061,540
4WT6-3U6,MSE,diff,70,0.6804994671602449,849,434
4WT6-3U6,MSE,diff,75,0.6848854027592348,428,223
4WT6-3U6,MSE,diff,80,0.7132965686274503,272,143
4WT6-3U6,MSE,diff,85,0.7243589743589747,169,90
4WT6-3U6,MSE,diff,90,0.7115384615384616,52,30
4WT6-3U6,MSE,diff,95,0.5,10,7
4WT6-3U6,MSE,gradcam,50,0.5325331968746547,1483,751
4WT6-3U6,MSE,gradcam,55,0.5302762692699796,1431,725
4WT6-3U6,MSE,gradcam,60,0.5253972825068389,1287,653
4WT6-3U6,MSE,gradcam,65,0.5209815945913967,1061,540
4WT6-3U6,MSE,gradcam,70,0.5216585338493467,849,434
4WT6-3U6,MSE,gradcam,75,0.514647307521139,428,223
4WT6-3U6,MSE,gradcam,80,0.5479779411764707,272,143
4WT6-3U6,MSE,gradcam,85,0.5813609467455623,169,90
4WT6-3U6,MSE,gradcam,90,0.6057692307692307,52,30
4WT6-3U6,MSE,gradcam,95,0.4,10,7
4WT6-3U6,MSE,gradinput,50,0.5910042348362942,1483,751
4WT6-3U6,MSE,gradinput,55,0.5942793676546313,1431,725
4WT6-3U6,MSE,gradinput,60,0.598410087279553,1287,653
4WT6-3U6,MSE,gradinput,65,0.6022899657678187,1061,540
4WT6-3U6,MSE,gradinput,70,0.6060514704507647,849,434
4WT6-3U6,MSE,gradinput,75,0.6088951935914554,428,223
4WT6-3U6,MSE,gradinput,80,0.619485294117647,272,143
4WT6-3U6,MSE,gradinput,85,0.6104536489151873,169,90
4WT6-3U6,MSE,gradinput,90,0.5865384615384616,52,30
4WT6-3U6,MSE,gradinput,95,0.3,10,7
4WT6-3U6,MSE,ig,50,0.5826509317966423,1483,751
4WT6-3U6,MSE,ig,55,0.5833085871345833,1431,725
4WT6-3U6,MSE,ig,60,0.5860849070639275,1287,653
4WT6-3U6,MSE,ig,65,0.587161401275443,1061,540
4WT6-3U6,MSE,ig,70,0.5908094490249955,849,434
4WT6-3U6,MSE,ig,75,0.6332832665776597,428,223
4WT6-3U6,MSE,ig,80,0.6653186274509797,272,143
4WT6-3U6,MSE,ig,85,0.6735700197238663,169,90
4WT6-3U6,MSE,ig,90,0.6538461538461539,52,30
4WT6-3U6,MSE,ig,95,0.4,10,7
4WT6-3U6,MSE,shap,50,0.5266013316363369,1483,751
4WT6-3U6,MSE,shap,55,0.5273011715359731,1431,725
4WT6-3U6,MSE,shap,60,0.5272416092928922,1287,653
4WT6-3U6,MSE,shap,65,0.5269923212194654,1061,540
4WT6-3U6,MSE,shap,70,0.5268228728476074,849,434
4WT6-3U6,MSE,shap,75,0.5297619047619047,428,223
4WT6-3U6,MSE,shap,80,0.5299632352941174,272,143
4WT6-3U6,MSE,shap,85,0.5379684418145955,169,90
4WT6-3U6,MSE,shap,90,0.6057692307692307,52,30
4WT6-3U6,MSE,shap,95,0.7,10,7
4WY1-3VO,MSE,cam,50,0.5762900822429429,2482,1428
4WY1-3VO,MSE,cam,55,0.5709513697101573,2276,1297
4WY1-3VO,MSE,cam,60,0.5672692767836083,1884,1067
4WY1-3VO,MSE,cam,65,0.5545549479760008,1672,927
4WY1-3VO,MSE,cam,70,0.5534343258795814,1233,684
4WY1-3VO,MSE,cam,75,0.5577389616690926,687,385
4WY1-3VO,MSE,cam,80,0.5471183800623053,428,238
4WY1-3VO,MSE,cam,85,0.5416666666666667,220,123
4WY1-3VO,MSE,cam,90,0.5319148936170213,47,30
4WY1-3VO,MSE,cam,95,0.5,6,7
4WY1-3VO,MSE,diff,50,0.654231024383178,2482,1428
4WY1-3VO,MSE,diff,55,0.6588952969994274,2276,1297
4WY1-3VO,MSE,diff,60,0.6688380812982714,1884,1067
4WY1-3VO,MSE,diff,65,0.6746489804055584,1672,927
4WY1-3VO,MSE,diff,70,0.686745774276186,1233,684
4WY1-3VO,MSE,diff,75,0.7154051431344023,687,385
4WY1-3VO,MSE,diff,80,0.736214953271028,428,238
4WY1-3VO,MSE,diff,85,0.7450757575757575,220,123
4WY1-3VO,MSE,diff,90,0.7127659574468085,47,30
4WY1-3VO,MSE,diff,95,0.6666666666666666,6,7
4WY1-3VO,MSE,gradcam,50,0.5650310680350488,2482,1428
4WY1-3VO,MSE,gradcam,55,0.5619134039169184,2276,1297
4WY1-3VO,MSE,gradcam,60,0.5581749593294172,1884,1067
4WY1-3VO,MSE,gradcam,65,0.5541061460469351,1672,927
4WY1-3VO,MSE,gradcam,70,0.5552279251792622,1233,684
4WY1-3VO,MSE,gradcam,75,0.6288036320787419,687,385
4WY1-3VO,MSE,gradcam,80,0.6654595015576323,428,238
4WY1-3VO,MSE,gradcam,85,0.6821969696969701,220,123
4WY1-3VO,MSE,gradcam,90,0.7127659574468085,47,30
4WY1-3VO,MSE,gradcam,95,0.3333333333333333,6,7
4WY1-3VO,MSE,gradinput,50,0.5504667168084956,2482,1428
4WY1-3VO,MSE,gradinput,55,0.5455782720501526,2276,1297
4WY1-3VO,MSE,gradinput,60,0.5444825683281098,1884,1067
4WY1-3VO,MSE,gradinput,65,0.546281423255107,1672,927
4WY1-3VO,MSE,gradinput,70,0.5565439179186125,1233,684
4WY1-3VO,MSE,gradinput,75,0.585288001663548,687,385
4WY1-3VO,MSE,gradinput,80,0.5967679127725859,428,238
4WY1-3VO,MSE,gradinput,85,0.6018939393939392,220,123
4WY1-3VO,MSE,gradinput,90,0.574468085106383,47,30
4WY1-3VO,MSE,gradinput,95,0.8333333333333334,6,7
4WY1-3VO,MSE,ig,50,0.5943995091166503,2482,1428
4WY1-3VO,MSE,ig,55,0.5957799486687897,2276,1297
4WY1-3VO,MSE,ig,60,0.6107538840022909,1884,1067
4WY1-3VO,MSE,ig,65,0.6149528651173356,1672,927
4WY1-3VO,MSE,ig,70,0.6313031836146157,1233,684
4WY1-3VO,MSE,ig,75,0.6668711443820633,687,385
4WY1-3VO,MSE,ig,80,0.6947040498442375,428,238
4WY1-3VO,MSE,ig,85,0.731060606060606,220,123
4WY1-3VO,MSE,ig,90,0.6702127659574468,47,30
4WY1-3VO,MSE,ig,95,0.3333333333333333,6,7
4WY1-3VO,MSE,shap,50,0.525974805814652,2482,1428
4WY1-3VO,MSE,shap,55,0.5254467278961998,2276,1297
4WY1-3VO,MSE,shap,60,0.5269667022055556,1884,1067
4WY1-3VO,MSE,shap,65,0.5270353915090757,1672,927
4WY1-3VO,MSE,shap,70,0.5297545025038941,1233,684
4WY1-3VO,MSE,shap,75,0.5421466694392463,687,385
4WY1-3VO,MSE,shap,80,0.557048286604361,428,238
4WY1-3VO,MSE,shap,85,0.572727272727273,220,123
4WY1-3VO,MSE,shap,90,0.6276595744680851,47,30
4WY1-3VO,MSE,shap,95,0.6666666666666666,6,7
4X6X-S74,MSE,cam,50,0.4915254237288136,59,30
4X6X-S74,MSE,cam,55,0.4915254237288136,59,30
4X6X-S74,MSE,cam,60,0.4897959183673469,49,25
4X6X-S74,MSE,cam,65,0.4883720930232558,43,22
4X6X-S74,MSE,cam,70,0.48148148148148145,27,14
4X6X-S74,MSE,cam,75,0.47368421052631576,19,10
4X6X-S74,MSE,cam,80,0.5,14,7
4X6X-S74,MSE,cam,85,0.5,10,5
4X6X-S74,MSE,cam,90,0.5,2,1
4X6X-S74,MSE,cam,95,0.5,2,1
4X6X-S74,MSE,diff,50,0.6877719737889231,59,30
4X6X-S74,MSE,diff,55,0.6877719737889231,59,30
4X6X-S74,MSE,diff,60,0.7196825283559976,49,25
4X6X-S74,MSE,diff,65,0.7133380185705767,43,22
4X6X-S74,MSE,diff,70,0.7513227513227513,27,14
4X6X-S74,MSE,diff,75,0.6992481203007519,19,10
4X6X-S74,MSE,diff,80,0.7142857142857143,14,7
4X6X-S74,MSE,diff,85,0.8,10,5
4X6X-S74,MSE,diff,90,1.0,2,1
4X6X-S74,MSE,diff,95,1.0,2,1
4X6X-S74,MSE,gradcam,50,0.49419154292035644,59,30
4X6X-S74,MSE,gradcam,55,0.49419154292035644,59,30
4X6X-S74,MSE,gradcam,60,0.4930061435163476,49,25
4X6X-S74,MSE,gradcam,65,0.4899160916602777,43,22
4X6X-S74,MSE,gradcam,70,0.4973544973544974,27,14
4X6X-S74,MSE,gradcam,75,0.4962406015037594,19,10
4X6X-S74,MSE,gradcam,80,0.5,14,7
4X6X-S74,MSE,gradcam,85,0.5,10,5
4X6X-S74,MSE,gradcam,90,0.5,2,1
4X6X-S74,MSE,gradcam,95,0.5,2,1
4X6X-S74,MSE,gradinput,50,0.6123733611021747,59,30
4X6X-S74,MSE,gradinput,55,0.6123733611021747,59,30
4X6X-S74,MSE,gradinput,60,0.6353067001026184,49,25
4X6X-S74,MSE,gradinput,65,0.6410788823579522,43,22
4X6X-S74,MSE,gradinput,70,0.6825396825396824,27,14
4X6X-S74,MSE,gradinput,75,0.6278195488721805,19,10
4X6X-S74,MSE,gradinput,80,0.5714285714285714,14,7
4X6X-S74,MSE,gradinput,85,0.6,10,5
4X6X-S74,MSE,gradinput,90,0.5,2,1
4X6X-S74,MSE,gradinput,95,0.5,2,1
4X6X-S74,MSE,ig,50,0.5036841689384063,59,30
4X6X-S74,MSE,ig,55,0.5036841689384063,59,30
4X6X-S74,MSE,ig,60,0.5044360401503258,49,25
4X6X-S74,MSE,ig,65,0.4944841979725701,43,22
4X6X-S74,MSE,ig,70,0.5,27,14
4X6X-S74,MSE,ig,75,0.4473684210526316,19,10
4X6X-S74,MSE,ig,80,0.4642857142857143,14,7
4X6X-S74,MSE,ig,85,0.5,10,5
4X6X-S74,MSE,ig,90,0.5,2,1
4X6X-S74,MSE,ig,95,0.5,2,1
4X6X-S74,MSE,shap,50,0.5390271216542405,59,30
4X6X-S74,MSE,shap,55,0.5390271216542405,59,30
4X6X-S74,MSE,shap,60,0.540095675299757,49,25
4X6X-S74,MSE,shap,65,0.5439084816991794,43,22
4X6X-S74,MSE,shap,70,0.5519694297472074,27,14
4X6X-S74,MSE,shap,75,0.606015037593985,19,10
4X6X-S74,MSE,shap,80,0.6107142857142858,14,7
4X6X-S74,MSE,shap,85,0.6416666666666667,10,5
4X6X-S74,MSE,shap,90,1.0,2,1
4X6X-S74,MSE,shap,95,1.0,2,1
4X7I-3YS,MSE,cam,50,0.5573742041765294,774,389
4X7I-3YS,MSE,cam,55,0.5644332402613156,634,319
4X7I-3YS,MSE,cam,60,0.5717662257791405,542,273
4X7I-3YS,MSE,cam,65,0.5764740344956879,508,256
4X7I-3YS,MSE,cam,70,0.5832159239842724,436,220
4X7I-3YS,MSE,cam,75,0.5941836734693876,350,177
4X7I-3YS,MSE,cam,80,0.596388888888889,240,122
4X7I-3YS,MSE,cam,85,0.6087239583333335,128,66
4X7I-3YS,MSE,cam,90,0.6,40,22
4X7I-3YS,MSE,cam,95,0.6666666666666666,6,4
4X7I-3YS,MSE,diff,50,0.5995516042198665,774,389
4X7I-3YS,MSE,diff,55,0.6140802546559642,634,319
4X7I-3YS,MSE,diff,60,0.6263584048178139,542,273
4X7I-3YS,MSE,diff,65,0.6319004868709589,508,256
4X7I-3YS,MSE,diff,70,0.6393967525848259,436,220
4X7I-3YS,MSE,diff,75,0.6473877551020408,350,177
4X7I-3YS,MSE,diff,80,0.6624999999999999,240,122
4X7I-3YS,MSE,diff,85,0.6588541666666667,128,66
4X7I-3YS,MSE,diff,90,0.6375,40,22
4X7I-3YS,MSE,diff,95,0.3333333333333333,6,4
4X7I-3YS,MSE,gradcam,50,0.5778408931680704,774,389
4X7I-3YS,MSE,gradcam,55,0.5841214209905058,634,319
4X7I-3YS,MSE,gradcam,60,0.592203732102256,542,273
4X7I-3YS,MSE,gradcam,65,0.5950920197475313,508,256
4X7I-3YS,MSE,gradcam,70,0.5977091524683268,436,220
4X7I-3YS,MSE,gradcam,75,0.6010374149659866,350,177
4X7I-3YS,MSE,gradcam,80,0.6271527777777781,240,122
4X7I-3YS,MSE,gradcam,85,0.6516927083333334,128,66
4X7I-3YS,MSE,gradcam,90,0.6875,40,22
4X7I-3YS,MSE,gradcam,95,0.6666666666666666,6,4
4X7I-3YS,MSE,gradinput,50,0.5557808675170735,774,389
4X7I-3YS,MSE,gradinput,55,0.5671814997130452,634,319
4X7I-3YS,MSE,gradinput,60,0.5730215305399807,542,273
4X7I-3YS,MSE,gradinput,65,0.5758885963118245,508,256
4X7I-3YS,MSE,gradinput,70,0.5689101863987192,436,220
4X7I-3YS,MSE,gradinput,75,0.5606768707482997,350,177
4X7I-3YS,MSE,gradinput,80,0.5695833333333333,240,122
4X7I-3YS,MSE,gradinput,85,0.5572916666666666,128,66
4X7I-3YS,MSE,gradinput,90,0.6,40,22
4X7I-3YS,MSE,gradinput,95,0.6666666666666666,6,4
4X7I-3YS,MSE,ig,50,0.6018748516012542,774,389
4X7I-3YS,MSE,ig,55,0.6095138300185621,634,319
4X7I-3YS,MSE,ig,60,0.6133592115141934,542,273
4X7I-3YS,MSE,ig,65,0.6165817341014195,508,256
4X7I-3YS,MSE,ig,70,0.6106378331148976,436,220
4X7I-3YS,MSE,ig,75,0.6093197278911565,350,177
4X7I-3YS,MSE,ig,80,0.6161805555555554,240,122
4X7I-3YS,MSE,ig,85,0.6035156250000001,128,66
4X7I-3YS,MSE,ig,90,0.6625,40,22
4X7I-3YS,MSE,ig,95,0.5,6,4
4X7I-3YS,MSE,shap,50,0.5278355848522298,774,389
4X7I-3YS,MSE,shap,55,0.5306110774959361,634,319
4X7I-3YS,MSE,shap,60,0.5297626369120835,542,273
4X7I-3YS,MSE,shap,65,0.5332846888457122,508,256
4X7I-3YS,MSE,shap,70,0.5319071282947428,436,220
4X7I-3YS,MSE,shap,75,0.5439251700680269,350,177
4X7I-3YS,MSE,shap,80,0.5510416666666665,240,122
4X7I-3YS,MSE,shap,85,0.529296875,128,66
4X7I-3YS,MSE,shap,90,0.525,40,22
4X7I-3YS,MSE,shap,95,0.3333333333333333,6,4
4XHK-3YR,MSE,cam,50,0.5834004719289951,331,204
4XHK-3YR,MSE,cam,55,0.5834004719289951,331,204
4XHK-3YR,MSE,cam,60,0.5815993505267953,317,196
4XHK-3YR,MSE,cam,65,0.5785573699176639,272,169
4XHK-3YR,MSE,cam,70,0.5729189111542052,221,138
4XHK-3YR,MSE,cam,75,0.5166066426570628,119,68
4XHK-3YR,MSE,cam,80,0.4827586206896552,87,47
4XHK-3YR,MSE,cam,85,0.47761194029850745,67,36
4XHK-3YR,MSE,cam,90,0.46875,32,18
4XHK-3YR,MSE,cam,95,0.6666666666666666,3,2
4XHK-3YR,MSE,diff,50,0.6421309374037293,331,204
4XHK-3YR,MSE,diff,55,0.6421309374037293,331,204
4XHK-3YR,MSE,diff,60,0.6442255518753942,317,196
4XHK-3YR,MSE,diff,65,0.6356929528804531,272,169
4XHK-3YR,MSE,diff,70,0.6366461969403148,221,138
4XHK-3YR,MSE,diff,75,0.6410764305722287,119,68
4XHK-3YR,MSE,diff,80,0.6736179529282976,87,47
4XHK-3YR,MSE,diff,85,0.6813432835820894,67,36
4XHK-3YR,MSE,diff,90,0.7447916666666667,32,18
4XHK-3YR,MSE,diff,95,1.0,3,2
4XHK-3YR,MSE,gradcam,50,0.6134809237817064,331,204
4XHK-3YR,MSE,gradcam,55,0.6134809237817064,331,204
4XHK-3YR,MSE,gradcam,60,0.6127627367375009,317,196
4XHK-3YR,MSE,gradcam,65,0.6009148327163035,272,169
4XHK-3YR,MSE,gradcam,70,0.5980894922071394,221,138
4XHK-3YR,MSE,gradcam,75,0.5506535947712419,119,68
4XHK-3YR,MSE,gradcam,80,0.5213191023535851,87,47
4XHK-3YR,MSE,gradcam,85,0.5054726368159205,67,36
4XHK-3YR,MSE,gradcam,90,0.5052083333333334,32,18
4XHK-3YR,MSE,gradcam,95,0.6666666666666666,3,2
4XHK-3YR,MSE,gradinput,50,0.6423025461989388,331,204
4XHK-3YR,MSE,gradinput,55,0.6423025461989388,331,204
4XHK-3YR,MSE,gradinput,60,0.6372070971440057,317,196
4XHK-3YR,MSE,gradinput,65,0.6312406343656343,272,169
4XHK-3YR,MSE,gradinput,70,0.6445485886662357,221,138
4XHK-3YR,MSE,gradinput,75,0.645234760570895,119,68
4XHK-3YR,MSE,gradinput,80,0.6489600437876301,87,47
4XHK-3YR,MSE,gradinput,85,0.6569651741293533,67,36
4XHK-3YR,MSE,gradinput,90,0.7604166666666667,32,18
4XHK-3YR,MSE,gradinput,95,1.0,3,2
4XHK-3YR,MSE,ig,50,0.6862535673358492,331,204
4XHK-3YR,MSE,ig,55,0.6862535673358492,331,204
4XHK-3YR,MSE,ig,60,0.6870193423821183,317,196
4XHK-3YR,MSE,ig,65,0.6740906968848145,272,169
4XHK-3YR,MSE,ig,70,0.6684281404869638,221,138
4XHK-3YR,MSE,ig,75,0.655015339469121,119,68
4XHK-3YR,MSE,ig,80,0.6539408866995075,87,47
4XHK-3YR,MSE,ig,85,0.681592039800995,67,36
4XHK-3YR,MSE,ig,90,0.7447916666666666,32,18
4XHK-3YR,MSE,ig,95,1.0,3,2
4XHK-3YR,MSE,shap,50,0.5142483015572585,331,204
4XHK-3YR,MSE,shap,55,0.5142483015572585,331,204
4XHK-3YR,MSE,shap,60,0.5130759443850929,317,196
4XHK-3YR,MSE,shap,65,0.4972400556959383,272,169
4XHK-3YR,MSE,shap,70,0.49081914817208927,221,138
4XHK-3YR,MSE,shap,75,0.47960851007069505,119,68
4XHK-3YR,MSE,shap,80,0.47214012041598263,87,47
4XHK-3YR,MSE,shap,85,0.48333333333333334,67,36
4XHK-3YR,MSE,shap,90,0.47395833333333326,32,18
4XHK-3YR,MSE,shap,95,0.6666666666666666,3,2
4XJ0-41B,MSE,cam,50,0.5,44,22
4XJ0-41B,MSE,cam,55,0.5,44,22
4XJ0-41B,MSE,cam,60,0.5,44,22
4XJ0-41B,MSE,cam,65,0.5,44,22
4XJ0-41B,MSE,cam,70,0.5,40,20
4XJ0-41B,MSE,cam,75,0.5,36,18
4XJ0-41B,MSE,cam,80,0.5,22,11
4XJ0-41B,MSE,cam,85,0.5,12,6
4XJ0-41B,MSE,cam,90,0.5,2,1
4XJ0-41B,MSE,cam,95,0.5,2,1
4XJ0-41B,MSE,diff,50,0.7478379574970485,44,22
4XJ0-41B,MSE,diff,55,0.7478379574970485,44,22
4XJ0-41B,MSE,diff,60,0.7478379574970485,44,22
4XJ0-41B,MSE,diff,65,0.7478379574970485,44,22
4XJ0-41B,MSE,diff,70,0.7533035714285715,40,20
4XJ0-41B,MSE,diff,75,0.7564484126984128,36,18
4XJ0-41B,MSE,diff,80,0.772943722943723,22,11
4XJ0-41B,MSE,diff,85,0.8194444444444443,12,6
4XJ0-41B,MSE,diff,90,1.0,2,1
4XJ0-41B,MSE,diff,95,1.0,2,1
4XJ0-41B,MSE,gradcam,50,0.6134953430407977,44,22
4XJ0-41B,MSE,gradcam,55,0.6134953430407977,44,22
4XJ0-41B,MSE,gradcam,60,0.6134953430407977,44,22
4XJ0-41B,MSE,gradcam,65,0.6134953430407977,44,22
4XJ0-41B,MSE,gradcam,70,0.6082539682539683,40,20
4XJ0-41B,MSE,gradcam,75,0.6148148148148148,36,18
4XJ0-41B,MSE,gradcam,80,0.583982683982684,22,11
4XJ0-41B,MSE,gradcam,85,0.5625,12,6
4XJ0-41B,MSE,gradcam,90,0.5,2,1
4XJ0-41B,MSE,gradcam,95,0.5,2,1
4XJ0-41B,MSE,gradinput,50,0.645594746162928,44,22
4XJ0-41B,MSE,gradinput,55,0.645594746162928,44,22
4XJ0-41B,MSE,gradinput,60,0.645594746162928,44,22
4XJ0-41B,MSE,gradinput,65,0.645594746162928,44,22
4XJ0-41B,MSE,gradinput,70,0.6377678571428571,40,20
4XJ0-41B,MSE,gradinput,75,0.6471891534391534,36,18
4XJ0-41B,MSE,gradinput,80,0.6218614718614718,22,11
4XJ0-41B,MSE,gradinput,85,0.6041666666666666,12,6
4XJ0-41B,MSE,gradinput,90,0.5,2,1
4XJ0-41B,MSE,gradinput,95,0.5,2,1
4XJ0-41B,MSE,ig,50,0.8455578512396695,44,22
4XJ0-41B,MSE,ig,55,0.8455578512396695,44,22
4XJ0-41B,MSE,ig,60,0.8455578512396695,44,22
4XJ0-41B,MSE,ig,65,0.8455578512396695,44,22
4XJ0-41B,MSE,ig,70,0.8500000000000002,40,20
4XJ0-41B,MSE,ig,75,0.8605158730158732,36,18
4XJ0-41B,MSE,ig,80,0.85,22,11
4XJ0-41B,MSE,ig,85,0.875,12,6
4XJ0-41B,MSE,ig,90,1.0,2,1
4XJ0-41B,MSE,ig,95,1.0,2,1
4XJ0-41B,MSE,shap,50,0.5480084940312213,44,22
4XJ0-41B,MSE,shap,55,0.5480084940312213,44,22
4XJ0-41B,MSE,shap,60,0.5480084940312213,44,22
4XJ0-41B,MSE,shap,65,0.5480084940312213,44,22
4XJ0-41B,MSE,shap,70,0.5470138888888889,40,20
4XJ0-41B,MSE,shap,75,0.5524140211640212,36,18
4XJ0-41B,MSE,shap,80,0.5203463203463202,22,11
4XJ0-41B,MSE,shap,85,0.5208333333333334,12,6
4XJ0-41B,MSE,shap,90,1.0,2,1
4XJ0-41B,MSE,shap,95,1.0,2,1
4XMO-46G,MSE,cam,50,0.4722222222222222,36,20
4XMO-46G,MSE,cam,55,0.4642857142857143,28,16
4XMO-46G,MSE,cam,60,0.46153846153846156,26,15
4XMO-46G,MSE,cam,65,0.46153846153846156,26,15
4XMO-46G,MSE,cam,70,0.46153846153846156,26,15
4XMO-46G,MSE,cam,75,0.4583333333333333,24,14
4XMO-46G,MSE,cam,80,0.4444444444444444,18,11
4XMO-46G,MSE,cam,85,0.42857142857142855,14,9
4XMO-46G,MSE,cam,90,0.375,8,6
4XMO-46G,MSE,cam,95,0.0,2,3
4XMO-46G,MSE,diff,50,0.5194346933930267,36,20
4XMO-46G,MSE,diff,55,0.5005385487528344,28,16
4XMO-46G,MSE,diff,60,0.48134920634920636,26,15
4XMO-46G,MSE,diff,65,0.48134920634920636,26,15
4XMO-46G,MSE,diff,70,0.48134920634920636,26,15
4XMO-46G,MSE,diff,75,0.48095238095238096,24,14
4XMO-46G,MSE,diff,80,0.4722222222222222,18,11
4XMO-46G,MSE,diff,85,0.47023809523809523,14,9
4XMO-46G,MSE,diff,90,0.375,8,6
4XMO-46G,MSE,diff,95,0.5,2,3
4XMO-46G,MSE,gradcam,50,0.5005040869624202,36,20
4XMO-46G,MSE,gradcam,55,0.4973922902494331,28,16
4XMO-46G,MSE,gradcam,60,0.5003968253968254,26,15
4XMO-46G,MSE,gradcam,65,0.5003968253968254,26,15
4XMO-46G,MSE,gradcam,70,0.5003968253968254,26,15
4XMO-46G,MSE,gradcam,75,0.49464285714285716,24,14
4XMO-46G,MSE,gradcam,80,0.5,18,11
4XMO-46G,MSE,gradcam,85,0.4880952380952381,14,9
4XMO-46G,MSE,gradcam,90,0.625,8,6
4XMO-46G,MSE,gradcam,95,0.5,2,3
4XMO-46G,MSE,gradinput,50,0.5326554232804234,36,20
4XMO-46G,MSE,gradinput,55,0.502295918367347,28,16
4XMO-46G,MSE,gradinput,60,0.49606227106227113,26,15
4XMO-46G,MSE,gradinput,65,0.49606227106227113,26,15
4XMO-46G,MSE,gradinput,70,0.49606227106227113,26,15
4XMO-46G,MSE,gradinput,75,0.4887896825396825,24,14
4XMO-46G,MSE,gradinput,80,0.49537037037037035,18,11
4XMO-46G,MSE,gradinput,85,0.5,14,9
4XMO-46G,MSE,gradinput,90,0.5,8,6
4XMO-46G,MSE,gradinput,95,0.5,2,3
4XMO-46G,MSE,ig,50,0.6507694851444852,36,20
4XMO-46G,MSE,ig,55,0.6481292517006804,28,16
4XMO-46G,MSE,ig,60,0.6370879120879122,26,15
4XMO-46G,MSE,ig,65,0.6370879120879122,26,15
4XMO-46G,MSE,ig,70,0.6370879120879122,26,15
4XMO-46G,MSE,ig,75,0.6415674603174604,24,14
4XMO-46G,MSE,ig,80,0.6898148148148149,18,11
4XMO-46G,MSE,ig,85,0.744047619047619,14,9
4XMO-46G,MSE,ig,90,0.75,8,6
4XMO-46G,MSE,ig,95,0.5,2,3
4XMO-46G,MSE,shap,50,0.4648271096187763,36,20
4XMO-46G,MSE,shap,55,0.4654478458049887,28,16
4XMO-46G,MSE,shap,60,0.4595848595848595,26,15
4XMO-46G,MSE,shap,65,0.4595848595848595,26,15
4XMO-46G,MSE,shap,70,0.4595848595848595,26,15
4XMO-46G,MSE,shap,75,0.458531746031746,24,14
4XMO-46G,MSE,shap,80,0.4527777777777778,18,11
4XMO-46G,MSE,shap,85,0.4404761904761904,14,9
4XMO-46G,MSE,shap,90,0.4791666666666667,8,6
4XMO-46G,MSE,shap,95,0.5,2,3
4XT9-43V,MSE,cam,50,0.5267857142857143,112,59
4XT9-43V,MSE,cam,55,0.5267857142857143,112,59
4XT9-43V,MSE,cam,60,0.5267857142857143,112,59
4XT9-43V,MSE,cam,65,0.5267857142857143,112,59
4XT9-43V,MSE,cam,70,0.5288461538461539,104,55
4XT9-43V,MSE,cam,75,0.5531914893617021,47,26
4XT9-43V,MSE,cam,80,0.5882352941176471,17,10
4XT9-43V,MSE,cam,85,0.5882352941176471,17,10
4XT9-43V,MSE,cam,90,0.6363636363636364,11,7
4XT9-43V,MSE,cam,95,,0,0
4XT9-43V,MSE,diff,50,0.5855181277056276,112,59
4XT9-43V,MSE,diff,55,0.5855181277056276,112,59
4XT9-43V,MSE,diff,60,0.5855181277056276,112,59
4XT9-43V,MSE,diff,65,0.5855181277056276,112,59
4XT9-43V,MSE,diff,70,0.5810970279720278,104,55
4XT9-43V,MSE,diff,75,0.5301418439716311,47,26
4XT9-43V,MSE,diff,80,0.48039215686274506,17,10
4XT9-43V,MSE,diff,85,0.48039215686274506,17,10
4XT9-43V,MSE,diff,90,0.46969696969696967,11,7
4XT9-43V,MSE,diff,95,,0,0
4XT9-43V,MSE,gradcam,50,0.6379068104514535,112,59
4XT9-43V,MSE,gradcam,55,0.6379068104514535,112,59
4XT9-43V,MSE,gradcam,60,0.6379068104514535,112,59
4XT9-43V,MSE,gradcam,65,0.6379068104514535,112,59
4XT9-43V,MSE,gradcam,70,0.6324789793539795,104,55
4XT9-43V,MSE,gradcam,75,0.6237335359675786,47,26
4XT9-43V,MSE,gradcam,80,0.4901960784313726,17,10
4XT9-43V,MSE,gradcam,85,0.4901960784313726,17,10
4XT9-43V,MSE,gradcam,90,0.4848484848484849,11,7
4XT9-43V,MSE,gradcam,95,,0,0
4XT9-43V,MSE,gradinput,50,0.5678851654298082,112,59
4XT9-43V,MSE,gradinput,55,0.5678851654298082,112,59
4XT9-43V,MSE,gradinput,60,0.5678851654298082,112,59
4XT9-43V,MSE,gradinput,65,0.5678851654298082,112,59
4XT9-43V,MSE,gradinput,70,0.5628985597735597,104,55
4XT9-43V,MSE,gradinput,75,0.5111448834853091,47,26
4XT9-43V,MSE,gradinput,80,0.2745098039215686,17,10
4XT9-43V,MSE,gradinput,85,0.2745098039215686,17,10
4XT9-43V,MSE,gradinput,90,0.1515151515151515,11,7
4XT9-43V,MSE,gradinput,95,,0,0
4XT9-43V,MSE,ig,50,0.6184514146567717,112,59
4XT9-43V,MSE,ig,55,0.6184514146567717,112,59
4XT9-43V,MSE,ig,60,0.6184514146567717,112,59
4XT9-43V,MSE,ig,65,0.6184514146567717,112,59
4XT9-43V,MSE,ig,70,0.6133585164835164,104,55
4XT9-43V,MSE,ig,75,0.5543313069908814,47,26
4XT9-43V,MSE,ig,80,0.4117647058823529,17,10
4XT9-43V,MSE,ig,85,0.4117647058823529,17,10
4XT9-43V,MSE,ig,90,0.36363636363636365,11,7
4XT9-43V,MSE,ig,95,,0,0
4XT9-43V,MSE,shap,50,0.512429460420532,112,59
4XT9-43V,MSE,shap,55,0.512429460420532,112,59
4XT9-43V,MSE,shap,60,0.512429460420532,112,59
4XT9-43V,MSE,shap,65,0.512429460420532,112,59
4XT9-43V,MSE,shap,70,0.5147383866133867,104,55
4XT9-43V,MSE,shap,75,0.5188703140830799,47,26
4XT9-43V,MSE,shap,80,0.4656862745098039,17,10
4XT9-43V,MSE,shap,85,0.4656862745098039,17,10
4XT9-43V,MSE,shap,90,0.4696969696969697,11,7
4XT9-43V,MSE,shap,95,,0,0
4Y73-XPY,MSE,cam,50,0.5070764938512379,293,157
4Y73-XPY,MSE,cam,55,0.5057505591010746,291,156
4Y73-XPY,MSE,cam,60,0.5017737106705078,281,151
4Y73-XPY,MSE,cam,65,0.5017864254423394,279,150
4Y73-XPY,MSE,cam,70,0.5026710014661822,249,135
4Y73-XPY,MSE,cam,75,0.5043003985735264,227,124
4Y73-XPY,MSE,cam,80,0.501557632398754,214,117
4Y73-XPY,MSE,cam,85,0.5074626865671642,134,74
4Y73-XPY,MSE,cam,90,0.5,68,39
4Y73-XPY,MSE,cam,95,0.5217391304347826,23,16
4Y73-XPY,MSE,diff,50,0.6777829347368592,293,157
4Y73-XPY,MSE,diff,55,0.6797684608251615,291,156
4Y73-XPY,MSE,diff,60,0.6830240637180135,281,151
4Y73-XPY,MSE,diff,65,0.6813763596021657,279,150
4Y73-XPY,MSE,diff,70,0.6744501816790972,249,135
4Y73-XPY,MSE,diff,75,0.6753513740297878,227,124
4Y73-XPY,MSE,diff,80,0.6689252336448596,214,117
4Y73-XPY,MSE,diff,85,0.6722636815920398,134,74
4Y73-XPY,MSE,diff,90,0.752450980392157,68,39
4Y73-XPY,MSE,diff,95,0.8260869565217391,23,16
4Y73-XPY,MSE,gradcam,50,0.5708284368267301,293,157
4Y73-XPY,MSE,gradcam,55,0.5712006826697547,291,156
4Y73-XPY,MSE,gradcam,60,0.5729071343840025,281,151
4Y73-XPY,MSE,gradcam,65,0.5723436360533134,279,150
4Y73-XPY,MSE,gradcam,70,0.576754637598011,249,135
4Y73-XPY,MSE,gradcam,75,0.5707940004195512,227,124
4Y73-XPY,MSE,gradcam,80,0.5604361370716511,214,117
4Y73-XPY,MSE,gradcam,85,0.5348258706467661,134,74
4Y73-XPY,MSE,gradcam,90,0.4901960784313725,68,39
4Y73-XPY,MSE,gradcam,95,0.6521739130434783,23,16
4Y73-XPY,MSE,gradinput,50,0.4960362779048785,293,157
4Y73-XPY,MSE,gradinput,55,0.49627631341548856,291,156
4Y73-XPY,MSE,gradinput,60,0.49736626560469965,281,151
4Y73-XPY,MSE,gradinput,65,0.49617979591097855,279,150
4Y73-XPY,MSE,gradinput,70,0.4816663479314084,249,135
4Y73-XPY,MSE,gradinput,75,0.47987728130899954,227,124
4Y73-XPY,MSE,gradinput,80,0.477570093457944,214,117
4Y73-XPY,MSE,gradinput,85,0.47325870646766166,134,74
4Y73-XPY,MSE,gradinput,90,0.42156862745098034,68,39
4Y73-XPY,MSE,gradinput,95,0.4782608695652174,23,16
4Y73-XPY,MSE,ig,50,0.5367857303864133,293,157
4Y73-XPY,MSE,ig,55,0.5353967052420664,291,156
4Y73-XPY,MSE,ig,60,0.533573020494729,281,151
4Y73-XPY,MSE,ig,65,0.5342752926086263,279,150
4Y73-XPY,MSE,ig,70,0.5446388729521261,249,135
4Y73-XPY,MSE,ig,75,0.550996433815817,227,124
4Y73-XPY,MSE,ig,80,0.5456386292834889,214,117
4Y73-XPY,MSE,ig,85,0.5565920398009949,134,74
4Y73-XPY,MSE,ig,90,0.5931372549019609,68,39
4Y73-XPY,MSE,ig,95,0.5652173913043478,23,16
4Y73-XPY,MSE,shap,50,0.5250819667628542,293,157
4Y73-XPY,MSE,shap,55,0.525712541563057,291,156
4Y73-XPY,MSE,shap,60,0.527780088634181,281,151
4Y73-XPY,MSE,shap,65,0.5284408343548127,279,150
4Y73-XPY,MSE,shap,70,0.5330337221903487,249,135
4Y73-XPY,MSE,shap,75,0.5311569121040487,227,124
4Y73-XPY,MSE,shap,80,0.5365264797507788,214,117
4Y73-XPY,MSE,shap,85,0.5491293532338308,134,74
4Y73-XPY,MSE,shap,90,0.5318627450980393,68,39
4Y73-XPY,MSE,shap,95,0.4782608695652174,23,16
4YFF-4CV,MSE,cam,50,0.5964912280701754,152,95
4YFF-4CV,MSE,cam,55,0.5977777777777777,150,94
4YFF-4CV,MSE,cam,60,0.5990990990990991,148,93
4YFF-4CV,MSE,cam,65,0.6019900497512437,134,85
4YFF-4CV,MSE,cam,70,0.5958005249343832,127,80
4YFF-4CV,MSE,cam,75,0.603030303030303,110,69
4YFF-4CV,MSE,cam,80,0.6164874551971326,93,59
4YFF-4CV,MSE,cam,85,0.6598639455782314,49,34
4YFF-4CV,MSE,cam,90,0.6666666666666666,12,8
4YFF-4CV,MSE,cam,95,1.0,2,2
4YFF-4CV,MSE,diff,50,0.49251271389429263,152,95
4YFF-4CV,MSE,diff,55,0.4930655640655639,150,94
4YFF-4CV,MSE,diff,60,0.4921528546528546,148,93
4YFF-4CV,MSE,diff,65,0.49840354504533596,134,85
4YFF-4CV,MSE,diff,70,0.5015685539307587,127,80
4YFF-4CV,MSE,diff,75,0.485,110,69
4YFF-4CV,MSE,diff,80,0.49695340501792107,93,59
4YFF-4CV,MSE,diff,85,0.5102040816326531,49,34
4YFF-4CV,MSE,diff,90,0.5416666666666666,12,8
4YFF-4CV,MSE,diff,95,0.0,2,2
4YFF-4CV,MSE,gradcam,50,0.5310213361200202,152,95
4YFF-4CV,MSE,gradcam,55,0.5330200355200354,150,94
4YFF-4CV,MSE,gradcam,60,0.5314187501687501,148,93
4YFF-4CV,MSE,gradcam,65,0.5411925760806356,134,85
4YFF-4CV,MSE,gradcam,70,0.5404168228971378,127,80
4YFF-4CV,MSE,gradcam,75,0.5249999999999999,110,69
4YFF-4CV,MSE,gradcam,80,0.5317204301075267,93,59
4YFF-4CV,MSE,gradcam,85,0.5340136054421769,49,34
4YFF-4CV,MSE,gradcam,90,0.4583333333333333,12,8
4YFF-4CV,MSE,gradcam,95,0.0,2,2
4YFF-4CV,MSE,gradinput,50,0.5004097328110487,152,95
4YFF-4CV,MSE,gradinput,55,0.5015806970806972,150,94
4YFF-4CV,MSE,gradinput,60,0.5015338077838077,148,93
4YFF-4CV,MSE,gradinput,65,0.5063737050677349,134,85
4YFF-4CV,MSE,gradinput,70,0.5009905011873516,127,80
4YFF-4CV,MSE,gradinput,75,0.5018831168831168,110,69
4YFF-4CV,MSE,gradinput,80,0.49050179211469536,93,59
4YFF-4CV,MSE,gradinput,85,0.4914965986394558,49,34
4YFF-4CV,MSE,gradinput,90,0.16666666666666666,12,8
4YFF-4CV,MSE,gradinput,95,0.0,2,2
4YFF-4CV,MSE,ig,50,0.4195249560381142,152,95
4YFF-4CV,MSE,ig,55,0.4200370370370373,150,94
4YFF-4CV,MSE,ig,60,0.41765970515970546,148,93
4YFF-4CV,MSE,ig,65,0.4140288815661952,134,85
4YFF-4CV,MSE,ig,70,0.41834145731783545,127,80
4YFF-4CV,MSE,ig,75,0.411060606060606,110,69
4YFF-4CV,MSE,ig,80,0.4120071684587814,93,59
4YFF-4CV,MSE,ig,85,0.44217687074829937,49,34
4YFF-4CV,MSE,ig,90,0.7916666666666666,12,8
4YFF-4CV,MSE,ig,95,1.0,2,2
4YFF-4CV,MSE,shap,50,0.4917764800988484,152,95
4YFF-4CV,MSE,shap,55,0.4917134532134531,150,94
4YFF-4CV,MSE,shap,60,0.49378547503547493,148,93
4YFF-4CV,MSE,shap,65,0.49111881070836283,134,85
4YFF-4CV,MSE,shap,70,0.4934289463817023,127,80
4YFF-4CV,MSE,shap,75,0.5151948051948051,110,69
4YFF-4CV,MSE,shap,80,0.5103942652329748,93,59
4YFF-4CV,MSE,shap,85,0.4982993197278911,49,34
4YFF-4CV,MSE,shap,90,0.375,12,8
4YFF-4CV,MSE,shap,95,0.0,2,2
4YL0-4DZ,MSE,cam,50,0.5079365079365079,63,32
4YL0-4DZ,MSE,cam,55,0.5079365079365079,63,32
4YL0-4DZ,MSE,cam,60,0.5079365079365079,63,32
4YL0-4DZ,MSE,cam,65,0.5094339622641509,53,27
4YL0-4DZ,MSE,cam,70,0.5116279069767442,43,22
4YL0-4DZ,MSE,cam,75,0.52,25,13
4YL0-4DZ,MSE,cam,80,0.5714285714285714,7,4
4YL0-4DZ,MSE,cam,85,0.6,5,3
4YL0-4DZ,MSE,cam,90,0.6666666666666666,3,2
4YL0-4DZ,MSE,cam,95,,0,0
4YL0-4DZ,MSE,diff,50,0.5957471981281507,63,32
4YL0-4DZ,MSE,diff,55,0.5957471981281507,63,32
4YL0-4DZ,MSE,diff,60,0.5957471981281507,63,32
4YL0-4DZ,MSE,diff,65,0.5989015177694424,53,27
4YL0-4DZ,MSE,diff,70,0.6222406792174234,43,22
4YL0-4DZ,MSE,diff,75,0.6832539682539681,25,13
4YL0-4DZ,MSE,diff,80,0.8571428571428571,7,4
4YL0-4DZ,MSE,diff,85,0.9,5,3
4YL0-4DZ,MSE,diff,90,0.8333333333333334,3,2
4YL0-4DZ,MSE,diff,95,,0,0
4YL0-4DZ,MSE,gradcam,50,0.5473445425826379,63,32
4YL0-4DZ,MSE,gradcam,55,0.5473445425826379,63,32
4YL0-4DZ,MSE,gradcam,60,0.5473445425826379,63,32
4YL0-4DZ,MSE,gradcam,65,0.5462042150721397,53,27
4YL0-4DZ,MSE,gradcam,70,0.5474898486526393,43,22
4YL0-4DZ,MSE,gradcam,75,0.5402380952380953,25,13
4YL0-4DZ,MSE,gradcam,80,0.6785714285714286,7,4
4YL0-4DZ,MSE,gradcam,85,0.75,5,3
4YL0-4DZ,MSE,gradcam,90,0.6666666666666666,3,2
4YL0-4DZ,MSE,gradcam,95,,0,0
4YL0-4DZ,MSE,gradinput,50,0.6366194211432306,63,32
4YL0-4DZ,MSE,gradinput,55,0.6366194211432306,63,32
4YL0-4DZ,MSE,gradinput,60,0.6366194211432306,63,32
4YL0-4DZ,MSE,gradinput,65,0.6234340606982115,53,27
4YL0-4DZ,MSE,gradinput,70,0.6120247323735697,43,22
4YL0-4DZ,MSE,gradinput,75,0.593015873015873,25,13
4YL0-4DZ,MSE,gradinput,80,0.6904761904761906,7,4
4YL0-4DZ,MSE,gradinput,85,0.7,5,3
4YL0-4DZ,MSE,gradinput,90,0.6666666666666666,3,2
4YL0-4DZ,MSE,gradinput,95,,0,0
4YL0-4DZ,MSE,ig,50,0.510318253175396,63,32
4YL0-4DZ,MSE,ig,55,0.510318253175396,63,32
4YL0-4DZ,MSE,ig,60,0.510318253175396,63,32
4YL0-4DZ,MSE,ig,65,0.5066496396685075,53,27
4YL0-4DZ,MSE,ig,70,0.4908084163898118,43,22
4YL0-4DZ,MSE,ig,75,0.42841269841269836,25,13
4YL0-4DZ,MSE,ig,80,0.5595238095238095,7,4
4YL0-4DZ,MSE,ig,85,0.55,5,3
4YL0-4DZ,MSE,ig,90,0.7222222222222222,3,2
4YL0-4DZ,MSE,ig,95,,0,0
4YL0-4DZ,MSE,shap,50,0.5228961514675801,63,32
4YL0-4DZ,MSE,shap,55,0.5228961514675801,63,32
4YL0-4DZ,MSE,shap,60,0.5228961514675801,63,32
4YL0-4DZ,MSE,shap,65,0.5172120332497692,53,27
4YL0-4DZ,MSE,shap,70,0.5344961240310077,43,22
4YL0-4DZ,MSE,shap,75,0.5172222222222222,25,13
4YL0-4DZ,MSE,shap,80,0.5952380952380951,7,4
4YL0-4DZ,MSE,shap,85,0.5666666666666667,5,3
4YL0-4DZ,MSE,shap,90,0.5555555555555555,3,2
4YL0-4DZ,MSE,shap,95,,0,0
4YPQ-4F1,MSE,cam,50,0.5041558527451382,2100,1053
4YPQ-4F1,MSE,cam,55,0.5041558527451382,2100,1053
4YPQ-4F1,MSE,cam,60,0.5041558527451382,2100,1053
4YPQ-4F1,MSE,cam,65,0.5049848562581178,2042,1024
4YPQ-4F1,MSE,cam,70,0.506850031145042,1844,925
4YPQ-4F1,MSE,cam,75,0.507518464996789,1384,695
4YPQ-4F1,MSE,cam,80,0.507732862375719,910,458
4YPQ-4F1,MSE,cam,85,0.5167644183773216,341,173
4YPQ-4F1,MSE,cam,90,0.5289855072463768,69,36
4YPQ-4F1,MSE,cam,95,0.5714285714285714,7,5
4YPQ-4F1,MSE,diff,50,0.5846021339771349,2100,1053
4YPQ-4F1,MSE,diff,55,0.5846021339771349,2100,1053
4YPQ-4F1,MSE,diff,60,0.5846021339771349,2100,1053
4YPQ-4F1,MSE,diff,65,0.590327914005682,2042,1024
4YPQ-4F1,MSE,diff,70,0.6063348076363271,1844,925
4YPQ-4F1,MSE,diff,75,0.6324206922653455,1384,695
4YPQ-4F1,MSE,diff,80,0.6452694924123502,910,458
4YPQ-4F1,MSE,diff,85,0.6820136852394918,341,173
4YPQ-4F1,MSE,diff,90,0.6497584541062802,69,36
4YPQ-4F1,MSE,diff,95,0.42857142857142855,7,5
4YPQ-4F1,MSE,gradcam,50,0.5027706110027543,2100,1053
4YPQ-4F1,MSE,gradcam,55,0.5027706110027543,2100,1053
4YPQ-4F1,MSE,gradcam,60,0.5027706110027543,2100,1053
4YPQ-4F1,MSE,gradcam,65,0.5040814664712804,2042,1024
4YPQ-4F1,MSE,gradcam,70,0.5088851796552438,1844,925
4YPQ-4F1,MSE,gradcam,75,0.5154231466189547,1384,695
4YPQ-4F1,MSE,gradcam,80,0.5100013082155942,910,458
4YPQ-4F1,MSE,gradcam,85,0.5334799608993156,341,173
4YPQ-4F1,MSE,gradcam,90,0.6280193236714975,69,36
4YPQ-4F1,MSE,gradcam,95,0.7142857142857143,7,5
4YPQ-4F1,MSE,gradinput,50,0.5325327483363211,2100,1053
4YPQ-4F1,MSE,gradinput,55,0.5325327483363211,2100,1053
4YPQ-4F1,MSE,gradinput,60,0.5325327483363211,2100,1053
4YPQ-4F1,MSE,gradinput,65,0.5333888741577295,2042,1024
4YPQ-4F1,MSE,gradinput,70,0.5367250127553825,1844,925
4YPQ-4F1,MSE,gradinput,75,0.5400544201302873,1384,695
4YPQ-4F1,MSE,gradinput,80,0.5512899005756147,910,458
4YPQ-4F1,MSE,gradinput,85,0.5758553274682306,341,173
4YPQ-4F1,MSE,gradinput,90,0.5942028985507245,69,36
4YPQ-4F1,MSE,gradinput,95,0.8571428571428571,7,5
4YPQ-4F1,MSE,ig,50,0.5286389820496951,2100,1053
4YPQ-4F1,MSE,ig,55,0.5286389820496951,2100,1053
4YPQ-4F1,MSE,ig,60,0.5286389820496951,2100,1053
4YPQ-4F1,MSE,ig,65,0.5303033116084038,2042,1024
4YPQ-4F1,MSE,ig,70,0.532274382342169,1844,925
4YPQ-4F1,MSE,ig,75,0.5329376548307185,1384,695
4YPQ-4F1,MSE,ig,80,0.5324829931972803,910,458
4YPQ-4F1,MSE,ig,85,0.5393939393939394,341,173
4YPQ-4F1,MSE,ig,90,0.5024154589371981,69,36
4YPQ-4F1,MSE,ig,95,0.7142857142857143,7,5
4YPQ-4F1,MSE,shap,50,0.5145316713709571,2100,1053
4YPQ-4F1,MSE,shap,55,0.5145316713709571,2100,1053
4YPQ-4F1,MSE,shap,60,0.5145316713709571,2100,1053
4YPQ-4F1,MSE,shap,65,0.514787887865753,2042,1024
4YPQ-4F1,MSE,shap,70,0.514399554109424,1844,925
4YPQ-4F1,MSE,shap,75,0.5202696348288836,1384,695
4YPQ-4F1,MSE,shap,80,0.5217883307169027,910,458
4YPQ-4F1,MSE,shap,85,0.5321603128054743,341,173
4YPQ-4F1,MSE,shap,90,0.5000000000000001,69,36
4YPQ-4F1,MSE,shap,95,0.7142857142857143,7,5
4ZAU-YY3,MSE,cam,50,0.5703982816368138,109,59
4ZAU-YY3,MSE,cam,55,0.5765552348885683,99,54
4ZAU-YY3,MSE,cam,60,0.5765552348885683,99,54
4ZAU-YY3,MSE,cam,65,0.5765552348885683,99,54
4ZAU-YY3,MSE,cam,70,0.5765552348885683,99,54
4ZAU-YY3,MSE,cam,75,0.5745818399044206,93,51
4ZAU-YY3,MSE,cam,80,0.5746168582375479,87,48
4ZAU-YY3,MSE,cam,85,0.5685185185185188,54,30
4ZAU-YY3,MSE,cam,90,0.6231884057971014,23,14
4ZAU-YY3,MSE,cam,95,0.6666666666666666,3,2
4ZAU-YY3,MSE,diff,50,0.3867797273277717,109,59
4ZAU-YY3,MSE,diff,55,0.37236324281778815,99,54
4ZAU-YY3,MSE,diff,60,0.37236324281778815,99,54
4ZAU-YY3,MSE,diff,65,0.37236324281778815,99,54
4ZAU-YY3,MSE,diff,70,0.37236324281778815,99,54
4ZAU-YY3,MSE,diff,75,0.3623015873015872,93,51
4ZAU-YY3,MSE,diff,80,0.3508894362342637,87,48
4ZAU-YY3,MSE,diff,85,0.35864197530864206,54,30
4ZAU-YY3,MSE,diff,90,0.5289855072463768,23,14
4ZAU-YY3,MSE,diff,95,1.0,3,2
4ZAU-YY3,MSE,gradcam,50,0.3413758018900461,109,59
4ZAU-YY3,MSE,gradcam,55,0.3276775693442359,99,54
4ZAU-YY3,MSE,gradcam,60,0.3276775693442359,99,54
4ZAU-YY3,MSE,gradcam,65,0.3276775693442359,99,54
4ZAU-YY3,MSE,gradcam,70,0.3276775693442359,99,54
4ZAU-YY3,MSE,gradcam,75,0.31054360812425325,93,51
4ZAU-YY3,MSE,gradcam,80,0.2872605363984674,87,48
4ZAU-YY3,MSE,gradcam,85,0.22901234567901232,54,30
4ZAU-YY3,MSE,gradcam,90,0.29710144927536236,23,14
4ZAU-YY3,MSE,gradcam,95,0.3333333333333333,3,2
4ZAU-YY3,MSE,gradinput,50,0.2853612868702197,109,59
4ZAU-YY3,MSE,gradinput,55,0.2723107700380427,99,54
4ZAU-YY3,MSE,gradinput,60,0.2723107700380427,99,54
4ZAU-YY3,MSE,gradinput,65,0.2723107700380427,99,54
4ZAU-YY3,MSE,gradinput,70,0.2723107700380427,99,54
4ZAU-YY3,MSE,gradinput,75,0.26829237071172546,93,51
4ZAU-YY3,MSE,gradinput,80,0.25805966064586744,87,48
4ZAU-YY3,MSE,gradinput,85,0.2873456790123456,54,30
4ZAU-YY3,MSE,gradinput,90,0.23188405797101447,23,14
4ZAU-YY3,MSE,gradinput,95,0.3333333333333333,3,2
4ZAU-YY3,MSE,ig,50,0.4101300478050839,109,59
4ZAU-YY3,MSE,ig,55,0.4033323859081434,99,54
4ZAU-YY3,MSE,ig,60,0.4033323859081434,99,54
4ZAU-YY3,MSE,ig,65,0.4033323859081434,99,54
4ZAU-YY3,MSE,ig,70,0.4033323859081434,99,54
4ZAU-YY3,MSE,ig,75,0.39889486260453993,93,51
4ZAU-YY3,MSE,ig,80,0.3954980842911877,87,48
4ZAU-YY3,MSE,ig,85,0.41419753086419747,54,30
4ZAU-YY3,MSE,ig,90,0.5253623188405797,23,14
4ZAU-YY3,MSE,ig,95,0.6666666666666666,3,2
4ZAU-YY3,MSE,shap,50,0.4949931473108683,109,59
4ZAU-YY3,MSE,shap,55,0.4943781246811551,99,54
4ZAU-YY3,MSE,shap,60,0.4943781246811551,99,54
4ZAU-YY3,MSE,shap,65,0.4943781246811551,99,54
4ZAU-YY3,MSE,shap,70,0.4943781246811551,99,54
4ZAU-YY3,MSE,shap,75,0.4901519030551289,93,51
4ZAU-YY3,MSE,shap,80,0.4850027367268748,87,48
4ZAU-YY3,MSE,shap,85,0.47561728395061714,54,30
4ZAU-YY3,MSE,shap,90,0.5144927536231885,23,14
4ZAU-YY3,MSE,shap,95,0.3333333333333333,3,2
4ZIM-4OK,MSE,cam,50,0.5259385927138374,307,158
4ZIM-4OK,MSE,cam,55,0.5259385927138374,307,158
4ZIM-4OK,MSE,cam,60,0.5231961818992538,293,151
4ZIM-4OK,MSE,cam,65,0.5397193631633465,241,125
4ZIM-4OK,MSE,cam,70,0.5455184395482903,201,105
4ZIM-4OK,MSE,cam,75,0.5730320041295651,123,66
4ZIM-4OK,MSE,cam,80,0.5965863453815261,83,46
4ZIM-4OK,MSE,cam,85,0.6511904761904762,56,32
4ZIM-4OK,MSE,cam,90,0.6666666666666667,20,12
4ZIM-4OK,MSE,cam,95,0.6666666666666666,6,4
4ZIM-4OK,MSE,diff,50,0.6141921729246882,307,158
4ZIM-4OK,MSE,diff,55,0.6141921729246882,307,158
4ZIM-4OK,MSE,diff,60,0.6172263932502836,293,151
4ZIM-4OK,MSE,diff,65,0.6191770193844882,241,125
4ZIM-4OK,MSE,diff,70,0.6266346837242359,201,105
4ZIM-4OK,MSE,diff,75,0.6254452187379015,123,66
4ZIM-4OK,MSE,diff,80,0.6388410786001147,83,46
4ZIM-4OK,MSE,diff,85,0.642857142857143,56,32
4ZIM-4OK,MSE,diff,90,0.7083333333333333,20,12
4ZIM-4OK,MSE,diff,95,1.0,6,4
4ZIM-4OK,MSE,gradcam,50,0.557210881398944,307,158
4ZIM-4OK,MSE,gradcam,55,0.557210881398944,307,158
4ZIM-4OK,MSE,gradcam,60,0.560156065019546,293,151
4ZIM-4OK,MSE,gradcam,65,0.5563113120167062,241,125
4ZIM-4OK,MSE,gradcam,70,0.5469872857932561,201,105
4ZIM-4OK,MSE,gradcam,75,0.5068944379919988,123,66
4ZIM-4OK,MSE,gradcam,80,0.513798049340218,83,46
4ZIM-4OK,MSE,gradcam,85,0.4523809523809524,56,32
4ZIM-4OK,MSE,gradcam,90,0.5083333333333334,20,12
4ZIM-4OK,MSE,gradcam,95,0.3333333333333333,6,4
4ZIM-4OK,MSE,gradinput,50,0.5091254886881448,307,158
4ZIM-4OK,MSE,gradinput,55,0.5091254886881448,307,158
4ZIM-4OK,MSE,gradinput,60,0.5122339359540727,293,151
4ZIM-4OK,MSE,gradinput,65,0.5051931355873265,241,125
4ZIM-4OK,MSE,gradinput,70,0.49526376056226806,201,105
4ZIM-4OK,MSE,gradinput,75,0.46607949412827454,123,66
4ZIM-4OK,MSE,gradinput,80,0.4704819277108434,83,46
4ZIM-4OK,MSE,gradinput,85,0.4199404761904762,56,32
4ZIM-4OK,MSE,gradinput,90,0.3833333333333333,20,12
4ZIM-4OK,MSE,gradinput,95,0.0,6,4
4ZIM-4OK,MSE,ig,50,0.604805834507405,307,158
4ZIM-4OK,MSE,ig,55,0.604805834507405,307,158
4ZIM-4OK,MSE,ig,60,0.6033630381753241,293,151
4ZIM-4OK,MSE,ig,65,0.6078212129042,241,125
4ZIM-4OK,MSE,ig,70,0.6213476269446415,201,105
4ZIM-4OK,MSE,ig,75,0.6388308168795972,123,66
4ZIM-4OK,MSE,ig,80,0.6717728055077454,83,46
4ZIM-4OK,MSE,ig,85,0.6842261904761908,56,32
4ZIM-4OK,MSE,ig,90,0.7083333333333333,20,12
4ZIM-4OK,MSE,ig,95,1.0,6,4
4ZIM-4OK,MSE,shap,50,0.5196774346132457,307,158
4ZIM-4OK,MSE,shap,55,0.5196774346132457,307,158
4ZIM-4OK,MSE,shap,60,0.5226463146258367,293,151
4ZIM-4OK,MSE,shap,65,0.5243959244996589,241,125
4ZIM-4OK,MSE,shap,70,0.5235982784490247,201,105
4ZIM-4OK,MSE,shap,75,0.5175248419150857,123,66
4ZIM-4OK,MSE,shap,80,0.5078600114744694,83,46
4ZIM-4OK,MSE,shap,85,0.49642857142857144,56,32
4ZIM-4OK,MSE,shap,90,0.5166666666666666,20,12
4ZIM-4OK,MSE,shap,95,0.6666666666666666,6,4
4ZJW-4P1,MSE,cam,50,0.68,25,18
4ZJW-4P1,MSE,cam,55,0.68,25,18
4ZJW-4P1,MSE,cam,60,0.68,25,18
4ZJW-4P1,MSE,cam,65,0.68,25,18
4ZJW-4P1,MSE,cam,70,0.68,25,18
4ZJW-4P1,MSE,cam,75,0.68,25,18
4ZJW-4P1,MSE,cam,80,0.6842105263157895,19,14
4ZJW-4P1,MSE,cam,85,0.7058823529411765,17,13
4ZJW-4P1,MSE,cam,90,0.6666666666666666,15,11
4ZJW-4P1,MSE,cam,95,0.5,6,4
4ZJW-4P1,MSE,diff,50,0.7524761904761904,25,18
4ZJW-4P1,MSE,diff,55,0.7524761904761904,25,18
4ZJW-4P1,MSE,diff,60,0.7524761904761904,25,18
4ZJW-4P1,MSE,diff,65,0.7524761904761904,25,18
4ZJW-4P1,MSE,diff,70,0.7524761904761904,25,18
4ZJW-4P1,MSE,diff,75,0.7524761904761904,25,18
4ZJW-4P1,MSE,diff,80,0.7307017543859647,19,14
4ZJW-4P1,MSE,diff,85,0.7696078431372548,17,13
4ZJW-4P1,MSE,diff,90,0.7888888888888889,15,11
4ZJW-4P1,MSE,diff,95,0.8333333333333334,6,4
4ZJW-4P1,MSE,gradcam,50,0.6472380952380954,25,18
4ZJW-4P1,MSE,gradcam,55,0.6472380952380954,25,18
4ZJW-4P1,MSE,gradcam,60,0.6472380952380954,25,18
4ZJW-4P1,MSE,gradcam,65,0.6472380952380954,25,18
4ZJW-4P1,MSE,gradcam,70,0.6472380952380954,25,18
4ZJW-4P1,MSE,gradcam,75,0.6472380952380954,25,18
4ZJW-4P1,MSE,gradcam,80,0.6342105263157896,19,14
4ZJW-4P1,MSE,gradcam,85,0.6617647058823529,17,13
4ZJW-4P1,MSE,gradcam,90,0.6333333333333333,15,11
4ZJW-4P1,MSE,gradcam,95,0.5,6,4
4ZJW-4P1,MSE,gradinput,50,0.6829523809523809,25,18
4ZJW-4P1,MSE,gradinput,55,0.6829523809523809,25,18
4ZJW-4P1,MSE,gradinput,60,0.6829523809523809,25,18
4ZJW-4P1,MSE,gradinput,65,0.6829523809523809,25,18
4ZJW-4P1,MSE,gradinput,70,0.6829523809523809,25,18
4ZJW-4P1,MSE,gradinput,75,0.6829523809523809,25,18
4ZJW-4P1,MSE,gradinput,80,0.6298245614035087,19,14
4ZJW-4P1,MSE,gradinput,85,0.6568627450980392,17,13
4ZJW-4P1,MSE,gradinput,90,0.6444444444444444,15,11
4ZJW-4P1,MSE,gradinput,95,0.5,6,4
4ZJW-4P1,MSE,ig,50,0.6450476190476189,25,18
4ZJW-4P1,MSE,ig,55,0.6450476190476189,25,18
4ZJW-4P1,MSE,ig,60,0.6450476190476189,25,18
4ZJW-4P1,MSE,ig,65,0.6450476190476189,25,18
4ZJW-4P1,MSE,ig,70,0.6450476190476189,25,18
4ZJW-4P1,MSE,ig,75,0.6450476190476189,25,18
4ZJW-4P1,MSE,ig,80,0.6745614035087719,19,14
4ZJW-4P1,MSE,ig,85,0.6715686274509803,17,13
4ZJW-4P1,MSE,ig,90,0.6777777777777777,15,11
4ZJW-4P1,MSE,ig,95,0.5,6,4
4ZJW-4P1,MSE,shap,50,0.48876190476190473,25,18
4ZJW-4P1,MSE,shap,55,0.48876190476190473,25,18
4ZJW-4P1,MSE,shap,60,0.48876190476190473,25,18
4ZJW-4P1,MSE,shap,65,0.48876190476190473,25,18
4ZJW-4P1,MSE,shap,70,0.48876190476190473,25,18
4ZJW-4P1,MSE,shap,75,0.48876190476190473,25,18
4ZJW-4P1,MSE,shap,80,0.5052631578947369,19,14
4ZJW-4P1,MSE,shap,85,0.47058823529411764,17,13
4ZJW-4P1,MSE,shap,90,0.4666666666666667,15,11
4ZJW-4P1,MSE,shap,95,0.6666666666666666,6,4
4ZZI-1NS,MSE,cam,50,0.5,56,28
4ZZI-1NS,MSE,cam,55,0.5,46,23
4ZZI-1NS,MSE,cam,60,0.5,38,19
4ZZI-1NS,MSE,cam,65,0.5,28,14
4ZZI-1NS,MSE,cam,70,0.5,10,5
4ZZI-1NS,MSE,cam,75,0.5,2,1
4ZZI-1NS,MSE,cam,80,,0,0
4ZZI-1NS,MSE,cam,85,,0,0
4ZZI-1NS,MSE,cam,90,,0,0
4ZZI-1NS,MSE,cam,95,,0,0
4ZZI-1NS,MSE,diff,50,0.5168109668109666,56,28
4ZZI-1NS,MSE,diff,55,0.5118216324738063,46,23
4ZZI-1NS,MSE,diff,60,0.4992728032201716,38,19
4ZZI-1NS,MSE,diff,65,0.5074082663368378,28,14
4ZZI-1NS,MSE,diff,70,0.5769047619047619,10,5
4ZZI-1NS,MSE,diff,75,0.6,2,1
4ZZI-1NS,MSE,diff,80,,0,0
4ZZI-1NS,MSE,diff,85,,0,0
4ZZI-1NS,MSE,diff,90,,0,0
4ZZI-1NS,MSE,diff,95,,0,0
4ZZI-1NS,MSE,gradcam,50,0.41468962585034014,56,28
4ZZI-1NS,MSE,gradcam,55,0.40973084886128364,46,23
4ZZI-1NS,MSE,gradcam,60,0.42982456140350883,38,19
4ZZI-1NS,MSE,gradcam,65,0.4383116883116883,28,14
4ZZI-1NS,MSE,gradcam,70,0.5,10,5
4ZZI-1NS,MSE,gradcam,75,0.5,2,1
4ZZI-1NS,MSE,gradcam,80,,0,0
4ZZI-1NS,MSE,gradcam,85,,0,0
4ZZI-1NS,MSE,gradcam,90,,0,0
4ZZI-1NS,MSE,gradcam,95,,0,0
4ZZI-1NS,MSE,gradinput,50,0.38851976396619253,56,28
4ZZI-1NS,MSE,gradinput,55,0.3887414517849301,46,23
4ZZI-1NS,MSE,gradinput,60,0.40842636895268475,38,19
4ZZI-1NS,MSE,gradinput,65,0.43362193362193363,28,14
4ZZI-1NS,MSE,gradinput,70,0.5,10,5
4ZZI-1NS,MSE,gradinput,75,0.5,2,1
4ZZI-1NS,MSE,gradinput,80,,0,0
4ZZI-1NS,MSE,gradinput,85,,0,0
4ZZI-1NS,MSE,gradinput,90,,0,0
4ZZI-1NS,MSE,gradinput,95,,0,0
4ZZI-1NS,MSE,ig,50,0.5039411976911977,56,28
4ZZI-1NS,MSE,ig,55,0.4987765857331075,46,23
4ZZI-1NS,MSE,ig,60,0.49701526543631797,38,19
4ZZI-1NS,MSE,ig,65,0.4654401154401154,28,14
4ZZI-1NS,MSE,ig,70,0.4514285714285714,10,5
4ZZI-1NS,MSE,ig,75,0.2,2,1
4ZZI-1NS,MSE,ig,80,,0,0
4ZZI-1NS,MSE,ig,85,,0,0
4ZZI-1NS,MSE,ig,90,,0,0
4ZZI-1NS,MSE,ig,95,,0,0
4ZZI-1NS,MSE,shap,50,0.5270073180787467,56,28
4ZZI-1NS,MSE,shap,55,0.5224574941966246,46,23
4ZZI-1NS,MSE,shap,60,0.5180375180375182,38,19
4ZZI-1NS,MSE,shap,65,0.5304782519068234,28,14
4ZZI-1NS,MSE,shap,70,0.4927380952380952,10,5
4ZZI-1NS,MSE,shap,75,0.4,2,1
4ZZI-1NS,MSE,shap,80,,0,0
4ZZI-1NS,MSE,shap,85,,0,0
4ZZI-1NS,MSE,shap,90,,0,0
4ZZI-1NS,MSE,shap,95,,0,0
5A09-JJD,MSE,cam,50,0.532168589166529,9550,4806
5A09-JJD,MSE,cam,55,0.5320785684219717,9456,4759
5A09-JJD,MSE,cam,60,0.5325996163372635,9144,4603
5A09-JJD,MSE,cam,65,0.5325519739536909,8618,4340
5A09-JJD,MSE,cam,70,0.5314704776197495,7148,3605
5A09-JJD,MSE,cam,75,0.529948872334658,4334,2198
5A09-JJD,MSE,cam,80,0.515239285714286,2000,1030
5A09-JJD,MSE,cam,85,0.5233974358974359,780,416
5A09-JJD,MSE,cam,90,0.5311158798283263,233,133
5A09-JJD,MSE,cam,95,0.38095238095238093,21,20
5A09-JJD,MSE,diff,50,0.6094902938060482,9550,4806
5A09-JJD,MSE,diff,55,0.610549185528695,9456,4759
5A09-JJD,MSE,diff,60,0.6144504317064443,9144,4603
5A09-JJD,MSE,diff,65,0.6203228825530969,8618,4340
5A09-JJD,MSE,diff,70,0.6273915383876155,7148,3605
5A09-JJD,MSE,diff,75,0.6412305615985779,4334,2198
5A09-JJD,MSE,diff,80,0.6596404761904743,2000,1030
5A09-JJD,MSE,diff,85,0.6738247863247868,780,416
5A09-JJD,MSE,diff,90,0.6809728183118747,233,133
5A09-JJD,MSE,diff,95,0.6904761904761905,21,20
5A09-JJD,MSE,gradcam,50,0.5607187070341347,9550,4806
5A09-JJD,MSE,gradcam,55,0.5609291971291827,9456,4759
5A09-JJD,MSE,gradcam,60,0.5617565145560813,9144,4603
5A09-JJD,MSE,gradcam,65,0.5633728092129094,8618,4340
5A09-JJD,MSE,gradcam,70,0.5713295421080818,7148,3605
5A09-JJD,MSE,gradcam,75,0.582507269943821,4334,2198
5A09-JJD,MSE,gradcam,80,0.5993696428571416,2000,1030
5A09-JJD,MSE,gradcam,85,0.595619658119658,780,416
5A09-JJD,MSE,gradcam,90,0.5894134477825465,233,133
5A09-JJD,MSE,gradcam,95,0.6428571428571429,21,20
5A09-JJD,MSE,gradinput,50,0.5477263640995239,9550,4806
5A09-JJD,MSE,gradinput,55,0.5479600577060831,9456,4759
5A09-JJD,MSE,gradinput,60,0.5489959993081645,9144,4603
5A09-JJD,MSE,gradinput,65,0.5495993807899154,8618,4340
5A09-JJD,MSE,gradinput,70,0.5523021730492375,7148,3605
5A09-JJD,MSE,gradinput,75,0.5530572219658503,4334,2198
5A09-JJD,MSE,gradinput,80,0.5456863095238108,2000,1030
5A09-JJD,MSE,gradinput,85,0.542115384615385,780,416
5A09-JJD,MSE,gradinput,90,0.5464949928469243,233,133
5A09-JJD,MSE,gradinput,95,0.7142857142857143,21,20
5A09-JJD,MSE,ig,50,0.5265124299370139,9550,4806
5A09-JJD,MSE,ig,55,0.5277815295748257,9456,4759
5A09-JJD,MSE,ig,60,0.5322523310183958,9144,4603
5A09-JJD,MSE,ig,65,0.5378433441252523,8618,4340
5A09-JJD,MSE,ig,70,0.5411127259546454,7148,3605
5A09-JJD,MSE,ig,75,0.5412597695592618,4334,2198
5A09-JJD,MSE,ig,80,0.5380946428571423,2000,1030
5A09-JJD,MSE,ig,85,0.5330982905982911,780,416
5A09-JJD,MSE,ig,90,0.5075107296137342,233,133
5A09-JJD,MSE,ig,95,0.5,21,20
5A09-JJD,MSE,shap,50,0.5168616015758586,9550,4806
5A09-JJD,MSE,shap,55,0.5171669430356582,9456,4759
5A09-JJD,MSE,shap,60,0.5175277278845661,9144,4603
5A09-JJD,MSE,shap,65,0.5180050193031737,8618,4340
5A09-JJD,MSE,shap,70,0.5203447464989166,7148,3605
5A09-JJD,MSE,shap,75,0.5221822100629221,4334,2198
5A09-JJD,MSE,shap,80,0.526532738095238,2000,1030
5A09-JJD,MSE,shap,85,0.5148076923076921,780,416
5A09-JJD,MSE,shap,90,0.5168097281831187,233,133
5A09-JJD,MSE,shap,95,0.5476190476190477,21,20
5AM3-AUB,MSE,cam,50,0.47619047619047616,42,22
5AM3-AUB,MSE,cam,55,0.47619047619047616,42,22
5AM3-AUB,MSE,cam,60,0.47619047619047616,42,22
5AM3-AUB,MSE,cam,65,0.47619047619047616,42,22
5AM3-AUB,MSE,cam,70,0.4583333333333333,24,13
5AM3-AUB,MSE,cam,75,0.4444444444444444,18,10
5AM3-AUB,MSE,cam,80,0.4166666666666667,12,7
5AM3-AUB,MSE,cam,85,0.375,8,5
5AM3-AUB,MSE,cam,90,0.25,4,3
5AM3-AUB,MSE,cam,95,,0,0
5AM3-AUB,MSE,diff,50,0.6863662131519275,42,22
5AM3-AUB,MSE,diff,55,0.6863662131519275,42,22
5AM3-AUB,MSE,diff,60,0.6863662131519275,42,22
5AM3-AUB,MSE,diff,65,0.6863662131519275,42,22
5AM3-AUB,MSE,diff,70,0.7363260582010582,24,13
5AM3-AUB,MSE,diff,75,0.7880952380952381,18,10
5AM3-AUB,MSE,diff,80,0.8250000000000001,12,7
5AM3-AUB,MSE,diff,85,0.875,8,5
5AM3-AUB,MSE,diff,90,1.0,4,3
5AM3-AUB,MSE,diff,95,,0,0
5AM3-AUB,MSE,gradcam,50,0.6255033326461898,42,22
5AM3-AUB,MSE,gradcam,55,0.6255033326461898,42,22
5AM3-AUB,MSE,gradcam,60,0.6255033326461898,42,22
5AM3-AUB,MSE,gradcam,65,0.6255033326461898,42,22
5AM3-AUB,MSE,gradcam,70,0.7309523809523809,24,13
5AM3-AUB,MSE,gradcam,75,0.7894179894179894,18,10
5AM3-AUB,MSE,gradcam,80,0.8666666666666667,12,7
5AM3-AUB,MSE,gradcam,85,1.0,8,5
5AM3-AUB,MSE,gradcam,90,1.0,4,3
5AM3-AUB,MSE,gradcam,95,,0,0
5AM3-AUB,MSE,gradinput,50,0.5871486978629836,42,22
5AM3-AUB,MSE,gradinput,55,0.5871486978629836,42,22
5AM3-AUB,MSE,gradinput,60,0.5871486978629836,42,22
5AM3-AUB,MSE,gradinput,65,0.5871486978629836,42,22
5AM3-AUB,MSE,gradinput,70,0.687797619047619,24,13
5AM3-AUB,MSE,gradinput,75,0.7537037037037037,18,10
5AM3-AUB,MSE,gradinput,80,0.8458333333333333,12,7
5AM3-AUB,MSE,gradinput,85,1.0,8,5
5AM3-AUB,MSE,gradinput,90,1.0,4,3
5AM3-AUB,MSE,gradinput,95,,0,0
5AM3-AUB,MSE,ig,50,0.5278138528138528,42,22
5AM3-AUB,MSE,ig,55,0.5278138528138528,42,22
5AM3-AUB,MSE,ig,60,0.5278138528138528,42,22
5AM3-AUB,MSE,ig,65,0.5278138528138528,42,22
5AM3-AUB,MSE,ig,70,0.49685846560846564,24,13
5AM3-AUB,MSE,ig,75,0.503968253968254,18,10
5AM3-AUB,MSE,ig,80,0.47222222222222227,12,7
5AM3-AUB,MSE,ig,85,0.4583333333333333,8,5
5AM3-AUB,MSE,ig,90,0.25,4,3
5AM3-AUB,MSE,ig,95,,0,0
5AM3-AUB,MSE,shap,50,0.5964998625712911,42,22
5AM3-AUB,MSE,shap,55,0.5964998625712911,42,22
5AM3-AUB,MSE,shap,60,0.5964998625712911,42,22
5AM3-AUB,MSE,shap,65,0.5964998625712911,42,22
5AM3-AUB,MSE,shap,70,0.5937003968253968,24,13
5AM3-AUB,MSE,shap,75,0.614021164021164,18,10
5AM3-AUB,MSE,shap,80,0.6402777777777777,12,7
5AM3-AUB,MSE,shap,85,0.6041666666666667,8,5
5AM3-AUB,MSE,shap,90,0.5,4,3
5AM3-AUB,MSE,shap,95,,0,0
5AXP-4LK,MSE,cam,50,0.5142857142857142,35,18
5AXP-4LK,MSE,cam,55,0.5142857142857142,35,18
5AXP-4LK,MSE,cam,60,0.5151515151515151,33,17
5AXP-4LK,MSE,cam,65,0.5185185185185185,27,14
5AXP-4LK,MSE,cam,70,0.5,8,4
5AXP-4LK,MSE,cam,75,,0,0
5AXP-4LK,MSE,cam,80,,0,0
5AXP-4LK,MSE,cam,85,,0,0
5AXP-4LK,MSE,cam,90,,0,0
5AXP-4LK,MSE,cam,95,,0,0
5AXP-4LK,MSE,diff,50,0.7263485720628577,35,18
5AXP-4LK,MSE,diff,55,0.7263485720628577,35,18
5AXP-4LK,MSE,diff,60,0.7348718621445893,33,17
5AXP-4LK,MSE,diff,65,0.7054620276842498,27,14
5AXP-4LK,MSE,diff,70,0.7833333333333333,8,4
5AXP-4LK,MSE,diff,75,,0,0
5AXP-4LK,MSE,diff,80,,0,0
5AXP-4LK,MSE,diff,85,,0,0
5AXP-4LK,MSE,diff,90,,0,0
5AXP-4LK,MSE,diff,95,,0,0
5AXP-4LK,MSE,gradcam,50,0.49358173572459285,35,18
5AXP-4LK,MSE,gradcam,55,0.49358173572459285,35,18
5AXP-4LK,MSE,gradcam,60,0.495357252175434,33,17
5AXP-4LK,MSE,gradcam,65,0.49432553043664157,27,14
5AXP-4LK,MSE,gradcam,70,0.46651785714285715,8,4
5AXP-4LK,MSE,gradcam,75,,0,0
5AXP-4LK,MSE,gradcam,80,,0,0
5AXP-4LK,MSE,gradcam,85,,0,0
5AXP-4LK,MSE,gradcam,90,,0,0
5AXP-4LK,MSE,gradcam,95,,0,0
5AXP-4LK,MSE,gradinput,50,0.5708946608946609,35,18
5AXP-4LK,MSE,gradinput,55,0.5708946608946609,35,18
5AXP-4LK,MSE,gradinput,60,0.5691307009488827,33,17
5AXP-4LK,MSE,gradinput,65,0.5844930789375233,27,14
5AXP-4LK,MSE,gradinput,70,0.65,8,4
5AXP-4LK,MSE,gradinput,75,,0,0
5AXP-4LK,MSE,gradinput,80,,0,0
5AXP-4LK,MSE,gradinput,85,,0,0
5AXP-4LK,MSE,gradinput,90,,0,0
5AXP-4LK,MSE,gradinput,95,,0,0
5AXP-4LK,MSE,ig,50,0.44279054279054286,35,18
5AXP-4LK,MSE,ig,55,0.44279054279054286,35,18
5AXP-4LK,MSE,ig,60,0.4419207055570693,33,17
5AXP-4LK,MSE,ig,65,0.44529421196087865,27,14
5AXP-4LK,MSE,ig,70,0.4610119047619048,8,4
5AXP-4LK,MSE,ig,75,,0,0
5AXP-4LK,MSE,ig,80,,0,0
5AXP-4LK,MSE,ig,85,,0,0
5AXP-4LK,MSE,ig,90,,0,0
5AXP-4LK,MSE,ig,95,,0,0
5AXP-4LK,MSE,shap,50,0.45428103642389356,35,18
5AXP-4LK,MSE,shap,55,0.45428103642389356,35,18
5AXP-4LK,MSE,shap,60,0.43809027672664036,33,17
5AXP-4LK,MSE,shap,65,0.48355111966223074,27,14
5AXP-4LK,MSE,shap,70,0.5574900793650794,8,4
5AXP-4LK,MSE,shap,75,,0,0
5AXP-4LK,MSE,shap,80,,0,0
5AXP-4LK,MSE,shap,85,,0,0
5AXP-4LK,MSE,shap,90,,0,0
5AXP-4LK,MSE,shap,95,,0,0
5CF4-50Y,MSE,cam,50,0.5245901639344263,61,32
5CF4-50Y,MSE,cam,55,0.5245901639344263,61,32
5CF4-50Y,MSE,cam,60,0.5263157894736842,57,30
5CF4-50Y,MSE,cam,65,0.5272727272727272,55,29
5CF4-50Y,MSE,cam,70,0.5348837209302325,43,23
5CF4-50Y,MSE,cam,75,0.5652173913043478,23,13
5CF4-50Y,MSE,cam,80,0.6666666666666666,6,4
5CF4-50Y,MSE,cam,85,0.75,4,3
5CF4-50Y,MSE,cam,90,1.0,1,1
5CF4-50Y,MSE,cam,95,,0,0
5CF4-50Y,MSE,diff,50,0.6872810624498183,61,32
5CF4-50Y,MSE,diff,55,0.6872810624498183,61,32
5CF4-50Y,MSE,diff,60,0.6823637376268955,57,30
5CF4-50Y,MSE,diff,65,0.6779561852289124,55,29
5CF4-50Y,MSE,diff,70,0.6525655223329642,43,23
5CF4-50Y,MSE,diff,75,0.6181159420289856,23,13
5CF4-50Y,MSE,diff,80,0.8083333333333332,6,4
5CF4-50Y,MSE,diff,85,0.8375,4,3
5CF4-50Y,MSE,diff,90,1.0,1,1
5CF4-50Y,MSE,diff,95,,0,0
5CF4-50Y,MSE,gradcam,50,0.5788446526151443,61,32
5CF4-50Y,MSE,gradcam,55,0.5788446526151443,61,32
5CF4-50Y,MSE,gradcam,60,0.5785296574770258,57,30
5CF4-50Y,MSE,gradcam,65,0.5787878787878786,55,29
5CF4-50Y,MSE,gradcam,70,0.5775193798449612,43,23
5CF4-50Y,MSE,gradcam,75,0.6118012422360248,23,13
5CF4-50Y,MSE,gradcam,80,0.8611111111111112,6,4
5CF4-50Y,MSE,gradcam,85,1.0,4,3
5CF4-50Y,MSE,gradcam,90,1.0,1,1
5CF4-50Y,MSE,gradcam,95,,0,0
5CF4-50Y,MSE,gradinput,50,0.58948087431694,61,32
5CF4-50Y,MSE,gradinput,55,0.58948087431694,61,32
5CF4-50Y,MSE,gradinput,60,0.5869883040935673,57,30
5CF4-50Y,MSE,gradinput,65,0.5901515151515152,55,29
5CF4-50Y,MSE,gradinput,70,0.5804263565891472,43,23
5CF4-50Y,MSE,gradinput,75,0.6014492753623187,23,13
5CF4-50Y,MSE,gradinput,80,0.888888888888889,6,4
5CF4-50Y,MSE,gradinput,85,1.0,4,3
5CF4-50Y,MSE,gradinput,90,1.0,1,1
5CF4-50Y,MSE,gradinput,95,,0,0
5CF4-50Y,MSE,ig,50,0.5041720413947995,61,32
5CF4-50Y,MSE,ig,55,0.5041720413947995,61,32
5CF4-50Y,MSE,ig,60,0.5092807777018304,57,30
5CF4-50Y,MSE,ig,65,0.503124754033845,55,29
5CF4-50Y,MSE,ig,70,0.525138427464009,43,23
5CF4-50Y,MSE,ig,75,0.5681677018633541,23,13
5CF4-50Y,MSE,ig,80,0.7194444444444444,6,4
5CF4-50Y,MSE,ig,85,0.7875,4,3
5CF4-50Y,MSE,ig,90,1.0,1,1
5CF4-50Y,MSE,ig,95,,0,0
5CF4-50Y,MSE,shap,50,0.5097653418048789,61,32
5CF4-50Y,MSE,shap,55,0.5097653418048789,61,32
5CF4-50Y,MSE,shap,60,0.5231785271258955,57,30
5CF4-50Y,MSE,shap,65,0.522722681359045,55,29
5CF4-50Y,MSE,shap,70,0.528359173126615,43,23
5CF4-50Y,MSE,shap,75,0.5217908902691512,23,13
5CF4-50Y,MSE,shap,80,0.5111111111111111,6,4
5CF4-50Y,MSE,shap,85,0.475,4,3
5CF4-50Y,MSE,shap,90,1.0,1,1
5CF4-50Y,MSE,shap,95,,0,0
5D1J-56H,MSE,cam,50,0.5092102342102343,234,129
5D1J-56H,MSE,cam,55,0.5092896327810121,232,128
5D1J-56H,MSE,cam,60,0.5092896327810121,232,128
5D1J-56H,MSE,cam,65,0.5125087108013938,205,114
5D1J-56H,MSE,cam,70,0.5095632728229414,181,102
5D1J-56H,MSE,cam,75,0.498005698005698,117,69
5D1J-56H,MSE,cam,80,0.5177777777777778,90,52
5D1J-56H,MSE,cam,85,0.5490196078431373,51,32
5D1J-56H,MSE,cam,90,0.6,25,18
5D1J-56H,MSE,cam,95,0.6666666666666666,9,9
5D1J-56H,MSE,diff,50,0.7173500881834215,234,129
5D1J-56H,MSE,diff,55,0.7169249452654625,232,128
5D1J-56H,MSE,diff,60,0.7169249452654625,232,128
5D1J-56H,MSE,diff,65,0.719421215640728,205,114
5D1J-56H,MSE,diff,70,0.7309764974129614,181,102
5D1J-56H,MSE,diff,75,0.7551282051282051,117,69
5D1J-56H,MSE,diff,80,0.783888888888889,90,52
5D1J-56H,MSE,diff,85,0.6960784313725492,51,32
5D1J-56H,MSE,diff,90,0.8,25,18
5D1J-56H,MSE,diff,95,0.8888888888888888,9,9
5D1J-56H,MSE,gradcam,50,0.5755896880896882,234,129
5D1J-56H,MSE,gradcam,55,0.5750918980444844,232,128
5D1J-56H,MSE,gradcam,60,0.5750918980444844,232,128
5D1J-56H,MSE,gradcam,65,0.5775319396051103,205,114
5D1J-56H,MSE,gradcam,70,0.5604095413487679,181,102
5D1J-56H,MSE,gradcam,75,0.5803011803011804,117,69
5D1J-56H,MSE,gradcam,80,0.602037037037037,90,52
5D1J-56H,MSE,gradcam,85,0.633986928104575,51,32
5D1J-56H,MSE,gradcam,90,0.64,25,18
5D1J-56H,MSE,gradcam,95,0.5555555555555556,9,9
5D1J-56H,MSE,gradinput,50,0.5334238292571628,234,129
5D1J-56H,MSE,gradinput,55,0.533178303975718,232,128
5D1J-56H,MSE,gradinput,60,0.533178303975718,232,128
5D1J-56H,MSE,gradinput,65,0.5338269454123115,205,114
5D1J-56H,MSE,gradinput,70,0.5397790055248619,181,102
5D1J-56H,MSE,gradinput,75,0.5655474155474156,117,69
5D1J-56H,MSE,gradinput,80,0.595925925925926,90,52
5D1J-56H,MSE,gradinput,85,0.49673202614379075,51,32
5D1J-56H,MSE,gradinput,90,0.58,25,18
5D1J-56H,MSE,gradinput,95,0.7777777777777778,9,9
5D1J-56H,MSE,ig,50,0.6064182730849397,234,129
5D1J-56H,MSE,ig,55,0.6047494650942927,232,128
5D1J-56H,MSE,ig,60,0.6047494650942927,232,128
5D1J-56H,MSE,ig,65,0.6036740224545102,205,114
5D1J-56H,MSE,ig,70,0.5870121897746207,181,102
5D1J-56H,MSE,ig,75,0.5766381766381767,117,69
5D1J-56H,MSE,ig,80,0.5618518518518519,90,52
5D1J-56H,MSE,ig,85,0.6552287581699346,51,32
5D1J-56H,MSE,ig,90,0.7,25,18
5D1J-56H,MSE,ig,95,0.7777777777777778,9,9
5D1J-56H,MSE,shap,50,0.5135597427264094,234,129
5D1J-56H,MSE,shap,55,0.5137997897696173,232,128
5D1J-56H,MSE,shap,60,0.5137997897696173,232,128
5D1J-56H,MSE,shap,65,0.5125629113433992,205,114
5D1J-56H,MSE,shap,70,0.5113610453389459,181,102
5D1J-56H,MSE,shap,75,0.5046805046805047,117,69
5D1J-56H,MSE,shap,80,0.5183333333333334,90,52
5D1J-56H,MSE,shap,85,0.49346405228758167,51,32
5D1J-56H,MSE,shap,90,0.62,25,18
5D1J-56H,MSE,shap,95,0.6666666666666666,9,9
5DXU-5H5,MSE,cam,50,0.523429510771181,274,139
5DXU-5H5,MSE,cam,55,0.523601786585675,272,138
5DXU-5H5,MSE,cam,60,0.5225441578195816,236,120
5DXU-5H5,MSE,cam,65,0.5184915413533835,152,78
5DXU-5H5,MSE,cam,70,0.5202489177489177,110,57
5DXU-5H5,MSE,cam,75,0.5242106625258799,92,48
5DXU-5H5,MSE,cam,80,0.5272408963585433,68,36
5DXU-5H5,MSE,cam,85,0.5242424242424243,44,24
5DXU-5H5,MSE,cam,90,0.47619047619047616,14,9
5DXU-5H5,MSE,cam,95,1.0,1,1
5DXU-5H5,MSE,diff,50,0.5812120017736836,274,139
5DXU-5H5,MSE,diff,55,0.5825186431695942,272,138
5DXU-5H5,MSE,diff,60,0.5884708159072561,236,120
5DXU-5H5,MSE,diff,65,0.6016245267890005,152,78
5DXU-5H5,MSE,diff,70,0.597162862390135,110,57
5DXU-5H5,MSE,diff,75,0.5853347135955832,92,48
5DXU-5H5,MSE,diff,80,0.6028711484593837,68,36
5DXU-5H5,MSE,diff,85,0.7003787878787878,44,24
5DXU-5H5,MSE,diff,90,0.9285714285714286,14,9
5DXU-5H5,MSE,diff,95,1.0,1,1
5DXU-5H5,MSE,gradcam,50,0.5916753160921367,274,139
5DXU-5H5,MSE,gradcam,55,0.5902209163265603,272,138
5DXU-5H5,MSE,gradcam,60,0.584317036541612,236,120
5DXU-5H5,MSE,gradcam,65,0.5559801127235341,152,78
5DXU-5H5,MSE,gradcam,70,0.5283238226420045,110,57
5DXU-5H5,MSE,gradcam,75,0.500927363699103,92,48
5DXU-5H5,MSE,gradcam,80,0.4910014005602241,68,36
5DXU-5H5,MSE,gradcam,85,0.48636363636363633,44,24
5DXU-5H5,MSE,gradcam,90,0.619047619047619,14,9
5DXU-5H5,MSE,gradcam,95,1.0,1,1
5DXU-5H5,MSE,gradinput,50,0.590481164281897,274,139
5DXU-5H5,MSE,gradinput,55,0.5903240985393878,272,138
5DXU-5H5,MSE,gradinput,60,0.590940391999714,236,120
5DXU-5H5,MSE,gradinput,65,0.5923062317799159,152,78
5DXU-5H5,MSE,gradinput,70,0.6035455201364293,110,57
5DXU-5H5,MSE,gradinput,75,0.6149111456176674,92,48
5DXU-5H5,MSE,gradinput,80,0.6321428571428571,68,36
5DXU-5H5,MSE,gradinput,85,0.6617424242424242,44,24
5DXU-5H5,MSE,gradinput,90,0.6547619047619048,14,9
5DXU-5H5,MSE,gradinput,95,0.0,1,1
5DXU-5H5,MSE,ig,50,0.6386891992477173,274,139
5DXU-5H5,MSE,ig,55,0.6392736012545698,272,138
5DXU-5H5,MSE,ig,60,0.6459327395768073,236,120
5DXU-5H5,MSE,ig,65,0.6514426363110574,152,78
5DXU-5H5,MSE,ig,70,0.6411947396038304,110,57
5DXU-5H5,MSE,ig,75,0.6372239475500345,92,48
5DXU-5H5,MSE,ig,80,0.6446428571428571,68,36
5DXU-5H5,MSE,ig,85,0.6109848484848486,44,24
5DXU-5H5,MSE,ig,90,0.619047619047619,14,9
5DXU-5H5,MSE,ig,95,0.0,1,1
5DXU-5H5,MSE,shap,50,0.5530796176816889,274,139
5DXU-5H5,MSE,shap,55,0.553453784117171,272,138
5DXU-5H5,MSE,shap,60,0.5588398418906891,236,120
5DXU-5H5,MSE,shap,65,0.5751112191901663,152,78
5DXU-5H5,MSE,shap,70,0.5912045782500328,110,57
5DXU-5H5,MSE,shap,75,0.5998015873015872,92,48
5DXU-5H5,MSE,shap,80,0.5869047619047618,68,36
5DXU-5H5,MSE,shap,85,0.5609848484848485,44,24
5DXU-5H5,MSE,shap,90,0.7142857142857143,14,9
5DXU-5H5,MSE,shap,95,1.0,1,1
5E1E-5JG,MSE,cam,50,0.7801587301587302,42,21
5E1E-5JG,MSE,cam,55,0.7801587301587302,42,21
5E1E-5JG,MSE,cam,60,0.7801587301587302,42,21
5E1E-5JG,MSE,cam,65,0.7801587301587302,42,21
5E1E-5JG,MSE,cam,70,0.7801587301587302,42,21
5E1E-5JG,MSE,cam,75,0.7000000000000001,28,14
5E1E-5JG,MSE,cam,80,0.65,24,12
5E1E-5JG,MSE,cam,85,0.5,14,7
5E1E-5JG,MSE,cam,90,0.5,4,2
5E1E-5JG,MSE,cam,95,,0,0
5E1E-5JG,MSE,diff,50,0.44311224489795925,42,21
5E1E-5JG,MSE,diff,55,0.44311224489795925,42,21
5E1E-5JG,MSE,diff,60,0.44311224489795925,42,21
5E1E-5JG,MSE,diff,65,0.44311224489795925,42,21
5E1E-5JG,MSE,diff,70,0.44311224489795925,42,21
5E1E-5JG,MSE,diff,75,0.44166666666666676,28,14
5E1E-5JG,MSE,diff,80,0.43888888888888894,24,12
5E1E-5JG,MSE,diff,85,0.41666666666666663,14,7
5E1E-5JG,MSE,diff,90,0.5,4,2
5E1E-5JG,MSE,diff,95,,0,0
5E1E-5JG,MSE,gradcam,50,0.6082199546485261,42,21
5E1E-5JG,MSE,gradcam,55,0.6082199546485261,42,21
5E1E-5JG,MSE,gradcam,60,0.6082199546485261,42,21
5E1E-5JG,MSE,gradcam,65,0.6082199546485261,42,21
5E1E-5JG,MSE,gradcam,70,0.6082199546485261,42,21
5E1E-5JG,MSE,gradcam,75,0.5904761904761904,28,14
5E1E-5JG,MSE,gradcam,80,0.5708333333333334,24,12
5E1E-5JG,MSE,gradcam,85,0.5357142857142857,14,7
5E1E-5JG,MSE,gradcam,90,0.625,4,2
5E1E-5JG,MSE,gradcam,95,,0,0
5E1E-5JG,MSE,gradinput,50,0.47667233560090705,42,21
5E1E-5JG,MSE,gradinput,55,0.47667233560090705,42,21
5E1E-5JG,MSE,gradinput,60,0.47667233560090705,42,21
5E1E-5JG,MSE,gradinput,65,0.47667233560090705,42,21
5E1E-5JG,MSE,gradinput,70,0.47667233560090705,42,21
5E1E-5JG,MSE,gradinput,75,0.49880952380952387,28,14
5E1E-5JG,MSE,gradinput,80,0.5055555555555555,24,12
5E1E-5JG,MSE,gradinput,85,0.5238095238095238,14,7
5E1E-5JG,MSE,gradinput,90,0.375,4,2
5E1E-5JG,MSE,gradinput,95,,0,0
5E1E-5JG,MSE,ig,50,0.4859693877551021,42,21
5E1E-5JG,MSE,ig,55,0.4859693877551021,42,21
5E1E-5JG,MSE,ig,60,0.4859693877551021,42,21
5E1E-5JG,MSE,ig,65,0.4859693877551021,42,21
5E1E-5JG,MSE,ig,70,0.4859693877551021,42,21
5E1E-5JG,MSE,ig,75,0.5178571428571429,28,14
5E1E-5JG,MSE,ig,80,0.5277777777777778,24,12
5E1E-5JG,MSE,ig,85,0.5476190476190476,14,7
5E1E-5JG,MSE,ig,90,0.375,4,2
5E1E-5JG,MSE,ig,95,,0,0
5E1E-5JG,MSE,shap,50,0.5983560090702948,42,21
5E1E-5JG,MSE,shap,55,0.5983560090702948,42,21
5E1E-5JG,MSE,shap,60,0.5983560090702948,42,21
5E1E-5JG,MSE,shap,65,0.5983560090702948,42,21
5E1E-5JG,MSE,shap,70,0.5983560090702948,42,21
5E1E-5JG,MSE,shap,75,0.6309523809523808,28,14
5E1E-5JG,MSE,shap,80,0.6458333333333334,24,12
5E1E-5JG,MSE,shap,85,0.7500000000000001,14,7
5E1E-5JG,MSE,shap,90,0.875,4,2
5E1E-5JG,MSE,shap,95,,0,0
5EDH-5MF,MSE,cam,50,0.5058949220713926,1326,697
5EDH-5MF,MSE,cam,55,0.5058949220713926,1326,697
5EDH-5MF,MSE,cam,60,0.5058949220713926,1326,697
5EDH-5MF,MSE,cam,65,0.5059038267875126,1324,696
5EDH-5MF,MSE,cam,70,0.5060782789009849,1286,677
5EDH-5MF,MSE,cam,75,0.5059148477499326,1237,652
5EDH-5MF,MSE,cam,80,0.5067239635995956,989,528
5EDH-5MF,MSE,cam,85,0.5011538461538462,650,354
5EDH-5MF,MSE,cam,90,0.492,250,146
5EDH-5MF,MSE,cam,95,0.49019607843137253,51,36
5EDH-5MF,MSE,diff,50,0.5980584774702428,1326,697
5EDH-5MF,MSE,diff,55,0.5980584774702428,1326,697
5EDH-5MF,MSE,diff,60,0.5980584774702428,1326,697
5EDH-5MF,MSE,diff,65,0.598231778292202,1324,696
5EDH-5MF,MSE,diff,70,0.6003850996074954,1286,677
5EDH-5MF,MSE,diff,75,0.6008825114524392,1237,652
5EDH-5MF,MSE,diff,80,0.6181159420289848,989,528
5EDH-5MF,MSE,diff,85,0.6224358974358974,650,354
5EDH-5MF,MSE,diff,90,0.624,250,146
5EDH-5MF,MSE,diff,95,0.5686274509803921,51,36
5EDH-5MF,MSE,gradcam,50,0.42335328070622136,1326,697
5EDH-5MF,MSE,gradcam,55,0.42335328070622136,1326,697
5EDH-5MF,MSE,gradcam,60,0.42335328070622136,1326,697
5EDH-5MF,MSE,gradcam,65,0.4233130288643879,1324,696
5EDH-5MF,MSE,gradcam,70,0.4260979041694431,1286,677
5EDH-5MF,MSE,gradcam,75,0.42216961157947336,1237,652
5EDH-5MF,MSE,gradcam,80,0.42607010448264193,989,528
5EDH-5MF,MSE,gradcam,85,0.43025641025641026,650,354
5EDH-5MF,MSE,gradcam,90,0.426,250,146
5EDH-5MF,MSE,gradcam,95,0.4117647058823529,51,36
5EDH-5MF,MSE,gradinput,50,0.4708304767128298,1326,697
5EDH-5MF,MSE,gradinput,55,0.4708304767128298,1326,697
5EDH-5MF,MSE,gradinput,60,0.4708304767128298,1326,697
5EDH-5MF,MSE,gradinput,65,0.47093747139064374,1324,696
5EDH-5MF,MSE,gradinput,70,0.47415759460860574,1286,677
5EDH-5MF,MSE,gradinput,75,0.4702130731031297,1237,652
5EDH-5MF,MSE,gradinput,80,0.4757330637007073,989,528
5EDH-5MF,MSE,gradinput,85,0.47384615384615403,650,354
5EDH-5MF,MSE,gradinput,90,0.462,250,146
5EDH-5MF,MSE,gradinput,95,0.35294117647058826,51,36
5EDH-5MF,MSE,ig,50,0.6423420533714651,1326,697
5EDH-5MF,MSE,ig,55,0.6423420533714651,1326,697
5EDH-5MF,MSE,ig,60,0.6423420533714651,1326,697
5EDH-5MF,MSE,ig,65,0.642506719111704,1324,696
5EDH-5MF,MSE,ig,70,0.6416361178997261,1286,677
5EDH-5MF,MSE,ig,75,0.6411883589329022,1237,652
5EDH-5MF,MSE,ig,80,0.6422649140546002,989,528
5EDH-5MF,MSE,ig,85,0.6332051282051285,650,354
5EDH-5MF,MSE,ig,90,0.64,250,146
5EDH-5MF,MSE,ig,95,0.5882352941176471,51,36
5EDH-5MF,MSE,shap,50,0.524963897758016,1326,697
5EDH-5MF,MSE,shap,55,0.524963897758016,1326,697
5EDH-5MF,MSE,shap,60,0.524963897758016,1326,697
5EDH-5MF,MSE,shap,65,0.5248757264051832,1324,696
5EDH-5MF,MSE,shap,70,0.5226020760818588,1286,677
5EDH-5MF,MSE,shap,75,0.5200744889710135,1237,652
5EDH-5MF,MSE,shap,80,0.5205426356589153,989,528
5EDH-5MF,MSE,shap,85,0.5253846153846153,650,354
5EDH-5MF,MSE,shap,90,0.526,250,146
5EDH-5MF,MSE,shap,95,0.43137254901960786,51,36
5EK2-5PJ,MSE,cam,50,0.5,26,13
5EK2-5PJ,MSE,cam,55,0.5,24,12
5EK2-5PJ,MSE,cam,60,0.5,20,10
5EK2-5PJ,MSE,cam,65,0.5,20,10
5EK2-5PJ,MSE,cam,70,0.5,20,10
5EK2-5PJ,MSE,cam,75,0.5,8,4
5EK2-5PJ,MSE,cam,80,0.5,2,1
5EK2-5PJ,MSE,cam,85,0.5,2,1
5EK2-5PJ,MSE,cam,90,,0,0
5EK2-5PJ,MSE,cam,95,,0,0
5EK2-5PJ,MSE,diff,50,0.5766788766788767,26,13
5EK2-5PJ,MSE,diff,55,0.5738095238095239,24,12
5EK2-5PJ,MSE,diff,60,0.5702380952380952,20,10
5EK2-5PJ,MSE,diff,65,0.5702380952380952,20,10
5EK2-5PJ,MSE,diff,70,0.5702380952380952,20,10
5EK2-5PJ,MSE,diff,75,0.5,8,4
5EK2-5PJ,MSE,diff,80,0.5,2,1
5EK2-5PJ,MSE,diff,85,0.5,2,1
5EK2-5PJ,MSE,diff,90,,0,0
5EK2-5PJ,MSE,diff,95,,0,0
5EK2-5PJ,MSE,gradcam,50,0.6509768009768011,26,13
5EK2-5PJ,MSE,gradcam,55,0.6450396825396826,24,12
5EK2-5PJ,MSE,gradcam,60,0.6345238095238097,20,10
5EK2-5PJ,MSE,gradcam,65,0.6345238095238097,20,10
5EK2-5PJ,MSE,gradcam,70,0.6345238095238097,20,10
5EK2-5PJ,MSE,gradcam,75,0.6249999999999999,8,4
5EK2-5PJ,MSE,gradcam,80,0.6666666666666666,2,1
5EK2-5PJ,MSE,gradcam,85,0.6666666666666666,2,1
5EK2-5PJ,MSE,gradcam,90,,0,0
5EK2-5PJ,MSE,gradcam,95,,0,0
5EK2-5PJ,MSE,gradinput,50,0.5628205128205128,26,13
5EK2-5PJ,MSE,gradinput,55,0.5541666666666667,24,12
5EK2-5PJ,MSE,gradinput,60,0.5392857142857143,20,10
5EK2-5PJ,MSE,gradinput,65,0.5392857142857143,20,10
5EK2-5PJ,MSE,gradinput,70,0.5392857142857143,20,10
5EK2-5PJ,MSE,gradinput,75,0.45833333333333326,8,4
5EK2-5PJ,MSE,gradinput,80,0.5,2,1
5EK2-5PJ,MSE,gradinput,85,0.5,2,1
5EK2-5PJ,MSE,gradinput,90,,0,0
5EK2-5PJ,MSE,gradinput,95,,0,0
5EK2-5PJ,MSE,ig,50,0.6696581196581198,26,13
5EK2-5PJ,MSE,ig,55,0.6722222222222222,24,12
5EK2-5PJ,MSE,ig,60,0.6773809523809523,20,10
5EK2-5PJ,MSE,ig,65,0.6773809523809523,20,10
5EK2-5PJ,MSE,ig,70,0.6773809523809523,20,10
5EK2-5PJ,MSE,ig,75,0.75,8,4
5EK2-5PJ,MSE,ig,80,0.6666666666666666,2,1
5EK2-5PJ,MSE,ig,85,0.6666666666666666,2,1
5EK2-5PJ,MSE,ig,90,,0,0
5EK2-5PJ,MSE,ig,95,,0,0
5EK2-5PJ,MSE,shap,50,0.5957264957264957,26,13
5EK2-5PJ,MSE,shap,55,0.5805555555555556,24,12
5EK2-5PJ,MSE,shap,60,0.5916666666666667,20,10
5EK2-5PJ,MSE,shap,65,0.5916666666666667,20,10
5EK2-5PJ,MSE,shap,70,0.5916666666666667,20,10
5EK2-5PJ,MSE,shap,75,0.6458333333333333,8,4
5EK2-5PJ,MSE,shap,80,0.6666666666666666,2,1
5EK2-5PJ,MSE,shap,85,0.6666666666666666,2,1
5EK2-5PJ,MSE,shap,90,,0,0
5EK2-5PJ,MSE,shap,95,,0,0
5EOL-5QO,MSE,cam,50,0.5125562189899472,9559,4936
5EOL-5QO,MSE,cam,55,0.5125588466385796,9557,4935
5EOL-5QO,MSE,cam,60,0.5126716415304187,9446,4879
5EOL-5QO,MSE,cam,65,0.5131752405371441,9124,4716
5EOL-5QO,MSE,cam,70,0.5117624321311695,7946,4127
5EOL-5QO,MSE,cam,75,0.5129126770027356,4819,2556
5EOL-5QO,MSE,cam,80,0.5155142359093554,3442,1849
5EOL-5QO,MSE,cam,85,0.5026308596419307,2439,1329
5EOL-5QO,MSE,cam,90,0.47282608695652173,736,434
5EOL-5QO,MSE,cam,95,0.4639175257731959,194,138
5EOL-5QO,MSE,diff,50,0.6501695337947627,9559,4936
5EOL-5QO,MSE,diff,55,0.6501957281096721,9557,4935
5EOL-5QO,MSE,diff,60,0.6507453156272798,9446,4879
5EOL-5QO,MSE,diff,65,0.6506878375411939,9124,4716
5EOL-5QO,MSE,diff,70,0.6545807214571426,7946,4127
5EOL-5QO,MSE,diff,75,0.67144413482347,4819,2556
5EOL-5QO,MSE,diff,80,0.6810623668409833,3442,1849
5EOL-5QO,MSE,diff,85,0.6898318983189836,2439,1329
5EOL-5QO,MSE,diff,90,0.7040307971014493,736,434
5EOL-5QO,MSE,diff,95,0.7010309278350515,194,138
5EOL-5QO,MSE,gradcam,50,0.5290520112955703,9559,4936
5EOL-5QO,MSE,gradcam,55,0.5290737863319407,9557,4935
5EOL-5QO,MSE,gradcam,60,0.5287519506395226,9446,4879
5EOL-5QO,MSE,gradcam,65,0.5286889254858337,9124,4716
5EOL-5QO,MSE,gradcam,70,0.5260345127227799,7946,4127
5EOL-5QO,MSE,gradcam,75,0.5223090149112162,4819,2556
5EOL-5QO,MSE,gradcam,80,0.5201675382529548,3442,1849
5EOL-5QO,MSE,gradcam,85,0.5252494191608575,2439,1329
5EOL-5QO,MSE,gradcam,90,0.5285326086956522,736,434
5EOL-5QO,MSE,gradcam,95,0.5927835051546392,194,138
5EOL-5QO,MSE,gradinput,50,0.5646184559078488,9559,4936
5EOL-5QO,MSE,gradinput,55,0.5646424421913913,9557,4935
5EOL-5QO,MSE,gradinput,60,0.5649649380778966,9446,4879
5EOL-5QO,MSE,gradinput,65,0.566584912663937,9124,4716
5EOL-5QO,MSE,gradinput,70,0.5707526797949636,7946,4127
5EOL-5QO,MSE,gradinput,75,0.565005336021106,4819,2556
5EOL-5QO,MSE,gradinput,80,0.5591952353282991,3442,1849
5EOL-5QO,MSE,gradinput,85,0.5641314746480801,2439,1329
5EOL-5QO,MSE,gradinput,90,0.6057518115942029,736,434
5EOL-5QO,MSE,gradinput,95,0.6649484536082474,194,138
5EOL-5QO,MSE,ig,50,0.5237253058573285,9559,4936
5EOL-5QO,MSE,ig,55,0.5237668932395315,9557,4935
5EOL-5QO,MSE,ig,60,0.523638766249395,9446,4879
5EOL-5QO,MSE,ig,65,0.5246166533184277,9124,4716
5EOL-5QO,MSE,ig,70,0.5252970946747679,7946,4127
5EOL-5QO,MSE,ig,75,0.5353723851026189,4819,2556
5EOL-5QO,MSE,ig,80,0.5449835367034668,3442,1849
5EOL-5QO,MSE,ig,85,0.573698236982371,2439,1329
5EOL-5QO,MSE,ig,90,0.6268115942028986,736,434
5EOL-5QO,MSE,ig,95,0.6134020618556701,194,138
5EOL-5QO,MSE,shap,50,0.5463717485664744,9559,4936
5EOL-5QO,MSE,shap,55,0.5464023798835334,9557,4935
5EOL-5QO,MSE,shap,60,0.5463321775385056,9446,4879
5EOL-5QO,MSE,shap,65,0.547398113723188,9124,4716
5EOL-5QO,MSE,shap,70,0.5478555148042921,7946,4127
5EOL-5QO,MSE,shap,75,0.547221563454185,4819,2556
5EOL-5QO,MSE,shap,80,0.5485521983343016,3442,1849
5EOL-5QO,MSE,shap,85,0.545715457154571,2439,1329
5EOL-5QO,MSE,shap,90,0.5450634057971014,736,434
5EOL-5QO,MSE,shap,95,0.5567010309278351,194,138
5FTO-YMX,MSE,cam,50,0.7262667887667887,26,15
5FTO-YMX,MSE,cam,55,0.7262667887667887,26,15
5FTO-YMX,MSE,cam,60,0.7262667887667887,26,15
5FTO-YMX,MSE,cam,65,0.7262667887667887,26,15
5FTO-YMX,MSE,cam,70,0.7262667887667887,26,15
5FTO-YMX,MSE,cam,75,0.7262667887667887,26,15
5FTO-YMX,MSE,cam,80,0.7424242424242425,22,13
5FTO-YMX,MSE,cam,85,0.7666666666666667,20,12
5FTO-YMX,MSE,cam,90,0.8055555555555556,18,10
5FTO-YMX,MSE,cam,95,0.8214285714285714,14,8
5FTO-YMX,MSE,diff,50,0.8009615384615384,26,15
5FTO-YMX,MSE,diff,55,0.8009615384615384,26,15
5FTO-YMX,MSE,diff,60,0.8009615384615384,26,15
5FTO-YMX,MSE,diff,65,0.8009615384615384,26,15
5FTO-YMX,MSE,diff,70,0.8009615384615384,26,15
5FTO-YMX,MSE,diff,75,0.8009615384615384,26,15
5FTO-YMX,MSE,diff,80,0.8636363636363636,22,13
5FTO-YMX,MSE,diff,85,0.9,20,12
5FTO-YMX,MSE,diff,90,0.8888888888888888,18,10
5FTO-YMX,MSE,diff,95,0.9285714285714286,14,8
5FTO-YMX,MSE,gradcam,50,0.5628205128205128,26,15
5FTO-YMX,MSE,gradcam,55,0.5628205128205128,26,15
5FTO-YMX,MSE,gradcam,60,0.5628205128205128,26,15
5FTO-YMX,MSE,gradcam,65,0.5628205128205128,26,15
5FTO-YMX,MSE,gradcam,70,0.5628205128205128,26,15
5FTO-YMX,MSE,gradcam,75,0.5628205128205128,26,15
5FTO-YMX,MSE,gradcam,80,0.5833333333333333,22,13
5FTO-YMX,MSE,gradcam,85,0.5916666666666667,20,12
5FTO-YMX,MSE,gradcam,90,0.5925925925925926,18,10
5FTO-YMX,MSE,gradcam,95,0.5714285714285714,14,8
5FTO-YMX,MSE,gradinput,50,0.5576923076923077,26,15
5FTO-YMX,MSE,gradinput,55,0.5576923076923077,26,15
5FTO-YMX,MSE,gradinput,60,0.5576923076923077,26,15
5FTO-YMX,MSE,gradinput,65,0.5576923076923077,26,15
5FTO-YMX,MSE,gradinput,70,0.5576923076923077,26,15
5FTO-YMX,MSE,gradinput,75,0.5576923076923077,26,15
5FTO-YMX,MSE,gradinput,80,0.5681818181818182,22,13
5FTO-YMX,MSE,gradinput,85,0.575,20,12
5FTO-YMX,MSE,gradinput,90,0.6111111111111112,18,10
5FTO-YMX,MSE,gradinput,95,0.6428571428571429,14,8
5FTO-YMX,MSE,ig,50,0.7018162393162393,26,15
5FTO-YMX,MSE,ig,55,0.7018162393162393,26,15
5FTO-YMX,MSE,ig,60,0.7018162393162393,26,15
5FTO-YMX,MSE,ig,65,0.7018162393162393,26,15
5FTO-YMX,MSE,ig,70,0.7018162393162393,26,15
5FTO-YMX,MSE,ig,75,0.7018162393162393,26,15
5FTO-YMX,MSE,ig,80,0.7424242424242425,22,13
5FTO-YMX,MSE,ig,85,0.7666666666666667,20,12
5FTO-YMX,MSE,ig,90,0.8055555555555556,18,10
5FTO-YMX,MSE,ig,95,0.8214285714285714,14,8
5FTO-YMX,MSE,shap,50,0.5163919413919413,26,15
5FTO-YMX,MSE,shap,55,0.5163919413919413,26,15
5FTO-YMX,MSE,shap,60,0.5163919413919413,26,15
5FTO-YMX,MSE,shap,65,0.5163919413919413,26,15
5FTO-YMX,MSE,shap,70,0.5163919413919413,26,15
5FTO-YMX,MSE,shap,75,0.5163919413919413,26,15
5FTO-YMX,MSE,shap,80,0.5303030303030303,22,13
5FTO-YMX,MSE,shap,85,0.5083333333333333,20,12
5FTO-YMX,MSE,shap,90,0.5277777777777778,18,10
5FTO-YMX,MSE,shap,95,0.5357142857142857,14,8
5HDU-60W,MSE,cam,50,0.5,66,33
5HDU-60W,MSE,cam,55,0.5,58,29
5HDU-60W,MSE,cam,60,0.5,54,27
5HDU-60W,MSE,cam,65,0.5,54,27
5HDU-60W,MSE,cam,70,0.5,54,27
5HDU-60W,MSE,cam,75,0.5,44,22
5HDU-60W,MSE,cam,80,0.5,38,19
5HDU-60W,MSE,cam,85,0.5,28,14
5HDU-60W,MSE,cam,90,0.5,6,3
5HDU-60W,MSE,cam,95,,0,0
5HDU-60W,MSE,diff,50,0.7778399890365129,66,33
5HDU-60W,MSE,diff,55,0.8118835187800703,58,29
5HDU-60W,MSE,diff,60,0.8281525573192238,54,27
5HDU-60W,MSE,diff,65,0.8281525573192238,54,27
5HDU-60W,MSE,diff,70,0.8281525573192238,54,27
5HDU-60W,MSE,diff,75,0.8595508658008655,44,22
5HDU-60W,MSE,diff,80,0.8754385964912279,38,19
5HDU-60W,MSE,diff,85,0.8767857142857142,28,14
5HDU-60W,MSE,diff,90,1.0,6,3
5HDU-60W,MSE,diff,95,,0,0
5HDU-60W,MSE,gradcam,50,0.6599229795753859,66,33
5HDU-60W,MSE,gradcam,55,0.6783532559394628,58,29
5HDU-60W,MSE,gradcam,60,0.6892636684303353,54,27
5HDU-60W,MSE,gradcam,65,0.6892636684303353,54,27
5HDU-60W,MSE,gradcam,70,0.6892636684303353,54,27
5HDU-60W,MSE,gradcam,75,0.6921266233766235,44,22
5HDU-60W,MSE,gradcam,80,0.6881578947368422,38,19
5HDU-60W,MSE,gradcam,85,0.6726190476190476,28,14
5HDU-60W,MSE,gradcam,90,0.8333333333333334,6,3
5HDU-60W,MSE,gradcam,95,,0,0
5HDU-60W,MSE,gradinput,50,0.63503792330664,66,33
5HDU-60W,MSE,gradinput,55,0.6541790106445281,58,29
5HDU-60W,MSE,gradinput,60,0.6627645502645505,54,27
5HDU-60W,MSE,gradinput,65,0.6627645502645505,54,27
5HDU-60W,MSE,gradinput,70,0.6627645502645505,54,27
5HDU-60W,MSE,gradinput,75,0.6753246753246752,44,22
5HDU-60W,MSE,gradinput,80,0.6644736842105262,38,19
5HDU-60W,MSE,gradinput,85,0.618452380952381,28,14
5HDU-60W,MSE,gradinput,90,0.5833333333333334,6,3
5HDU-60W,MSE,gradinput,95,,0,0
5HDU-60W,MSE,ig,50,0.6849410170934235,66,33
5HDU-60W,MSE,ig,55,0.7062342829584208,58,29
5HDU-60W,MSE,ig,60,0.7148809523809525,54,27
5HDU-60W,MSE,ig,65,0.7148809523809525,54,27
5HDU-60W,MSE,ig,70,0.7148809523809525,54,27
5HDU-60W,MSE,ig,75,0.7262175324675324,44,22
5HDU-60W,MSE,ig,80,0.7342105263157893,38,19
5HDU-60W,MSE,ig,85,0.7559523809523808,28,14
5HDU-60W,MSE,ig,90,1.0,6,3
5HDU-60W,MSE,ig,95,,0,0
5HDU-60W,MSE,shap,50,0.5091939613664213,66,33
5HDU-60W,MSE,shap,55,0.5022205763585074,58,29
5HDU-60W,MSE,shap,60,0.5034465020576131,54,27
5HDU-60W,MSE,shap,65,0.5034465020576131,54,27
5HDU-60W,MSE,shap,70,0.5034465020576131,54,27
5HDU-60W,MSE,shap,75,0.5068181818181818,44,22
5HDU-60W,MSE,shap,80,0.5013157894736843,38,19
5HDU-60W,MSE,shap,85,0.4761904761904762,28,14
5HDU-60W,MSE,shap,90,0.3333333333333333,6,3
5HDU-60W,MSE,shap,95,,0,0
5IIS-6CB,MSE,cam,50,0.63025,100,60
5IIS-6CB,MSE,cam,55,0.6354166666666666,96,58
5IIS-6CB,MSE,cam,60,0.6354166666666666,96,58
5IIS-6CB,MSE,cam,65,0.6354166666666666,96,58
5IIS-6CB,MSE,cam,70,0.6354166666666666,96,58
5IIS-6CB,MSE,cam,75,0.6354166666666666,96,58
5IIS-6CB,MSE,cam,80,0.6075949367088608,79,48
5IIS-6CB,MSE,cam,85,0.6739130434782609,46,31
5IIS-6CB,MSE,cam,90,0.65625,32,22
5IIS-6CB,MSE,cam,95,0.6,10,8
5IIS-6CB,MSE,diff,50,0.6808928571428571,100,60
5IIS-6CB,MSE,diff,55,0.6835689484126984,96,58
5IIS-6CB,MSE,diff,60,0.6835689484126984,96,58
5IIS-6CB,MSE,diff,65,0.6835689484126984,96,58
5IIS-6CB,MSE,diff,70,0.6835689484126984,96,58
5IIS-6CB,MSE,diff,75,0.6835689484126984,96,58
5IIS-6CB,MSE,diff,80,0.675919228450874,79,48
5IIS-6CB,MSE,diff,85,0.6344202898550726,46,31
5IIS-6CB,MSE,diff,90,0.5885416666666667,32,22
5IIS-6CB,MSE,diff,95,0.6,10,8
5IIS-6CB,MSE,gradcam,50,0.8282083333333334,100,60
5IIS-6CB,MSE,gradcam,55,0.8423611111111112,96,58
5IIS-6CB,MSE,gradcam,60,0.8423611111111112,96,58
5IIS-6CB,MSE,gradcam,65,0.8423611111111112,96,58
5IIS-6CB,MSE,gradcam,70,0.8423611111111112,96,58
5IIS-6CB,MSE,gradcam,75,0.8423611111111112,96,58
5IIS-6CB,MSE,gradcam,80,0.8185654008438817,79,48
5IIS-6CB,MSE,gradcam,85,0.6992753623188407,46,31
5IIS-6CB,MSE,gradcam,90,0.5833333333333333,32,22
5IIS-6CB,MSE,gradcam,95,0.5,10,8
5IIS-6CB,MSE,gradinput,50,0.7430892857142856,100,60
5IIS-6CB,MSE,gradinput,55,0.7495287698412696,96,58
5IIS-6CB,MSE,gradinput,60,0.7495287698412696,96,58
5IIS-6CB,MSE,gradinput,65,0.7495287698412696,96,58
5IIS-6CB,MSE,gradinput,70,0.7495287698412696,96,58
5IIS-6CB,MSE,gradinput,75,0.7495287698412696,96,58
5IIS-6CB,MSE,gradinput,80,0.740566606389391,79,48
5IIS-6CB,MSE,gradinput,85,0.6724637681159422,46,31
5IIS-6CB,MSE,gradinput,90,0.6041666666666667,32,22
5IIS-6CB,MSE,gradinput,95,0.6,10,8
5IIS-6CB,MSE,ig,50,0.7241071428571426,100,60
5IIS-6CB,MSE,ig,55,0.7353546626984127,96,58
5IIS-6CB,MSE,ig,60,0.7353546626984127,96,58
5IIS-6CB,MSE,ig,65,0.7353546626984127,96,58
5IIS-6CB,MSE,ig,70,0.7353546626984127,96,58
5IIS-6CB,MSE,ig,75,0.7353546626984127,96,58
5IIS-6CB,MSE,ig,80,0.7344183242917417,79,48
5IIS-6CB,MSE,ig,85,0.678985507246377,46,31
5IIS-6CB,MSE,ig,90,0.6197916666666667,32,22
5IIS-6CB,MSE,ig,95,0.6,10,8
5IIS-6CB,MSE,shap,50,0.4909702380952381,100,60
5IIS-6CB,MSE,shap,55,0.49063740079365076,96,58
5IIS-6CB,MSE,shap,60,0.49063740079365076,96,58
5IIS-6CB,MSE,shap,65,0.49063740079365076,96,58
5IIS-6CB,MSE,shap,70,0.49063740079365076,96,58
5IIS-6CB,MSE,shap,75,0.49063740079365076,96,58
5IIS-6CB,MSE,shap,80,0.4940024110910187,79,48
5IIS-6CB,MSE,shap,85,0.46485507246376817,46,31
5IIS-6CB,MSE,shap,90,0.43229166666666663,32,22
5IIS-6CB,MSE,shap,95,0.4,10,8
830C-RS1,MSE,cam,50,0.47368421052631576,57,31
830C-RS1,MSE,cam,55,0.47368421052631576,57,31
830C-RS1,MSE,cam,60,0.4716981132075472,53,29
830C-RS1,MSE,cam,65,0.46938775510204084,49,27
830C-RS1,MSE,cam,70,0.46153846153846156,39,22
830C-RS1,MSE,cam,75,0.45454545454545453,22,13
830C-RS1,MSE,cam,80,0.42857142857142855,14,9
830C-RS1,MSE,cam,85,0.46153846153846156,13,8
830C-RS1,MSE,cam,90,0.5,4,3
830C-RS1,MSE,cam,95,0.6666666666666666,3,2
830C-RS1,MSE,diff,50,0.6286897800055696,57,31
830C-RS1,MSE,diff,55,0.6286897800055696,57,31
830C-RS1,MSE,diff,60,0.6334156933213537,53,29
830C-RS1,MSE,diff,65,0.6430434078393263,49,27
830C-RS1,MSE,diff,70,0.6691391941391941,39,22
830C-RS1,MSE,diff,75,0.7378787878787878,22,13
830C-RS1,MSE,diff,80,0.8047619047619047,14,9
830C-RS1,MSE,diff,85,0.8205128205128205,13,8
830C-RS1,MSE,diff,90,1.0,4,3
830C-RS1,MSE,diff,95,1.0,3,2
830C-RS1,MSE,gradcam,50,0.4760588339535708,57,31
830C-RS1,MSE,gradcam,55,0.4760588339535708,57,31
830C-RS1,MSE,gradcam,60,0.47065806311089337,53,29
830C-RS1,MSE,gradcam,65,0.4715095562034338,49,27
830C-RS1,MSE,gradcam,70,0.4699023199023199,39,22
830C-RS1,MSE,gradcam,75,0.4742424242424242,22,13
830C-RS1,MSE,gradcam,80,0.4952380952380952,14,9
830C-RS1,MSE,gradcam,85,0.48717948717948717,13,8
830C-RS1,MSE,gradcam,90,0.75,4,3
830C-RS1,MSE,gradcam,95,0.6666666666666666,3,2
830C-RS1,MSE,gradinput,50,0.5496170983013087,57,31
830C-RS1,MSE,gradinput,55,0.5496170983013087,57,31
830C-RS1,MSE,gradinput,60,0.5469601677148845,53,29
830C-RS1,MSE,gradinput,65,0.5529802397149335,49,27
830C-RS1,MSE,gradinput,70,0.5689255189255189,39,22
830C-RS1,MSE,gradinput,75,0.603787878787879,22,13
830C-RS1,MSE,gradinput,80,0.6095238095238095,14,9
830C-RS1,MSE,gradinput,85,0.641025641025641,13,8
830C-RS1,MSE,gradinput,90,1.0,4,3
830C-RS1,MSE,gradinput,95,1.0,3,2
830C-RS1,MSE,ig,50,0.5563770537454746,57,31
830C-RS1,MSE,ig,55,0.5563770537454746,57,31
830C-RS1,MSE,ig,60,0.5569257262653488,53,29
830C-RS1,MSE,ig,65,0.5625445416261742,49,27
830C-RS1,MSE,ig,70,0.5704822954822955,39,22
830C-RS1,MSE,ig,75,0.6143939393939394,22,13
830C-RS1,MSE,ig,80,0.6619047619047619,14,9
830C-RS1,MSE,ig,85,0.6666666666666666,13,8
830C-RS1,MSE,ig,90,0.75,4,3
830C-RS1,MSE,ig,95,1.0,3,2
830C-RS1,MSE,shap,50,0.5196501354396091,57,31
830C-RS1,MSE,shap,55,0.5196501354396091,57,31
830C-RS1,MSE,shap,60,0.5151583217620954,53,29
830C-RS1,MSE,shap,65,0.5196954972465178,49,27
830C-RS1,MSE,shap,70,0.5025641025641026,39,22
830C-RS1,MSE,shap,75,0.47045454545454546,22,13
830C-RS1,MSE,shap,80,0.4119047619047619,14,9
830C-RS1,MSE,shap,85,0.3974358974358974,13,8
830C-RS1,MSE,shap,90,0.25,4,3
830C-RS1,MSE,shap,95,0.3333333333333333,3,2
966C-RS2,MSE,cam,50,0.5644232714326174,107,54
966C-RS2,MSE,cam,55,0.5644232714326174,107,54
966C-RS2,MSE,cam,60,0.5647845804988664,105,53
966C-RS2,MSE,cam,65,0.5649729995090821,97,49
966C-RS2,MSE,cam,70,0.5655939298796443,91,46
966C-RS2,MSE,cam,75,0.570500403551251,59,30
966C-RS2,MSE,cam,80,0.5929824561403508,19,10
966C-RS2,MSE,cam,85,0.5897435897435898,13,7
966C-RS2,MSE,cam,90,0.5,3,2
966C-RS2,MSE,cam,95,0.5,2,1
966C-RS2,MSE,diff,50,0.6201409960755753,107,54
966C-RS2,MSE,diff,55,0.6201409960755753,107,54
966C-RS2,MSE,diff,60,0.6192908678622961,105,53
966C-RS2,MSE,diff,65,0.6159302896416297,97,49
966C-RS2,MSE,diff,70,0.6114861329147041,91,46
966C-RS2,MSE,diff,75,0.5695318805488299,59,30
966C-RS2,MSE,diff,80,0.6570175438596492,19,10
966C-RS2,MSE,diff,85,0.7756410256410255,13,7
966C-RS2,MSE,diff,90,0.8333333333333334,3,2
966C-RS2,MSE,diff,95,1.0,2,1
966C-RS2,MSE,gradcam,50,0.5895223934943561,107,54
966C-RS2,MSE,gradcam,55,0.5895223934943561,107,54
966C-RS2,MSE,gradcam,60,0.589495980210266,105,53
966C-RS2,MSE,gradcam,65,0.5911757486499755,97,49
966C-RS2,MSE,gradcam,70,0.5909602302459446,91,46
966C-RS2,MSE,gradcam,75,0.5810734463276835,59,30
966C-RS2,MSE,gradcam,80,0.506140350877193,19,10
966C-RS2,MSE,gradcam,85,0.4935897435897436,13,7
966C-RS2,MSE,gradcam,90,0.3333333333333333,3,2
966C-RS2,MSE,gradcam,95,0.5,2,1
966C-RS2,MSE,gradinput,50,0.5057389650847596,107,54
966C-RS2,MSE,gradinput,55,0.5057389650847596,107,54
966C-RS2,MSE,gradinput,60,0.506172954030097,105,53
966C-RS2,MSE,gradinput,65,0.5106651939126167,97,49
966C-RS2,MSE,gradinput,70,0.5110020931449504,91,46
966C-RS2,MSE,gradinput,75,0.5235270379338177,59,30
966C-RS2,MSE,gradinput,80,0.556140350877193,19,10
966C-RS2,MSE,gradinput,85,0.5512820512820513,13,7
966C-RS2,MSE,gradinput,90,0.5,3,2
966C-RS2,MSE,gradinput,95,0.5,2,1
966C-RS2,MSE,ig,50,0.5689869320710441,107,54
966C-RS2,MSE,ig,55,0.5689869320710441,107,54
966C-RS2,MSE,ig,60,0.5694351680065964,105,53
966C-RS2,MSE,ig,65,0.56953853706431,97,49
966C-RS2,MSE,ig,70,0.5680795395081107,91,46
966C-RS2,MSE,ig,75,0.5835754640839387,59,30
966C-RS2,MSE,ig,80,0.6210526315789475,19,10
966C-RS2,MSE,ig,85,0.6153846153846154,13,7
966C-RS2,MSE,ig,90,0.8333333333333334,3,2
966C-RS2,MSE,ig,95,1.0,2,1
966C-RS2,MSE,shap,50,0.5274891774891773,107,54
966C-RS2,MSE,shap,55,0.5274891774891773,107,54
966C-RS2,MSE,shap,60,0.5310430839002267,105,53
966C-RS2,MSE,shap,65,0.5250122729504172,97,49
966C-RS2,MSE,shap,70,0.5206174777603348,91,46
966C-RS2,MSE,shap,75,0.5199354317998387,59,30
966C-RS2,MSE,shap,80,0.5543859649122806,19,10
966C-RS2,MSE,shap,85,0.48717948717948717,13,7
966C-RS2,MSE,shap,90,0.16666666666666666,3,2
966C-RS2,MSE,shap,95,0.0,2,1
