target,explainer,real_accuracy_mcs50,random_mean,real_minus_random
1CKP-PVB,cam,0.498848291242537,0.4943145729180482,0.004533718324488789
1CKP-PVB,diff,0.6644561214316235,0.4943145729180482,0.17014154851357527
1CKP-PVB,gradcam,0.4897514918416499,0.4943145729180482,-0.004563081076398301
1CKP-PVB,gradinput,0.5254424902195876,0.4943145729180482,0.031127917301539354
1CKP-PVB,ig,0.6447479260362039,0.4943145729180482,0.1504333531181557
1CKP-PVB,shap,0.5379795847855954,0.4943145729180482,0.04366501186754718
1D3G-BRE,cam,0.5886786469344609,0.4989812297951833,0.08969741713927765
1D3G-BRE,diff,0.6394140742977953,0.4989812297951833,0.140432844502612
1D3G-BRE,gradcam,0.4725693815228699,0.4989812297951833,-0.026411848272313354
1D3G-BRE,gradinput,0.5149503339038223,0.4989812297951833,0.015969104108639
1D3G-BRE,ig,0.6205129366757274,0.4989812297951833,0.1215317068805441
1D3G-BRE,shap,0.4812609483539716,0.4989812297951833,-0.017720281441211683
1D7X-SPC,cam,0.5192828734127851,0.4984782960449327,0.020804577367852406
1D7X-SPC,diff,0.6524977181490894,0.4984782960449327,0.1540194221041567
1D7X-SPC,gradcam,0.6116143586818098,0.4984782960449327,0.11313606263687709
1D7X-SPC,gradinput,0.5992490383477669,0.4984782960449327,0.10077074230283417
1D7X-SPC,ig,0.6242440757191018,0.4984782960449327,0.12576577967416908
1D7X-SPC,shap,0.5168960538391134,0.4984782960449327,0.0184177577941807
1D8M-BBH,cam,0.62,0.5308797128797128,0.08912028712028719
1D8M-BBH,diff,0.5302742257742258,0.5308797128797128,-0.0006054871054870237
1D8M-BBH,gradcam,0.6145622155622156,0.5308797128797128,0.08368250268250277
1D8M-BBH,gradinput,0.5109366744366743,0.5308797128797128,-0.019943038443038463
1D8M-BBH,ig,0.5697310467310467,0.5308797128797128,0.03885133385133388
1D8M-BBH,shap,0.5752374847374847,0.5308797128797128,0.0443577718577719
1DB4-8IN,cam,0.5267513538841159,0.4978396280394885,0.028911725844627367
1DB4-8IN,diff,0.563872805195678,0.4978396280394885,0.06603317715618945
1DB4-8IN,gradcam,0.5073731598005023,0.4978396280394885,0.009533531761013847
1DB4-8IN,gradinput,0.4604981674095338,0.4978396280394885,-0.03734146062995469
1DB4-8IN,ig,0.5002053102269423,0.4978396280394885,0.002365682187453755
1DB4-8IN,shap,0.5110526393671144,0.4978396280394885,0.013213011327625923
1DYR-TOP,cam,0.4987970609272384,0.5009025053403752,-0.002105444413136759
1DYR-TOP,diff,0.6014535185393174,0.5009025053403752,0.10055101319894222
1DYR-TOP,gradcam,0.5501620995703835,0.5009025053403752,0.04925959423000836
1DYR-TOP,gradinput,0.5509353893969279,0.5009025053403752,0.05003288405655271
1DYR-TOP,ig,0.542763465988318,0.5009025053403752,0.04186096064794287
1DYR-TOP,shap,0.5278516765942801,0.5009025053403752,0.026949171253904947
1EZQ-RPR,cam,0.5,0.4509157509157509,0.049084249084249076
1EZQ-RPR,diff,0.7,0.4509157509157509,0.24908424908424903
1EZQ-RPR,gradcam,0.7107142857142856,0.4509157509157509,0.2597985347985347
1EZQ-RPR,gradinput,0.8447802197802198,0.4509157509157509,0.39386446886446885
1EZQ-RPR,ig,0.7916666666666666,0.4509157509157509,0.3407509157509157
1EZQ-RPR,shap,0.6438644688644689,0.4509157509157509,0.19294871794871798
1F0R-815,cam,0.503935860058309,0.5050968745773364,-0.0011610145190273924
1F0R-815,diff,0.6484100515769934,0.5050968745773364,0.14331317699965695
1F0R-815,gradcam,0.6735757987802742,0.5050968745773364,0.16847892420293775
1F0R-815,gradinput,0.5609010004670443,0.5050968745773364,0.055804125889707845
1F0R-815,ig,0.6078312774646,0.5050968745773364,0.10273440288726354
1F0R-815,shap,0.5306256126606806,0.5050968745773364,0.025528738083344216
1F40-GPI,cam,0.6450680272108844,0.47525117550627755,0.16981685170460686
1F40-GPI,diff,0.3684766763848396,0.47525117550627755,-0.10677449912143794
1F40-GPI,gradcam,0.6560311570515651,0.47525117550627755,0.18077998154528757
1F40-GPI,gradinput,0.5988433901699208,0.47525117550627755,0.12359221466364329
1F40-GPI,ig,0.5339053803339516,0.47525117550627755,0.058654204827674083
1F40-GPI,shap,0.553862237535707,0.47525117550627755,0.07861106202942941
1FLS-WAY,cam,0.5134578871420976,0.49463671862215297,0.018821168519944642
1FLS-WAY,diff,0.6735299394588677,0.49463671862215297,0.17889322083671477
1FLS-WAY,gradcam,0.477421091653344,0.49463671862215297,-0.01721562696880896
1FLS-WAY,gradinput,0.4524448591529412,0.49463671862215297,-0.04219185946921178
1FLS-WAY,ig,0.5717000038487192,0.49463671862215297,0.07706328522656625
1FLS-WAY,shap,0.5243091813295767,0.49463671862215297,0.02967246270742374
1FM9-570,cam,0.5129022445060182,0.5043882209116743,0.008514023594343834
1FM9-570,diff,0.6865200684362142,0.5043882209116743,0.1821318475245398
1FM9-570,gradcam,0.5886048995886018,0.5043882209116743,0.0842166786769275
1FM9-570,gradinput,0.5383089356950271,0.5043882209116743,0.03392071478335279
1FM9-570,ig,0.5058282510370833,0.5043882209116743,0.001440030125408942
1FM9-570,shap,0.5302966769747832,0.5043882209116743,0.025908456063108876
1G5S-I17,cam,0.5141810363957645,0.5037029832695467,0.010478053126217857
1G5S-I17,diff,0.6267290556581799,0.5037029832695467,0.12302607238863328
1G5S-I17,gradcam,0.5113015336975973,0.5037029832695467,0.007598550428050688
1G5S-I17,gradinput,0.4872902201661599,0.5037029832695467,-0.01641276310338674
1G5S-I17,ig,0.5770897734813039,0.5037029832695467,0.0733867902117572
1G5S-I17,shap,0.5140903237602708,0.5037029832695467,0.010387340490724095
1H00-FAP,cam,0.5119047619047619,0.5006844676487533,0.011220294256008567
1H00-FAP,diff,0.5576919277812136,0.5006844676487533,0.057007460132460275
1H00-FAP,gradcam,0.5760157831586403,0.5006844676487533,0.07533131550988703
1H00-FAP,gradinput,0.6076033093890236,0.5006844676487533,0.10691884174027033
1H00-FAP,ig,0.5638583143047429,0.5006844676487533,0.06317384665598957
1H00-FAP,shap,0.5473498227962512,0.5006844676487533,0.04666535514749792
1H01-FAL,cam,0.5230769230769231,0.5141882761113531,0.008888646965570013
1H01-FAL,diff,0.5753459361151669,0.5141882761113531,0.06115766000381384
1H01-FAL,gradcam,0.5082517482517482,0.5141882761113531,-0.0059365278596048565
1H01-FAL,gradinput,0.4820037654653039,0.5141882761113531,-0.032184510646049214
1H01-FAL,ig,0.560309861079092,0.5141882761113531,0.04612158496773888
1H01-FAL,shap,0.5395128802821111,0.5141882761113531,0.02532460417075799
1H1Q-2A6,cam,0.5380116959064327,0.5007694601261853,0.037242235780247435
1H1Q-2A6,diff,0.5976754077631271,0.5007694601261853,0.09690594763694182
1H1Q-2A6,gradcam,0.4139905416221205,0.5007694601261853,-0.08677891850406477
1H1Q-2A6,gradinput,0.6997212014755874,0.5007694601261853,0.19895174134940208
1H1Q-2A6,ig,0.6263871443696005,0.5007694601261853,0.12561768424341524
1H1Q-2A6,shap,0.5553162399653628,0.5007694601261853,0.05454677983917755
1H1R-6CP,cam,0.5524861878453039,0.5110291028799315,0.04145708496537237
1H1R-6CP,diff,0.728788660694738,0.5110291028799315,0.2177595578148065
1H1R-6CP,gradcam,0.5309211200095179,0.5110291028799315,0.019892017129586326
1H1R-6CP,gradinput,0.6472982051711332,0.5110291028799315,0.1362691022912017
1H1R-6CP,ig,0.550505541113276,0.5110291028799315,0.03947643823334446
1H1R-6CP,shap,0.5571419679154486,0.5110291028799315,0.04611286503551704
1HVY-D16,cam,0.5216855752613085,0.5070356567267976,0.01464991853451092
1HVY-D16,diff,0.6035088978896881,0.5070356567267976,0.09647324116289047
1HVY-D16,gradcam,0.7324438006127144,0.5070356567267976,0.2254081438859168
1HVY-D16,gradinput,0.6911138220624963,0.5070356567267976,0.18407816533569865
1HVY-D16,ig,0.6347431337975763,0.5070356567267976,0.12770747707077867
1HVY-D16,shap,0.5156946332686501,0.5070356567267976,0.008658976541852437
1HY7-MBS,cam,0.5290040088117012,0.48615223402627494,0.04285177478542623
1HY7-MBS,diff,0.6207557683752843,0.48615223402627494,0.1346035343490094
1HY7-MBS,gradcam,0.5624599688243205,0.48615223402627494,0.07630773479804553
1HY7-MBS,gradinput,0.5406196546529519,0.48615223402627494,0.05446742062667698
1HY7-MBS,ig,0.5891411559127475,0.48615223402627494,0.10298892188647257
1HY7-MBS,shap,0.5317057012598523,0.48615223402627494,0.04555346723357734
1IPC-MGP,cam,0.5,0.5244118269394005,-0.02441182693940047
1IPC-MGP,diff,0.7302242470900558,0.5244118269394005,0.20581242015065537
1IPC-MGP,gradcam,0.6487211046034576,0.5244118269394005,0.12430927766405708
1IPC-MGP,gradinput,0.5722799344582433,0.5244118269394005,0.04786810751884285
1IPC-MGP,ig,0.614059759004612,0.5244118269394005,0.08964793206521149
1IPC-MGP,shap,0.5515333964782494,0.5244118269394005,0.027121569538848922
1KE5-LS1,cam,0.5569620253164557,0.46091186122831695,0.09605016408813871
1KE5-LS1,diff,0.6617663981588031,0.46091186122831695,0.20085453693048616
1KE5-LS1,gradcam,0.7166401811971432,0.46091186122831695,0.2557283199688263
1KE5-LS1,gradinput,0.7977651743474528,0.46091186122831695,0.3368533131191358
1KE5-LS1,ig,0.7183809158492702,0.46091186122831695,0.25746905462095326
1KE5-LS1,shap,0.5746785211975086,0.46091186122831695,0.11376665996919166
1KE9-LS5,cam,0.5365853658536586,0.48479044668069066,0.05179491917296791
1KE9-LS5,diff,0.7844286810750226,0.48479044668069066,0.29963823439433196
1KE9-LS5,gradcam,0.643583042973287,0.48479044668069066,0.1587925962925963
1KE9-LS5,gradinput,0.5735176070541923,0.48479044668069066,0.08872716037350165
1KE9-LS5,ig,0.7247652753750314,0.48479044668069066,0.23997482869434078
1KE9-LS5,shap,0.4944497575595135,0.48479044668069066,0.009659310878822824
1KLK-PMD,cam,0.6787955825269258,0.5006983939710016,0.17809718855592427
1KLK-PMD,diff,0.6246769448481476,0.5006983939710016,0.12397855087714604
1KLK-PMD,gradcam,0.5013591593266746,0.5006983939710016,0.0006607653556730542
1KLK-PMD,gradinput,0.666834769951539,0.5006983939710016,0.16613637598053743
1KLK-PMD,ig,0.6299533677716295,0.5006983939710016,0.1292549738006279
1KLK-PMD,shap,0.4816032847749266,0.5006983939710016,-0.01909510919607499
1KMS-LIH,cam,0.5065025252525251,0.49794577266168166,0.008556752590843486
1KMS-LIH,diff,0.6707902892561982,0.49794577266168166,0.17284451659451655
1KMS-LIH,gradcam,0.5080611307884036,0.49794577266168166,0.010115358126721985
1KMS-LIH,gradinput,0.4917226239669421,0.49794577266168166,-0.006223148694739555
1KMS-LIH,ig,0.6168617998163453,0.49794577266168166,0.1189160271546636
1KMS-LIH,shap,0.5270905073461892,0.49794577266168166,0.029144734684507567
1LD8-U49,cam,0.5257553972125513,0.5089154400063534,0.01683995720619791
1LD8-U49,diff,0.5416873108809852,0.5089154400063534,0.03277187087463185
1LD8-U49,gradcam,0.540233045817589,0.5089154400063534,0.03131760581123566
1LD8-U49,gradinput,0.5379963040226222,0.5089154400063534,0.02908086401626886
1LD8-U49,ig,0.5040939296073164,0.5089154400063534,-0.004821510399036999
1LD8-U49,shap,0.5003769634963456,0.5089154400063534,-0.00853847651000772
1LJT-HDI,cam,0.5666666666666667,0.4869176502509835,0.07974901641568316
1LJT-HDI,diff,0.683609076109076,0.4869176502509835,0.19669142585809246
1LJT-HDI,gradcam,0.573992673992674,0.4869176502509835,0.08707502374169046
1LJT-HDI,gradinput,0.5729344729344729,0.4869176502509835,0.08601682268348937
1LJT-HDI,ig,0.4308974358974359,0.4869176502509835,-0.05602021435354759
1LJT-HDI,shap,0.5138278388278388,0.4869176502509835,0.026910188576855287
1LY3-COG,cam,0.5031847133757962,0.49922442502060327,0.003960288355192909
1LY3-COG,diff,0.5646712805948474,0.49922442502060327,0.06544685557424412
1LY3-COG,gradcam,0.513724138564903,0.49922442502060327,0.014499713544299686
1LY3-COG,gradinput,0.4787449104328085,0.49922442502060327,-0.02047951458779479
1LY3-COG,ig,0.5285631565886343,0.49922442502060327,0.029338731568031018
1LY3-COG,shap,0.508129980422974,0.49922442502060327,0.008905555402370702
1M17-AQ4,cam,0.5430552625333352,0.5001058578734888,0.042949404659846424
1M17-AQ4,diff,0.5965113021899879,0.5001058578734888,0.09640544431649911
1M17-AQ4,gradcam,0.5106712635148233,0.5001058578734888,0.010565405641334458
1M17-AQ4,gradinput,0.4947742385029536,0.5001058578734888,-0.005331619370535223
1M17-AQ4,ig,0.5585284380861116,0.5001058578734888,0.05842258021262281
1M17-AQ4,shap,0.5186431187310072,0.5001058578734888,0.01853726085751839
1MS6-BLN,cam,0.5179856115107914,0.5078399617967962,0.01014564971399512
1MS6-BLN,diff,0.6773019346760354,0.5078399617967962,0.16946197287923914
1MS6-BLN,gradcam,0.3958849503813533,0.5078399617967962,-0.11195501141544295
1MS6-BLN,gradinput,0.5819398028031121,0.5078399617967962,0.07409984100631584
1MS6-BLN,ig,0.595350432940361,0.5078399617967962,0.0875104711435648
1MS6-BLN,shap,0.5038040097392615,0.5078399617967962,-0.0040359520575347085
1MZC-BNE,cam,0.5652173913043478,0.5237232574189096,0.04149413388543821
1MZC-BNE,diff,0.5320910973084885,0.5237232574189096,0.008367839889578899
1MZC-BNE,gradcam,0.5683229813664595,0.5237232574189096,0.04459972394754996
1MZC-BNE,gradinput,0.5349378881987576,0.5237232574189096,0.011214630779848078
1MZC-BNE,ig,0.5794513457556936,0.5237232574189096,0.055728088336784
1MZC-BNE,shap,0.5548654244306418,0.5237232574189096,0.031142167011732225
1N1M-A3M,cam,0.5713213213213213,0.5121212585498299,0.05920006277149137
1N1M-A3M,diff,0.7192005549148406,0.5121212585498299,0.20707929636501066
1N1M-A3M,gradcam,0.6748924713210427,0.5121212585498299,0.16277121277121276
1N1M-A3M,gradinput,0.6370487834773549,0.5121212585498299,0.12492752492752501
1N1M-A3M,ig,0.7449965735680021,0.5121212585498299,0.23287531501817216
1N1M-A3M,shap,0.5775443346871919,0.5121212585498299,0.06542307613736198
1NAV-IH5,cam,0.7777777777777778,0.5306771417882529,0.24710063598952492
1NAV-IH5,diff,0.8148989898989899,0.5306771417882529,0.28422184811073703
1NAV-IH5,gradcam,0.7626356154133931,0.5306771417882529,0.23195847362514022
1NAV-IH5,gradinput,0.8512719790497568,0.5306771417882529,0.32059483726150395
1NAV-IH5,ig,0.5710718294051628,0.5306771417882529,0.0403946876169099
1NAV-IH5,shap,0.5491208380097269,0.5306771417882529,0.018443696221474015
1NAX-IH5,cam,0.7804878048780488,0.49191919191919187,0.28856861295885694
1NAX-IH5,diff,0.7243761658395804,0.49191919191919187,0.23245697392038855
1NAX-IH5,gradcam,0.6871176926054975,0.49191919191919187,0.19519850068630562
1NAX-IH5,gradinput,0.7515274698201527,0.49191919191919187,0.25960827790096086
1NAX-IH5,ig,0.6032669904621124,0.49191919191919187,0.11134779854292054
1NAX-IH5,shap,0.5348854397634886,0.49191919191919187,0.0429662478442967
1NFU-RRP,cam,0.5423728813559322,0.4969399317873631,0.04543294956856908
1NFU-RRP,diff,0.646399591674294,0.4969399317873631,0.14945965988693083
1NFU-RRP,gradcam,0.3996235324382463,0.4969399317873631,-0.09731639934911684
1NFU-RRP,gradinput,0.3830697735240685,0.4969399317873631,-0.11387015826329461
1NFU-RRP,ig,0.5780393544436939,0.4969399317873631,0.0810994226563308
1NFU-RRP,shap,0.5120603510696389,0.4969399317873631,0.015120419282275754
1O42-843,cam,0.4938884156297258,0.5013791683925931,-0.007490752762867314
1O42-843,diff,0.5543959719031841,0.5013791683925931,0.053016803510591015
1O42-843,gradcam,0.5447148166760114,0.5013791683925931,0.04333564828341829
1O42-843,gradinput,0.5134728187361965,0.5013791683925931,0.012093650343603435
1O42-843,ig,0.588669941773613,0.5013791683925931,0.08729077338101987
1O42-843,shap,0.5049089292151933,0.5013791683925931,0.0035297608226001476
1O46-903,cam,0.5106382978723404,0.5164480417139992,-0.0058097438416587766
1O46-903,diff,0.5110692794203434,0.5164480417139992,-0.005378762293655748
1O46-903,gradcam,0.4453858493752111,0.5164480417139992,-0.07106219233878808
1O46-903,gradinput,0.4775647815541432,0.5164480417139992,-0.03888326015985594
1O46-903,ig,0.407662874950109,0.5164480417139992,-0.10878516676389016
1O46-903,shap,0.5218591691995947,0.5164480417139992,0.005411127485595579
1O86-LPR,cam,0.5179905092004784,0.5036291520943875,0.014361357106090877
1O86-LPR,diff,0.5712620008434183,0.5036291520943875,0.06763284874903075
1O86-LPR,gradcam,0.4688794158388014,0.5036291520943875,-0.03474973625558614
1O86-LPR,gradinput,0.4682013576578517,0.5036291520943875,-0.03542779443653582
1O86-LPR,ig,0.6272424384257674,0.5036291520943875,0.12361328633137991
1O86-LPR,shap,0.5152939783244902,0.5036291520943875,0.011664826230102676
1OHJ-COP,cam,0.5,0.4865884629773518,0.01341153702264819
1OHJ-COP,diff,0.6482409565742899,0.4865884629773518,0.16165249359693812
1OHJ-COP,gradcam,0.5378367003367003,0.4865884629773518,0.05124823735934847
1OHJ-COP,gradinput,0.662076966243633,0.4865884629773518,0.17548850326628118
1OHJ-COP,ig,0.6789788914788917,0.4865884629773518,0.19239042850153987
1OHJ-COP,shap,0.5094912803246135,0.4865884629773518,0.02290281734726174
1OIQ-HDU,cam,0.4848484848484848,0.48430517294153647,0.0005433119069483405
1OIQ-HDU,diff,0.5018890200708382,0.48430517294153647,0.017583847129301777
1OIQ-HDU,gradcam,0.4515873015873016,0.48430517294153647,-0.03271787135423487
1OIQ-HDU,gradinput,0.5040010494555949,0.48430517294153647,0.019695876514058408
1OIQ-HDU,ig,0.4861012724649089,0.48430517294153647,0.001796099523372452
1OIQ-HDU,shap,0.5467368490095763,0.48430517294153647,0.06243167606803984
1OIR-HDY,cam,0.5,0.5154394505957005,-0.01543945059570051
1OIR-HDY,diff,0.663568376068376,0.5154394505957005,0.14812892547267553
1OIR-HDY,gradcam,0.5693376068376068,0.5154394505957005,0.0538981562419063
1OIR-HDY,gradinput,0.6343919968919969,0.5154394505957005,0.11895254629629637
1OIR-HDY,ig,0.6404780982905983,0.5154394505957005,0.1250386476948978
1OIR-HDY,shap,0.5371272824397825,0.5154394505957005,0.021687831844081962
1OYN-4RR,cam,0.5386939721143376,0.507085066747561,0.03160890536677652
1OYN-4RR,diff,0.5835241692214508,0.507085066747561,0.07643910247388974
1OYN-4RR,gradcam,0.5788915948895216,0.507085066747561,0.07180652814196054
1OYN-4RR,gradinput,0.5092469760397114,0.507085066747561,0.0021619092921503213
1OYN-4RR,ig,0.6949436231612548,0.507085066747561,0.18785855641369376
1OYN-4RR,shap,0.5576112751393048,0.507085066747561,0.05052620839174371
1P2A-5BN,cam,0.5,0.48428090428090426,0.015719095719095744
1P2A-5BN,diff,0.5875036075036075,0.48428090428090426,0.10322270322270327
1P2A-5BN,gradcam,0.56758658008658,0.48428090428090426,0.08330567580567577
1P2A-5BN,gradinput,0.3922366522366521,0.48428090428090426,-0.09204425204425215
1P2A-5BN,ig,0.6811038961038961,0.48428090428090426,0.19682299182299184
1P2A-5BN,shap,0.5529040404040404,0.48428090428090426,0.06862313612313614
1PYE-PM1,cam,0.480546947383682,0.49398379398379394,-0.013436846600111962
1PYE-PM1,diff,0.7530456504946301,0.49398379398379394,0.2590618565108362
1PYE-PM1,gradcam,0.2326218566014483,0.49398379398379394,-0.26136193738234564
1PYE-PM1,gradinput,0.564608633996389,0.49398379398379394,0.07062484001259511
1PYE-PM1,ig,0.4420400461216788,0.49398379398379394,-0.05194374786211514
1PYE-PM1,shap,0.5846988612294736,0.49398379398379394,0.09071506724567963
1Q3W-ATU,cam,0.535402759234535,0.47411734164070607,0.061285417593828884
1Q3W-ATU,diff,0.5373794689215251,0.47411734164070607,0.06326212728081904
1Q3W-ATU,gradcam,0.4166110369381396,0.47411734164070607,-0.05750630470256646
1Q3W-ATU,gradinput,0.4990542946150422,0.47411734164070607,0.024936952974336124
1Q3W-ATU,ig,0.6462653908915591,0.47411734164070607,0.17214804925085303
1Q3W-ATU,shap,0.5461244622459576,0.47411734164070607,0.0720071206052515
1Q4L-679,cam,0.5274725274725275,0.49516832373975234,0.03230420373277515
1Q4L-679,diff,0.5787545787545787,0.49516832373975234,0.08358625501482636
1Q4L-679,gradcam,0.554029304029304,0.49516832373975234,0.05886098028955161
1Q4L-679,gradinput,0.5421245421245422,0.49516832373975234,0.04695621838478986
1Q4L-679,ig,0.7573260073260072,0.49516832373975234,0.26215768358625485
1Q4L-679,shap,0.634720041862899,0.49516832373975234,0.13955171812314665
1Q6K-TCO,cam,0.5131578947368421,0.4665048036758563,0.04665309106098586
1Q6K-TCO,diff,0.7000835421888053,0.4665048036758563,0.23357873851294902
1Q6K-TCO,gradcam,0.5347117794486216,0.4665048036758563,0.0682069757727653
1Q6K-TCO,gradinput,0.4859962406015037,0.4665048036758563,0.01949143692564742
1Q6K-TCO,ig,0.4934210526315789,0.4665048036758563,0.026916248955722644
1Q6K-TCO,shap,0.603889933166249,0.4665048036758563,0.13738512949039267
1R0E-DFN,cam,0.5030538940383279,0.5017776744672936,0.0012762195710342983
1R0E-DFN,diff,0.617971409922988,0.5017776744672936,0.11619373545569445
1R0E-DFN,gradcam,0.489578001572539,0.5017776744672936,-0.012199672894754598
1R0E-DFN,gradinput,0.5148701056624332,0.5017776744672936,0.013092431195139587
1R0E-DFN,ig,0.5217498297615705,0.5017776744672936,0.019972155294276872
1R0E-DFN,shap,0.5301276302836122,0.5017776744672936,0.028349955816318606
1RDT-570,cam,0.5168535853721039,0.500024247660222,0.016829337711881887
1RDT-570,diff,0.5102376078969932,0.500024247660222,0.010213360236771218
1RDT-570,gradcam,0.5468613232100791,0.500024247660222,0.046837075549857055
1RDT-570,gradinput,0.3955673159118865,0.500024247660222,-0.10445693174833554
1RDT-570,ig,0.5403965445660779,0.500024247660222,0.040372296905855865
1RDT-570,shap,0.527243949094941,0.500024247660222,0.027219701434718968
1RHR-CNE,cam,0.5257936507936508,0.5346039762706428,-0.00881032547699201
1RHR-CNE,diff,0.5086279461279462,0.5346039762706428,-0.02597603014269667
1RHR-CNE,gradcam,0.6353415103415104,0.5346039762706428,0.10073753407086761
1RHR-CNE,gradinput,0.4996993746993746,0.5346039762706428,-0.034904601571268234
1RHR-CNE,ig,0.5707972582972582,0.5346039762706428,0.036193282026615425
1RHR-CNE,shap,0.5030844155844156,0.5346039762706428,-0.03151956068622719
1RNE-C60,cam,0.5677155823095427,0.5006769908651575,0.06703859144438518
1RNE-C60,diff,0.5586652268468545,0.5006769908651575,0.057988235981697
1RNE-C60,gradcam,0.5265150433257549,0.5006769908651575,0.02583805246059745
1RNE-C60,gradinput,0.5192405825091672,0.5006769908651575,0.01856359164400967
1RNE-C60,ig,0.5087862842200513,0.5006769908651575,0.008109293354893854
1RWQ-5AP,cam,0.5927232447171097,0.5168492550394391,0.07587398967767056
1RWQ-5AP,diff,0.6044162041094556,0.5168492550394391,0.0875669490700165
1RWQ-5AP,gradcam,0.3589443957542116,0.5168492550394391,-0.15790485928522752
1RWQ-5AP,gradinput,0.4688528581166618,0.5168492550394391,-0.04799639692277735
1RWQ-5AP,ig,0.519967864446392,0.5168492550394391,0.0031186094069528547
1RWQ-5AP,shap,0.5281770376862401,0.5168492550394391,0.01132778264680101
1S63-778,cam,0.5469383991528038,0.49831455433643773,0.04862384481636611
1S63-778,diff,0.5658911355537716,0.49831455433643773,0.06757658121733384
1S63-778,gradcam,0.4825792780356669,0.49831455433643773,-0.015735276300770817
1S63-778,gradinput,0.485368313488259,0.49831455433643773,-0.012946240848178747
1S63-778,ig,0.5498885544375544,0.49831455433643773,0.051574000101116624
1S63-778,shap,0.5050524422713656,0.49831455433643773,0.006737887934927855
1SA4-JAN,cam,0.494949494949495,0.49367417561862004,0.0012753193308749355
1SA4-JAN,diff,0.6266674683341349,0.49367417561862004,0.13299329271551485
1SA4-JAN,gradcam,0.4870430495430494,0.49367417561862004,-0.006631126075570648
1SA4-JAN,gradinput,0.4629449254449255,0.49367417561862004,-0.030729250173694544
1SA4-JAN,ig,0.5562109187109187,0.49367417561862004,0.06253674309229862
1SA4-JAN,shap,0.5553421115921116,0.49367417561862004,0.06166793597349152
1T69-SHH,cam,0.5,0.48004026152174295,0.01995973847825705
1T69-SHH,diff,0.7186247394580726,0.48004026152174295,0.23858447793632964
1T69-SHH,gradcam,0.6506025867136978,0.48004026152174295,0.1705623251919548
1T69-SHH,gradinput,0.6809523809523809,0.48004026152174295,0.20091211943063791
1T69-SHH,ig,0.7548086686975576,0.48004026152174295,0.27476840717581463
1T69-SHH,shap,0.6039388594944151,0.48004026152174295,0.12389859797267211
1TFQ-998,cam,0.6341948310139165,0.4978396145818084,0.13635521643210807
1TFQ-998,diff,0.5671824321353617,0.4978396145818084,0.06934281755355326
1TFQ-998,gradcam,0.4602644498460777,0.4978396145818084,-0.03757516473573075
1TFQ-998,gradinput,0.5284190700150821,0.4978396145818084,0.030579455433273728
1TFQ-998,ig,0.6297087902806533,0.4978396145818084,0.13186917569884488
1TFQ-998,shap,0.4961593074021444,0.4978396145818084,-0.001680307179663998
1TFT-997,cam,0.5135135135135135,0.449064974064974,0.06444853944853951
1TFT-997,diff,0.5403942903942903,0.449064974064974,0.09132931632931635
1TFT-997,gradcam,0.6640692640692639,0.449064974064974,0.21500429000428994
1TFT-997,gradinput,0.5859151359151359,0.449064974064974,0.1368501618501619
1TFT-997,ig,0.5572774072774073,0.449064974064974,0.10821243321243329
1TFT-997,shap,0.4643315393315394,0.449064974064974,0.015266565266565446
1TU6-FSP,cam,0.5,0.4973563864412915,0.002643613558708513
1TU6-FSP,diff,0.5404823835039636,0.4973563864412915,0.04312599706267212
1TU6-FSP,gradcam,0.5460516394487593,0.4973563864412915,0.048695253007467854
1TU6-FSP,gradinput,0.5731043847013071,0.4973563864412915,0.0757479982600156
1TU6-FSP,ig,0.5345562748688767,0.4973563864412915,0.037199888427585204
1TU6-FSP,shap,0.5309625005333413,0.4973563864412915,0.03360611409204978
1UDT-VIA,cam,0.5429960497105718,0.4979577212331378,0.045038328477434
1UDT-VIA,diff,0.6302481795272608,0.4979577212331378,0.13229045829412295
1UDT-VIA,gradcam,0.5873186148215424,0.4979577212331378,0.08936089358840454
1UDT-VIA,gradinput,0.5242965099333595,0.4979577212331378,0.026338788700221716
1UDT-VIA,ig,0.5577061690913758,0.4979577212331378,0.05974844785823802
1UDT-VIA,shap,0.5193359003845203,0.4979577212331378,0.02137817915138246
1UDU-CIA,cam,0.5087329603696084,0.5031980282989805,0.005534932070627829
1UDU-CIA,diff,0.6685782692919932,0.5031980282989805,0.16538024099301263
1UDU-CIA,gradcam,0.4760469262215506,0.5031980282989805,-0.027151102077429934
1UDU-CIA,gradinput,0.6782923546175017,0.5031980282989805,0.17509432631852118
1UDU-CIA,ig,0.6383300078386963,0.5031980282989805,0.13513197953971579
1UDU-CIA,shap,0.5043497721590049,0.5031980282989805,0.001151743860024368
1UHO-VDN,cam,0.555392490595151,0.500378621140799,0.05501386945435194
1UHO-VDN,diff,0.6332778252808503,0.500378621140799,0.1328992041400513
1UHO-VDN,gradcam,0.5659969935010478,0.500378621140799,0.06561837236024881
1UHO-VDN,gradinput,0.572538412477657,0.500378621140799,0.07215979133685801
1UHO-VDN,ig,0.6153727752341585,0.500378621140799,0.11499415409335945
1UHO-VDN,shap,0.5213053147495227,0.500378621140799,0.02092669360872368
1UMT-0DS,cam,0.498461695191524,0.495605193667749,0.002856501523774979
1UMT-0DS,diff,0.6131315116563817,0.495605193667749,0.11752631798863267
1UMT-0DS,gradcam,0.4944912880423489,0.495605193667749,-0.0011139056254001467
1UMT-0DS,gradinput,0.4935988414090445,0.495605193667749,-0.002006352258704547
1UMT-0DS,ig,0.5635000363919914,0.495605193667749,0.0678948427242424
1UMT-0DS,shap,0.523865076767932,0.495605193667749,0.028259883100183014
1UZF-X8Z,cam,0.5982671150904234,0.49344802371118157,0.10481909137924184
1UZF-X8Z,diff,0.646239985995625,0.49344802371118157,0.15279196228444347
1UZF-X8Z,gradcam,0.64092341451364,0.49344802371118157,0.14747539080245842
1UZF-X8Z,gradinput,0.6460523290410508,0.49344802371118157,0.15260430532986924
1UZF-X8Z,ig,0.563465179348638,0.49344802371118157,0.07001715563745647
1UZF-X8Z,shap,0.5525587194760126,0.49344802371118157,0.05911069576483108
1VYW-292,cam,0.5070422535211268,0.5038096423659804,0.003232611155146392
1VYW-292,diff,0.6231653225491254,0.5038096423659804,0.11935568018314502
1VYW-292,gradcam,0.5140347231016245,0.5038096423659804,0.010225080735644099
1VYW-292,gradinput,0.385215039264335,0.5038096423659804,-0.11859460310164538
1VYW-292,ig,0.6222175613900967,0.5038096423659804,0.11840791902411629
1VYW-292,shap,0.5485050942797421,0.5038096423659804,0.044695451913761786
1W0X-OLO,cam,0.5226602784402227,0.4997301926860136,0.022930085754209073
1W0X-OLO,diff,0.6303420663689179,0.4997301926860136,0.13061187368290428
1W0X-OLO,gradcam,0.528253514047898,0.4997301926860136,0.0285233213618844
1W0X-OLO,gradinput,0.6230043603123442,0.4997301926860136,0.12327416762633059
1W0X-OLO,ig,0.6348712678463416,0.4997301926860136,0.13514107516032803
1W0X-OLO,shap,0.4991591817753131,0.4997301926860136,-0.0005710109107004979
1X0N-DTF,cam,0.4936507936507937,0.4992274913523847,-0.005576697701591027
1X0N-DTF,diff,0.6721710219528785,0.4992274913523847,0.17294353060049378
1X0N-DTF,gradcam,0.6813358723224077,0.4992274913523847,0.18210838097002296
1X0N-DTF,gradinput,0.6054796691587725,0.4992274913523847,0.1062521778063878
1X0N-DTF,ig,0.60354408204002,0.4992274913523847,0.10431659068763527
1X0N-DTF,shap,0.4722371524566123,0.4992274913523847,-0.026990338895772403
1X8B-824,cam,0.5574940188369448,0.49910884597988336,0.05838517285706146
1X8B-824,diff,0.7014275772131088,0.49910884597988336,0.2023187312332254
1X8B-824,gradcam,0.664115461791105,0.49910884597988336,0.16500661581122167
1X8B-824,gradinput,0.5044166841048894,0.49910884597988336,0.005307838125006015
1X8B-824,ig,0.6949198391462894,0.49910884597988336,0.19581099316640604
1X8B-824,shap,0.5414980246982869,0.49910884597988336,0.04238917871840353
1XJD-STO,cam,0.5053670854593884,0.5062000930743108,-0.000833007614922443
1XJD-STO,diff,0.5025304856108986,0.5062000930743108,-0.003669607463412161
1XJD-STO,gradcam,0.5710141478602054,0.5062000930743108,0.06481405478589464
1XJD-STO,gradinput,0.585755422786086,0.5062000930743108,0.07955532971177526
1XJD-STO,ig,0.5964799107164566,0.5062000930743108,0.09027981764214577
1XJD-STO,shap,0.5408708642907641,0.5062000930743108,0.034670771216453344
1XKK-FMM,cam,0.5,0.4995148266817206,0.00048517331827940824
1XKK-FMM,diff,0.6286035572332417,0.4995148266817206,0.1290887305515211
1XKK-FMM,gradcam,0.6178841541258366,0.4995148266817206,0.11836932744411605
1XKK-FMM,gradinput,0.5508484872963755,0.4995148266817206,0.051333660614654886
1XKK-FMM,ig,0.7101556934342503,0.4995148266817206,0.21064086675252974
1XKK-FMM,shap,0.5185290581477218,0.4995148266817206,0.019014231466001175
1XOW-R18,cam,0.4883720930232558,0.5698502617107267,-0.08147816868747093
1XOW-R18,diff,0.541358576823693,0.5698502617107267,-0.028491684887033686
1XOW-R18,gradcam,0.5900964023057047,0.5698502617107267,0.02024614059497798
1XOW-R18,gradinput,0.6275939177101968,0.5698502617107267,0.05774365599947007
1XOW-R18,ig,0.5105148081892268,0.5698502617107267,-0.05933545352149994
1XOW-R18,shap,0.5249602464718743,0.5698502617107267,-0.04489001523885239
1XS7-MMI,cam,0.5268817204301075,0.49936013280415564,0.02752158762595186
1XS7-MMI,diff,0.5270454526147126,0.49936013280415564,0.02768531981055694
1XS7-MMI,gradcam,0.5496745225397976,0.49936013280415564,0.05031438973564201
1XS7-MMI,gradinput,0.5084935664869251,0.49936013280415564,0.009133433682769476
1XS7-MMI,ig,0.5701634580192455,0.49936013280415564,0.07080332521508986
1XS7-MMI,shap,0.5296560448125913,0.49936013280415564,0.030295912008435677
1Y91-CT9,cam,0.5292659417659418,0.49075715742382403,0.03850878434211774
1Y91-CT9,diff,0.585651648151648,0.49075715742382403,0.09489449072782402
1Y91-CT9,gradcam,0.6164530414530416,0.49075715742382403,0.12569588402921755
1Y91-CT9,gradinput,0.6206913581913581,0.49075715742382403,0.1299342007675341
1Y91-CT9,ig,0.6245245495245495,0.49075715742382403,0.13376739210072547
1Y91-CT9,shap,0.5227988477988478,0.49075715742382403,0.032041690375023746
1YHO-TOP,cam,0.5128205128205128,0.5021574104907439,0.010663102329768859
1YHO-TOP,diff,0.8242599992599994,0.5021574104907439,0.32210258876925546
1YHO-TOP,gradcam,0.6293142043142043,0.5021574104907439,0.12715679382346035
1YHO-TOP,gradinput,0.710996410996411,0.5021574104907439,0.20883900050566706
1YHO-TOP,ig,0.5237216487216487,0.5021574104907439,0.02156423823090481
1YHO-TOP,shap,0.5981490731490732,0.5021574104907439,0.09599166265832926
1YRS-L47,cam,0.5526315789473685,0.5058715285688969,0.04676005037847153
1YRS-L47,diff,0.3730714095845674,0.5058715285688969,-0.13280011898432953
1YRS-L47,gradcam,0.4506151742993848,0.5058715285688969,-0.05525635426951214
1YRS-L47,gradinput,0.4396910837700312,0.5058715285688969,-0.06618044479886576
1YRS-L47,ig,0.355579763803448,0.5058715285688969,-0.15029176476544892
1YRS-L47,shap,0.4841023012075645,0.5058715285688969,-0.021769227361332466
1Z6E-IK8,cam,0.5181157194060421,0.5106783059958931,0.007437413410148919
1Z6E-IK8,diff,0.6143945877906729,0.5106783059958931,0.10371628179477976
1Z6E-IK8,gradcam,0.533238748279695,0.5106783059958931,0.02256044228380183
1Z6E-IK8,gradinput,0.5157421594019017,0.5106783059958931,0.005063853406008567
1Z6E-IK8,ig,0.6764759226536416,0.5106783059958931,0.1657976166577485
1Z6E-IK8,shap,0.518411000736228,0.5106783059958931,0.007732694740334889
1Z6J-PY3,cam,0.634217058157909,0.5065650297668745,0.1276520283910345
1Z6J-PY3,diff,0.6849023418235027,0.5065650297668745,0.17833731205662828
1Z6J-PY3,gradcam,0.5411700533848885,0.5065650297668745,0.0346050236180141
1Z6J-PY3,gradinput,0.542079388299581,0.5065650297668745,0.03551435853270657
1Z6J-PY3,ig,0.6233780695591408,0.5065650297668745,0.11681303979226632
1Z6J-PY3,shap,0.5342184298282154,0.5065650297668745,0.027653400061340982
1ZD2-NC3,cam,0.546877066903158,0.4973907233394899,0.049486343563668045
1ZD2-NC3,diff,0.6267206412604894,0.4973907233394899,0.12932991792099952
1ZD2-NC3,gradcam,0.6653717903433273,0.4973907233394899,0.16798106700383736
1ZD2-NC3,gradinput,0.4999173025477579,0.4973907233394899,0.002526579208267987
1ZD2-NC3,ig,0.6330881542029551,0.4973907233394899,0.13569743086346514
1ZD2-NC3,shap,0.533592368521211,0.4973907233394899,0.03620164518172103
1ZFQ-ZEC,cam,0.5,0.5474627224627225,-0.04746272246272254
1ZFQ-ZEC,diff,0.5256709956709956,0.5474627224627225,-0.021791726791726918
1ZFQ-ZEC,gradcam,0.5406517556517556,0.5474627224627225,-0.006810966810966934
1ZFQ-ZEC,gradinput,0.506619769119769,0.5474627224627225,-0.040842953342953514
1ZFQ-ZEC,ig,0.5376659451659452,0.5474627224627225,-0.009796777296777304
1ZFQ-ZEC,shap,0.5835954785954786,0.5474627224627225,0.036132756132756016
1ZTQ-033,cam,0.4745762711864407,0.5012377600612895,-0.026661488874848815
1ZTQ-033,diff,0.5169784906574537,0.5012377600612895,0.01574073059616421
1ZTQ-033,gradcam,0.4795899389742859,0.5012377600612895,-0.021647821087003583
1ZTQ-033,gradinput,0.5598012738341751,0.5012377600612895,0.0585635137728856
1ZTQ-033,ig,0.5684102150203845,0.5012377600612895,0.06717245495909496
1ZTQ-033,shap,0.5353981553507974,0.5012377600612895,0.03416039528950787
2A4L-RRC,cam,0.5212627665741811,0.5043939904310434,0.016868776143137754
2A4L-RRC,diff,0.6443635475117317,0.5043939904310434,0.13996955708068837
2A4L-RRC,gradcam,0.4837536550361997,0.5043939904310434,-0.020640335394843667
2A4L-RRC,gradinput,0.4786840559864956,0.5043939904310434,-0.025709934444547777
2A4L-RRC,ig,0.6555092600290439,0.5043939904310434,0.15111526959800048
2A4L-RRC,shap,0.5232863207428352,0.5043939904310434,0.018892330311791827
2AEI-03R,cam,0.5916300536387146,0.5108137773433373,0.08081627629537724
2AEI-03R,diff,0.6348949588905561,0.5108137773433373,0.12408118154721881
2AEI-03R,gradcam,0.5888957870290967,0.5108137773433373,0.0780820096857594
2AEI-03R,gradinput,0.550000663647906,0.5108137773433373,0.03918688630456868
2AEI-03R,ig,0.6393068035793538,0.5108137773433373,0.12849302623601644
2AEI-03R,shap,0.5395856732724545,0.5108137773433373,0.02877189592911722
2AUX-CT1,cam,0.4181818181818181,0.4518570823116277,-0.03367526412980959
2AUX-CT1,diff,0.7817387158296253,0.4518570823116277,0.3298816335179976
2AUX-CT1,gradcam,0.4379907970817062,0.4518570823116277,-0.013866285229921504
2AUX-CT1,gradinput,0.4181424635970091,0.4518570823116277,-0.033714618714618616
2AUX-CT1,ig,0.6610678715224168,0.4518570823116277,0.20921078921078906
2AUX-CT1,shap,0.5737946901583265,0.4518570823116277,0.12193760784669883
2AYP-43A,cam,0.6888888888888889,0.48275713484046817,0.2061317540484207
2AYP-43A,diff,0.655710076960077,0.48275713484046817,0.17295294211960882
2AYP-43A,gradcam,0.6443458393458392,0.48275713484046817,0.16158870450537105
2AYP-43A,gradinput,0.4479587542087542,0.48275713484046817,-0.03479838063171398
2AYP-43A,ig,0.6163949013949014,0.48275713484046817,0.1336377665544332
2AYP-43A,shap,0.5517568542568543,0.48275713484046817,0.06899971941638611
2B36-5PP,cam,0.4375,0.49590773809523814,-0.05840773809523814
2B36-5PP,diff,0.6860863095238096,0.49590773809523814,0.19017857142857142
2B36-5PP,gradcam,0.6180059523809525,0.49590773809523814,0.12209821428571432
2B36-5PP,gradinput,0.7249627976190476,0.49590773809523814,0.22905505952380945
2B36-5PP,ig,0.4843377976190476,0.49590773809523814,-0.011569940476190532
2B36-5PP,shap,0.5505208333333333,0.49590773809523814,0.05461309523809521
2B52-D42,cam,0.5,0.5275573321184535,-0.02755733211845346
2B52-D42,diff,0.7491563315667176,0.5275573321184535,0.2215989994482641
2B52-D42,gradcam,0.772430648395722,0.5275573321184535,0.2448733162772685
2B52-D42,gradinput,0.4219799757024021,0.5275573321184535,-0.10557735641605137
2B52-D42,ig,0.8237325162072404,0.5275573321184535,0.29617518408878696
2B52-D42,shap,0.5929921921420083,0.5275573321184535,0.06543486002355481
2B53-D23,cam,0.4893617021276595,0.5078492626364967,-0.018487560508837153
2B53-D23,diff,0.5166160081053698,0.5078492626364967,0.008766745468873127
2B53-D23,gradcam,0.6402566700439041,0.5078492626364967,0.13240740740740742
2B53-D23,gradinput,0.7187436676798379,0.5078492626364967,0.21089440504334123
2B53-D23,ig,0.7670803782505908,0.5078492626364967,0.2592311156140942
2B53-D23,shap,0.501063829787234,0.5078492626364967,-0.006785432849262696
2B54-D05,cam,0.5805614675179893,0.5104470053048649,0.07011446221312445
2B54-D05,diff,0.7248708084164507,0.5104470053048649,0.21442380311158582
2B54-D05,gradcam,0.7064735404495389,0.5104470053048649,0.19602653514467405
2B54-D05,gradinput,0.6757058781601375,0.5104470053048649,0.16525887285527263
2B54-D05,ig,0.637113942411011,0.5104470053048649,0.12666693710614618
2B54-D05,shap,0.525489827024354,0.5104470053048649,0.015042821719489119
2B55-D31,cam,0.8055555555555556,0.4904043797221902,0.3151511758333654
2B55-D31,diff,0.6817676173681075,0.4904043797221902,0.19136323764591734
2B55-D31,gradcam,0.5723922614241242,0.4904043797221902,0.08198788170193405
2B55-D31,gradinput,0.6446590446590448,0.4904043797221902,0.15425466493685458
2B55-D31,ig,0.4885217746124609,0.4904043797221902,-0.0018826051097293184
2B55-D31,shap,0.5108187042623318,0.4904043797221902,0.020414324540141582
2BKT-RPF,cam,0.5202552536522003,0.5126979929797622,0.007557260672438115
2BKT-RPF,diff,0.5269334143379945,0.5126979929797622,0.014235421358232303
2BKT-RPF,gradcam,0.4110278199074786,0.5126979929797622,-0.10167017307228354
2BKT-RPF,gradinput,0.4714728911013151,0.5126979929797622,-0.04122510187844708
2BKT-RPF,ig,0.6349131971157117,0.5126979929797622,0.12221520413594955
2BKT-RPF,shap,0.4808127489060358,0.5126979929797622,-0.03188524407372634
2BUB-FPB,cam,0.5250005902857954,0.49858242714397133,0.026418163141824047
2BUB-FPB,diff,0.5918930374631794,0.49858242714397133,0.09331061031920812
2BUB-FPB,gradcam,0.57115458281103,0.49858242714397133,0.07257215566705871
2BUB-FPB,gradinput,0.5188453465379068,0.49858242714397133,0.020262919393935486
2BUB-FPB,ig,0.5448847248122509,0.49858242714397133,0.04630229766827959
2BUB-FPB,shap,0.5182401228151299,0.49858242714397133,0.019657695671158548
2CJI-GSK,cam,0.6169537012990524,0.48568071678333885,0.1312729845157135
2CJI-GSK,diff,0.5959143572433795,0.48568071678333885,0.11023364046004064
2CJI-GSK,gradcam,0.5695846755885372,0.48568071678333885,0.08390395880519835
2CJI-GSK,gradinput,0.578635970827372,0.48568071678333885,0.0929552540440331
2CJI-GSK,ig,0.6527235423890605,0.48568071678333885,0.16704282560572165
2CJI-GSK,shap,0.5188170408038746,0.48568071678333885,0.033136324020535735
2CNF-F32,cam,0.5,0.5121717551628265,-0.012171755162826536
2CNF-F32,diff,0.7110686932115504,0.5121717551628265,0.19889693804872388
2CNF-F32,gradcam,0.7153717760414188,0.5121717551628265,0.20320002087859224
2CNF-F32,gradinput,0.722082357127,0.5121717551628265,0.20991060196417344
2CNF-F32,ig,0.6557852068566353,0.5121717551628265,0.1436134516938088
2CNF-F32,shap,0.5341411069089641,0.5121717551628265,0.021969351746137566
2CNG-IZE,cam,0.5139949109414759,0.4948141947875088,0.019180716153967048
2CNG-IZE,diff,0.5580686761689054,0.4948141947875088,0.06325448138139661
2CNG-IZE,gradcam,0.5984518931653973,0.4948141947875088,0.10363769837788844
2CNG-IZE,gradinput,0.500439873704296,0.4948141947875088,0.005625678916787169
2CNG-IZE,ig,0.6380017021232487,0.4948141947875088,0.14318750733573987
2CNG-IZE,shap,0.5272361622132968,0.4948141947875088,0.03242196742578801
2CNH-IZB,cam,0.5,0.5099601303089675,-0.009960130308967474
2CNH-IZB,diff,0.6924522183243114,0.5099601303089675,0.1824920880153439
2CNH-IZB,gradcam,0.7771494332540846,0.5099601303089675,0.2671893029451171
2CNH-IZB,gradinput,0.6293732430360338,0.5099601303089675,0.11941311272706634
2CNH-IZB,ig,0.4802925756414128,0.5099601303089675,-0.029667554667554663
2CNH-IZB,shap,0.5451613147834078,0.5099601303089675,0.03520118447444032
2E2B-406,cam,0.5108543417366946,0.4894401037313465,0.02141423800534814
2E2B-406,diff,0.542884628143313,0.4894401037313465,0.053444524411966454
2E2B-406,gradcam,0.5676060741575045,0.4894401037313465,0.07816597042615803
2E2B-406,gradinput,0.6101934195567342,0.4894401037313465,0.12075331582538773
2E2B-406,ig,0.5788873456248361,0.4894401037313465,0.08944724189348963
2E2B-406,shap,0.5180589612547264,0.4894401037313465,0.028618857523379893
2E9N-76A,cam,0.5064138607414281,0.4878782199107354,0.018535640830692757
2E9N-76A,diff,0.6274645667283889,0.4878782199107354,0.13958634681765353
2E9N-76A,gradcam,0.6437381573096095,0.4878782199107354,0.1558599373988741
2E9N-76A,gradinput,0.4290927292023702,0.4878782199107354,-0.058785490708365196
2E9N-76A,ig,0.5657553914778667,0.4878782199107354,0.07787717156713131
2E9N-76A,shap,0.5415392529679465,0.4878782199107354,0.053661033057211094
2E9P-77A,cam,0.5574314237370588,0.49813332815626543,0.05929809558079335
2E9P-77A,diff,0.6811553582391654,0.49813332815626543,0.18302203008289997
2E9P-77A,gradcam,0.5396626332496665,0.49813332815626543,0.041529305093401025
2E9P-77A,gradinput,0.520286426210133,0.49813332815626543,0.02215309805386756
2E9P-77A,ig,0.592652837935594,0.49813332815626543,0.09451950977932855
2E9P-77A,shap,0.5340568046240376,0.49813332815626543,0.035923476467772164
2EI6-D92,cam,0.534573464989341,0.501222088541282,0.03335137644805897
2EI6-D92,diff,0.6477871651899583,0.501222088541282,0.14656507664867624
2EI6-D92,gradcam,0.5640342001014792,0.501222088541282,0.06281211156019717
2EI6-D92,gradinput,0.5603428482887269,0.501222088541282,0.059120759747444906
2EI6-D92,ig,0.5464373224780528,0.501222088541282,0.04521523393677074
2EI6-D92,shap,0.5184579264313111,0.501222088541282,0.017235837890029027
2ETM-7PY,cam,0.6338105881047057,0.5013691265161854,0.13244146158852033
2ETM-7PY,diff,0.6794017159311277,0.5013691265161854,0.17803258941494238
2ETM-7PY,gradcam,0.4940110543051719,0.5013691265161854,-0.007358072211013478
2ETM-7PY,gradinput,0.4845434957199663,0.5013691265161854,-0.01682563079621907
2ETM-7PY,ig,0.6185700443347504,0.5013691265161854,0.11720091781856501
2ETM-7PY,shap,0.526977355977356,0.5013691265161854,0.025608229461170584
2EUF-LQQ,cam,0.4972217127696255,0.4987360046550182,-0.0015142918853927045
2EUF-LQQ,diff,0.6278303430577558,0.4987360046550182,0.12909433840273754
2EUF-LQQ,gradcam,0.5312724031242457,0.4987360046550182,0.03253639846922751
2EUF-LQQ,gradinput,0.5618787131270486,0.4987360046550182,0.0631427084720304
2EUF-LQQ,ig,0.5989063526270574,0.4987360046550182,0.10017034797203916
2EUF-LQQ,shap,0.5283445763471314,0.4987360046550182,0.029608571692113173
2F3E-AXQ,cam,0.5047916666666666,0.4936715361879835,0.011120130478683155
2F3E-AXQ,diff,0.6290467555105714,0.4936715361879835,0.13537521932258795
2F3E-AXQ,gradcam,0.5626082032003084,0.4936715361879835,0.06893666701232487
2F3E-AXQ,gradinput,0.5643129786879786,0.4936715361879835,0.0706414424999951
2F3E-AXQ,ig,0.5843403033370139,0.4936715361879835,0.09066876714903044
2F3E-AXQ,shap,0.5228206588732904,0.4936715361879835,0.02914912268530695
2F89-210,cam,0.4952380952380952,0.510784603403651,-0.01554650816555575
2F89-210,diff,0.541857005428434,0.510784603403651,0.031072402024783008
2F89-210,gradcam,0.40573421287707,0.510784603403651,-0.10505039052658094
2F89-210,gradinput,0.4149591149591149,0.510784603403651,-0.09582548844453603
2F89-210,ig,0.5272844087129801,0.510784603403651,0.016499805309329152
2F89-210,shap,0.5116326530612244,0.510784603403651,0.0008480496575734575
2F8C-ZOL,cam,0.2205882352941176,0.5211802630920278,-0.30059202779791017
2F8C-ZOL,diff,0.6012791538526833,0.5211802630920278,0.08009889076065546
2F8C-ZOL,gradcam,0.5015240070387129,0.5211802630920278,-0.01965625605331489
2F8C-ZOL,gradinput,0.7616707638766461,0.5211802630920278,0.2404905007846183
2F8C-ZOL,ig,0.6451268094650446,0.5211802630920278,0.12394654637301683
2F8C-ZOL,shap,0.4874859617506677,0.5211802630920278,-0.03369430134136009
2FME-3QC,cam,0.5094339622641509,0.44227313566936194,0.067160826594789
2FME-3QC,diff,0.526774483378257,0.44227313566936194,0.08450134770889511
2FME-3QC,gradcam,0.6557053009883199,0.44227313566936194,0.21343216531895798
2FME-3QC,gradinput,0.5859389038634322,0.44227313566936194,0.14366576819407023
2FME-3QC,ig,0.6220575022461814,0.44227313566936194,0.17978436657681945
2FME-3QC,shap,0.5265498652291105,0.44227313566936194,0.08427672955974858
2FPT-ILB,cam,0.5212765957446809,0.5043538219070135,0.016922773837667382
2FPT-ILB,diff,0.5146361026680176,0.5043538219070135,0.010282280761004126
2FPT-ILB,gradcam,0.5679373522458628,0.5043538219070135,0.06358353033884934
2FPT-ILB,gradinput,0.6060579196217495,0.5043538219070135,0.10170409771473599
2FPT-ILB,ig,0.4835824045930429,0.5043538219070135,-0.020771417313970586
2FPT-ILB,shap,0.4920845997973658,0.5043538219070135,-0.012269222109647704
2FWZ-H71,cam,0.5038639876352395,0.5072760172451053,-0.003412029609865752
2FWZ-H71,diff,0.5424534121211092,0.5072760172451053,0.03517739487600391
2FWZ-H71,gradcam,0.546901196862557,0.5072760172451053,0.03962517961745171
2FWZ-H71,gradinput,0.4871896693380464,0.5072760172451053,-0.020086347907058877
2FWZ-H71,ig,0.5143547162094303,0.5072760172451053,0.007078698964325003
2FWZ-H71,shap,0.5280927384482252,0.5072760172451053,0.020816721203119948
2G19-4HG,cam,0.5106382978723404,0.5055820164862718,0.005056281386068617
2G19-4HG,diff,0.662805722646148,0.5055820164862718,0.15722370615987624
2G19-4HG,gradcam,0.5881640522597971,0.5055820164862718,0.0825820357735253
2G19-4HG,gradinput,0.466266771054005,0.5055820164862718,-0.03931524543226678
2G19-4HG,ig,0.597618368629007,0.5055820164862718,0.0920363521427352
2G19-4HG,shap,0.5137026980112086,0.5055820164862718,0.008120681524936835
2G1R-3IG,cam,0.5049239537494572,0.4975072454883796,0.007416708261077598
2G1R-3IG,diff,0.542545492886145,0.4975072454883796,0.04503824739776535
2G1R-3IG,gradcam,0.5189847430072115,0.4975072454883796,0.021477497518831934
2G1R-3IG,gradinput,0.4958172358511453,0.4975072454883796,-0.0016900096372343132
2G1R-3IG,ig,0.5559958997564526,0.4975072454883796,0.05848865426807298
2G1R-3IG,shap,0.500945266104094,0.4975072454883796,0.0034380206157143545
2GM1-2AZ,cam,0.5050430189965074,0.48956730177660407,0.015475717219903318
2GM1-2AZ,diff,0.7080067864951586,0.48956730177660407,0.2184394847185545
2GM1-2AZ,gradcam,0.7058033052219098,0.48956730177660407,0.21623600344530575
2GM1-2AZ,gradinput,0.6917781185223045,0.48956730177660407,0.20221081674570046
2GM1-2AZ,ig,0.7072472101541869,0.48956730177660407,0.21767990837758283
2GM1-2AZ,shap,0.5324324899906295,0.48956730177660407,0.04286518821402546
2H8H-H8H,cam,0.510752688172043,0.4964230214230214,0.014329666749021586
2H8H-H8H,diff,0.5651685530717788,0.4964230214230214,0.06874553164875741
2H8H-H8H,gradcam,0.5360954606922349,0.4964230214230214,0.03967243926921349
2H8H-H8H,gradinput,0.5312592723883046,0.4964230214230214,0.0348362509652832
2H8H-H8H,ig,0.578544454350906,0.4964230214230214,0.08212143292788454
2H8H-H8H,shap,0.5224350171930817,0.4964230214230214,0.026011995770060303
2HXL-422,cam,0.5377232142857143,0.49512329395141896,0.04259992033429538
2HXL-422,diff,0.6779671717171716,0.49512329395141896,0.18284387776575262
2HXL-422,gradcam,0.668951231060606,0.49512329395141896,0.1738279371091871
2HXL-422,gradinput,0.5867119859307359,0.49512329395141896,0.09158869197931696
2HXL-422,ig,0.723434117965368,0.49512329395141896,0.2283108240139491
2HXL-422,shap,0.5998331529581529,0.49512329395141896,0.10470985900673391
2HYY-STI,cam,0.5042345191040843,0.5003554576322109,0.003879061471873446
2HYY-STI,diff,0.5625876559763354,0.5003554576322109,0.06223219834412452
2HYY-STI,gradcam,0.4828298278425482,0.5003554576322109,-0.01752562978966271
2HYY-STI,gradinput,0.53792817890893,0.5003554576322109,0.03757272127671907
2HYY-STI,ig,0.4578626779137614,0.5003554576322109,-0.0424927797184495
2HYY-STI,shap,0.525860720649656,0.5003554576322109,0.025505263017445157
2ICA-2IC,cam,0.5,0.4865156668728097,0.013484333127190273
2ICA-2IC,diff,0.6813234384662957,0.4865156668728097,0.194807771593486
2ICA-2IC,gradcam,0.5404085497835497,0.4865156668728097,0.05389288291073996
2ICA-2IC,gradinput,0.6036100803957947,0.4865156668728097,0.11709441352298494
2ICA-2IC,ig,0.5681612038754896,0.4865156668728097,0.0816455370026799
2ICA-2IC,shap,0.5495754741290455,0.4865156668728097,0.06305980725623578
2ITW-STO,cam,0.4936708860759494,0.4886395064354856,0.005031379640463796
2ITW-STO,diff,0.7126582278481013,0.4886395064354856,0.2240187214126157
2ITW-STO,gradcam,0.7300508811119384,0.4886395064354856,0.2414113746764528
2ITW-STO,gradinput,0.6394957983193277,0.4886395064354856,0.1508562918838421
2ITW-STO,ig,0.4844780106135281,0.4886395064354856,-0.004161495821957517
2ITW-STO,shap,0.5440213216088122,0.4886395064354856,0.05538181517332663
2J5F-DJK,cam,0.5161628650801682,0.4995365250837103,0.01662633999645785
2J5F-DJK,diff,0.6549005672714918,0.4995365250837103,0.1553640421877815
2J5F-DJK,gradcam,0.5555314022108311,0.4995365250837103,0.05599487712712076
2J5F-DJK,gradinput,0.5232963084971844,0.4995365250837103,0.023759783413474123
2J5F-DJK,ig,0.5599308411880819,0.4995365250837103,0.06039431610437157
2J5F-DJK,shap,0.5313804997279794,0.4995365250837103,0.03184397464426908
2J6M-AEE,cam,0.3636363636363636,0.49175084175084177,-0.12811447811447818
2J6M-AEE,diff,0.7414141414141414,0.49175084175084177,0.24966329966329964
2J6M-AEE,gradcam,0.406060606060606,0.49175084175084177,-0.08569023569023576
2J6M-AEE,gradinput,0.2696969696969697,0.49175084175084177,-0.22205387205387206
2J6M-AEE,ig,0.4323232323232323,0.49175084175084177,-0.059427609427609496
2J6M-AEE,shap,0.5669191919191919,0.49175084175084177,0.07516835016835016
2JBO-P4O,cam,0.5160892790594986,0.501790465426829,0.014298813632669605
2JBO-P4O,diff,0.4484531012352328,0.501790465426829,-0.05333736419159624
2JBO-P4O,gradcam,0.4663041503950595,0.501790465426829,-0.03548631503176952
2JBO-P4O,gradinput,0.3732650447775839,0.501790465426829,-0.12852542064924516
2JBO-P4O,ig,0.4581406054760286,0.501790465426829,-0.04364985995080045
2JBO-P4O,shap,0.5102036547569462,0.501790465426829,0.008413189330117143
2OAG-DLI,cam,0.5079365079365079,0.5289631003916718,-0.021026592455163917
2OAG-DLI,diff,0.7328403078403077,0.5289631003916718,0.2038772074486359
2OAG-DLI,gradcam,0.5632996632996633,0.5289631003916718,0.034336562907991475
2OAG-DLI,gradinput,0.5479683455873933,0.5289631003916718,0.019005245195721443
2OAG-DLI,ig,0.5750847477037954,0.5289631003916718,0.04612164731212354
2OAG-DLI,shap,0.5626652007604389,0.5289631003916718,0.033702100368767085
2OJ9-BMI,cam,0.5337362987766571,0.49634715802994517,0.0373891407467119
2OJ9-BMI,diff,0.6721623139180952,0.49634715802994517,0.17581515588815005
2OJ9-BMI,gradcam,0.5877215788080133,0.49634715802994517,0.09137442077806818
2OJ9-BMI,gradinput,0.572948017191504,0.49634715802994517,0.07660085916155884
2OJ9-BMI,ig,0.6027151826830909,0.49634715802994517,0.10636802465314571
2OJ9-BMI,shap,0.5263080853942198,0.49634715802994517,0.029960927364274637
2P4I-MR9,cam,0.4864864864864865,0.49255255834203204,-0.0060660718555455295
2P4I-MR9,diff,0.625286796339428,0.49255255834203204,0.13273423799739592
2P4I-MR9,gradcam,0.380307838202575,0.49255255834203204,-0.11224472013945702
2P4I-MR9,gradinput,0.4082789266999794,0.49255255834203204,-0.08427363164205265
2P4I-MR9,ig,0.6164172993120361,0.49255255834203204,0.1238647409700041
2P4I-MR9,shap,0.5625012375012375,0.49255255834203204,0.06994867915920544
2P4J-23I,cam,0.5233627452105302,0.49753772926869116,0.025825015941839002
2P4J-23I,diff,0.57972660628406,0.49753772926869116,0.08218887701536887
2P4J-23I,gradcam,0.5522747120576597,0.49753772926869116,0.05473698278896849
2P4J-23I,gradinput,0.5759968205911142,0.49753772926869116,0.07845909132242307
2P4J-23I,ig,0.5512458068296987,0.49753772926869116,0.05370807756100754
2P4J-23I,shap,0.508279795997238,0.49753772926869116,0.010742066728546884
2PHB-230,cam,0.5,0.5093970932599896,-0.009397093259989608
2PHB-230,diff,0.5496347177815364,0.5093970932599896,0.04023762452154678
2PHB-230,gradcam,0.5085625536136639,0.5093970932599896,-0.0008345396463257382
2PHB-230,gradinput,0.5457068360746166,0.5093970932599896,0.036309742814626955
2PHB-230,ig,0.6315684794873703,0.5093970932599896,0.12217138622738066
2PHB-230,shap,0.4907617335068761,0.5093970932599896,-0.018635359753113534
2PZY-B18,cam,0.4993707842545051,0.4938603951707847,0.005510389083720368
2PZY-B18,diff,0.6294516751425095,0.4938603951707847,0.13559127997172482
2PZY-B18,gradcam,0.4925894495607938,0.4938603951707847,-0.0012709456099909144
2PZY-B18,gradinput,0.3958025137830199,0.4938603951707847,-0.09805788138776483
2PZY-B18,ig,0.5610819098961694,0.4938603951707847,0.06722151472538462
2PZY-B18,shap,0.5499384466962227,0.4938603951707847,0.05607805152543799
2Q59-240,cam,0.5,0.5083520885245023,-0.00835208852450231
2Q59-240,diff,0.4560871360440325,0.5083520885245023,-0.052264952480469806
2Q59-240,gradcam,0.4876660695626213,0.5083520885245023,-0.020686018961880992
2Q59-240,gradinput,0.5625318527258184,0.5083520885245023,0.054179764201316094
2Q59-240,ig,0.5288611173309449,0.5083520885245023,0.020509028806442564
2Q59-240,shap,0.5075297906116872,0.5083520885245023,-0.0008222979128150731
2Q8S-L92,cam,0.5,0.4710648148148147,0.028935185185185286
2Q8S-L92,diff,0.8583333333333334,0.4710648148148147,0.3872685185185187
2Q8S-L92,gradcam,0.6333333333333333,0.4710648148148147,0.1622685185185186
2Q8S-L92,gradinput,0.6305555555555555,0.4710648148148147,0.15949074074074082
2Q8S-L92,ig,0.5437500000000001,0.4710648148148147,0.07268518518518535
2Q8S-L92,shap,0.55625,0.4710648148148147,0.08518518518518531
2QN1-0AS,cam,0.5722085813492063,0.4951090315934066,0.07709954975579969
2QN1-0AS,diff,0.6203872863247863,0.4951090315934066,0.12527825473137977
2QN1-0AS,gradcam,0.628764165521978,0.4951090315934066,0.13365513392857142
2QN1-0AS,gradinput,0.5146805364774115,0.4951090315934066,0.019571504884004942
2QN1-0AS,ig,0.659806881486569,0.4951090315934066,0.16469784989316238
2QN1-0AS,shap,0.555306394993895,0.4951090315934066,0.060197363400488424
2QU2-251,cam,0.6363636363636364,0.4804003656276383,0.15596327073599803
2QU2-251,diff,0.7676951836042745,0.4804003656276383,0.28729481797663614
2QU2-251,gradcam,0.6870108006471642,0.4804003656276383,0.20661043501952592
2QU2-251,gradinput,0.674933694251876,0.4804003656276383,0.19453332862423767
2QU2-251,ig,0.8480328173509992,0.4804003656276383,0.3676324517233609
2QU2-251,shap,0.5251438376438377,0.4804003656276383,0.044743472016199326
2R3R-6SC,cam,0.5,0.5110015995520197,-0.011001599552019736
2R3R-6SC,diff,0.6364030832321274,0.5110015995520197,0.12540148368010762
2R3R-6SC,gradcam,0.3326126881405242,0.5110015995520197,-0.17838891141149554
2R3R-6SC,gradinput,0.3439864349003004,0.5110015995520197,-0.16701516465171934
2R3R-6SC,ig,0.4307487869856567,0.5110015995520197,-0.08025281256636302
2R3R-6SC,shap,0.5127805434528124,0.5110015995520197,0.0017789439007926955
2R64-740,cam,0.6574074074074073,0.5158619929453262,0.14154541446208113
2R64-740,diff,0.6715388007054673,0.5158619929453262,0.15567680776014114
2R64-740,gradcam,0.6712962962962963,0.5158619929453262,0.15543430335097008
2R64-740,gradinput,0.4634259259259259,0.5158619929453262,-0.05243606701940029
2R64-740,ig,0.7035493827160493,0.5158619929453262,0.18768738977072308
2R64-740,shap,0.5228284832451497,0.5158619929453262,0.006966490299823547
2RGU-356,cam,0.5867091972549631,0.5006649265975491,0.08604427065741393
2RGU-356,diff,0.6432008780915277,0.5006649265975491,0.14253595149397857
2RGU-356,gradcam,0.5810468388719363,0.5006649265975491,0.08038191227438718
2RGU-356,gradinput,0.582871296738352,0.5006649265975491,0.0822063701408029
2RGU-356,ig,0.5334425714583337,0.5006649265975491,0.032777644860784605
2RGU-356,shap,0.5199139585004036,0.5006649265975491,0.01924903190285443
2TCL-RO4,cam,0.5302013422818792,0.5094239218400293,0.020777420441849936
2TCL-RO4,diff,0.6826318256687383,0.5094239218400293,0.173207903828709
2TCL-RO4,gradcam,0.6081312889198796,0.5094239218400293,0.09870736707985028
2TCL-RO4,gradinput,0.489566017502259,0.5094239218400293,-0.019857904337770294
2TCL-RO4,ig,0.7358157223090108,0.5094239218400293,0.22639180046898155
2TCL-RO4,shap,0.5532226628703139,0.5094239218400293,0.04379874103028458
2UWL-895,cam,0.5304772956088746,0.5052362504745761,0.02524104513429848
2UWL-895,diff,0.653470639267853,0.5052362504745761,0.14823438879327688
2UWL-895,gradcam,0.6000580260884053,0.5052362504745761,0.0948217756138292
2UWL-895,gradinput,0.5049164858762382,0.5052362504745761,-0.0003197645983379349
2UWL-895,ig,0.5582527857634281,0.5052362504745761,0.053016535288851974
2UWL-895,shap,0.5223212939737707,0.5052362504745761,0.017085043499194597
2V0M-KKK,cam,0.5,0.5330921257391846,-0.03309212573918463
2V0M-KKK,diff,0.8924214130096484,0.5330921257391846,0.35932928727046376
2V0M-KKK,gradcam,0.5,0.5330921257391846,-0.03309212573918463
2V0M-KKK,gradinput,0.6202251270878721,0.5330921257391846,0.08713300134868751
2V0M-KKK,ig,0.5923021060275963,0.5330921257391846,0.05920998028841162
2V0M-KKK,shap,0.4682254383234776,0.5330921257391846,-0.064866687415707
2V0Z-C41,cam,0.5829940259839398,0.5046892602727345,0.07830476571120526
2V0Z-C41,diff,0.6457946969663673,0.5046892602727345,0.14110543669363274
2V0Z-C41,gradcam,0.5408638725653955,0.5046892602727345,0.036174612292660946
2V0Z-C41,gradinput,0.453966224166597,0.5046892602727345,-0.05072303610613754
2V0Z-C41,ig,0.5353239858542146,0.5046892602727345,0.03063472558148006
2VCI-2GJ,cam,0.4974969474969474,0.5184789099120884,-0.020981962415141053
2VCI-2GJ,diff,0.5235855463383843,0.5184789099120884,0.00510663642629583
2VCI-2GJ,gradcam,0.5503433336624771,0.5184789099120884,0.03186442375038867
2VCI-2GJ,gradinput,0.4471544823712006,0.5184789099120884,-0.07132442754088786
2VCI-2GJ,ig,0.637609508845319,0.5184789099120884,0.11913059893323052
2VCI-2GJ,shap,0.512197380363015,0.5184789099120884,-0.006281529549073461
2VCJ-2EQ,cam,0.4545454545454545,0.4851447163947164,-0.030599261849261927
2VCJ-2EQ,diff,0.5823398823398823,0.4851447163947164,0.09719516594516592
2VCJ-2EQ,gradcam,0.6621711621711621,0.4851447163947164,0.17702644577644572
2VCJ-2EQ,gradinput,0.677813159063159,0.4851447163947164,0.19266844266844257
2VCJ-2EQ,ig,0.7505362692862693,0.4851447163947164,0.26539155289155286
2VCJ-2EQ,shap,0.5152309496059496,0.4851447163947164,0.030086233211233215
2VV9-IM9,cam,0.5177448477448477,0.4926079373301595,0.02513691041468824
2VV9-IM9,diff,0.6402567031733698,0.4926079373301595,0.1476487658432103
2VV9-IM9,gradcam,0.541381519714853,0.4926079373301595,0.04877358238469354
2VV9-IM9,gradinput,0.4658920400587067,0.4926079373301595,-0.026715897271452793
2VV9-IM9,ig,0.5332577453410787,0.4926079373301595,0.04064980801091922
2VV9-IM9,shap,0.5135544856378189,0.4926079373301595,0.020946548307659407
2W26-RIV,cam,0.5634025964212633,0.4966546862334149,0.06674791018784842
2W26-RIV,diff,0.5883140543021245,0.4966546862334149,0.09165936806870956
2W26-RIV,gradcam,0.51289980405597,0.4966546862334149,0.01624511782255511
2W26-RIV,gradinput,0.5703154205910311,0.4966546862334149,0.07366073435761622
2W26-RIV,ig,0.6025287116538148,0.4966546862334149,0.10587402542039992
2W26-RIV,shap,0.5136017233579345,0.4966546862334149,0.016947037124519615
2W8Y-NDR,cam,0.4714285714285714,0.4484051398337113,0.023023431594860144
2W8Y-NDR,diff,0.6539569160997732,0.4484051398337113,0.20555177626606197
2W8Y-NDR,gradcam,0.5975113378684808,0.4484051398337113,0.1491061980347695
2W8Y-NDR,gradinput,0.5478231292517006,0.4484051398337113,0.09941798941798935
2W8Y-NDR,ig,0.516422902494331,0.4484051398337113,0.06801776266061971
2W8Y-NDR,shap,0.510124716553288,0.4484051398337113,0.061719576719576674
2WEY-EV1,cam,0.5318766360840724,0.5141042448527772,0.01777239123129526
2WEY-EV1,diff,0.6166638074906177,0.5141042448527772,0.1025595626378405
2WEY-EV1,gradcam,0.4932122454627347,0.5141042448527772,-0.020891999390042493
2WEY-EV1,gradinput,0.5181731700567317,0.5141042448527772,0.004068925203954521
2WEY-EV1,ig,0.5543215210534193,0.5141042448527772,0.04021727620064208
2WEY-EV1,shap,0.5166278030514821,0.5141042448527772,0.0025235581987049782
2WIH-P48,cam,0.5076821599508734,0.498813945664345,0.008868214286528397
2WIH-P48,diff,0.6374218211485567,0.498813945664345,0.13860787548421172
2WIH-P48,gradcam,0.5341119845801346,0.498813945664345,0.03529803891578964
2WIH-P48,gradinput,0.441963382219819,0.498813945664345,-0.05685056344452599
2WIH-P48,ig,0.5067829633168653,0.498813945664345,0.007969017652520338
2WIH-P48,shap,0.5254063553554469,0.498813945664345,0.02659240969110188
2WOG-ZZD,cam,0.558974358974359,0.46683557183557184,0.09213878713878715
2WOG-ZZD,diff,0.6251526251526252,0.46683557183557184,0.1583170533170533
2WOG-ZZD,gradcam,0.6943956043956043,0.46683557183557184,0.2275600325600325
2WOG-ZZD,gradinput,0.5957570207570207,0.46683557183557184,0.1289214489214489
2WOG-ZZD,ig,0.4622832722832723,0.46683557183557184,-0.004552299552299521
2WOG-ZZD,shap,0.5428449328449328,0.46683557183557184,0.07600936100936101
2X6D-X6D,cam,0.5091463414634146,0.49423448283742394,0.014911858625990704
2X6D-X6D,diff,0.6466591034403983,0.49423448283742394,0.1524246206029744
2X6D-X6D,gradcam,0.5559195566907188,0.49423448283742394,0.06168507385329486
2X6D-X6D,gradinput,0.5339362504624341,0.49423448283742394,0.039701767625010154
2X6D-X6D,ig,0.6085281951628795,0.49423448283742394,0.11429371232545554
2X6D-X6D,shap,0.4915888327159848,0.49423448283742394,-0.002645650121439136
2X8D-X8D,cam,0.4974619289340101,0.49434183977331186,0.003120089160698225
2X8D-X8D,diff,0.6795006319117994,0.49434183977331186,0.18515879213848757
2X8D-X8D,gradcam,0.6140028682541373,0.49434183977331186,0.11966102848082544
2X8D-X8D,gradinput,0.5500031764625674,0.49434183977331186,0.05566133668925549
2X8D-X8D,ig,0.619615832559995,0.49434183977331186,0.1252739927866831
2X8D-X8D,shap,0.5187478483163762,0.49434183977331186,0.02440600854306435
2XB7-GUI,cam,0.530169480496631,0.4993705736272302,0.030798906869400844
2XB7-GUI,diff,0.5545800078656097,0.4993705736272302,0.055209434238379484
2XB7-GUI,gradcam,0.518194929323877,0.4993705736272302,0.01882435569664681
2XB7-GUI,gradinput,0.5345414949973286,0.4993705736272302,0.03517092137009842
2XB7-GUI,ig,0.5474614590504002,0.4993705736272302,0.04809088542317003
2XB7-GUI,shap,0.508741353913204,0.4993705736272302,0.009370780285973768
2Y0J-AXC,cam,0.5909090909090909,0.4766263478384691,0.11428274307062186
2Y0J-AXC,diff,0.6005254425708971,0.4766263478384691,0.12389909473242805
2Y0J-AXC,gradcam,0.6675225027497754,0.4766263478384691,0.19089615491130635
2Y0J-AXC,gradinput,0.5805054373236191,0.4766263478384691,0.10387908948515007
2Y0J-AXC,ig,0.586673175309539,0.4766263478384691,0.11004682747106992
2Y0J-AXC,shap,0.516252896934715,0.4766263478384691,0.03962654909624591
2YAC-937,cam,0.4963924480403322,0.4970843276420461,-0.0006918796017138518
2YAC-937,diff,0.5622010029868632,0.4970843276420461,0.06511667534481708
2YAC-937,gradcam,0.4483536932522697,0.4970843276420461,-0.04873063438977637
2YAC-937,gradinput,0.4920887036608437,0.4970843276420461,-0.004995623981202402
2YAC-937,ig,0.5778749446994602,0.4970843276420461,0.08079061705741414
2YAC-937,shap,0.5217137388493672,0.4970843276420461,0.02462941120732115
2YDI-YDI,cam,0.5300517951833741,0.49240078066832443,0.03765101451504965
2YDI-YDI,diff,0.5108750046250047,0.49240078066832443,0.018474223956680247
2YDI-YDI,gradcam,0.5279779552805868,0.49240078066832443,0.03557717461226234
2YDI-YDI,gradinput,0.5360462636778426,0.49240078066832443,0.04364548300951815
2YDI-YDI,ig,0.4760752648910543,0.49240078066832443,-0.01632551577727015
2YDI-YDI,shap,0.4773208881761514,0.49240078066832443,-0.015079892492173008
2YDK-YDK,cam,0.566435102719392,0.5118691182282205,0.05456598449117156
2YDK-YDK,diff,0.6731743042216858,0.5118691182282205,0.16130518599346533
2YDK-YDK,gradcam,0.4257212723546888,0.5118691182282205,-0.08614784587353164
2YDK-YDK,gradinput,0.5060239358867787,0.5118691182282205,-0.0058451823414417126
2YDK-YDK,ig,0.5840117765304798,0.5118691182282205,0.0721426583022593
2YDK-YDK,shap,0.5048565039836861,0.5118691182282205,-0.007012614244534365
2YM8-YM8,cam,0.4705882352941176,0.5179271708683474,-0.0473389355742298
2YM8-YM8,diff,0.5554271708683474,0.5179271708683474,0.03749999999999998
2YM8-YM8,gradcam,0.4830532212885154,0.5179271708683474,-0.034873949579831975
2YM8-YM8,gradinput,0.4489145658263305,0.5179271708683474,-0.0690126050420169
2YM8-YM8,ig,0.5345588235294118,0.5179271708683474,0.016631652661064367
2YM8-YM8,shap,0.6742997198879552,0.5179271708683474,0.15637254901960784
2YWP-A42,cam,0.5759842720955143,0.499964933537846,0.07601933855766829
2YWP-A42,diff,0.6162436340739494,0.499964933537846,0.11627870053610345
2YWP-A42,gradcam,0.5841588249098139,0.499964933537846,0.08419389137196787
2YWP-A42,gradinput,0.5775957597951556,0.499964933537846,0.07763082625730966
2YWP-A42,ig,0.5236191006106545,0.499964933537846,0.02365416707280854
2YWP-A42,shap,0.538595073398617,0.499964933537846,0.03863013986077102
3A2C-PDY,cam,0.501937984496124,0.5182795563609517,-0.016341571864827653
3A2C-PDY,diff,0.6785076680425517,0.5182795563609517,0.1602281116816
3A2C-PDY,gradcam,0.5804917950266787,0.5182795563609517,0.062212238665727004
3A2C-PDY,gradinput,0.5532773750797008,0.5182795563609517,0.034997818718749074
3A2C-PDY,ig,0.6449872478942246,0.5182795563609517,0.12670769153327288
3A2C-PDY,shap,0.5752013490385584,0.5182795563609517,0.056921792677606664
3AOX-EMH,cam,0.511900165974375,0.5021543515521724,0.009745814422202681
3AOX-EMH,diff,0.5817118205701244,0.5021543515521724,0.07955746901795202
3AOX-EMH,gradcam,0.5711958849466731,0.5021543515521724,0.0690415333945007
3AOX-EMH,gradinput,0.5429881698623693,0.5021543515521724,0.040833818310196945
3AOX-EMH,ig,0.5785266371864835,0.5021543515521724,0.07637228563431109
3AOX-EMH,shap,0.5368932112903294,0.5021543515521724,0.034738859738157046
3ARN-MSJ,cam,0.4705882352941176,0.5321973233737939,-0.0616090880796763
3ARN-MSJ,diff,0.7200863678804855,0.5321973233737939,0.18788904450669164
3ARN-MSJ,gradcam,0.687453314659197,0.5321973233737939,0.15525599128540313
3ARN-MSJ,gradinput,0.5778244631185807,0.5321973233737939,0.04562713974478683
3ARN-MSJ,ig,0.8398692810457516,0.5321973233737939,0.30767195767195776
3ARN-MSJ,shap,0.5230859010270775,0.5321973233737939,-0.009111422346716358
3AYK-CGS,cam,0.4839593459761527,0.4919555785890741,-0.007996232612921428
3AYK-CGS,diff,0.6103756254884075,0.4919555785890741,0.11842004689933339
3AYK-CGS,gradcam,0.4679702672382902,0.4919555785890741,-0.02398531135078391
3AYK-CGS,gradinput,0.5318021551236942,0.4919555785890741,0.03984657653462009
3AYK-CGS,ig,0.5173254492162055,0.4919555785890741,0.025369870627131363
3AYK-CGS,shap,0.4654884187347699,0.4919555785890741,-0.0264671598543042
3BZ3-YAM,cam,0.4918032786885246,0.48242233878050755,0.009380939908017027
3BZ3-YAM,diff,0.5981515164697929,0.48242233878050755,0.11572917768928537
3BZ3-YAM,gradcam,0.6699431077812542,0.48242233878050755,0.18752076900074666
3BZ3-YAM,gradinput,0.6391494987330646,0.48242233878050755,0.15672715995255704
3BZ3-YAM,ig,0.6562862146453478,0.48242233878050755,0.1738638758648402
3BZ3-YAM,shap,0.5227312250252919,0.48242233878050755,0.04030888624478435
3CHO-4BG,cam,0.5052631578947369,0.5029525834788993,0.0023105744158375963
3CHO-4BG,diff,0.5214730006835271,0.5029525834788993,0.018520417204627826
3CHO-4BG,gradcam,0.6034761145287463,0.5029525834788993,0.10052353104984701
3CHO-4BG,gradinput,0.4071834890255943,0.5029525834788993,-0.09576909445330495
3CHO-4BG,ig,0.5676471481734641,0.5029525834788993,0.0646945646945648
3CHO-4BG,shap,0.5641615402141719,0.5029525834788993,0.0612089567352726
3D4Q-SM5,cam,0.5076923076923077,0.4938617555284222,0.013830552163885457
3D4Q-SM5,diff,0.5413105413105413,0.4938617555284222,0.04744878578211914
3D4Q-SM5,gradcam,0.278966218966219,0.4938617555284222,-0.21489553656220323
3D4Q-SM5,gradinput,0.4077391127391128,0.4938617555284222,-0.08612264278930942
3D4Q-SM5,ig,0.5297964997964998,0.4938617555284222,0.03593474426807758
3D4Q-SM5,shap,0.5394078144078145,0.4938617555284222,0.04554605887939228
3DBS-GD9,cam,0.5,0.49778684856809857,0.002213151431901428
3DBS-GD9,diff,0.669009983072483,0.49778684856809857,0.17122313450438448
3DBS-GD9,gradcam,0.6145270528083028,0.49778684856809857,0.1167402042402042
3DBS-GD9,gradinput,0.7172190656565657,0.49778684856809857,0.2194322170884671
3DBS-GD9,ig,0.6069805194805195,0.49778684856809857,0.10919367091242088
3DBS-GD9,shap,0.5470395923520923,0.49778684856809857,0.049252743783993747
3DD0-EZL,cam,0.4782608695652174,0.48015873015873006,-0.001897860593512657
3DD0-EZL,diff,0.7629917184265012,0.48015873015873006,0.2828329882677711
3DD0-EZL,gradcam,0.4710144927536232,0.48015873015873006,-0.009144237405106836
3DD0-EZL,gradinput,0.4921325051759834,0.48015873015873006,0.01197377501725333
3DD0-EZL,ig,0.5298826777087647,0.48015873015873006,0.049723947550034675
3DD0-EZL,shap,0.6439958592132504,0.48015873015873006,0.16383712905452036
3DUY-AFJ,cam,0.515862567310738,0.5097168261444651,0.006145741166272867
3DUY-AFJ,diff,0.4625550676778725,0.5097168261444651,-0.047161758466592596
3DUY-AFJ,gradcam,0.5253546256430778,0.5097168261444651,0.01563779949861266
3DUY-AFJ,gradinput,0.4614317111022918,0.5097168261444651,-0.04828511504217331
3DUY-AFJ,ig,0.5950668674943744,0.5097168261444651,0.08535004134990931
3DUY-AFJ,shap,0.5090385558436769,0.5097168261444651,-0.000678270300788264
3DV3-MEK,cam,0.593491594705187,0.4862194080640683,0.10727218664111865
3DV3-MEK,diff,0.5742343955936189,0.4862194080640683,0.08801498752955056
3DV3-MEK,gradcam,0.5610243855389486,0.4862194080640683,0.0748049774748803
3DV3-MEK,gradinput,0.5824339091329384,0.4862194080640683,0.09621450106887003
3DV3-MEK,ig,0.5951138667158085,0.4862194080640683,0.10889445865174013
3DV3-MEK,shap,0.5497385570201103,0.4862194080640683,0.063519148956042
3E32-ED2,cam,0.5029411764705882,0.4593888818153524,0.0435522946552358
3E32-ED2,diff,0.5610262286732874,0.4593888818153524,0.10163734685793502
3E32-ED2,gradcam,0.7315826330532214,0.4593888818153524,0.27219375123786893
3E32-ED2,gradinput,0.7356617647058824,0.4593888818153524,0.27627288289053
3E32-ED2,ig,0.446816378066378,0.4593888818153524,-0.01257250374897445
3E32-ED2,shap,0.4522833375774552,0.4593888818153524,-0.007105544237897221
3E37-ED5,cam,0.4981883075810969,0.5267425332415844,-0.028554225660487487
3E37-ED5,diff,0.7413462407295425,0.5267425332415844,0.2146037074879581
3E37-ED5,gradcam,0.6257753473597877,0.5267425332415844,0.0990328141182033
3E37-ED5,gradinput,0.6396240382008882,0.5267425332415844,0.11288150495930382
3E37-ED5,ig,0.6674619972058302,0.5267425332415844,0.14071946396424584
3E37-ED5,shap,0.5941405842734117,0.5267425332415844,0.06739805103182728
3EID-PO5,cam,0.4736842105263157,0.49983006759322546,-0.02614585706690975
3EID-PO5,diff,0.6518967874231032,0.49983006759322546,0.15206671982987774
3EID-PO5,gradcam,0.499074390521759,0.49983006759322546,-0.000755677071466454
3EID-PO5,gradinput,0.5408806106174527,0.49983006759322546,0.04105054302422728
3EID-PO5,ig,0.6437799043062201,0.49983006759322546,0.14394983671299466
3EID-PO5,shap,0.4494218500797448,0.49983006759322546,-0.05040821751348068
3EJ1-5BP,cam,0.553968253968254,0.5042338676692418,0.04973438629901217
3EJ1-5BP,diff,0.5597522847522848,0.5042338676692418,0.05551841708304295
3EJ1-5BP,gradcam,0.553735115980014,0.5042338676692418,0.04950124831077218
3EJ1-5BP,gradinput,0.5080678014351484,0.5042338676692418,0.003833933765906572
3EJ1-5BP,ig,0.5530992627931404,0.5042338676692418,0.048865395123898536
3EJ1-5BP,shap,0.5464239086688066,0.5042338676692418,0.042190040999564804
3ELM-24F,cam,0.508,0.48681246901246905,0.021187530987530956
3ELM-24F,diff,0.4856632811632811,0.48681246901246905,-0.0011491878491879381
3ELM-24F,gradcam,0.5311806859806859,0.48681246901246905,0.044368216968216856
3ELM-24F,gradinput,0.4118185703185704,0.48681246901246905,-0.07499389869389866
3ELM-24F,ig,0.5848427572427572,0.48681246901246905,0.0980302882302882
3ELM-24F,shap,0.5349432456432457,0.48681246901246905,0.04813077663077664
3EQM-ASD,cam,0.4888153053715968,0.5157938843921184,-0.026978579020521587
3EQM-ASD,diff,0.7132270752303865,0.5157938843921184,0.19743319083826816
3EQM-ASD,gradcam,0.6146571358491888,0.5157938843921184,0.09886325145707042
3EQM-ASD,gradinput,0.4677472055783314,0.5157938843921184,-0.04804667881378699
3EQM-ASD,ig,0.5570298538841585,0.5157938843921184,0.041235969492040114
3EQM-ASD,shap,0.5659036756718876,0.5157938843921184,0.05010979127976922
3EYG-MI1,cam,0.5857953208638139,0.5015506766191699,0.08424464424464406
3EYG-MI1,diff,0.6248298251722908,0.5015506766191699,0.12327914855312094
3EYG-MI1,gradcam,0.6268539083950043,0.5015506766191699,0.12530323177583447
3EYG-MI1,gradinput,0.5463420749722119,0.5015506766191699,0.04479139835304202
3EYG-MI1,ig,0.5544318758359853,0.5015506766191699,0.052881199216815444
3EYG-MI1,shap,0.5356031550894564,0.5015506766191699,0.034052478470286585
3F5P-741,cam,0.5055555555555556,0.5155285935923191,-0.009973038036763415
3F5P-741,diff,0.4966808903696158,0.5155285935923191,-0.018847703222703238
3F5P-741,gradcam,0.4499923664752096,0.5155285935923191,-0.06553622711710944
3F5P-741,gradinput,0.3971427038828999,0.5155285935923191,-0.11838588970941916
3F5P-741,ig,0.6118822444802838,0.5155285935923191,0.09635365088796477
3F5P-741,shap,0.537362596553773,0.5155285935923191,0.02183400296145399
3F7Z-34O,cam,0.5,0.43499153238736565,0.06500846761263435
3F7Z-34O,diff,0.5525928932178933,0.43499153238736565,0.11760136083052763
3F7Z-34O,gradcam,0.5224995490620491,0.43499153238736565,0.08750801667468344
3F7Z-34O,gradinput,0.52754329004329,0.43499153238736565,0.09255175765592438
3F7Z-34O,ig,0.6867942821067822,0.43499153238736565,0.2518027497194165
3F7Z-34O,shap,0.5247249278499279,0.43499153238736565,0.0897333954625622
3FH5-24P,cam,0.4936612518860075,0.4980826629035098,-0.004421411017502264
3FH5-24P,diff,0.6860413202432747,0.4980826629035098,0.1879586573397649
3FH5-24P,gradcam,0.6339599732515042,0.4980826629035098,0.13587731034799444
3FH5-24P,gradinput,0.5219403379826832,0.4980826629035098,0.023857675079173468
3FH5-24P,ig,0.6339633764715198,0.4980826629035098,0.13588071356801001
3FH5-24P,shap,0.5418976607901689,0.4980826629035098,0.0438149978866591
3FPM-793,cam,0.5517241379310345,0.5577506784403335,-0.006026540509299072
3FPM-793,diff,0.7032588101553618,0.5577506784403335,0.1455081317150283
3FPM-793,gradcam,0.6461538461538462,0.5577506784403335,0.08840316771351264
3FPM-793,gradinput,0.6525577870405457,0.5577506784403335,0.09480710860021213
3FPM-793,ig,0.6830870279146142,0.5577506784403335,0.12533634947428063
3FPM-793,shap,0.5684264011850219,0.5577506784403335,0.01067572274468831
3FYJ-B97,cam,0.4768244575936883,0.47743297313868144,-0.0006085155449931379
3FYJ-B97,diff,0.6776451687694292,0.47743297313868144,0.2002121956307477
3FYJ-B97,gradcam,0.5964328242434751,0.47743297313868144,0.11899985110479366
3FYJ-B97,gradinput,0.5592966041190893,0.47743297313868144,0.08186363098040789
3FYJ-B97,ig,0.677704215574038,0.47743297313868144,0.2002712424353566
3FYJ-B97,shap,0.5148523823123545,0.47743297313868144,0.03741940917367309
3G0B-T22,cam,0.4983516483516483,0.49309888193816764,0.005252766413480658
3G0B-T22,diff,0.6196093474596222,0.49309888193816764,0.1265104655214545
3G0B-T22,gradcam,0.5803496831312764,0.49309888193816764,0.0872508011931088
3G0B-T22,gradinput,0.5769218571416374,0.49309888193816764,0.08382297520346971
3G0B-T22,ig,0.6411718356429894,0.49309888193816764,0.14807295370482176
3G0B-T22,shap,0.5361433019056646,0.49309888193816764,0.04304441996749697
3G3E-G3E,cam,0.48,0.4155555555555555,0.06444444444444447
3G3E-G3E,diff,0.7466666666666666,0.4155555555555555,0.3311111111111111
3G3E-G3E,gradcam,0.4133333333333333,0.4155555555555555,-0.0022222222222222365
3G3E-G3E,gradinput,0.5466666666666666,0.4155555555555555,0.13111111111111112
3G3E-G3E,ig,0.5933333333333333,0.4155555555555555,0.17777777777777776
3G3E-G3E,shap,0.7533333333333333,0.4155555555555555,0.3377777777777778
3G6Z-A7T,cam,0.5762803494550068,0.5002308191867837,0.07604953026822314
3G6Z-A7T,diff,0.5653866912675083,0.5002308191867837,0.0651558720807246
3G6Z-A7T,gradcam,0.595217964216564,0.5002308191867837,0.09498714502978034
3G6Z-A7T,gradinput,0.5737146899257903,0.5002308191867837,0.07348387073900664
3G6Z-A7T,ig,0.470977234732724,0.5002308191867837,-0.029253584454059678
3G6Z-A7T,shap,0.5182203495434705,0.5002308191867837,0.017989530356686823
3GW5-72X,cam,0.5022321428571429,0.5033634009523584,-0.001131258095215526
3GW5-72X,diff,0.6524950727304325,0.5033634009523584,0.14913167177807407
3GW5-72X,gradcam,0.5970005331678127,0.5033634009523584,0.09363713221545422
3GW5-72X,gradinput,0.4566891757067046,0.5033634009523584,-0.046674225245653844
3GW5-72X,ig,0.5952115064411545,0.5033634009523584,0.09184810548879607
3GW5-72X,shap,0.5214648692737585,0.5033634009523584,0.018101468321400027
3HPT-YET,cam,0.4911616161616161,0.47953139032684483,0.011630225834771246
3HPT-YET,diff,0.5252963366599731,0.47953139032684483,0.045764946333128276
3HPT-YET,gradcam,0.590768501279865,0.47953139032684483,0.11123711095302019
3HPT-YET,gradinput,0.6343656238542602,0.47953139032684483,0.15483423352741538
3HPT-YET,ig,0.5320335283403465,0.47953139032684483,0.05250213801350162
3HPT-YET,shap,0.4821607369902824,0.47953139032684483,0.0026293466634375595
3I7G-732,cam,0.5,0.5086796355818095,-0.008679635581809508
3I7G-732,diff,0.5968823447084317,0.5086796355818095,0.0882027091266222
3I7G-732,gradcam,0.6331972777624951,0.5086796355818095,0.12451764218068562
3I7G-732,gradinput,0.5590186584751802,0.5086796355818095,0.050339022893370666
3I7G-732,ig,0.5079833511898729,0.5086796355818095,-0.0006962843919365858
3I7G-732,shap,0.5315204421182682,0.5086796355818095,0.022840806536458702
3IG6-438,cam,0.5865384615384616,0.46374643874643867,0.12279202279202289
3IG6-438,diff,0.5594988344988345,0.46374643874643867,0.09575239575239586
3IG6-438,gradcam,0.550097125097125,0.46374643874643867,0.08635068635068638
3IG6-438,gradinput,0.6615384615384614,0.46374643874643867,0.19779202279202274
3IG6-438,ig,0.3731740481740481,0.46374643874643867,-0.09057239057239058
3IG6-438,shap,0.5857031857031857,0.46374643874643867,0.12195674695674702
3IGB-454,cam,0.5,0.5430811740594349,-0.0430811740594349
3IGB-454,diff,0.7107127172344564,0.5430811740594349,0.1676315431750215
3IGB-454,gradcam,0.6444899303594955,0.5430811740594349,0.10140875630006063
3IGB-454,gradinput,0.7359432837693708,0.5430811740594349,0.1928621097099359
3IGB-454,ig,0.6058018068887634,0.5430811740594349,0.0627206328293285
3IGB-454,shap,0.5383673693456302,0.5430811740594349,-0.00471380471380467
3II5-831,cam,0.555952380952381,0.5073947593044815,0.04855762164789945
3II5-831,diff,0.5162799777383111,0.5073947593044815,0.008885218433829611
3II5-831,gradcam,0.428670769816603,0.5073947593044815,-0.07872398948787851
3II5-831,gradinput,0.4468996088787755,0.5073947593044815,-0.060495150425706024
3II5-831,ig,0.6197290749374083,0.5073947593044815,0.11233431563292673
3II5-831,shap,0.5126084178167511,0.5073947593044815,0.0052136585122696255
3IN3-472,cam,0.5653586573723971,0.5001872844884867,0.0651713728839104
3IN3-472,diff,0.6118468800413842,0.5001872844884867,0.1116595955528975
3IN3-472,gradcam,0.4584049573583708,0.5001872844884867,-0.041782327130115926
3IN3-472,gradinput,0.5869740893141494,0.5001872844884867,0.0867868048256627
3IN3-472,ig,0.5606986282168764,0.5001872844884867,0.06051134372838973
3IN3-472,shap,0.5183497225307014,0.5001872844884867,0.018162438042214735
3IND-593,cam,0.5704317498726222,0.5018264469332617,0.06860530293936051
3IND-593,diff,0.571154364246011,0.5018264469332617,0.06932791731274923
3IND-593,gradcam,0.5190434949033774,0.5018264469332617,0.017217047970115695
3IND-593,gradinput,0.5216103943049525,0.5018264469332617,0.019783947371690758
3IND-593,ig,0.5270826443639102,0.5018264469332617,0.02525619743064844
3IND-593,shap,0.501462406452432,0.5018264469332617,-0.0003640404808297193
3IO7-1P5,cam,0.4769625351817132,0.5111668772627677,-0.03420434208105444
3IO7-1P5,diff,0.7069869247951439,0.5111668772627677,0.19582004753237625
3IO7-1P5,gradcam,0.6497734381296025,0.5111668772627677,0.13860656086683487
3IO7-1P5,gradinput,0.6790394917107245,0.5111668772627677,0.16787261444795687
3IO7-1P5,ig,0.5676834961081537,0.5111668772627677,0.05651661884538606
3IO7-1P5,shap,0.4917458492800958,0.5111668772627677,-0.019421027982671868
3IWE-646,cam,0.5933589903384248,0.5040191575538618,0.08933983278456292
3IWE-646,diff,0.5363841528365949,0.5040191575538618,0.03236499528273307
3IWE-646,gradcam,0.4642721959560005,0.5040191575538618,-0.03974696159786134
3IWE-646,gradinput,0.5314274129184154,0.5040191575538618,0.027408255364553602
3IWE-646,ig,0.5550079169616444,0.5040191575538618,0.05098875940778258
3IWE-646,shap,0.5148239720861829,0.5040191575538618,0.010804814532321072
3JSI-WTC,cam,0.5382082643987406,0.5003345817304733,0.037873682668267294
3JSI-WTC,diff,0.6108724922528221,0.5003345817304733,0.11053791052234885
3JSI-WTC,gradcam,0.5658168493447049,0.5003345817304733,0.06548226761423159
3JSI-WTC,gradinput,0.5291489576347964,0.5003345817304733,0.02881437590432312
3JSI-WTC,ig,0.6098066994503347,0.5003345817304733,0.10947211771986143
3JSI-WTC,shap,0.5289620354746405,0.5003345817304733,0.028627453744167197
3K3B-L31,cam,0.5713235294117647,0.530842670401494,0.04048085901027065
3K3B-L31,diff,0.6328501400560224,0.530842670401494,0.10200746965452834
3K3B-L31,gradcam,0.541470588235294,0.530842670401494,0.010627917833800016
3K3B-L31,gradinput,0.5429831932773109,0.530842670401494,0.012140522875816906
3K3B-L31,ig,0.5878921568627451,0.530842670401494,0.057049486461251075
3K3B-L31,shap,0.5064915966386555,0.530842670401494,-0.024351073762838515
3K5F-AYH,cam,0.5545977011494252,0.4971445970246396,0.0574531041247856
3K5F-AYH,diff,0.7138906324768404,0.4971445970246396,0.21674603545220078
3K5F-AYH,gradcam,0.8111945572269686,0.4971445970246396,0.31404996020232906
3K5F-AYH,gradinput,0.6601869394618627,0.4971445970246396,0.1630423424372231
3K5F-AYH,ig,0.5852026450654961,0.4971445970246396,0.08805804804085654
3K5F-AYH,shap,0.5627096292883271,0.4971445970246396,0.06556503226368754
3KFC-61X,cam,0.5039524059755274,0.4999893311947035,0.003963074780823861
3KFC-61X,diff,0.4561356368139774,0.4999893311947035,-0.043853694380726116
3KFC-61X,gradcam,0.5312609016281237,0.4999893311947035,0.03127157043342016
3KFC-61X,gradinput,0.4596694080033079,0.4999893311947035,-0.0403199231913956
3KFC-61X,ig,0.6156134667780366,0.4999893311947035,0.11562413558333312
3KFC-61X,shap,0.508880530667338,0.4999893311947035,0.008891199472634448
3KWB-ORH,cam,0.6666666666666666,0.5052910052910052,0.1613756613756614
3KWB-ORH,diff,0.4576719576719577,0.5052910052910052,-0.04761904761904756
3KWB-ORH,gradcam,0.5695956160241875,0.5052910052910052,0.06430461073318228
3KWB-ORH,gradinput,0.6486772486772487,0.5052910052910052,0.1433862433862435
3KWB-ORH,ig,0.8400604686318971,0.5052910052910052,0.33476946334089186
3KWB-ORH,shap,0.5823507180650038,0.5052910052910052,0.07705971277399859
3KWF-B1Q,cam,0.5181599274478531,0.5042570633127909,0.013902864135062254
3KWF-B1Q,diff,0.6640411617965798,0.5042570633127909,0.15978409848378894
3KWF-B1Q,gradcam,0.5900923895505938,0.5042570633127909,0.08583532623780299
3KWF-B1Q,gradinput,0.6247793915750571,0.5042570633127909,0.12052232826226628
3KWF-B1Q,ig,0.6718792043869444,0.5042570633127909,0.16762214107415352
3KWF-B1Q,shap,0.5433188070958969,0.5042570633127909,0.03906174378310601
3KWZ-KWZ,cam,0.5026455026455027,0.507097835536989,-0.004452332891486277
3KWZ-KWZ,diff,0.6587210849115611,0.507097835536989,0.15162324937457217
3KWZ-KWZ,gradcam,0.5621338097528574,0.507097835536989,0.05503597421586848
3KWZ-KWZ,gradinput,0.6463933773457584,0.507097835536989,0.13929554180876946
3KWZ-KWZ,ig,0.7032115444813858,0.507097835536989,0.19611370894439684
3KWZ-KWZ,shap,0.5460483520007329,0.507097835536989,0.03895051646374392
3KYR-038,cam,0.5,0.49734344359344357,0.0026565564065564318
3KYR-038,diff,0.537801504051504,0.49734344359344357,0.040458060458060385
3KYR-038,gradcam,0.5084441946941947,0.49734344359344357,0.011100751100751094
3KYR-038,gradinput,0.5009838772338773,0.49734344359344357,0.0036404336404337045
3KYR-038,ig,0.4935266122766123,0.49734344359344357,-0.0038168313168312484
3KYR-038,shap,0.4731170218670218,0.49734344359344357,-0.024226421726421754
3L08-ZIG,cam,0.4942407636926353,0.49725967641241703,-0.003018912719781719
3L08-ZIG,diff,0.648980913619951,0.49725967641241703,0.151721237207534
3L08-ZIG,gradcam,0.5012292344093815,0.49725967641241703,0.003969557996964468
3L08-ZIG,gradinput,0.5211342532615929,0.49725967641241703,0.023874576849175877
3L08-ZIG,ig,0.6521995968603589,0.49725967641241703,0.15493992044794186
3L08-ZIG,shap,0.5437392709785759,0.49725967641241703,0.046479594566158855
3L9H-EMQ,cam,0.5074626865671642,0.49201564052310315,0.015447046044061052
3L9H-EMQ,diff,0.656480390808749,0.49201564052310315,0.16446475028564583
3L9H-EMQ,gradcam,0.5831381857501261,0.49201564052310315,0.09112254522702296
3L9H-EMQ,gradinput,0.6224938549565415,0.49201564052310315,0.13047821443343838
3L9H-EMQ,ig,0.5911942258957185,0.49201564052310315,0.09917858537261531
3L9H-EMQ,shap,0.5466087809371392,0.49201564052310315,0.05459314041403601
3M6F-BJZ,cam,0.5,0.49445485070485073,0.005545149295149265
3M6F-BJZ,diff,0.6981844544344544,0.49445485070485073,0.2037296037296037
3M6F-BJZ,gradcam,0.6028506216006216,0.49445485070485073,0.1083957708957709
3M6F-BJZ,gradinput,0.6282502220002221,0.49445485070485073,0.13379537129537133
3M6F-BJZ,ig,0.7118450993450993,0.49445485070485073,0.21739024864024858
3M6F-BJZ,shap,0.5040119602619602,0.49445485070485073,0.009557109557109422
3N0T-OPY,cam,0.5306122448979592,0.4954427167692473,0.035169528128711935
3N0T-OPY,diff,0.6006673145448655,0.4954427167692473,0.10522459777561827
3N0T-OPY,gradcam,0.6183624878522839,0.4954427167692473,0.12291977108303659
3N0T-OPY,gradinput,0.6142184969225786,0.4954427167692473,0.11877578015333129
3N0T-OPY,ig,0.6665022675736961,0.4954427167692473,0.17105955080444885
3N0T-OPY,shap,0.5786839974084872,0.4954427167692473,0.08324128063923991
3N3G-93N,cam,0.4878048780487805,0.5243177779763145,-0.03651289992753404
3N3G-93N,diff,0.7539697429941332,0.5243177779763145,0.2296519650178187
3N3G-93N,gradcam,0.5345736918907651,0.5243177779763145,0.010255913914450576
3N3G-93N,gradinput,0.7064571607254534,0.5243177779763145,0.18213938274913888
3N3G-93N,ig,0.7848960659936269,0.5243177779763145,0.2605782880173124
3N3G-93N,shap,0.5572262425920963,0.5243177779763145,0.032908464615781785
3N7R-N7R,cam,0.5081967213114754,0.5191350467989813,-0.01093832548750584
3N7R-N7R,diff,0.8514081546868432,0.5191350467989813,0.3322731078878619
3N7R-N7R,gradcam,0.7838467998304065,0.5191350467989813,0.26471175303142525
3N7R-N7R,gradinput,0.5627087848399324,0.5191350467989813,0.043573738040951104
3N7R-N7R,ig,0.5819277034440969,0.5191350467989813,0.06279265664511569
3N7R-N7R,shap,0.5447535843027647,0.5191350467989813,0.0256185375037834
3NC9-TR3,cam,0.5047619047619047,0.4975151039436754,0.007246800818229371
3NC9-TR3,diff,0.6367867582153297,0.4975151039436754,0.13927165427165433
3NC9-TR3,gradcam,0.4782622139764996,0.4975151039436754,-0.01925288996717578
3NC9-TR3,gradinput,0.5233329369043656,0.4975151039436754,0.02581783296069018
3NC9-TR3,ig,0.6590943976658262,0.4975151039436754,0.16157929372215085
3NC9-TR3,shap,0.5298468991326134,0.4975151039436754,0.03233179518893803
3NUN-JMZ,cam,0.4973168498168498,0.5335307285307286,-0.03621387871387877
3NUN-JMZ,diff,0.4930891330891331,0.5335307285307286,-0.04044159544159548
3NUN-JMZ,gradcam,0.6193956043956044,0.5335307285307286,0.08586487586487579
3NUN-JMZ,gradinput,0.4514035964035964,0.5335307285307286,-0.08212713212713219
3NUN-JMZ,ig,0.7436993561993561,0.5335307285307286,0.21016862766862754
3NUN-JMZ,shap,0.5353352203352203,0.5335307285307286,0.0018044918044917146
3O9L-LPN,cam,0.4993327886710239,0.5009010278878643,-0.0015682392168404058
3O9L-LPN,diff,0.5500409346129852,0.5009010278878643,0.04913990672512092
3O9L-LPN,gradcam,0.4737859681911427,0.5009010278878643,-0.027115059696721566
3O9L-LPN,gradinput,0.52871568601255,0.5009010278878643,0.027814658124685754
3O9L-LPN,ig,0.6674691801153135,0.5009010278878643,0.16656815222744925
3O9L-LPN,shap,0.4972065958322427,0.5009010278878643,-0.003694432055621588
3OCS-746,cam,0.4994152581540381,0.4977561531667565,0.0016591049872816122
3OCS-746,diff,0.5193824579900824,0.4977561531667565,0.021626304823325948
3OCS-746,gradcam,0.5087655746626456,0.4977561531667565,0.011009421495889127
3OCS-746,gradinput,0.4883389435359684,0.4977561531667565,-0.00941720963078807
3OCS-746,ig,0.4641593656886739,0.4977561531667565,-0.03359678747808259
3OCS-746,shap,0.508600376408956,0.4977561531667565,0.010844223242199469
3OOT-SSR,cam,0.4898816342115311,0.483073526354409,0.006808107857122103
3OOT-SSR,diff,0.5880695950419228,0.483073526354409,0.10499606868751382
3OOT-SSR,gradcam,0.5358535909539708,0.483073526354409,0.052780064599561805
3OOT-SSR,gradinput,0.5867055383875786,0.483073526354409,0.10363201203316957
3OOT-SSR,ig,0.5254945733513287,0.483073526354409,0.042421046996919676
3OOT-SSR,shap,0.5349098064372074,0.483073526354409,0.05183628008279845
3OQK-S52,cam,0.5078125,0.5091876074886293,-0.0013751074886293457
3OQK-S52,diff,0.6906061593859045,0.5091876074886293,0.18141855189727518
3OQK-S52,gradcam,0.5333480491217752,0.5091876074886293,0.0241604416331459
3OQK-S52,gradinput,0.538346992103641,0.5091876074886293,0.029159384615011663
3OQK-S52,ig,0.6353231552104732,0.5091876074886293,0.12613554772184388
3OQK-S52,shap,0.5195043054960468,0.5091876074886293,0.010316698007417413
3OT8-MI5,cam,0.4935749624525135,0.4960166779554534,-0.002441715502939923
3OT8-MI5,diff,0.6589787083664634,0.4960166779554534,0.16296203041101004
3OT8-MI5,gradcam,0.5483380451747798,0.4960166779554534,0.0523213672193264
3OT8-MI5,gradinput,0.5719180139588302,0.4960166779554534,0.07590133600337684
3OT8-MI5,ig,0.6884115204523368,0.4960166779554534,0.19239484249688338
3OT8-MI5,shap,0.5402221927732132,0.4960166779554534,0.04420551481775975
3OY1-589,cam,0.5,0.45520366266164586,0.04479633733835414
3OY1-589,diff,0.6110062614789504,0.45520366266164586,0.15580259881730457
3OY1-589,gradcam,0.3629608894839987,0.45520366266164586,-0.09224277317764717
3OY1-589,gradinput,0.524996216435292,0.45520366266164586,0.06979255377364618
3OY1-589,ig,0.526679261448169,0.45520366266164586,0.07147559878652315
3OY1-589,shap,0.5109732995762407,0.45520366266164586,0.055769636914594856
3PA3-C70,cam,0.5141115520282187,0.4923120706454039,0.02179948138281479
3PA3-C70,diff,0.592172241338908,0.4923120706454039,0.09986017069350411
3PA3-C70,gradcam,0.5895528083028083,0.4923120706454039,0.09724073765740443
3PA3-C70,gradinput,0.536399464732798,0.4923120706454039,0.044087394087394094
3PA3-C70,ig,0.6440850970017636,0.4923120706454039,0.15177302635635975
3PA3-C70,shap,0.5283175774842441,0.4923120706454039,0.03600550683884024
3PBB-PBD,cam,0.535064935064935,0.4991321809503628,0.035932754114572196
3PBB-PBD,diff,0.5531515021774762,0.4991321809503628,0.05401932122711339
3PBB-PBD,gradcam,0.7444405161937631,0.4991321809503628,0.24530833524340023
3PBB-PBD,gradinput,0.4966902722097527,0.4991321809503628,-0.0024419087406101214
3PBB-PBD,ig,0.6959191746204734,0.4991321809503628,0.19678699367011054
3PBB-PBD,shap,0.5505131520715937,0.4991321809503628,0.051380971121230856
3PI5-3P5,cam,0.6048245614035088,0.494643196769261,0.11018136463424782
3PI5-3P5,diff,0.6307372438685325,0.494643196769261,0.13609404709927148
3PI5-3P5,gradcam,0.5018240517974458,0.494643196769261,0.007180855028184829
3PI5-3P5,gradinput,0.5774452381553775,0.494643196769261,0.08280204138611652
3PI5-3P5,ig,0.6566211775625476,0.494643196769261,0.16197798079328657
3PI5-3P5,shap,0.5434608302666546,0.494643196769261,0.0488176334973936
3POZ-03P,cam,0.522289156626506,0.49834450466980584,0.023944651956700147
3POZ-03P,diff,0.5392902278444447,0.49834450466980584,0.04094572317463885
3POZ-03P,gradcam,0.5204101788439138,0.49834450466980584,0.022065674174107985
3POZ-03P,gradinput,0.5497998654625161,0.49834450466980584,0.05145536079271029
3POZ-03P,ig,0.6403719439864018,0.49834450466980584,0.142027439316596
3POZ-03P,shap,0.5394559924680405,0.49834450466980584,0.0411114877982347
3Q32-J2I,cam,0.5913793103448275,0.5084975369458128,0.0828817733990147
3Q32-J2I,diff,0.692528735632184,0.5084975369458128,0.1840311986863712
3Q32-J2I,gradcam,0.5168308702791461,0.5084975369458128,0.008333333333333304
3Q32-J2I,gradinput,0.6851943076081008,0.5084975369458128,0.17669677066228806
3Q32-J2I,ig,0.6511631089217298,0.5084975369458128,0.142665571975917
3Q32-J2I,shap,0.532512315270936,0.5084975369458128,0.02401477832512322
3Q3K-D90,cam,0.5085810492603889,0.5102808638311968,-0.0016998145708078116
3Q3K-D90,diff,0.626436815597556,0.5102808638311968,0.11615595176635929
3Q3K-D90,gradcam,0.5545131649796854,0.5102808638311968,0.04423230114848864
3Q3K-D90,gradinput,0.529816731979841,0.5102808638311968,0.019535868148644275
3Q3K-D90,ig,0.6061169035765454,0.5102808638311968,0.0958360397453486
3Q3K-D90,shap,0.5397956041051784,0.5102808638311968,0.0295147402739816
3Q3T-RX0,cam,0.5,0.5451825708404655,-0.04518257084046551
3Q3T-RX0,diff,0.6972369005263743,0.5451825708404655,0.15205432968590882
3Q3T-RX0,gradcam,0.4821872571872573,0.5451825708404655,-0.06299531365320821
3Q3T-RX0,gradinput,0.4309573467468204,0.5451825708404655,-0.1142252240936451
3Q3T-RX0,ig,0.5418785892470104,0.5451825708404655,-0.0033039815934551298
3Q3T-RX0,shap,0.4996529055739582,0.5451825708404655,-0.04552966526650731
3Q8W-AZV,cam,0.5102991452991453,0.5197725819154391,-0.00947343661629374
3Q8W-AZV,diff,0.5459713566856425,0.5197725819154391,0.02619877477020338
3Q8W-AZV,gradcam,0.5259475180903752,0.5197725819154391,0.006174936174936141
3Q8W-AZV,gradinput,0.4764236028521743,0.5197725819154391,-0.04334897906326479
3Q8W-AZV,ig,0.5448883656026513,0.5197725819154391,0.025115783687212234
3Q8W-AZV,shap,0.4988635702921417,0.5197725819154391,-0.02090901162329739
3Q92-XNB,cam,0.5062998405103668,0.5133721541616278,-0.007072313651261042
3Q92-XNB,diff,0.6328710497370784,0.5133721541616278,0.11949889557545057
3Q92-XNB,gradcam,0.5024682786644509,0.5133721541616278,-0.010903875497176974
3Q92-XNB,gradinput,0.4857553929324265,0.5133721541616278,-0.02761676122920137
3Q92-XNB,ig,0.488675957216627,0.5133721541616278,-0.02469619694500086
3Q92-XNB,shap,0.5198336485417825,0.5133721541616278,0.006461494380154642
3QAQ-QAQ,cam,0.531578947368421,0.4957944102680944,0.03578453710032664
3QAQ-QAQ,diff,0.7294448241816663,0.4957944102680944,0.23365041391357194
3QAQ-QAQ,gradcam,0.6633743449532923,0.4957944102680944,0.16757993468519788
3QAQ-QAQ,gradinput,0.7158967494493811,0.4957944102680944,0.2201023391812867
3QAQ-QAQ,ig,0.6770277967646388,0.4957944102680944,0.18123338649654436
3QAQ-QAQ,shap,0.614855320118478,0.4957944102680944,0.11906090985038359
3R43-ID8,cam,0.5,0.5099765974765975,-0.009976597476597515
3R43-ID8,diff,0.6001042938542938,0.5099765974765975,0.09012769637769624
3R43-ID8,gradcam,0.5102640415140416,0.5099765974765975,0.00028744403744407343
3R43-ID8,gradinput,0.6376373626373626,0.5099765974765975,0.12766076516076508
3R43-ID8,ig,0.6512159137159137,0.5099765974765975,0.14123931623931618
3R43-ID8,shap,0.5409773097273097,0.5099765974765975,0.031000712250712215
3RO4-LJ9,cam,0.5,0.49591586397141957,0.004084136028580432
3RO4-LJ9,diff,0.6177366357921913,0.49591586397141957,0.12182077182077172
3RO4-LJ9,gradcam,0.5924992702770481,0.49591586397141957,0.0965834063056285
3RO4-LJ9,gradinput,0.5436530033752256,0.49591586397141957,0.04773713940380603
3RO4-LJ9,ig,0.7046921185810073,0.49591586397141957,0.20877625460958776
3RO4-LJ9,shap,0.4995797926353482,0.49591586397141957,0.0036639286639286173
3RUK-AER,cam,0.4705882352941176,0.47589869281045744,-0.00531045751633985
3RUK-AER,diff,0.5936274509803922,0.47589869281045744,0.11772875816993472
3RUK-AER,gradcam,0.5502450980392156,0.47589869281045744,0.07434640522875818
3RUK-AER,gradinput,0.4821078431372548,0.47589869281045744,0.0062091503267973636
3RUK-AER,ig,0.7220588235294116,0.47589869281045744,0.2461601307189542
3RUK-AER,shap,0.4830882352941176,0.47589869281045744,0.007189542483660161
3S7S-EXM,cam,0.5659851301115242,0.5166165102968078,0.04936861981471641
3S7S-EXM,diff,0.7389670738183749,0.5166165102968078,0.22235056352156712
3S7S-EXM,gradcam,0.674614976101965,0.5166165102968078,0.1579984658051572
3S7S-EXM,gradinput,0.7261108160736414,0.5166165102968078,0.2094943057768336
3S7S-EXM,ig,0.5765002655337228,0.5166165102968078,0.059883755236915026
3S7S-EXM,shap,0.5685519560984246,0.5166165102968078,0.0519354458016168
3SHY-5FO,cam,0.5132177397287288,0.49439473796265093,0.018823001766077818
3SHY-5FO,diff,0.6242174003548594,0.49439473796265093,0.12982266239220847
3SHY-5FO,gradcam,0.4543790961465521,0.49439473796265093,-0.040015641816098846
3SHY-5FO,gradinput,0.501889241045602,0.49439473796265093,0.007494503082951021
3SHY-5FO,ig,0.6234188064095127,0.49439473796265093,0.12902406844686182
3SHY-5FO,shap,0.533565443668898,0.49439473796265093,0.03917070570624709
3SWZ-TOK,cam,0.4347826086956521,0.5582052408139364,-0.1234226321182843
3SWZ-TOK,diff,0.6044137022397892,0.5582052408139364,0.046208461425852776
3SWZ-TOK,gradcam,0.4388888888888889,0.5582052408139364,-0.11931635192504753
3SWZ-TOK,gradinput,0.3405138339920948,0.5582052408139364,-0.21769140682184163
3SWZ-TOK,ig,0.6476504172156347,0.5582052408139364,0.08944517640169825
3SWZ-TOK,shap,0.5466073781291172,0.5582052408139364,-0.011597862684819216
3TJC-0TP,cam,0.2470588235294117,0.4919998302351243,-0.2449410067057126
3TJC-0TP,diff,0.7744652406417112,0.4919998302351243,0.2824654104065869
3TJC-0TP,gradcam,0.3777406417112299,0.4919998302351243,-0.11425918852389438
3TJC-0TP,gradinput,0.4782775231304643,0.4919998302351243,-0.013722307104659992
3TJC-0TP,ig,0.6638114336643748,0.4919998302351243,0.1718116034292505
3TJC-0TP,shap,0.5219675749087513,0.4919998302351243,0.02996774467362706
3TK5-D1Q,cam,0.5,0.47159731294346674,0.02840268705653326
3TK5-D1Q,diff,0.383147941801788,0.47159731294346674,-0.08844937114167872
3TK5-D1Q,gradcam,0.4698357732011579,0.47159731294346674,-0.0017615397423088597
3TK5-D1Q,gradinput,0.4272447104177873,0.47159731294346674,-0.04435260252567946
3TK5-D1Q,ig,0.4927830182637874,0.47159731294346674,0.021185705320320658
3TK5-D1Q,shap,0.55500333000333,0.47159731294346674,0.08340601705986328
3TKH-07S,cam,0.5173582486607696,0.5008447765275496,0.016513472133220075
3TKH-07S,diff,0.51232789735941,0.5008447765275496,0.011483120831860427
3TKH-07S,gradcam,0.5535462086932675,0.5008447765275496,0.05270143216571799
3TKH-07S,gradinput,0.5918649336191354,0.5008447765275496,0.09102015709158584
3TKH-07S,ig,0.5438365322819104,0.5008447765275496,0.04299175575436087
3TKH-07S,shap,0.5175121563777025,0.5008447765275496,0.016667379850152986
3TV7-07Q,cam,0.5188721896383187,0.5150420293565455,0.0038301602817731872
3TV7-07Q,diff,0.6726775240888144,0.5150420293565455,0.1576354947322689
3TV7-07Q,gradcam,0.6321344929711865,0.5150420293565455,0.11709246361464098
3TV7-07Q,gradinput,0.6055972309500535,0.5150420293565455,0.09055520159350794
3TV7-07Q,ig,0.6481760287203836,0.5150420293565455,0.13313399936383807
3TV7-07Q,shap,0.541303588884234,0.5150420293565455,0.026261559527688494
3U6H-03X,cam,0.5161626319204815,0.50062296406704,0.015539667853441519
3U6H-03X,diff,0.6901077086059941,0.50062296406704,0.18948474453895414
3U6H-03X,gradcam,0.5813660312908093,0.50062296406704,0.08074306722376934
3U6H-03X,gradinput,0.5600380316903889,0.50062296406704,0.059415067623348916
3U6H-03X,ig,0.6320825853357588,0.50062296406704,0.1314596212687188
3U6H-03X,shap,0.5023980124999667,0.50062296406704,0.0017750484329267513
3U9N-09H,cam,0.486612702366127,0.5223241877351466,-0.035711485369019524
3U9N-09H,diff,0.5746338136749096,0.5223241877351466,0.05230962593976307
3U9N-09H,gradcam,0.4417279448101365,0.5223241877351466,-0.08059624292501005
3U9N-09H,gradinput,0.3999545355709739,0.5223241877351466,-0.12236965216417267
3U9N-09H,ig,0.4980435470161498,0.5223241877351466,-0.02428064071899677
3U9N-09H,shap,0.5094279388799936,0.5223241877351466,-0.012896248855152947
3UFL-508,cam,0.5032258064516129,0.5151561699948797,-0.01193036354326682
3UFL-508,diff,0.5982590885816692,0.5151561699948797,0.08310291858678953
3UFL-508,gradcam,0.535483870967742,0.5151561699948797,0.020327700972862295
3UFL-508,gradinput,0.4081925243215565,0.5151561699948797,-0.10696364567332317
3UFL-508,ig,0.4926267281105991,0.5151561699948797,-0.022529441884280577
3UFL-508,shap,0.5207373271889401,0.5151561699948797,0.005581157194060382
3UMW-596,cam,0.5,0.5163174603174603,-0.016317460317460286
3UMW-596,diff,0.8410952380952381,0.5163174603174603,0.32477777777777783
3UMW-596,gradcam,0.6675238095238094,0.5163174603174603,0.15120634920634912
3UMW-596,gradinput,0.6739047619047621,0.5163174603174603,0.15758730158730183
3UMW-596,ig,0.5627619047619047,0.5163174603174603,0.0464444444444444
3UMW-596,shap,0.5165714285714286,0.5163174603174603,0.00025396825396828415
3VHE-42Q,cam,0.8125,0.504102372725994,0.308397627274006
3VHE-42Q,diff,0.6057948192024478,0.504102372725994,0.10169244647645381
3VHE-42Q,gradcam,0.6200562471127729,0.504102372725994,0.11595387438677884
3VHE-42Q,gradinput,0.5361964500981045,0.504102372725994,0.03209407737211045
3VHE-42Q,ig,0.4024106650600216,0.504102372725994,-0.10169170766597241
3VHE-42Q,shap,0.5189221623964271,0.504102372725994,0.01481978967043307
3VJC-ZGA,cam,0.725,0.47416722889826607,0.2508327711017339
3VJC-ZGA,diff,0.3802307423398754,0.47416722889826607,-0.09393648655839065
3VJC-ZGA,gradcam,0.5438243363533611,0.47416722889826607,0.06965710745509507
3VJC-ZGA,gradinput,0.4864762261946859,0.47416722889826607,0.012308997296419821
3VJC-ZGA,ig,0.5932551822102906,0.47416722889826607,0.11908795331202454
3VJC-ZGA,shap,0.4993139826934332,0.47416722889826607,0.02514675379516712
3VSW-R31,cam,0.5036496350364964,0.5085400096778371,-0.004890374641340678
3VSW-R31,diff,0.6173504117417814,0.5085400096778371,0.10881040206394432
3VSW-R31,gradcam,0.5559520711624618,0.5085400096778371,0.047412061484624735
3VSW-R31,gradinput,0.5817321376681617,0.5085400096778371,0.0731921279903246
3VSW-R31,ig,0.6779003461592555,0.5085400096778371,0.16936033648141846
3VSW-R31,shap,0.4818808213398165,0.5085400096778371,-0.026659188338020556
3VV6-B00,cam,0.5396825396825397,0.5479110836253693,-0.00822854394282968
3VV6-B00,diff,0.8528081266176504,0.5479110836253693,0.30489704299228104
3VV6-B00,gradcam,0.5897025813692479,0.5479110836253693,0.04179149774387858
3VV6-B00,gradinput,0.8209555876222541,0.5479110836253693,0.27304450399688474
3VV6-B00,ig,0.2303494124922696,0.5479110836253693,-0.31756167113309974
3VV6-B00,shap,0.6089964268535698,0.5479110836253693,0.06108534322820047
3W2T-LF7,cam,0.5546525020872847,0.5026725319768798,0.051979970110404894
3W2T-LF7,diff,0.5456783506348724,0.5026725319768798,0.04300581865799258
3W2T-LF7,gradcam,0.5718221778221778,0.5026725319768798,0.06914964584529804
3W2T-LF7,gradinput,0.5063973755712886,0.5026725319768798,0.003724843594408833
3W2T-LF7,ig,0.5342529982095199,0.5026725319768798,0.0315804662326401
3W2T-LF7,shap,0.499596837944664,0.5026725319768798,-0.0030756940322158033
3WBL-PDY,cam,0.4955284552845527,0.5159499037547818,-0.020421448470229087
3WBL-PDY,diff,0.6401988932476738,0.5159499037547818,0.12424898949289198
3WBL-PDY,gradcam,0.5179067544921204,0.5159499037547818,0.0019568507373386446
3WBL-PDY,gradinput,0.5899565204443253,0.5159499037547818,0.07400661668954356
3WBL-PDY,ig,0.5747168143509607,0.5159499037547818,0.05876691059617889
3WBL-PDY,shap,0.5395322157517279,0.5159499037547818,0.02358231199694616
3WK4-S0A,cam,0.5403466148364108,0.5299808090624417,0.010365805773969061
3WK4-S0A,diff,0.6799263283957161,0.5299808090624417,0.14994551933327438
3WK4-S0A,gradcam,0.4290482571094816,0.5299808090624417,-0.10093255195296014
3WK4-S0A,gradinput,0.4933533586594811,0.5299808090624417,-0.036627450402960615
3WK4-S0A,ig,0.6047592052694094,0.5299808090624417,0.07477839620696769
3WK4-S0A,shap,0.6200940405022038,0.5299808090624417,0.09011323143976213
3WV1-WHH,cam,0.5244771701826917,0.4835985326452065,0.04087863753748516
3WV1-WHH,diff,0.6973226507510158,0.4835985326452065,0.21372411810580932
3WV1-WHH,gradcam,0.724661336665126,0.4835985326452065,0.24106280401991947
3WV1-WHH,gradinput,0.522026802173861,0.4835985326452065,0.03842826952865447
3WV1-WHH,ig,0.6173592198831283,0.4835985326452065,0.13376068723792173
3WV1-WHH,shap,0.5495844496769252,0.4835985326452065,0.06598591703171869
3WZJ-O43,cam,0.5,0.49980627654238763,0.00019372345761237142
3WZJ-O43,diff,0.6773303856637191,0.49980627654238763,0.17752410912133143
3WZJ-O43,gradcam,0.589130661005661,0.49980627654238763,0.0893243844632734
3WZJ-O43,gradinput,0.5777154172987506,0.49980627654238763,0.07790914075636302
3WZJ-O43,ig,0.4908844820303153,0.49980627654238763,-0.008921794512072312
3WZJ-O43,shap,0.5460108371566705,0.49980627654238763,0.04620456061428291
3WZK-O23,cam,0.4992143198742912,0.5026095423475727,-0.0033952224732815006
3WZK-O23,diff,0.6207902383282495,0.5026095423475727,0.11818069598067682
3WZK-O23,gradcam,0.5894298628242977,0.5026095423475727,0.08682032047672494
3WZK-O23,gradinput,0.5449273469560547,0.5026095423475727,0.042317804608482
3WZK-O23,ig,0.6502570335303832,0.5026095423475727,0.1476474911828105
3WZK-O23,shap,0.5233798615721806,0.5026095423475727,0.020770319224607925
3ZIM-KKR,cam,0.5172413793103449,0.5181028502149192,-0.0008614709045743352
3ZIM-KKR,diff,0.5215714601490464,0.5181028502149192,0.0034686099341272314
3ZIM-KKR,gradcam,0.5387504736642668,0.5181028502149192,0.020647623449347563
3ZIM-KKR,gradinput,0.5076325972877697,0.5181028502149192,-0.010470252927149537
3ZIM-KKR,ig,0.516438063851857,0.5181028502149192,-0.0016647863630622206
3ZIM-KKR,shap,0.5725514428100634,0.5181028502149192,0.05444859259514423
3ZXH-E41,cam,0.4845550333541599,0.49847676733968366,-0.013921733985523765
3ZXH-E41,diff,0.6159918093484752,0.49847676733968366,0.11751504200879154
3ZXH-E41,gradcam,0.5884964816604941,0.49847676733968366,0.0900197143208104
3ZXH-E41,gradinput,0.5767546394344494,0.49847676733968366,0.07827787209476572
3ZXH-E41,ig,0.5627076750631849,0.49847676733968366,0.06423090772350121
3ZXH-E41,shap,0.5171347715465362,0.49847676733968366,0.01865800420685254
4A7C-E46,cam,0.5,0.4714586339586339,0.02854136604136609
4A7C-E46,diff,0.4889399951899951,0.4714586339586339,0.01748136123136118
4A7C-E46,gradcam,0.5627705627705627,0.4714586339586339,0.09131192881192879
4A7C-E46,gradinput,0.6610660173160173,0.4714586339586339,0.18960738335738342
4A7C-E46,ig,0.5409842472342472,0.4714586339586339,0.0695256132756133
4A7C-E46,shap,0.5078252765752765,0.4714586339586339,0.03636664261664263
4AEL-4HN,cam,0.5024630541871922,0.5060028891925443,-0.0035398350053521543
4AEL-4HN,diff,0.6760905760905762,0.5060028891925443,0.1700876868980319
4AEL-4HN,gradcam,0.4709752890787373,0.5060028891925443,-0.03502760011380701
4AEL-4HN,gradinput,0.4828028430245178,0.5060028891925443,-0.02320004616802651
4AEL-4HN,ig,0.4959366987692111,0.5060028891925443,-0.010066190423333232
4AEL-4HN,shap,0.4949709089487414,0.5060028891925443,-0.011031980243802919
4ANW-O92,cam,0.4901477832512315,0.4797531969945763,0.01039458625665518
4ANW-O92,diff,0.6304373787132407,0.4797531969945763,0.15068418171866438
4ANW-O92,gradcam,0.641812210777728,0.4797531969945763,0.16205901378315168
4ANW-O92,gradinput,0.6450664278250486,0.4797531969945763,0.16531323083047234
4ANW-O92,ig,0.5620913569189432,0.4797531969945763,0.08233815992436688
4ANW-O92,shap,0.5040304523063144,0.4797531969945763,0.024277255311738077
4AOF-7L0,cam,0.5115832885063654,0.4846762490645191,0.026907039441846248
4AOF-7L0,diff,0.6089034558665606,0.4846762490645191,0.12422720680204147
4AOF-7L0,gradcam,0.5899121921702847,0.4846762490645191,0.10523594310576556
4AOF-7L0,gradinput,0.5419378268403677,0.4846762490645191,0.057261577775848616
4AOF-7L0,ig,0.585134457432578,0.4846762490645191,0.10045820836805885
4AOF-7L0,shap,0.5367891206909654,0.4846762490645191,0.05211287162644629
4AQC-88A,cam,0.577011868758938,0.5020377641785464,0.07497410458039155
4AQC-88A,diff,0.5600127269724737,0.5020377641785464,0.05797496279392733
4AQC-88A,gradcam,0.5719352069777426,0.5020377641785464,0.06989744279919619
4AQC-88A,gradinput,0.5640024568634902,0.5020377641785464,0.061964692684943756
4AQC-88A,ig,0.5532424569202243,0.5020377641785464,0.05120469274167794
4AQC-88A,shap,0.5133807425240665,0.5020377641785464,0.011342978345520116
4AZ0-S61,cam,0.5212121212121212,0.4565927128427128,0.06461940836940844
4AZ0-S61,diff,0.7161345598845599,0.4565927128427128,0.2595418470418471
4AZ0-S61,gradcam,0.7605429292929294,0.4565927128427128,0.30395021645021664
4AZ0-S61,gradinput,0.7070616883116884,0.4565927128427128,0.25046897546897556
4AZ0-S61,ig,0.6451569264069265,0.4565927128427128,0.18856421356421366
4AZ0-S61,shap,0.5460858585858586,0.4565927128427128,0.08949314574314576
4COD-KV1,cam,0.5416666666666666,0.5258518038031926,0.015814862863474
4COD-KV1,diff,0.6481727377560711,0.5258518038031926,0.12232093395287846
4COD-KV1,gradcam,0.7027820173653506,0.5258518038031926,0.176930213562158
4COD-KV1,gradinput,0.6038253798670465,0.5258518038031926,0.07797357606385391
4COD-KV1,ig,0.57249185999186,0.5258518038031926,0.0466400561886674
4COD-KV1,shap,0.6076647503730838,0.5258518038031926,0.08181294656989113
4D08-Q2T,cam,0.5347602619251492,0.49879969956086995,0.0359605623642793
4D08-Q2T,diff,0.6182208448815804,0.49879969956086995,0.11942114532071041
4D08-Q2T,gradcam,0.5063345709253183,0.49879969956086995,0.007534871364448359
4D08-Q2T,gradinput,0.5465862396467379,0.49879969956086995,0.04778654008586797
4D08-Q2T,ig,0.4993134057190997,0.49879969956086995,0.0005137061582297653
4D08-Q2T,shap,0.5276988235173289,0.49879969956086995,0.02889912395645894
4D2R-DYK,cam,0.5421792493221064,0.5013865103150817,0.040792739007024625
4D2R-DYK,diff,0.7023339755482613,0.5013865103150817,0.20094746523317952
4D2R-DYK,gradcam,0.7543343561200705,0.5013865103150817,0.25294784580498875
4D2R-DYK,gradinput,0.7691891441891441,0.5013865103150817,0.26780263387406233
4D2R-DYK,ig,0.5880553969839684,0.5013865103150817,0.08666888666888661
4D2R-DYK,shap,0.5775141525141524,0.5013865103150817,0.07612764219907064
4DDL-0JQ,cam,0.4782608695652174,0.5090187158026592,-0.03075784623744182
4DDL-0JQ,diff,0.5981091820328259,0.5090187158026592,0.0890904662301667
4DDL-0JQ,gradcam,0.7218890706380611,0.5090187158026592,0.21287035483540184
4DDL-0JQ,gradinput,0.6323278202232301,0.5090187158026592,0.12330910442057086
4DDL-0JQ,ig,0.5837023240652599,0.5090187158026592,0.07468360826260068
4DDL-0JQ,shap,0.498086324492974,0.5090187158026592,-0.010932391309685208
4EK6-10K,cam,0.5238095238095238,0.5144557823129251,0.009353741496598733
4EK6-10K,diff,0.5419973544973545,0.5144557823129251,0.02754157218442943
4EK6-10K,gradcam,0.6277872260015117,0.5144557823129251,0.11333144368858661
4EK6-10K,gradinput,0.4087301587301586,0.5144557823129251,-0.10572562358276649
4EK6-10K,ig,0.5876795162509447,0.5144557823129251,0.07322373393801962
4EK6-10K,shap,0.5348639455782312,0.5144557823129251,0.020408163265306145
4EY5-HUP,cam,0.4827586206896552,0.5289612048232738,-0.04620258413361861
4EY5-HUP,diff,0.8236677115987461,0.5289612048232738,0.2947065067754723
4EY5-HUP,gradcam,0.9427874807185151,0.5289612048232738,0.41382627589524135
4EY5-HUP,gradinput,0.9037791710205504,0.5289612048232738,0.3748179661972766
4EY5-HUP,ig,0.9509827337413546,0.5289612048232738,0.42202152891808076
4EY5-HUP,shap,0.6188784395680947,0.5289612048232738,0.08991723474482094
4FAL-0T0,cam,0.5590444231383829,0.4822039848046559,0.07684043833372695
4FAL-0T0,diff,0.5863298427895745,0.4822039848046559,0.10412585798491852
4FAL-0T0,gradcam,0.505950276420075,0.4822039848046559,0.023746291615419024
4FAL-0T0,gradinput,0.5436159105622193,0.4822039848046559,0.061411925757563324
4FAL-0T0,ig,0.537209770095676,0.4822039848046559,0.055005785291020126
4FAL-0T0,shap,0.5758857287380778,0.4822039848046559,0.09368174393342182
4FKQ-42K,cam,0.5074626865671642,0.47766524520255854,0.02979744136460566
4FKQ-42K,diff,0.6700485666903577,0.47766524520255854,0.19238332148779919
4FKQ-42K,gradcam,0.472376214167259,0.47766524520255854,-0.005289031035299541
4FKQ-42K,gradinput,0.4929282160625444,0.47766524520255854,0.015262970859985847
4FKQ-42K,ig,0.693088130774698,0.47766524520255854,0.21542288557213946
4FKQ-42K,shap,0.5437040985548448,0.47766524520255854,0.06603885335228626
4FSR-HKC,cam,0.5153770203363445,0.49313532731209425,0.02224169302425022
4FSR-HKC,diff,0.6383507382683985,0.49313532731209425,0.14521541095630425
4FSR-HKC,gradcam,0.5783127156422723,0.49313532731209425,0.08517738833017802
4FSR-HKC,gradinput,0.5891699531076053,0.49313532731209425,0.09603462579551109
4FSR-HKC,ig,0.6219396803869172,0.49313532731209425,0.1288043530748229
4FSR-HKC,shap,0.522287586546364,0.49313532731209425,0.02915225923426973
4FSW-HK6,cam,0.5862875143832696,0.4803671674537844,0.10592034692948527
4FSW-HK6,diff,0.5780573095410468,0.4803671674537844,0.09769014208726245
4FSW-HK6,gradcam,0.6288569595672528,0.4803671674537844,0.14848979211346847
4FSW-HK6,gradinput,0.639678312438238,0.4803671674537844,0.15931114498445365
4FSW-HK6,ig,0.5537590635926329,0.4803671674537844,0.07339189613884856
4FSW-HK6,shap,0.5161700174668968,0.4803671674537844,0.03580285001311245
4FZ7-0VH,cam,0.5153846153846153,0.5199948769179538,-0.004610261533338433
4FZ7-0VH,diff,0.5589129246821555,0.5199948769179538,0.03891804776420171
4FZ7-0VH,gradcam,0.4842281223050453,0.5199948769179538,-0.03576675461290846
4FZ7-0VH,gradinput,0.4716698685929454,0.5199948769179538,-0.048325008325008356
4FZ7-0VH,ig,0.56086793548332,0.5199948769179538,0.04087305856536627
4FZ7-0VH,shap,0.4205142293603832,0.5199948769179538,-0.09948064755757058
4GG5-0J3,cam,0.55,0.5096893538560205,0.0403106461439795
4GG5-0J3,diff,0.6023346560846561,0.5096893538560205,0.09264530222863554
4GG5-0J3,gradcam,0.5628036315536316,0.5096893538560205,0.05311427769761101
4GG5-0J3,gradinput,0.667300986050986,0.5096893538560205,0.15761163219496543
4GG5-0J3,ig,0.5935575998075997,0.5096893538560205,0.08386824595157916
4GG5-0J3,shap,0.5549621212121211,0.5096893538560205,0.04527276735610053
4GJ7-0LT,cam,0.5253412848243998,0.5059567515671546,0.019384533257245207
4GJ7-0LT,diff,0.5650081390141581,0.5059567515671546,0.059051387447003556
4GJ7-0LT,gradcam,0.561834746749288,0.5059567515671546,0.05587799518213343
4GJ7-0LT,gradinput,0.5199002992483786,0.5059567515671546,0.013943547681223967
4GJ7-0LT,ig,0.6142848759836421,0.5059567515671546,0.10832812441648754
4GJ7-0LT,shap,0.5344271604849207,0.5059567515671546,0.028470408917766088
4GL5-G29,cam,0.5263157894736842,0.45321637426900585,0.07309941520467833
4GL5-G29,diff,0.5605263157894737,0.45321637426900585,0.1073099415204678
4GL5-G29,gradcam,0.5666666666666667,0.45321637426900585,0.1134502923976608
4GL5-G29,gradinput,0.475438596491228,0.45321637426900585,0.022222222222222143
4GL5-G29,ig,0.2535087719298246,0.45321637426900585,-0.19970760233918128
4GL5-G29,shap,0.3903508771929824,0.45321637426900585,-0.06286549707602346
4HAI-I23,cam,0.5140181363600245,0.4953778127950501,0.01864032356497436
4HAI-I23,diff,0.6888011367388086,0.4953778127950501,0.1934233239437585
4HAI-I23,gradcam,0.6757617408052788,0.4953778127950501,0.18038392801022873
4HAI-I23,gradinput,0.4696620278082239,0.4953778127950501,-0.025715784986826196
4HAI-I23,ig,0.6316780467215847,0.4953778127950501,0.13630023392653456
4HAI-I23,shap,0.5261216972821275,0.4953778127950501,0.030743884487077433
4HBP-17J,cam,0.503448275862069,0.5031947235395512,0.0002535523225177805
4HBP-17J,diff,0.7931389108975315,0.5031947235395512,0.28994418735798033
4HBP-17J,gradcam,0.6337691810105603,0.5031947235395512,0.13057445747100915
4HBP-17J,gradinput,0.6353927107375384,0.5031947235395512,0.13219798719798725
4HBP-17J,ig,0.5143431089982814,0.5031947235395512,0.011148385458730203
4HBP-17J,shap,0.5353061880648088,0.5031947235395512,0.032111464525257594
4HF4-15H,cam,0.4838709677419355,0.5181414762059923,-0.03427050846405677
4HF4-15H,diff,0.6331343387795,0.5181414762059923,0.11499286257350771
4HF4-15H,gradcam,0.5698889819857561,0.5181414762059923,0.051747505779763836
4HF4-15H,gradinput,0.5180072615556487,0.5181414762059923,-0.00013421465034357816
4HF4-15H,ig,0.6030861611506773,0.5181414762059923,0.08494468494468499
4HF4-15H,shap,0.5572266443234185,0.5181414762059923,0.03908516811742624
4HMN-16J,cam,0.5611111111111111,0.5477777777777778,0.013333333333333308
4HMN-16J,diff,0.6159259259259259,0.5477777777777778,0.06814814814814807
4HMN-16J,gradcam,0.6488888888888888,0.5477777777777778,0.10111111111111104
4HMN-16J,gradinput,0.548148148148148,0.5477777777777778,0.00037037037037024323
4HMN-16J,ig,0.6366666666666668,0.5477777777777778,0.08888888888888902
4HMN-16J,shap,0.547037037037037,0.5477777777777778,-0.0007407407407408195
4I8V-BHF,cam,0.5490196078431373,0.5094789016357645,0.03954070620737282
4I8V-BHF,diff,0.6696657373127961,0.5094789016357645,0.16018683567703162
4I8V-BHF,gradcam,0.9459893048128342,0.5094789016357645,0.4365104031770697
4I8V-BHF,gradinput,0.8375527522586345,0.5094789016357645,0.32807385062287
4I8V-BHF,ig,0.6912046559105383,0.5094789016357645,0.18172575427477378
4I8V-BHF,shap,0.4344626506391212,0.5094789016357645,-0.07501625099664327
4ID7-1G0,cam,0.5013851301420467,0.49628982165247554,0.0050953084895711265
4ID7-1G0,diff,0.6502486424984649,0.49628982165247554,0.15395882084598939
4ID7-1G0,gradcam,0.5660420656697953,0.49628982165247554,0.06975224401731978
4ID7-1G0,gradinput,0.5442834701430392,0.49628982165247554,0.0479936484905637
4ID7-1G0,ig,0.5580177515907706,0.49628982165247554,0.06172792993829507
4ID7-1G0,shap,0.5334246534310891,0.49628982165247554,0.0371348317786136
4IS9-LTF,cam,1.0,0.500976800976801,0.499023199023199
4IS9-LTF,diff,0.6656288156288157,0.500976800976801,0.16465201465201473
4IS9-LTF,gradcam,0.7367826617826617,0.500976800976801,0.23580586080586075
4IS9-LTF,gradinput,0.6215201465201465,0.500976800976801,0.12054334554334556
4IS9-LTF,ig,0.6656288156288156,0.500976800976801,0.16465201465201462
4IS9-LTF,shap,0.6123931623931624,0.500976800976801,0.11141636141636146
4JAI-XU2,cam,0.9,0.4968444055944056,0.4031555944055944
4JAI-XU2,diff,0.6677418414918415,0.4968444055944056,0.17089743589743583
4JAI-XU2,gradcam,0.8070512820512821,0.4968444055944056,0.31020687645687645
4JAI-XU2,gradinput,0.7236285936285936,0.4968444055944056,0.22678418803418793
4JAI-XU2,ig,0.50624222999223,0.4968444055944056,0.009397824397824384
4JAI-XU2,shap,0.5829885392385392,0.4968444055944056,0.08614413364413359
4JIA-1K3,cam,0.5035808655445985,0.5011631861062423,0.002417679438356135
4JIA-1K3,diff,0.5082954427630456,0.5011631861062423,0.007132256656803282
4JIA-1K3,gradcam,0.5455109537374021,0.5011631861062423,0.044347767631159773
4JIA-1K3,gradinput,0.4595838442725882,0.5011631861062423,-0.04157934183365414
4JIA-1K3,ig,0.4939438519242808,0.5011631861062423,-0.007219334181961523
4JIA-1K3,shap,0.5216023582786077,0.5011631861062423,0.02043917217236535
4JNC-1LF,cam,0.5,0.5158454412764758,-0.015845441276475802
4JNC-1LF,diff,0.6058827188137532,0.5158454412764758,0.09003727753727742
4JNC-1LF,gradcam,0.5114880330397572,0.5158454412764758,-0.004357408236718596
4JNC-1LF,gradinput,0.506690675225158,0.5158454412764758,-0.00915476605131782
4JNC-1LF,ig,0.5557266009852218,0.5158454412764758,0.03988115970874595
4JNC-1LF,shap,0.4855811812708365,0.5158454412764758,-0.03026426000563931
4JNM-1LJ,cam,0.5121951219512195,0.4758807588075881,0.0363143631436314
4JNM-1LJ,diff,0.7536585365853659,0.4758807588075881,0.27777777777777773
4JNM-1LJ,gradcam,0.7634146341463416,0.4758807588075881,0.28753387533875346
4JNM-1LJ,gradinput,0.8121951219512195,0.4758807588075881,0.33631436314363133
4JNM-1LJ,ig,0.6634146341463415,0.4758807588075881,0.18753387533875338
4JNM-1LJ,shap,0.5121951219512194,0.4758807588075881,0.03631436314363129
4JOO-1M4,cam,0.4883720930232558,0.487015503875969,0.001356589147286813
4JOO-1M4,diff,0.6990033222591362,0.487015503875969,0.21198781838316721
4JOO-1M4,gradcam,0.524390919158361,0.487015503875969,0.03737541528239202
4JOO-1M4,gradinput,0.54125138427464,0.487015503875969,0.054235880398671055
4JOO-1M4,ig,0.574390919158361,0.487015503875969,0.08737541528239207
4JOO-1M4,shap,0.5608250276854929,0.487015503875969,0.07380952380952394
4JQ7-KJQ,cam,0.4928574158082355,0.5127626400529004,-0.0199052242446649
4JQ7-KJQ,diff,0.6963198265090744,0.5127626400529004,0.18355718645617403
4JQ7-KJQ,gradcam,0.5849520503871998,0.5127626400529004,0.07218941033429938
4JQ7-KJQ,gradinput,0.6158054932584827,0.5127626400529004,0.10304285320558226
4JQ7-KJQ,ig,0.6911926837493376,0.5127626400529004,0.17843004369643722
4JQ7-KJQ,shap,0.5094172709589778,0.5127626400529004,-0.003345369093922579
4JQA-ID8,cam,0.4705882352941176,0.5057684690037632,-0.03518023370964557
4JQA-ID8,diff,0.8117137764196588,0.5057684690037632,0.30594530741589565
4JQA-ID8,gradcam,0.5612426788897377,0.5057684690037632,0.05547420988597451
4JQA-ID8,gradinput,0.6839954163483575,0.5057684690037632,0.17822694734459432
4JQA-ID8,ig,0.6907053730583144,0.5057684690037632,0.1849369040545512
4JQA-ID8,shap,0.5857503607503607,0.5057684690037632,0.07998189174659753
4JR5-1LS,cam,0.5088144963144964,0.5208916083916084,-0.01207711207711204
4JR5-1LS,diff,0.7190000315000314,0.5208916083916084,0.19810842310842303
4JR5-1LS,gradcam,0.5937196812196812,0.5208916083916084,0.0728280728280728
4JR5-1LS,gradinput,0.5469744219744219,0.5208916083916084,0.026082813582813502
4JR5-1LS,ig,0.68995778995779,0.5208916083916084,0.16906618156618158
4JR5-1LS,shap,0.5351477351477352,0.5208916083916084,0.014256126756126752
4JZE-1NK,cam,0.503114670734808,0.4932100753061402,0.009904595428667784
4JZE-1NK,diff,0.5831233905276508,0.4932100753061402,0.08991331522151064
4JZE-1NK,gradcam,0.5830705189552275,0.4932100753061402,0.08986044364908735
4JZE-1NK,gradinput,0.4815792779482374,0.4932100753061402,-0.011630797357902789
4JZE-1NK,ig,0.6253523436101845,0.4932100753061402,0.13214226830404435
4JZE-1NK,shap,0.5339573361371384,0.4932100753061402,0.04074726083099817
4KAK-06U,cam,0.5108695652173914,0.4730365900202856,0.03783297519710577
4KAK-06U,diff,0.6624827467218771,0.4730365900202856,0.18944615670159154
4KAK-06U,gradcam,0.4761440099755316,0.4730365900202856,0.0031074199552459936
4KAK-06U,gradinput,0.4943585701737875,0.4730365900202856,0.021321980153501896
4KAK-06U,ig,0.6048891476880608,0.4730365900202856,0.1318525576677752
4KAK-06U,shap,0.5134246188594014,0.4730365900202856,0.0403880288391158
4KFN-1QR,cam,0.5,0.5096011984648349,-0.00960119846483487
4KFN-1QR,diff,0.6175947285038195,0.5096011984648349,0.1079935300389846
4KFN-1QR,gradcam,0.5729575727303,0.5096011984648349,0.06335637426546514
4KFN-1QR,gradinput,0.7503374151101424,0.5096011984648349,0.24073621664530753
4KFN-1QR,ig,0.6564139395957579,0.5096011984648349,0.14681274113092302
4KFN-1QR,shap,0.5533042210314938,0.5096011984648349,0.04370302256665892
4KFO-1QS,cam,0.5,0.5120514373600793,-0.012051437360079298
4KFO-1QS,diff,0.5739231618861248,0.5120514373600793,0.0618717245260455
4KFO-1QS,gradcam,0.656614287632806,0.5120514373600793,0.14456285027272675
4KFO-1QS,gradinput,0.5925304804934435,0.5120514373600793,0.08047904313336418
4KFO-1QS,ig,0.5479130437463771,0.5120514373600793,0.03586160638629776
4KFO-1QS,shap,0.5335283543616877,0.5120514373600793,0.021476917001608364
4L23-X6K,cam,0.4705882352941176,0.5133972962404335,-0.042809060946315924
4L23-X6K,diff,0.5068208479973186,0.5133972962404335,-0.006576448243114874
4L23-X6K,gradcam,0.6379084967320261,0.5133972962404335,0.12451120049159259
4L23-X6K,gradinput,0.7267973856209151,0.5133972962404335,0.2134000893804816
4L23-X6K,ig,0.5594771241830065,0.5133972962404335,0.04607982794257304
4L23-X6K,shap,0.4447586726998492,0.5133972962404335,-0.06863862354058431
4L2Y-XXK,cam,0.5,0.48780348073826335,0.012196519261736649
4L2Y-XXK,diff,0.2992567818654775,0.48780348073826335,-0.18854669887278586
4L2Y-XXK,gradcam,0.3716183574879227,0.48780348073826335,-0.11618512325034064
4L2Y-XXK,gradinput,0.2769137866963954,0.48780348073826335,-0.21088969404186797
4L2Y-XXK,ig,0.8090579710144928,0.48780348073826335,0.3212544902762295
4L2Y-XXK,shap,0.3645717205499813,0.48780348073826335,-0.12323176018828202
4LTS-LTS,cam,0.5,0.5107142857142858,-0.010714285714285787
4LTS-LTS,diff,0.6797619047619048,0.5107142857142858,0.169047619047619
4LTS-LTS,gradcam,0.6601190476190476,0.5107142857142858,0.14940476190476182
4LTS-LTS,gradinput,0.5547619047619048,0.5107142857142858,0.044047619047619
4LTS-LTS,ig,0.5797619047619048,0.5107142857142858,0.06904761904761902
4LTS-LTS,shap,0.5297619047619048,0.5107142857142858,0.01904761904761898
4LY1-20Y,cam,0.4964539007092198,0.4853035625355191,0.011150338173700702
4LY1-20Y,diff,0.6568133206431078,0.4853035625355191,0.17150975810758873
4LY1-20Y,gradcam,0.7660967705867581,0.4853035625355191,0.280793208051239
4LY1-20Y,gradinput,0.639499457803588,0.4853035625355191,0.15419589526806887
4LY1-20Y,ig,0.6293343233737476,0.4853035625355191,0.14403076083822852
4LY1-20Y,shap,0.5172871576344668,0.4853035625355191,0.03198359509894766
4LYN-1YG,cam,0.5378234272706635,0.5016479449268393,0.03617548234382417
4LYN-1YG,diff,0.6262684203010837,0.5016479449268393,0.12462047537424437
4LYN-1YG,gradcam,0.6646089672471582,0.5016479449268393,0.16296102232031895
4LYN-1YG,gradinput,0.581531798742854,0.5016479449268393,0.0798838538160147
4LYN-1YG,ig,0.585025868882653,0.5016479449268393,0.08337792395581367
4LYN-1YG,shap,0.5330526397109312,0.5016479449268393,0.03140469478409191
4M0F-1YK,cam,0.5,0.5580436720142602,-0.058043672014260195
4M0F-1YK,diff,0.7855020796197266,0.5580436720142602,0.22745840760546643
4M0F-1YK,gradcam,0.7977941176470588,0.5580436720142602,0.23975044563279857
4M0F-1YK,gradinput,0.8049242424242424,0.5580436720142602,0.24688057040998224
4M0F-1YK,ig,0.537448009506833,0.5580436720142602,-0.02059566250742717
4M0F-1YK,shap,0.62465834818776,0.5580436720142602,0.06661467617349981
4MBI-26K,cam,0.516115598182736,0.48821216409555634,0.027903434087179657
4MBI-26K,diff,0.6074756123342695,0.48821216409555634,0.11926344823871315
4MBI-26K,gradcam,0.6479233761919274,0.48821216409555634,0.15971121209637107
4MBI-26K,gradinput,0.6712338211454819,0.48821216409555634,0.18302165704992557
4MBI-26K,ig,0.6544864930907334,0.48821216409555634,0.16627432899517702
4MBI-26K,shap,0.5212007270311156,0.48821216409555634,0.032988562935559296
4MPC-PV2,cam,0.6666666666666666,0.5007125590458924,0.16595410762077423
4MPC-PV2,diff,0.4565536315536315,0.5007125590458924,-0.04415892749226091
4MPC-PV2,gradcam,0.7049163799163798,0.5007125590458924,0.20420382087048738
4MPC-PV2,gradinput,0.5516668516668516,0.5007125590458924,0.050954292620959185
4MPC-PV2,ig,0.5995791245791247,0.5007125590458924,0.09886656553323225
4MPC-PV2,shap,0.5322242572242571,0.5007125590458924,0.031511698178364744
4MQ1-2C3,cam,0.5019230769230769,0.5078155397234344,-0.00589246280035749
4MQ1-2C3,diff,0.5109346793557321,0.5078155397234344,0.003119139632297707
4MQ1-2C3,gradcam,0.5401450158029105,0.5078155397234344,0.032329476079476116
4MQ1-2C3,gradinput,0.4152533869639133,0.5078155397234344,-0.09256215275952112
4MQ1-2C3,ig,0.4410649292228239,0.5078155397234344,-0.06675061050061049
4MQ1-2C3,shap,0.52226337259232,0.5078155397234344,0.014447832868885624
4MXC-DWF,cam,0.4935064935064935,0.48998870794084093,0.003517785565652576
4MXC-DWF,diff,0.5431030026804221,0.48998870794084093,0.05311429473958118
4MXC-DWF,gradcam,0.5212495053675544,0.48998870794084093,0.031260797426713505
4MXC-DWF,gradinput,0.4753036210748003,0.48998870794084093,-0.014685086866040642
4MXC-DWF,ig,0.5990101213860813,0.48998870794084093,0.10902141344524041
4MXC-DWF,shap,0.5140258635212599,0.48998870794084093,0.024037155580418967
4MXO-DB8,cam,0.5085952899879532,0.4988236777441368,0.009771612243816452
4MXO-DB8,diff,0.6149061050607368,0.4988236777441368,0.11608242731660007
4MXO-DB8,gradcam,0.5373391949590046,0.4988236777441368,0.038515517214867845
4MXO-DB8,gradinput,0.4939618537516571,0.4988236777441368,-0.004861823992479697
4MXO-DB8,ig,0.576137456302944,0.4988236777441368,0.07731377855880722
4MXO-DB8,shap,0.5288935996621618,0.4988236777441368,0.03006992191802499
4NR7-2LO,cam,0.5,0.5621794871794871,-0.06217948717948707
4NR7-2LO,diff,0.575,0.5621794871794871,0.012820512820512886
4NR7-2LO,gradcam,0.5166666666666666,0.5621794871794871,-0.04551282051282046
4NR7-2LO,gradinput,0.5121794871794871,0.5621794871794871,-0.04999999999999993
4NR7-2LO,ig,0.6916666666666665,0.5621794871794871,0.12948717948717947
4NR7-2LO,shap,0.5493589743589743,0.5621794871794871,-0.012820512820512775
4O04-2Q8,cam,0.9186991869918698,0.5014905149051491,0.41720867208672074
4O04-2Q8,diff,0.6020905923344947,0.5014905149051491,0.10060007742934562
4O04-2Q8,gradcam,0.6436701509872241,0.5014905149051491,0.14217963608207507
4O04-2Q8,gradinput,0.3195702671312427,0.5014905149051491,-0.18192024777390636
4O04-2Q8,ig,0.7151567944250872,0.5014905149051491,0.2136662795199381
4O04-2Q8,shap,0.5128339140534263,0.5014905149051491,0.0113433991482772
4O1L-HO4,cam,0.5093942122303468,0.4940277039646015,0.01536650826574526
4O1L-HO4,diff,0.5570161476338102,0.4940277039646015,0.06298844366920875
4O1L-HO4,gradcam,0.508363942424975,0.4940277039646015,0.014336238460373463
4O1L-HO4,gradinput,0.5068871713895349,0.4940277039646015,0.01285946742493338
4O1L-HO4,ig,0.6359649446899973,0.4940277039646015,0.14193724072539582
4O1L-HO4,shap,0.4867024285975874,0.4940277039646015,-0.007325275367014106
4OBO-2QV,cam,0.5,0.49259259259259264,0.007407407407407363
4OBO-2QV,diff,0.6577777777777778,0.49259259259259264,0.16518518518518516
4OBO-2QV,gradcam,0.4458333333333333,0.49259259259259264,-0.046759259259259334
4OBO-2QV,gradinput,0.6252777777777777,0.49259259259259264,0.13268518518518507
4OBO-2QV,ig,0.8861111111111111,0.49259259259259264,0.39351851851851843
4OBO-2QV,shap,0.6591666666666666,0.49259259259259264,0.16657407407407393
4OBZ-2S4,cam,0.5184909083164897,0.505171897469309,0.013319010847180679
4OBZ-2S4,diff,0.6163118959341725,0.505171897469309,0.11113999846486344
4OBZ-2S4,gradcam,0.5377704379944149,0.505171897469309,0.03259854052510591
4OBZ-2S4,gradinput,0.4869260136674304,0.505171897469309,-0.018245883801878637
4OBZ-2S4,ig,0.5368580291271602,0.505171897469309,0.03168613165785117
4OBZ-2S4,shap,0.5268123829880643,0.505171897469309,0.021640485518755304
4OCZ-2RU,cam,0.5709850646148724,0.5011028790475905,0.06988218556728187
4OCZ-2RU,diff,0.588020736608477,0.5011028790475905,0.08691785756088644
4OCZ-2RU,gradcam,0.5976696914196914,0.5011028790475905,0.09656681237210085
4OCZ-2RU,gradinput,0.538240338721108,0.5011028790475905,0.03713745967351745
4OCZ-2RU,ig,0.6424898185415013,0.5011028790475905,0.1413869394939108
4OCZ-2RU,shap,0.5485036964904754,0.5011028790475905,0.047400817442884824
4PHW-2W1,cam,0.5467595088349805,0.49849110841064226,0.04826840042433822
4PHW-2W1,diff,0.6708366486044066,0.49849110841064226,0.17234554019376436
4PHW-2W1,gradcam,0.5928143466781092,0.49849110841064226,0.09432323826746691
4PHW-2W1,gradinput,0.5433077816457395,0.49849110841064226,0.04481667323509719
4PHW-2W1,ig,0.5744862211718482,0.49849110841064226,0.07599511276120596
4PHW-2W1,shap,0.513926860279524,0.49849110841064226,0.015435751868881686
4PM0-32V,cam,0.5708812260536399,0.49198717062701736,0.07889405542662253
4PM0-32V,diff,0.7387081947426775,0.49198717062701736,0.2467210241156601
4PM0-32V,gradcam,0.6935179124834298,0.49198717062701736,0.2015307418564124
4PM0-32V,gradinput,0.5707804753781766,0.49198717062701736,0.0787933047511592
4PM0-32V,ig,0.666578111118341,0.49198717062701736,0.17459094049132362
4PM0-32V,shap,0.5626480798894592,0.49198717062701736,0.07066090926244184
4QHV-IXF,cam,0.4945054945054945,0.5015349729635444,-0.007029478458049909
4QHV-IXF,diff,0.6007326007326006,0.5015349729635444,0.09919762776905616
4QHV-IXF,gradcam,0.5874934589220303,0.5015349729635444,0.08595848595848588
4QHV-IXF,gradinput,0.6021454735740451,0.5015349729635444,0.1006105006105007
4QHV-IXF,ig,0.5447671376242805,0.5015349729635444,0.043232164660736094
4QHV-IXF,shap,0.4631606488749346,0.5015349729635444,-0.03837432408860986
4QO8-36U,cam,0.5,0.4918518518518518,0.008148148148148182
4QO8-36U,diff,0.7303422619047619,0.4918518518518518,0.2384904100529101
4QO8-36U,gradcam,0.6115823412698413,0.4918518518518518,0.11973048941798953
4QO8-36U,gradinput,0.5704464285714286,0.4918518518518518,0.07859457671957676
4QO8-36U,ig,0.5929662698412698,0.4918518518518518,0.10111441798941795
4QO8-36U,shap,0.6030952380952381,0.4918518518518518,0.11124338624338631
4QP7-363,cam,0.5673076923076923,0.5182430866458644,0.04906460566182791
4QP7-363,diff,0.4412533068783069,0.5182430866458644,-0.0769897797675575
4QP7-363,gradcam,0.7235585402252069,0.5182430866458644,0.20531545357934256
4QP7-363,gradinput,0.6519476665309999,0.5182430866458644,0.1337045798851355
4QP7-363,ig,0.7222502035002035,0.5182430866458644,0.20400711685433914
4QP7-363,shap,0.4674704924704925,0.5182430866458644,-0.05077259417537189
4RLI-3SH,cam,0.5,0.49566745890275304,0.004332541097246956
4RLI-3SH,diff,0.679946524064171,0.49566745890275304,0.18427906516141795
4RLI-3SH,gradcam,0.5360665478312536,0.49566745890275304,0.04039908892850058
4RLI-3SH,gradinput,0.5039512774806892,0.49566745890275304,0.008283818577936197
4RLI-3SH,ig,0.7831402257872845,0.49566745890275304,0.28747276688453144
4RLI-3SH,shap,0.5020944741532977,0.49566745890275304,0.006427015250544621
4RLS-49C,cam,0.5270833333333333,0.5620701058201057,-0.0349867724867724
4RLS-49C,diff,0.7888888888888889,0.5620701058201057,0.22681878306878311
4RLS-49C,gradcam,0.6527777777777778,0.5620701058201057,0.09070767195767204
4RLS-49C,gradinput,0.5597222222222222,0.5620701058201057,-0.0023478835978835155
4RLS-49C,ig,0.5256944444444445,0.5620701058201057,-0.03637566137566128
4RLS-49C,shap,0.3932539682539682,0.5620701058201057,-0.16881613756613756
4RSS-4MG,cam,0.5402467435295718,0.5017913623974231,0.03845538113214875
4RSS-4MG,diff,0.619133737568081,0.5017913623974231,0.11734237517065793
4RSS-4MG,gradcam,0.665079486544133,0.5017913623974231,0.1632881241467099
4RSS-4MG,gradinput,0.6525733525733526,0.5017913623974231,0.15078199017592953
4RSS-4MG,ig,0.590062360011855,0.5017913623974231,0.08827099761443191
4RSS-4MG,shap,0.5123416706750039,0.5017913623974231,0.010550308277580855
4RX5-3YO,cam,0.5032879818594105,0.5237715385299418,-0.020483556670531367
4RX5-3YO,diff,0.5635738910948995,0.5237715385299418,0.03980235256495768
4RX5-3YO,gradcam,0.5668412877971701,0.5237715385299418,0.043069749267228286
4RX5-3YO,gradinput,0.6060780081263275,0.5237715385299418,0.08230646959638566
4RX5-3YO,ig,0.4836542309231385,0.5237715385299418,-0.040117307606803376
4RX5-3YO,shap,0.4978023260586285,0.5237715385299418,-0.02596921247131334
4TPM-35E,cam,0.497265625,0.4784596335377585,0.01880599146224149
4TPM-35E,diff,0.4718186327561327,0.4784596335377585,-0.006641000781625772
4TPM-35E,gradcam,0.6754007711038961,0.4784596335377585,0.19694113756613757
4TPM-35E,gradinput,0.5612813401875902,0.4784596335377585,0.08282170664983174
4TPM-35E,ig,0.5231646825396825,0.4784596335377585,0.04470504900192401
4TPM-35E,shap,0.5100316783910533,0.4784596335377585,0.031572044853294845
4TPT-35H,cam,0.4423076923076923,0.5061507936507936,-0.06384310134310134
4TPT-35H,diff,0.6672847985347985,0.5061507936507936,0.16113400488400487
4TPT-35H,gradcam,0.4122023809523809,0.5061507936507936,-0.09394841269841275
4TPT-35H,gradinput,0.4711996336996337,0.5061507936507936,-0.03495115995115994
4TPT-35H,ig,0.6648809523809522,0.5061507936507936,0.1587301587301586
4TPT-35H,shap,0.548992673992674,0.5061507936507936,0.04284188034188041
4TV3-ML9,cam,0.5455449810896739,0.5034597080965796,0.04208527299309428
4TV3-ML9,diff,0.6330697080697081,0.5034597080965796,0.1296099999731285
4TV3-ML9,gradcam,0.6780025654048001,0.5034597080965796,0.1745428573082205
4TV3-ML9,gradinput,0.559242596323602,0.5034597080965796,0.055782888227022376
4TV3-ML9,ig,0.6346226275276555,0.5034597080965796,0.13116291943107594
4TV3-ML9,shap,0.5157705996672477,0.5034597080965796,0.012310891570668114
4TY1-38W,cam,0.5083927935214875,0.508990845859292,-0.0005980523378045222
4TY1-38W,diff,0.6593466061530885,0.508990845859292,0.1503557602937965
4TY1-38W,gradcam,0.5793400964039668,0.508990845859292,0.07034925054467478
4TY1-38W,gradinput,0.5042170386545983,0.508990845859292,-0.00477380720469367
4TY1-38W,ig,0.5971054287307862,0.508990845859292,0.08811458287149421
4TY1-38W,shap,0.5376555390378078,0.508990845859292,0.028664693178515832
4U41-3C8,cam,0.4981226053639846,0.5105920452472176,-0.012469439883232958
4U41-3C8,diff,0.6713355227148331,0.5105920452472176,0.16074347746761553
4U41-3C8,gradcam,0.5409934318555009,0.5105920452472176,0.030401386608283287
4U41-3C8,gradinput,0.5564449917898194,0.5105920452472176,0.04585294654260186
4U41-3C8,ig,0.6594854953475644,0.5105920452472176,0.14889345010034682
4U41-3C8,shap,0.524064039408867,0.5105920452472176,0.013471994161649459
4U43-3D8,cam,0.5158730158730159,0.5096916149693927,0.00618140090362318
4U43-3D8,diff,0.4341580024913358,0.5096916149693927,-0.07553361247805696
4U43-3D8,gradcam,0.3733760683760684,0.5096916149693927,-0.13631554659332434
4U43-3D8,gradinput,0.377859763693097,0.5096916149693927,-0.13183185127629576
4U43-3D8,ig,0.4406488881488881,0.5096916149693927,-0.06904272682050466
4U43-3D8,shap,0.5276588534921868,0.5096916149693927,0.017967238522794027
4UYE-9F9,cam,0.5224545102593883,0.5094306664428615,0.01302384381652677
4UYE-9F9,diff,0.6813681237461725,0.5094306664428615,0.171937457303311
4UYE-9F9,gradcam,0.5088871155944327,0.5094306664428615,-0.000543550848428831
4UYE-9F9,gradinput,0.6818265406680041,0.5094306664428615,0.17239587422514258
4UYE-9F9,ig,0.6582601680162656,0.5094306664428615,0.14882950157340413
4UYE-9F9,shap,0.5520812859227493,0.5094306664428615,0.0426506194798878
4W4V-3H8,cam,0.6620541992442818,0.4900622793184777,0.1719919199258041
4W4V-3H8,diff,0.5502492915716056,0.4900622793184777,0.06018701225312795
4W4V-3H8,gradcam,0.4970087534137121,0.4900622793184777,0.006946474095234412
4W4V-3H8,gradinput,0.5019469281865976,0.4900622793184777,0.011884648868119907
4W4V-3H8,ig,0.5442248522827036,0.4900622793184777,0.054162572964225886
4W4V-3H8,shap,0.4925874630420085,0.4900622793184777,0.0025251837235308328
4WOT-3SG,cam,0.5845864661654134,0.4996267803614427,0.08495968580397073
4WOT-3SG,diff,0.6834360416324782,0.4996267803614427,0.18380926127103547
4WOT-3SG,gradcam,0.5864556876024623,0.4996267803614427,0.08682890724101955
4WOT-3SG,gradinput,0.5568627171323512,0.4996267803614427,0.057235936770908546
4WOT-3SG,ig,0.5743507307346,0.4996267803614427,0.07472395037315727
4WOT-3SG,shap,0.5684338757323215,0.4996267803614427,0.06880709537087881
4WPF-3SN,cam,0.5031446540880503,0.5216629457195495,-0.018518291631499206
4WPF-3SN,diff,0.6257310299763129,0.5216629457195495,0.1040680842567634
4WPF-3SN,gradcam,0.5652690426275331,0.5216629457195495,0.04360609690798356
4WPF-3SN,gradinput,0.5571063283327434,0.5216629457195495,0.03544338261319391
4WPF-3SN,ig,0.6637808906676831,0.5216629457195495,0.14211794494813357
4WPF-3SN,shap,0.4862193362193363,0.5216629457195495,-0.03544360950021325
4WQP-3SX,cam,0.6593215308312107,0.5061073964368826,0.15321413439432807
4WQP-3SX,diff,0.7083335936835564,0.5061073964368826,0.2022261972466738
4WQP-3SX,gradcam,0.7014438568794488,0.5061073964368826,0.19533646044256614
4WQP-3SX,gradinput,0.5903228793213902,0.5061073964368826,0.08421548288450753
4WQP-3SX,ig,0.6676658856573228,0.5061073964368826,0.16155848922044014
4WQP-3SX,shap,0.5337964312927084,0.5061073964368826,0.027689034855825745
4WT6-3U6,cam,0.5132155044326319,0.5027143889808005,0.010501115451831411
4WT6-3U6,diff,0.6634164205333536,0.5027143889808005,0.16070203155255314
4WT6-3U6,gradcam,0.532533196874655,0.5027143889808005,0.029818807893854493
4WT6-3U6,gradinput,0.5910042348362923,0.5027143889808005,0.08828984585549182
4WT6-3U6,ig,0.5826509317966421,0.5027143889808005,0.07993654281584162
4WT6-3U6,shap,0.5266013316363362,0.5027143889808005,0.023886942655535703
4WY1-3VO,cam,0.5762900822429428,0.5001790984756572,0.07611098376728553
4WY1-3VO,diff,0.6542310243831787,0.5001790984756572,0.15405192590752148
4WY1-3VO,gradcam,0.5650310680350497,0.5001790984756572,0.06485196955939243
4WY1-3VO,gradinput,0.5504667168084952,0.5001790984756572,0.05028761833283801
4WY1-3VO,ig,0.5943995091166491,0.5001790984756572,0.09422041064099185
4WY1-3VO,shap,0.5259748058146527,0.5001790984756572,0.0257957073389955
4X6X-S74,cam,0.4915254237288136,0.5258358872765653,-0.03431046354775169
4X6X-S74,diff,0.6877719737889229,0.5258358872765653,0.16193608651235758
4X6X-S74,gradcam,0.4941915429203565,0.5258358872765653,-0.031644344356208776
4X6X-S74,gradinput,0.6123733611021747,0.5258358872765653,0.08653747382560939
4X6X-S74,ig,0.5036841689384063,0.5258358872765653,-0.022151718338158988
4X6X-S74,shap,0.5390271216542403,0.5258358872765653,0.013191234377674999
4X7I-3YS,cam,0.5573742041765298,0.5002743709652054,0.05709983321132439
4X7I-3YS,diff,0.5995516042198669,0.5002743709652054,0.09927723325466142
4X7I-3YS,gradcam,0.5778408931680706,0.5002743709652054,0.0775665222028652
4X7I-3YS,gradinput,0.5557808675170737,0.5002743709652054,0.055506496551868234
4X7I-3YS,ig,0.6018748516012539,0.5002743709652054,0.10160048063604843
4X7I-3YS,shap,0.5278355848522287,0.5002743709652054,0.02756121388702326
4XHK-3YR,cam,0.5834004719289951,0.5083687357012397,0.07503173622775539
4XHK-3YR,diff,0.6421309374037293,0.5083687357012397,0.13376220170248954
4XHK-3YR,gradcam,0.6134809237817057,0.5083687357012397,0.10511218808046596
4XHK-3YR,gradinput,0.6423025461989386,0.5083687357012397,0.1339338104976988
4XHK-3YR,ig,0.6862535673358492,0.5083687357012397,0.17788483163460944
4XHK-3YR,shap,0.5142483015572583,0.5083687357012397,0.005879565856018565
4XJ0-41B,cam,0.5,0.4967215444488171,0.0032784555511828906
4XJ0-41B,diff,0.7478379574970485,0.4967215444488171,0.2511164130482314
4XJ0-41B,gradcam,0.6134953430407977,0.4967215444488171,0.11677379859198056
4XJ0-41B,gradinput,0.645594746162928,0.4967215444488171,0.1488732017141109
4XJ0-41B,ig,0.8455578512396692,0.4967215444488171,0.3488363067908521
4XJ0-41B,shap,0.5480084940312213,0.4967215444488171,0.05128694958240421
4XMO-46G,cam,0.4722222222222222,0.5449475421697644,-0.07272531994754217
4XMO-46G,diff,0.5194346933930267,0.5449475421697644,-0.02551284877673765
4XMO-46G,gradcam,0.5005040869624202,0.5449475421697644,-0.04444345520734416
4XMO-46G,gradinput,0.5326554232804233,0.5449475421697644,-0.01229211888934112
4XMO-46G,ig,0.6507694851444852,0.5449475421697644,0.1058219429747208
4XMO-46G,shap,0.4648271096187762,0.5449475421697644,-0.08012043255098816
4XT9-43V,cam,0.5267857142857143,0.5140948172198172,0.0126908970658971
4XT9-43V,diff,0.5855181277056277,0.5140948172198172,0.07142331048581052
4XT9-43V,gradcam,0.6379068104514535,0.5140948172198172,0.12381199323163627
4XT9-43V,gradinput,0.5678851654298083,0.5140948172198172,0.05379034820999107
4XT9-43V,ig,0.6184514146567717,0.5140948172198172,0.10435659743695447
4XT9-43V,shap,0.5124294604205318,0.5140948172198172,-0.0016653567992853668
4Y73-XPY,cam,0.5070764938512379,0.49344296046514474,0.013633533386093133
4Y73-XPY,diff,0.6777829347368596,0.49344296046514474,0.18433997427171483
4Y73-XPY,gradcam,0.5708284368267303,0.49344296046514474,0.0773854763615856
4Y73-XPY,gradinput,0.4960362779048786,0.49344296046514474,0.0025933174397338443
4Y73-XPY,ig,0.536785730386413,0.49344296046514474,0.04334276992126823
4Y73-XPY,shap,0.5250819667628542,0.49344296046514474,0.03163900629770949
4YFF-4CV,cam,0.5964912280701754,0.49174113532666164,0.10475009274351377
4YFF-4CV,diff,0.4925127138942928,0.49174113532666164,0.0007715785676311593
4YFF-4CV,gradcam,0.5310213361200203,0.49174113532666164,0.0392802007933587
4YFF-4CV,gradinput,0.5004097328110485,0.49174113532666164,0.008668597484386864
4YFF-4CV,ig,0.4195249560381139,0.49174113532666164,-0.07221617928854773
4YFF-4CV,shap,0.4917764800988486,0.49174113532666164,3.534477218697374e-05
4YL0-4DZ,cam,0.5079365079365079,0.5123605524399175,-0.004424044503409608
4YL0-4DZ,diff,0.5957471981281506,0.5123605524399175,0.08338664568823306
4YL0-4DZ,gradcam,0.5473445425826378,0.5123605524399175,0.034983990142720245
4YL0-4DZ,gradinput,0.6366194211432306,0.5123605524399175,0.12425886870331304
4YL0-4DZ,ig,0.510318253175396,0.5123605524399175,-0.0020422992645214855
4YL0-4DZ,shap,0.52289615146758,0.5123605524399175,0.010535599027662435
4YPQ-4F1,cam,0.5041558527451384,0.5003358836930265,0.0038199690521119045
4YPQ-4F1,diff,0.5846021339771339,0.5003358836930265,0.08426625028410739
4YPQ-4F1,gradcam,0.5027706110027539,0.5003358836930265,0.0024347273097273803
4YPQ-4F1,gradinput,0.5325327483363197,0.5003358836930265,0.03219686464329319
4YPQ-4F1,ig,0.5286389820496964,0.5003358836930265,0.028303098356669887
4YPQ-4F1,shap,0.5145316713709571,0.5003358836930265,0.014195787677930616
4ZAU-YY3,cam,0.5703982816368137,0.4816924156373697,0.08870586599944402
4ZAU-YY3,diff,0.3867797273277717,0.4816924156373697,-0.09491268830959798
4ZAU-YY3,gradcam,0.3413758018900461,0.4816924156373697,-0.14031661374732357
4ZAU-YY3,gradinput,0.2853612868702196,0.4816924156373697,-0.1963311287671501
4ZAU-YY3,ig,0.410130047805084,0.4816924156373697,-0.0715623678322857
4ZAU-YY3,shap,0.4949931473108682,0.4816924156373697,0.01330073167349849
4ZIM-4OK,cam,0.525938592713837,0.4827788353344016,0.04315975737943545
4ZIM-4OK,diff,0.6141921729246888,0.4827788353344016,0.13141333759028717
4ZIM-4OK,gradcam,0.5572108813989441,0.4827788353344016,0.07443204606454257
4ZIM-4OK,gradinput,0.5091254886881443,0.4827788353344016,0.026346653353742755
4ZIM-4OK,ig,0.6048058345074057,0.4827788353344016,0.12202699917300408
4ZIM-4OK,shap,0.519677434613246,0.4827788353344016,0.036898599278844424
4ZJW-4P1,cam,0.68,0.5122539682539683,0.16774603174603175
4ZJW-4P1,diff,0.7524761904761905,0.5122539682539683,0.24022222222222223
4ZJW-4P1,gradcam,0.6472380952380952,0.5122539682539683,0.13498412698412687
4ZJW-4P1,gradinput,0.6829523809523809,0.5122539682539683,0.17069841269841257
4ZJW-4P1,ig,0.6450476190476191,0.5122539682539683,0.1327936507936508
4ZJW-4P1,shap,0.4887619047619047,0.5122539682539683,-0.02349206349206362
4ZZI-1NS,cam,0.5,0.5313486695183124,-0.03134866951831239
4ZZI-1NS,diff,0.5168109668109667,0.5313486695183124,-0.014537702707345668
4ZZI-1NS,gradcam,0.4146896258503401,0.5313486695183124,-0.1166590436679723
4ZZI-1NS,gradinput,0.3885197639661925,0.5313486695183124,-0.1428289055521199
4ZZI-1NS,ig,0.5039411976911977,0.5313486695183124,-0.02740747182711467
4ZZI-1NS,shap,0.5270073180787466,0.5313486695183124,-0.0043413514395658215
5A09-JJD,cam,0.5321685891665305,0.5000745740059398,0.03209401516059074
5A09-JJD,diff,0.6094902938060468,0.5000745740059398,0.109415719800107
5A09-JJD,gradcam,0.5607187070341358,0.5000745740059398,0.060644133028196046
5A09-JJD,gradinput,0.5477263640995222,0.5000745740059398,0.04765179009358245
5A09-JJD,ig,0.5265124299370162,0.5000745740059398,0.026437855931076393
5A09-JJD,shap,0.5168616015758601,0.5000745740059398,0.016787027569920343
5AM3-AUB,cam,0.4761904761904761,0.46476728738633505,0.01142318880414106
5AM3-AUB,diff,0.6863662131519275,0.46476728738633505,0.22159892576559242
5AM3-AUB,gradcam,0.6255033326461897,0.46476728738633505,0.1607360452598547
5AM3-AUB,gradinput,0.5871486978629835,0.46476728738633505,0.12238141047664847
5AM3-AUB,ig,0.5278138528138528,0.46476728738633505,0.0630465654275178
5AM3-AUB,shap,0.5964998625712911,0.46476728738633505,0.131732575184956
5AXP-4LK,cam,0.5142857142857142,0.5126358562072847,0.0016498580784295447
5AXP-4LK,diff,0.7263485720628577,0.5126358562072847,0.21371271585557305
5AXP-4LK,gradcam,0.4935817357245928,0.5126358562072847,-0.019054120482691894
5AXP-4LK,gradinput,0.5708946608946609,0.5126358562072847,0.05825880468737621
5AXP-4LK,ig,0.4427905427905427,0.5126358562072847,-0.069845313416742
5AXP-4LK,shap,0.4542810364238935,0.5126358562072847,-0.05835481978339119
5CF4-50Y,cam,0.5245901639344263,0.47935598233332083,0.04523418160110543
5CF4-50Y,diff,0.6872810624498183,0.47935598233332083,0.20792508011649752
5CF4-50Y,gradcam,0.5788446526151444,0.47935598233332083,0.09948867028182357
5CF4-50Y,gradinput,0.5894808743169399,0.47935598233332083,0.11012489198361902
5CF4-50Y,ig,0.5041720413947994,0.47935598233332083,0.0248160590614786
5CF4-50Y,shap,0.5097653418048789,0.47935598233332083,0.03040935947155804
5D1J-56H,cam,0.5092102342102343,0.506079671357449,0.0031305628527852347
5D1J-56H,diff,0.7173500881834215,0.506079671357449,0.21127041682597247
5D1J-56H,gradcam,0.575589688089688,0.506079671357449,0.069510016732239
5D1J-56H,gradinput,0.5334238292571626,0.506079671357449,0.02734415789971356
5D1J-56H,ig,0.6064182730849398,0.506079671357449,0.10033860172749076
5D1J-56H,shap,0.5135597427264094,0.506079671357449,0.007480071368960339
5DXU-5H5,cam,0.5234295107711809,0.49743919306655177,0.025990317704629173
5DXU-5H5,diff,0.581212001773684,0.49743919306655177,0.08377280870713227
5DXU-5H5,gradcam,0.5916753160921371,0.49743919306655177,0.09423612302558532
5DXU-5H5,gradinput,0.5904811642818977,0.49743919306655177,0.09304197121534591
5DXU-5H5,ig,0.6386891992477177,0.49743919306655177,0.14125000618116595
5DXU-5H5,shap,0.5530796176816889,0.49743919306655177,0.05564042461513713
5E1E-5JG,cam,0.7801587301587302,0.4999905517762661,0.28016817838246405
5E1E-5JG,diff,0.4431122448979592,0.4999905517762661,-0.05687830687830692
5E1E-5JG,gradcam,0.6082199546485262,0.4999905517762661,0.10822940287226007
5E1E-5JG,gradinput,0.476672335600907,0.4999905517762661,-0.02331821617535912
5E1E-5JG,ig,0.485969387755102,0.4999905517762661,-0.014021164021164101
5E1E-5JG,shap,0.5983560090702946,0.4999905517762661,0.09836545729402851
5EDH-5MF,cam,0.5058949220713927,0.49323939495508123,0.012655527116311516
5EDH-5MF,diff,0.5980584774702421,0.49323939495508123,0.10481908251516087
5EDH-5MF,gradcam,0.4233532807062218,0.49323939495508123,-0.06988611424885943
5EDH-5MF,gradinput,0.4708304767128296,0.49323939495508123,-0.022408918242251608
5EDH-5MF,ig,0.6423420533714651,0.49323939495508123,0.14910265841638387
5EDH-5MF,shap,0.5249638977580154,0.49323939495508123,0.03172450280293421
5EK2-5PJ,cam,0.5,0.47861212861212854,0.02138787138787146
5EK2-5PJ,diff,0.5766788766788767,0.47861212861212854,0.0980667480667482
5EK2-5PJ,gradcam,0.6509768009768009,0.47861212861212854,0.17236467236467234
5EK2-5PJ,gradinput,0.5628205128205128,0.47861212861212854,0.08420838420838428
5EK2-5PJ,ig,0.6696581196581197,0.47861212861212854,0.19104599104599118
5EK2-5PJ,shap,0.5957264957264957,0.47861212861212854,0.11711436711436718
5EOL-5QO,cam,0.5125562189899464,0.49901667867259264,0.013539540317353771
5EOL-5QO,diff,0.6501695337947592,0.49901667867259264,0.15115285512216653
5EOL-5QO,gradcam,0.5290520112955699,0.49901667867259264,0.03003533262297725
5EOL-5QO,gradinput,0.5646184559078474,0.49901667867259264,0.06560177723525479
5EOL-5QO,ig,0.5237253058573279,0.49901667867259264,0.024708627184735266
5EOL-5QO,shap,0.5463717485664772,0.49901667867259264,0.04735506989388455
5FTO-YMX,cam,0.7262667887667887,0.49694240944240936,0.22932437932437938
5FTO-YMX,diff,0.8009615384615384,0.49694240944240936,0.30401912901912903
5FTO-YMX,gradcam,0.5628205128205128,0.49694240944240936,0.06587810337810346
5FTO-YMX,gradinput,0.5576923076923077,0.49694240944240936,0.06074989824989835
5FTO-YMX,ig,0.7018162393162393,0.49694240944240936,0.2048738298738299
5FTO-YMX,shap,0.5163919413919413,0.49694240944240936,0.019449531949531973
5HDU-60W,cam,0.5,0.5094272755369013,-0.009427275536901258
5HDU-60W,diff,0.7778399890365131,0.5094272755369013,0.2684127134996118
5HDU-60W,gradcam,0.659922979575386,0.5094272755369013,0.15049570403848478
5HDU-60W,gradinput,0.6350379233066398,0.5094272755369013,0.12561064776973851
5HDU-60W,ig,0.6849410170934236,0.5094272755369013,0.17551374155652233
5HDU-60W,shap,0.5091939613664214,0.5094272755369013,-0.00023331417047989245
5IIS-6CB,cam,0.63025,0.4767103174603174,0.1535396825396826
5IIS-6CB,diff,0.6808928571428571,0.4767103174603174,0.2041825396825397
5IIS-6CB,gradcam,0.8282083333333334,0.4767103174603174,0.35149801587301605
5IIS-6CB,gradinput,0.7430892857142858,0.4767103174603174,0.2663789682539684
5IIS-6CB,ig,0.724107142857143,0.4767103174603174,0.24739682539682556
5IIS-6CB,shap,0.4909702380952381,0.4767103174603174,0.014259920634920709
830C-RS1,cam,0.4736842105263157,0.4893384555665257,-0.015654245040210013
830C-RS1,diff,0.6286897800055694,0.4893384555665257,0.1393513244390437
830C-RS1,gradcam,0.4760588339535708,0.4893384555665257,-0.013279621612954928
830C-RS1,gradinput,0.5496170983013088,0.4893384555665257,0.06027864273478306
830C-RS1,ig,0.5563770537454749,0.4893384555665257,0.06703859817894914
830C-RS1,shap,0.5196501354396091,0.4893384555665257,0.03031167987308342
966C-RS2,cam,0.5644232714326173,0.4857844128872166,0.0786388585454007
966C-RS2,diff,0.6201409960755755,0.4857844128872166,0.1343565831883589
966C-RS2,gradcam,0.5895223934943561,0.4857844128872166,0.10373798060713951
966C-RS2,gradinput,0.5057389650847595,0.4857844128872166,0.019954552197542885
966C-RS2,ig,0.5689869320710442,0.4857844128872166,0.08320251918382765
966C-RS2,shap,0.5274891774891775,0.4857844128872166,0.041704764601960875
