target,loss,explainer,n_pairs,n_flipped,flip_rate
1CKP-PVB,MSE,cam,214,33,0.1542056074766355
1CKP-PVB,MSE+AC,cam,214,39,0.1822429906542056
1CKP-PVB,MSE+UCN,cam,214,40,0.18691588785046728
1CKP-PVB,MSE,diff,214,7,0.03271028037383177
1CKP-PVB,MSE+AC,diff,214,14,0.06542056074766354
1CKP-PVB,MSE+UCN,diff,214,9,0.04205607476635514
1CKP-PVB,MSE,gradcam,214,55,0.2570093457943925
1CKP-PVB,MSE+AC,gradcam,214,25,0.11682242990654206
1CKP-PVB,MSE+UCN,gradcam,214,36,0.16822429906542055
1CKP-PVB,MSE,gradinput,214,26,0.12149532710280374
1CKP-PVB,MSE+AC,gradinput,214,23,0.10747663551401869
1CKP-PVB,MSE+UCN,gradinput,214,31,0.14485981308411214
1CKP-PVB,MSE,ig,214,15,0.07009345794392523
1CKP-PVB,MSE+AC,ig,214,13,0.06074766355140187
1CKP-PVB,MSE+UCN,ig,214,19,0.08878504672897196
1CKP-PVB,MSE,shap,214,36,0.16822429906542055
1CKP-PVB,MSE+AC,shap,214,36,0.16822429906542055
1CKP-PVB,MSE+UCN,shap,214,33,0.1542056074766355
1D3G-BRE,MSE,cam,109,13,0.11926605504587157
1D3G-BRE,MSE+AC,cam,109,17,0.1559633027522936
1D3G-BRE,MSE+UCN,cam,109,7,0.06422018348623854
1D3G-BRE,MSE,diff,109,9,0.08256880733944955
1D3G-BRE,MSE+AC,diff,109,8,0.07339449541284404
1D3G-BRE,MSE+UCN,diff,109,7,0.06422018348623854
1D3G-BRE,MSE,gradcam,109,33,0.30275229357798167
1D3G-BRE,MSE+AC,gradcam,109,22,0.2018348623853211
1D3G-BRE,MSE+UCN,gradcam,109,24,0.22018348623853212
1D3G-BRE,MSE,gradinput,109,30,0.27522935779816515
1D3G-BRE,MSE+AC,gradinput,109,15,0.13761467889908258
1D3G-BRE,MSE+UCN,gradinput,109,15,0.13761467889908258
1D3G-BRE,MSE,ig,109,6,0.05504587155963303
1D3G-BRE,MSE+AC,ig,109,5,0.045871559633027525
1D3G-BRE,MSE+UCN,ig,109,9,0.08256880733944955
1D3G-BRE,MSE,shap,109,30,0.27522935779816515
1D3G-BRE,MSE+AC,shap,109,30,0.27522935779816515
1D3G-BRE,MSE+UCN,shap,109,28,0.25688073394495414
1D7X-SPC,MSE,cam,634,129,0.20347003154574134
1D7X-SPC,MSE+AC,cam,634,163,0.25709779179810727
1D7X-SPC,MSE+UCN,cam,634,252,0.39747634069400634
1D7X-SPC,MSE,diff,634,32,0.050473186119873815
1D7X-SPC,MSE+AC,diff,634,36,0.056782334384858045
1D7X-SPC,MSE+UCN,diff,634,41,0.06466876971608833
1D7X-SPC,MSE,gradcam,634,47,0.07413249211356467
1D7X-SPC,MSE+AC,gradcam,634,110,0.17350157728706625
1D7X-SPC,MSE+UCN,gradcam,634,73,0.11514195583596215
1D7X-SPC,MSE,gradinput,634,70,0.11041009463722397
1D7X-SPC,MSE+AC,gradinput,634,52,0.08201892744479496
1D7X-SPC,MSE+UCN,gradinput,634,57,0.08990536277602523
1D7X-SPC,MSE,ig,634,37,0.0583596214511041
1D7X-SPC,MSE+AC,ig,634,55,0.08675078864353312
1D7X-SPC,MSE+UCN,ig,634,87,0.13722397476340695
1D7X-SPC,MSE,shap,634,156,0.24605678233438485
1D7X-SPC,MSE+AC,shap,634,177,0.27917981072555204
1D7X-SPC,MSE+UCN,shap,634,162,0.2555205047318612
1D8M-BBH,MSE,cam,31,5,0.16129032258064516
1D8M-BBH,MSE+AC,cam,31,8,0.25806451612903225
1D8M-BBH,MSE+UCN,cam,31,6,0.1935483870967742
1D8M-BBH,MSE,diff,31,1,0.03225806451612903
1D8M-BBH,MSE+AC,diff,31,0,0.0
1D8M-BBH,MSE+UCN,diff,31,2,0.06451612903225806
1D8M-BBH,MSE,gradcam,31,3,0.0967741935483871
1D8M-BBH,MSE+AC,gradcam,31,1,0.03225806451612903
1D8M-BBH,MSE+UCN,gradcam,31,4,0.12903225806451613
1D8M-BBH,MSE,gradinput,31,3,0.0967741935483871
1D8M-BBH,MSE+AC,gradinput,31,2,0.06451612903225806
1D8M-BBH,MSE+UCN,gradinput,31,2,0.06451612903225806
1D8M-BBH,MSE,ig,31,4,0.12903225806451613
1D8M-BBH,MSE+AC,ig,31,3,0.0967741935483871
1D8M-BBH,MSE+UCN,ig,31,1,0.03225806451612903
1D8M-BBH,MSE,shap,31,5,0.16129032258064516
1D8M-BBH,MSE+AC,shap,31,4,0.12903225806451613
1D8M-BBH,MSE+UCN,shap,31,4,0.12903225806451613
1DB4-8IN,MSE,cam,2200,446,0.20272727272727273
1DB4-8IN,MSE+AC,cam,2200,492,0.22363636363636363
1DB4-8IN,MSE+UCN,cam,2200,480,0.21818181818181817
1DB4-8IN,MSE,diff,2200,175,0.07954545454545454
1DB4-8IN,MSE+AC,diff,2200,138,0.06272727272727273
1DB4-8IN,MSE+UCN,diff,2200,269,0.12227272727272727
1DB4-8IN,MSE,gradcam,2200,338,0.15363636363636363
1DB4-8IN,MSE+AC,gradcam,2200,407,0.185
1DB4-8IN,MSE+UCN,gradcam,2200,304,0.13818181818181818
1DB4-8IN,MSE,gradinput,2200,211,0.0959090909090909
1DB4-8IN,MSE+AC,gradinput,2200,327,0.14863636363636365
1DB4-8IN,MSE+UCN,gradinput,2200,259,0.11772727272727272
1DB4-8IN,MSE,ig,2200,342,0.15545454545454546
1DB4-8IN,MSE+AC,ig,2200,222,0.1009090909090909
1DB4-8IN,MSE+UCN,ig,2200,243,0.11045454545454546
1DB4-8IN,MSE,shap,2200,594,0.27
1DB4-8IN,MSE+AC,shap,2200,565,0.25681818181818183
1DB4-8IN,MSE+UCN,shap,2200,620,0.2818181818181818
1DYR-TOP,MSE,cam,85,13,0.15294117647058825
1DYR-TOP,MSE+AC,cam,85,25,0.29411764705882354
1DYR-TOP,MSE+UCN,cam,85,23,0.27058823529411763
1DYR-TOP,MSE,diff,85,2,0.023529411764705882
1DYR-TOP,MSE+AC,diff,85,5,0.058823529411764705
1DYR-TOP,MSE+UCN,diff,85,4,0.047058823529411764
1DYR-TOP,MSE,gradcam,85,16,0.18823529411764706
1DYR-TOP,MSE+AC,gradcam,85,16,0.18823529411764706
1DYR-TOP,MSE+UCN,gradcam,85,2,0.023529411764705882
1DYR-TOP,MSE,gradinput,85,24,0.2823529411764706
1DYR-TOP,MSE+AC,gradinput,85,10,0.11764705882352941
1DYR-TOP,MSE+UCN,gradinput,85,2,0.023529411764705882
1DYR-TOP,MSE,ig,85,12,0.1411764705882353
1DYR-TOP,MSE+AC,ig,85,11,0.12941176470588237
1DYR-TOP,MSE+UCN,ig,85,9,0.10588235294117647
1DYR-TOP,MSE,shap,85,23,0.27058823529411763
1DYR-TOP,MSE+AC,shap,85,25,0.29411764705882354
1DYR-TOP,MSE+UCN,shap,85,23,0.27058823529411763
1EZQ-RPR,MSE,cam,13,0,0.0
1EZQ-RPR,MSE+AC,cam,13,0,0.0
1EZQ-RPR,MSE+UCN,cam,13,0,0.0
1EZQ-RPR,MSE,diff,13,4,0.3076923076923077
1EZQ-RPR,MSE+AC,diff,13,2,0.15384615384615385
1EZQ-RPR,MSE+UCN,diff,13,0,0.0
1EZQ-RPR,MSE,gradcam,13,2,0.15384615384615385
1EZQ-RPR,MSE+AC,gradcam,13,0,0.0
1EZQ-RPR,MSE+UCN,gradcam,13,0,0.0
1EZQ-RPR,MSE,gradinput,13,0,0.0
1EZQ-RPR,MSE+AC,gradinput,13,1,0.07692307692307693
1EZQ-RPR,MSE+UCN,gradinput,13,0,0.0
1EZQ-RPR,MSE,ig,13,1,0.07692307692307693
1EZQ-RPR,MSE+AC,ig,13,0,0.0
1EZQ-RPR,MSE+UCN,ig,13,1,0.07692307692307693
1EZQ-RPR,MSE,shap,13,3,0.23076923076923078
1EZQ-RPR,MSE+AC,shap,13,3,0.23076923076923078
1EZQ-RPR,MSE+UCN,shap,13,5,0.38461538461538464
1F0R-815,MSE,cam,229,28,0.1222707423580786
1F0R-815,MSE+AC,cam,229,30,0.13100436681222707
1F0R-815,MSE+UCN,cam,229,25,0.1091703056768559
1F0R-815,MSE,diff,229,7,0.03056768558951965
1F0R-815,MSE+AC,diff,229,17,0.07423580786026202
1F0R-815,MSE+UCN,diff,229,33,0.14410480349344978
1F0R-815,MSE,gradcam,229,12,0.05240174672489083
1F0R-815,MSE+AC,gradcam,229,24,0.10480349344978165
1F0R-815,MSE+UCN,gradcam,229,55,0.24017467248908297
1F0R-815,MSE,gradinput,229,26,0.11353711790393013
1F0R-815,MSE+AC,gradinput,229,14,0.0611353711790393
1F0R-815,MSE+UCN,gradinput,229,13,0.056768558951965066
1F0R-815,MSE,ig,229,9,0.039301310043668124
1F0R-815,MSE+AC,ig,229,13,0.056768558951965066
1F0R-815,MSE+UCN,ig,229,13,0.056768558951965066
1F0R-815,MSE,shap,229,71,0.31004366812227074
1F0R-815,MSE+AC,shap,229,70,0.3056768558951965
1F0R-815,MSE+UCN,shap,229,78,0.3406113537117904
1F40-GPI,MSE,cam,67,2,0.029850746268656716
1F40-GPI,MSE+AC,cam,67,2,0.029850746268656716
1F40-GPI,MSE+UCN,cam,67,5,0.07462686567164178
1F40-GPI,MSE,diff,67,7,0.1044776119402985
1F40-GPI,MSE+AC,diff,67,6,0.08955223880597014
1F40-GPI,MSE+UCN,diff,67,4,0.05970149253731343
1F40-GPI,MSE,gradcam,67,8,0.11940298507462686
1F40-GPI,MSE+AC,gradcam,67,1,0.014925373134328358
1F40-GPI,MSE+UCN,gradcam,67,9,0.13432835820895522
1F40-GPI,MSE,gradinput,67,9,0.13432835820895522
1F40-GPI,MSE+AC,gradinput,67,1,0.014925373134328358
1F40-GPI,MSE+UCN,gradinput,67,5,0.07462686567164178
1F40-GPI,MSE,ig,67,2,0.029850746268656716
1F40-GPI,MSE+AC,ig,67,3,0.04477611940298507
1F40-GPI,MSE+UCN,ig,67,2,0.029850746268656716
1F40-GPI,MSE,shap,67,10,0.14925373134328357
1F40-GPI,MSE+AC,shap,67,11,0.16417910447761194
1F40-GPI,MSE+UCN,shap,67,12,0.1791044776119403
1FLS-WAY,MSE,cam,439,37,0.08428246013667426
1FLS-WAY,MSE+AC,cam,439,71,0.16173120728929385
1FLS-WAY,MSE+UCN,cam,439,90,0.20501138952164008
1FLS-WAY,MSE,diff,439,18,0.04100227790432802
1FLS-WAY,MSE+AC,diff,439,33,0.07517084282460136
1FLS-WAY,MSE+UCN,diff,439,23,0.05239179954441914
1FLS-WAY,MSE,gradcam,439,65,0.1480637813211845
1FLS-WAY,MSE+AC,gradcam,439,80,0.18223234624145787
1FLS-WAY,MSE+UCN,gradcam,439,41,0.09339407744874716
1FLS-WAY,MSE,gradinput,439,68,0.1548974943052392
1FLS-WAY,MSE+AC,gradinput,439,70,0.15945330296127563
1FLS-WAY,MSE+UCN,gradinput,439,44,0.10022779043280182
1FLS-WAY,MSE,ig,439,28,0.06378132118451026
1FLS-WAY,MSE+AC,ig,439,50,0.11389521640091116
1FLS-WAY,MSE+UCN,ig,439,45,0.10250569476082004
1FLS-WAY,MSE,shap,439,116,0.2642369020501139
1FLS-WAY,MSE+AC,shap,439,130,0.296127562642369
1FLS-WAY,MSE+UCN,shap,439,107,0.2437357630979499
1FM9-570,MSE,cam,136,21,0.15441176470588236
1FM9-570,MSE+AC,cam,136,38,0.27941176470588236
1FM9-570,MSE+UCN,cam,136,23,0.16911764705882354
1FM9-570,MSE,diff,136,9,0.0661764705882353
1FM9-570,MSE+AC,diff,136,8,0.058823529411764705
1FM9-570,MSE+UCN,diff,136,9,0.0661764705882353
1FM9-570,MSE,gradcam,136,10,0.07352941176470588
1FM9-570,MSE+AC,gradcam,136,23,0.16911764705882354
1FM9-570,MSE+UCN,gradcam,136,30,0.22058823529411764
1FM9-570,MSE,gradinput,136,23,0.16911764705882354
1FM9-570,MSE+AC,gradinput,136,11,0.08088235294117647
1FM9-570,MSE+UCN,gradinput,136,14,0.10294117647058823
1FM9-570,MSE,ig,136,12,0.08823529411764706
1FM9-570,MSE+AC,ig,136,10,0.07352941176470588
1FM9-570,MSE+UCN,ig,136,9,0.0661764705882353
1FM9-570,MSE,shap,136,44,0.3235294117647059
1FM9-570,MSE+AC,shap,136,45,0.33088235294117646
1FM9-570,MSE+UCN,shap,136,46,0.3382352941176471
1G5S-I17,MSE,cam,1298,301,0.23189522342064714
1G5S-I17,MSE+AC,cam,1298,432,0.33281972265023113
1G5S-I17,MSE+UCN,cam,1298,318,0.24499229583975346
1G5S-I17,MSE,diff,1298,147,0.11325115562403698
1G5S-I17,MSE+AC,diff,1298,142,0.10939907550077041
1G5S-I17,MSE+UCN,diff,1298,76,0.05855161787365177
1G5S-I17,MSE,gradcam,1298,282,0.2172573189522342
1G5S-I17,MSE+AC,gradcam,1298,334,0.2573189522342065
1G5S-I17,MSE+UCN,gradcam,1298,135,0.10400616332819723
1G5S-I17,MSE,gradinput,1298,214,0.16486902927580893
1G5S-I17,MSE+AC,gradinput,1298,155,0.11941448382126348
1G5S-I17,MSE+UCN,gradinput,1298,232,0.17873651771956856
1G5S-I17,MSE,ig,1298,47,0.0362095531587057
1G5S-I17,MSE+AC,ig,1298,170,0.13097072419106318
1G5S-I17,MSE+UCN,ig,1298,163,0.12557781201849
1G5S-I17,MSE,shap,1298,351,0.27041602465331277
1G5S-I17,MSE+AC,shap,1298,359,0.2765793528505393
1G5S-I17,MSE+UCN,shap,1298,357,0.27503852080123264
1H00-FAP,MSE,cam,43,2,0.046511627906976744
1H00-FAP,MSE+AC,cam,43,8,0.18604651162790697
1H00-FAP,MSE+UCN,cam,43,14,0.32558139534883723
1H00-FAP,MSE,diff,43,1,0.023255813953488372
1H00-FAP,MSE+AC,diff,43,1,0.023255813953488372
1H00-FAP,MSE+UCN,diff,43,0,0.0
1H00-FAP,MSE,gradcam,43,0,0.0
1H00-FAP,MSE+AC,gradcam,43,2,0.046511627906976744
1H00-FAP,MSE+UCN,gradcam,43,2,0.046511627906976744
1H00-FAP,MSE,gradinput,43,0,0.0
1H00-FAP,MSE+AC,gradinput,43,3,0.06976744186046512
1H00-FAP,MSE+UCN,gradinput,43,5,0.11627906976744186
1H00-FAP,MSE,ig,43,1,0.023255813953488372
1H00-FAP,MSE+AC,ig,43,1,0.023255813953488372
1H00-FAP,MSE+UCN,ig,43,6,0.13953488372093023
1H00-FAP,MSE,shap,43,12,0.27906976744186046
1H00-FAP,MSE+AC,shap,43,11,0.2558139534883721
1H00-FAP,MSE+UCN,shap,43,13,0.3023255813953488
1H01-FAL,MSE,cam,34,11,0.3235294117647059
1H01-FAL,MSE+AC,cam,34,15,0.4411764705882353
1H01-FAL,MSE+UCN,cam,34,19,0.5588235294117647
1H01-FAL,MSE,diff,34,0,0.0
1H01-FAL,MSE+AC,diff,34,7,0.20588235294117646
1H01-FAL,MSE+UCN,diff,34,8,0.23529411764705882
1H01-FAL,MSE,gradcam,34,8,0.23529411764705882
1H01-FAL,MSE+AC,gradcam,34,4,0.11764705882352941
1H01-FAL,MSE+UCN,gradcam,34,16,0.47058823529411764
1H01-FAL,MSE,gradinput,34,5,0.14705882352941177
1H01-FAL,MSE+AC,gradinput,34,2,0.058823529411764705
1H01-FAL,MSE+UCN,gradinput,34,13,0.38235294117647056
1H01-FAL,MSE,ig,34,0,0.0
1H01-FAL,MSE+AC,ig,34,6,0.17647058823529413
1H01-FAL,MSE+UCN,ig,34,5,0.14705882352941177
1H01-FAL,MSE,shap,34,10,0.29411764705882354
1H01-FAL,MSE+AC,shap,34,12,0.35294117647058826
1H01-FAL,MSE+UCN,shap,34,11,0.3235294117647059
1H1Q-2A6,MSE,cam,92,11,0.11956521739130435
1H1Q-2A6,MSE+AC,cam,92,19,0.20652173913043478
1H1Q-2A6,MSE+UCN,cam,92,22,0.2391304347826087
1H1Q-2A6,MSE,diff,92,7,0.07608695652173914
1H1Q-2A6,MSE+AC,diff,92,17,0.18478260869565216
1H1Q-2A6,MSE+UCN,diff,92,16,0.17391304347826086
1H1Q-2A6,MSE,gradcam,92,9,0.09782608695652174
1H1Q-2A6,MSE+AC,gradcam,92,6,0.06521739130434782
1H1Q-2A6,MSE+UCN,gradcam,92,9,0.09782608695652174
1H1Q-2A6,MSE,gradinput,92,6,0.06521739130434782
1H1Q-2A6,MSE+AC,gradinput,92,5,0.05434782608695652
1H1Q-2A6,MSE+UCN,gradinput,92,7,0.07608695652173914
1H1Q-2A6,MSE,ig,92,4,0.043478260869565216
1H1Q-2A6,MSE+AC,ig,92,4,0.043478260869565216
1H1Q-2A6,MSE+UCN,ig,92,13,0.14130434782608695
1H1Q-2A6,MSE,shap,92,24,0.2608695652173913
1H1Q-2A6,MSE+AC,shap,92,20,0.21739130434782608
1H1Q-2A6,MSE+UCN,shap,92,16,0.17391304347826086
1H1R-6CP,MSE,cam,100,50,0.5
1H1R-6CP,MSE+AC,cam,100,1,0.01
1H1R-6CP,MSE+UCN,cam,100,8,0.08
1H1R-6CP,MSE,diff,100,6,0.06
1H1R-6CP,MSE+AC,diff,100,9,0.09
1H1R-6CP,MSE+UCN,diff,100,12,0.12
1H1R-6CP,MSE,gradcam,100,5,0.05
1H1R-6CP,MSE+AC,gradcam,100,18,0.18
1H1R-6CP,MSE+UCN,gradcam,100,10,0.1
1H1R-6CP,MSE,gradinput,100,7,0.07
1H1R-6CP,MSE+AC,gradinput,100,18,0.18
1H1R-6CP,MSE+UCN,gradinput,100,20,0.2
1H1R-6CP,MSE,ig,100,11,0.11
1H1R-6CP,MSE+AC,ig,100,10,0.1
1H1R-6CP,MSE+UCN,ig,100,13,0.13
1H1R-6CP,MSE,shap,100,22,0.22
1H1R-6CP,MSE+AC,shap,100,19,0.19
1H1R-6CP,MSE+UCN,shap,100,22,0.22
1HVY-D16,MSE,cam,268,32,0.11940298507462686
1HVY-D16,MSE+AC,cam,268,21,0.07835820895522388
1HVY-D16,MSE+UCN,cam,268,17,0.06343283582089553
1HVY-D16,MSE,diff,268,11,0.041044776119402986
1HVY-D16,MSE+AC,diff,268,9,0.033582089552238806
1HVY-D16,MSE+UCN,diff,268,34,0.12686567164179105
1HVY-D16,MSE,gradcam,268,6,0.022388059701492536
1HVY-D16,MSE+AC,gradcam,268,17,0.06343283582089553
1HVY-D16,MSE+UCN,gradcam,268,64,0.23880597014925373
1HVY-D16,MSE,gradinput,268,15,0.055970149253731345
1HVY-D16,MSE+AC,gradinput,268,9,0.033582089552238806
1HVY-D16,MSE+UCN,gradinput,268,25,0.09328358208955224
1HVY-D16,MSE,ig,268,23,0.08582089552238806
1HVY-D16,MSE+AC,ig,268,10,0.03731343283582089
1HVY-D16,MSE+UCN,ig,268,45,0.16791044776119404
1HVY-D16,MSE,shap,268,91,0.33955223880597013
1HVY-D16,MSE+AC,shap,268,93,0.34701492537313433
1HVY-D16,MSE+UCN,shap,268,92,0.34328358208955223
1HY7-MBS,MSE,cam,300,80,0.26666666666666666
1HY7-MBS,MSE+AC,cam,300,78,0.26
1HY7-MBS,MSE+UCN,cam,300,46,0.15333333333333332
1HY7-MBS,MSE,diff,300,23,0.07666666666666666
1HY7-MBS,MSE+AC,diff,300,18,0.06
1HY7-MBS,MSE+UCN,diff,300,25,0.08333333333333333
1HY7-MBS,MSE,gradcam,300,79,0.2633333333333333
1HY7-MBS,MSE+AC,gradcam,300,41,0.13666666666666666
1HY7-MBS,MSE+UCN,gradcam,300,28,0.09333333333333334
1HY7-MBS,MSE,gradinput,300,35,0.11666666666666667
1HY7-MBS,MSE+AC,gradinput,300,14,0.04666666666666667
1HY7-MBS,MSE+UCN,gradinput,300,52,0.17333333333333334
1HY7-MBS,MSE,ig,300,31,0.10333333333333333
1HY7-MBS,MSE+AC,ig,300,38,0.12666666666666668
1HY7-MBS,MSE+UCN,ig,300,23,0.07666666666666666
1HY7-MBS,MSE,shap,300,74,0.24666666666666667
1HY7-MBS,MSE+AC,shap,300,57,0.19
1HY7-MBS,MSE+UCN,shap,300,79,0.2633333333333333
1IPC-MGP,MSE,cam,48,3,0.0625
1IPC-MGP,MSE+AC,cam,48,3,0.0625
1IPC-MGP,MSE+UCN,cam,48,2,0.041666666666666664
1IPC-MGP,MSE,diff,48,1,0.020833333333333332
1IPC-MGP,MSE+AC,diff,48,14,0.2916666666666667
1IPC-MGP,MSE+UCN,diff,48,8,0.16666666666666666
1IPC-MGP,MSE,gradcam,48,9,0.1875
1IPC-MGP,MSE+AC,gradcam,48,9,0.1875
1IPC-MGP,MSE+UCN,gradcam,48,2,0.041666666666666664
1IPC-MGP,MSE,gradinput,48,1,0.020833333333333332
1IPC-MGP,MSE+AC,gradinput,48,17,0.3541666666666667
1IPC-MGP,MSE+UCN,gradinput,48,10,0.20833333333333334
1IPC-MGP,MSE,ig,48,1,0.020833333333333332
1IPC-MGP,MSE+AC,ig,48,1,0.020833333333333332
1IPC-MGP,MSE+UCN,ig,48,1,0.020833333333333332
1IPC-MGP,MSE,shap,48,16,0.3333333333333333
1IPC-MGP,MSE+AC,shap,48,14,0.2916666666666667
1IPC-MGP,MSE+UCN,shap,48,14,0.2916666666666667
1KE5-LS1,MSE,cam,44,9,0.20454545454545456
1KE5-LS1,MSE+AC,cam,44,5,0.11363636363636363
1KE5-LS1,MSE+UCN,cam,44,1,0.022727272727272728
1KE5-LS1,MSE,diff,44,1,0.022727272727272728
1KE5-LS1,MSE+AC,diff,44,0,0.0
1KE5-LS1,MSE+UCN,diff,44,1,0.022727272727272728
1KE5-LS1,MSE,gradcam,44,4,0.09090909090909091
1KE5-LS1,MSE+AC,gradcam,44,1,0.022727272727272728
1KE5-LS1,MSE+UCN,gradcam,44,2,0.045454545454545456
1KE5-LS1,MSE,gradinput,44,1,0.022727272727272728
1KE5-LS1,MSE+AC,gradinput,44,0,0.0
1KE5-LS1,MSE+UCN,gradinput,44,0,0.0
1KE5-LS1,MSE,ig,44,1,0.022727272727272728
1KE5-LS1,MSE+AC,ig,44,1,0.022727272727272728
1KE5-LS1,MSE+UCN,ig,44,0,0.0
1KE5-LS1,MSE,shap,44,9,0.20454545454545456
1KE5-LS1,MSE+AC,shap,44,6,0.13636363636363635
1KE5-LS1,MSE+UCN,shap,44,5,0.11363636363636363
1KE9-LS5,MSE,cam,44,10,0.22727272727272727
1KE9-LS5,MSE+AC,cam,44,14,0.3181818181818182
1KE9-LS5,MSE+UCN,cam,44,1,0.022727272727272728
1KE9-LS5,MSE,diff,44,0,0.0
1KE9-LS5,MSE+AC,diff,44,1,0.022727272727272728
1KE9-LS5,MSE+UCN,diff,44,0,0.0
1KE9-LS5,MSE,gradcam,44,15,0.3409090909090909
1KE9-LS5,MSE+AC,gradcam,44,10,0.22727272727272727
1KE9-LS5,MSE+UCN,gradcam,44,15,0.3409090909090909
1KE9-LS5,MSE,gradinput,44,8,0.18181818181818182
1KE9-LS5,MSE+AC,gradinput,44,11,0.25
1KE9-LS5,MSE+UCN,gradinput,44,2,0.045454545454545456
1KE9-LS5,MSE,ig,44,6,0.13636363636363635
1KE9-LS5,MSE+AC,ig,44,2,0.045454545454545456
1KE9-LS5,MSE+UCN,ig,44,0,0.0
1KE9-LS5,MSE,shap,44,7,0.1590909090909091
1KE9-LS5,MSE+AC,shap,44,13,0.29545454545454547
1KE9-LS5,MSE+UCN,shap,44,8,0.18181818181818182
1KLK-PMD,MSE,cam,35,2,0.05714285714285714
1KLK-PMD,MSE+AC,cam,35,2,0.05714285714285714
1KLK-PMD,MSE+UCN,cam,35,3,0.08571428571428572
1KLK-PMD,MSE,diff,35,1,0.02857142857142857
1KLK-PMD,MSE+AC,diff,35,3,0.08571428571428572
1KLK-PMD,MSE+UCN,diff,35,3,0.08571428571428572
1KLK-PMD,MSE,gradcam,35,5,0.14285714285714285
1KLK-PMD,MSE+AC,gradcam,35,4,0.11428571428571428
1KLK-PMD,MSE+UCN,gradcam,35,5,0.14285714285714285
1KLK-PMD,MSE,gradinput,35,2,0.05714285714285714
1KLK-PMD,MSE+AC,gradinput,35,4,0.11428571428571428
1KLK-PMD,MSE+UCN,gradinput,35,4,0.11428571428571428
1KLK-PMD,MSE,ig,35,2,0.05714285714285714
1KLK-PMD,MSE+AC,ig,35,1,0.02857142857142857
1KLK-PMD,MSE+UCN,ig,35,1,0.02857142857142857
1KLK-PMD,MSE,shap,35,11,0.3142857142857143
1KLK-PMD,MSE+AC,shap,35,12,0.34285714285714286
1KLK-PMD,MSE+UCN,shap,35,9,0.2571428571428571
1KMS-LIH,MSE,cam,265,114,0.43018867924528303
1KMS-LIH,MSE+AC,cam,265,57,0.21509433962264152
1KMS-LIH,MSE+UCN,cam,265,74,0.2792452830188679
1KMS-LIH,MSE,diff,265,21,0.07924528301886792
1KMS-LIH,MSE+AC,diff,265,31,0.1169811320754717
1KMS-LIH,MSE+UCN,diff,265,27,0.1018867924528302
1KMS-LIH,MSE,gradcam,265,21,0.07924528301886792
1KMS-LIH,MSE+AC,gradcam,265,18,0.06792452830188679
1KMS-LIH,MSE+UCN,gradcam,265,29,0.10943396226415095
1KMS-LIH,MSE,gradinput,265,41,0.15471698113207547
1KMS-LIH,MSE+AC,gradinput,265,14,0.052830188679245285
1KMS-LIH,MSE+UCN,gradinput,265,24,0.09056603773584905
1KMS-LIH,MSE,ig,265,20,0.07547169811320754
1KMS-LIH,MSE+AC,ig,265,32,0.12075471698113208
1KMS-LIH,MSE+UCN,ig,265,57,0.21509433962264152
1KMS-LIH,MSE,shap,265,55,0.20754716981132076
1KMS-LIH,MSE+AC,shap,265,51,0.19245283018867926
1KMS-LIH,MSE+UCN,shap,265,44,0.1660377358490566
1LD8-U49,MSE,cam,708,80,0.11299435028248588
1LD8-U49,MSE+AC,cam,708,100,0.14124293785310735
1LD8-U49,MSE+UCN,cam,708,85,0.12005649717514125
1LD8-U49,MSE,diff,708,54,0.07627118644067797
1LD8-U49,MSE+AC,diff,708,45,0.0635593220338983
1LD8-U49,MSE+UCN,diff,708,34,0.0480225988700565
1LD8-U49,MSE,gradcam,708,78,0.11016949152542373
1LD8-U49,MSE+AC,gradcam,708,50,0.07062146892655367
1LD8-U49,MSE+UCN,gradcam,708,66,0.09322033898305085
1LD8-U49,MSE,gradinput,708,32,0.04519774011299435
1LD8-U49,MSE+AC,gradinput,708,35,0.04943502824858757
1LD8-U49,MSE+UCN,gradinput,708,64,0.0903954802259887
1LD8-U49,MSE,ig,708,87,0.1228813559322034
1LD8-U49,MSE+AC,ig,708,62,0.08757062146892655
1LD8-U49,MSE+UCN,ig,708,87,0.1228813559322034
1LD8-U49,MSE,shap,708,149,0.21045197740112995
1LD8-U49,MSE+AC,shap,708,149,0.21045197740112995
1LD8-U49,MSE+UCN,shap,708,145,0.20480225988700565
1LJT-HDI,MSE,cam,17,5,0.29411764705882354
1LJT-HDI,MSE+AC,cam,17,5,0.29411764705882354
1LJT-HDI,MSE+UCN,cam,17,4,0.23529411764705882
1LJT-HDI,MSE,diff,17,2,0.11764705882352941
1LJT-HDI,MSE+AC,diff,17,0,0.0
1LJT-HDI,MSE+UCN,diff,17,2,0.11764705882352941
1LJT-HDI,MSE,gradcam,17,3,0.17647058823529413
1LJT-HDI,MSE+AC,gradcam,17,3,0.17647058823529413
1LJT-HDI,MSE+UCN,gradcam,17,4,0.23529411764705882
1LJT-HDI,MSE,gradinput,17,2,0.11764705882352941
1LJT-HDI,MSE+AC,gradinput,17,3,0.17647058823529413
1LJT-HDI,MSE+UCN,gradinput,17,1,0.058823529411764705
1LJT-HDI,MSE,ig,17,2,0.11764705882352941
1LJT-HDI,MSE+AC,ig,17,5,0.29411764705882354
1LJT-HDI,MSE+UCN,ig,17,2,0.11764705882352941
1LJT-HDI,MSE,shap,17,1,0.058823529411764705
1LJT-HDI,MSE+AC,shap,17,6,0.35294117647058826
1LJT-HDI,MSE+UCN,shap,17,4,0.23529411764705882
1LY3-COG,MSE,cam,80,36,0.45
1LY3-COG,MSE+AC,cam,80,22,0.275
1LY3-COG,MSE+UCN,cam,80,17,0.2125
1LY3-COG,MSE,diff,80,5,0.0625
1LY3-COG,MSE+AC,diff,80,5,0.0625
1LY3-COG,MSE+UCN,diff,80,13,0.1625
1LY3-COG,MSE,gradcam,80,12,0.15
1LY3-COG,MSE+AC,gradcam,80,7,0.0875
1LY3-COG,MSE+UCN,gradcam,80,5,0.0625
1LY3-COG,MSE,gradinput,80,15,0.1875
1LY3-COG,MSE+AC,gradinput,80,7,0.0875
1LY3-COG,MSE+UCN,gradinput,80,4,0.05
1LY3-COG,MSE,ig,80,8,0.1
1LY3-COG,MSE+AC,ig,80,4,0.05
1LY3-COG,MSE+UCN,ig,80,14,0.175
1LY3-COG,MSE,shap,80,15,0.1875
1LY3-COG,MSE+AC,shap,80,14,0.175
1LY3-COG,MSE+UCN,shap,80,21,0.2625
1M17-AQ4,MSE,cam,6319,944,0.14939072638075646
1M17-AQ4,MSE+AC,cam,6319,1580,0.2500395632220288
1M17-AQ4,MSE+UCN,cam,6319,2118,0.33517961702801075
1M17-AQ4,MSE,diff,6319,418,0.06614970723215699
1M17-AQ4,MSE+AC,diff,6319,502,0.07944294983383447
1M17-AQ4,MSE+UCN,diff,6319,429,0.06789048900142428
1M17-AQ4,MSE,gradcam,6319,1091,0.17265390093369204
1M17-AQ4,MSE+AC,gradcam,6319,756,0.11963918341509733
1M17-AQ4,MSE+UCN,gradcam,6319,835,0.13214116157619876
1M17-AQ4,MSE,gradinput,6319,571,0.09036239911378383
1M17-AQ4,MSE+AC,gradinput,6319,642,0.1015983541699636
1M17-AQ4,MSE+UCN,gradinput,6319,903,0.1429023579680329
1M17-AQ4,MSE,ig,6319,681,0.10777021680645672
1M17-AQ4,MSE+AC,ig,6319,750,0.11868966608640608
1M17-AQ4,MSE,shap,6319,1861,0.2945086247824023
1M17-AQ4,MSE+AC,shap,6319,1835,0.29039404969140686
1M17-AQ4,MSE+UCN,shap,6319,1818,0.2877037505934483
1MS6-BLN,MSE,cam,80,15,0.1875
1MS6-BLN,MSE+AC,cam,80,9,0.1125
1MS6-BLN,MSE+UCN,cam,80,14,0.175
1MS6-BLN,MSE,diff,80,3,0.0375
1MS6-BLN,MSE+AC,diff,80,3,0.0375
1MS6-BLN,MSE+UCN,diff,80,5,0.0625
1MS6-BLN,MSE,gradcam,80,12,0.15
1MS6-BLN,MSE+AC,gradcam,80,16,0.2
1MS6-BLN,MSE+UCN,gradcam,80,9,0.1125
1MS6-BLN,MSE,gradinput,80,9,0.1125
1MS6-BLN,MSE+AC,gradinput,80,7,0.0875
1MS6-BLN,MSE+UCN,gradinput,80,9,0.1125
1MS6-BLN,MSE,ig,80,12,0.15
1MS6-BLN,MSE+AC,ig,80,5,0.0625
1MS6-BLN,MSE+UCN,ig,80,14,0.175
1MS6-BLN,MSE,shap,80,11,0.1375
1MS6-BLN,MSE+AC,shap,80,16,0.2
1MS6-BLN,MSE+UCN,shap,80,15,0.1875
1MZC-BNE,MSE,cam,14,7,0.5
1MZC-BNE,MSE+AC,cam,14,7,0.5
1MZC-BNE,MSE+UCN,cam,14,6,0.42857142857142855
1MZC-BNE,MSE,diff,14,0,0.0
1MZC-BNE,MSE+AC,diff,14,1,0.07142857142857142
1MZC-BNE,MSE+UCN,diff,14,0,0.0
1MZC-BNE,MSE,gradcam,14,0,0.0
1MZC-BNE,MSE+AC,gradcam,14,6,0.42857142857142855
1MZC-BNE,MSE+UCN,gradcam,14,0,0.0
1MZC-BNE,MSE,gradinput,14,0,0.0
1MZC-BNE,MSE+AC,gradinput,14,1,0.07142857142857142
1MZC-BNE,MSE+UCN,gradinput,14,1,0.07142857142857142
1MZC-BNE,MSE,ig,14,1,0.07142857142857142
1MZC-BNE,MSE+AC,ig,14,2,0.14285714285714285
1MZC-BNE,MSE+UCN,ig,14,0,0.0
1MZC-BNE,MSE,shap,14,2,0.14285714285714285
1MZC-BNE,MSE+AC,shap,14,3,0.21428571428571427
1MZC-BNE,MSE+UCN,shap,14,5,0.35714285714285715
1N1M-A3M,MSE,cam,155,24,0.15483870967741936
1N1M-A3M,MSE+AC,cam,155,28,0.18064516129032257
1N1M-A3M,MSE+UCN,cam,155,2,0.012903225806451613
1N1M-A3M,MSE,diff,155,20,0.12903225806451613
1N1M-A3M,MSE+AC,diff,155,13,0.08387096774193549
1N1M-A3M,MSE+UCN,diff,155,14,0.09032258064516129
1N1M-A3M,MSE,gradcam,155,23,0.14838709677419354
1N1M-A3M,MSE+AC,gradcam,155,15,0.0967741935483871
1N1M-A3M,MSE+UCN,gradcam,155,17,0.10967741935483871
1N1M-A3M,MSE,gradinput,155,22,0.14193548387096774
1N1M-A3M,MSE+AC,gradinput,155,17,0.10967741935483871
1N1M-A3M,MSE+UCN,gradinput,155,5,0.03225806451612903
1N1M-A3M,MSE,ig,155,8,0.05161290322580645
1N1M-A3M,MSE+AC,ig,155,17,0.10967741935483871
1N1M-A3M,MSE+UCN,ig,155,19,0.12258064516129032
1N1M-A3M,MSE,shap,155,30,0.1935483870967742
1N1M-A3M,MSE+AC,shap,155,30,0.1935483870967742
1N1M-A3M,MSE+UCN,shap,155,30,0.1935483870967742
1NAV-IH5,MSE,cam,21,4,0.19047619047619047
1NAV-IH5,MSE+AC,cam,21,1,0.047619047619047616
1NAV-IH5,MSE+UCN,cam,21,2,0.09523809523809523
1NAV-IH5,MSE,diff,21,1,0.047619047619047616
1NAV-IH5,MSE+AC,diff,21,2,0.09523809523809523
1NAV-IH5,MSE+UCN,diff,21,2,0.09523809523809523
1NAV-IH5,MSE,gradcam,21,1,0.047619047619047616
1NAV-IH5,MSE+AC,gradcam,21,0,0.0
1NAV-IH5,MSE+UCN,gradcam,21,0,0.0
1NAV-IH5,MSE,gradinput,21,1,0.047619047619047616
1NAV-IH5,MSE+AC,gradinput,21,2,0.09523809523809523
1NAV-IH5,MSE+UCN,gradinput,21,2,0.09523809523809523
1NAV-IH5,MSE,ig,21,3,0.14285714285714285
1NAV-IH5,MSE+AC,ig,21,0,0.0
1NAV-IH5,MSE+UCN,ig,21,3,0.14285714285714285
1NAV-IH5,MSE,shap,21,2,0.09523809523809523
1NAV-IH5,MSE+AC,shap,21,3,0.14285714285714285
1NAV-IH5,MSE+UCN,shap,21,5,0.23809523809523808
1NAX-IH5,MSE,cam,32,3,0.09375
1NAX-IH5,MSE+AC,cam,32,2,0.0625
1NAX-IH5,MSE+UCN,cam,32,0,0.0
1NAX-IH5,MSE,diff,32,1,0.03125
1NAX-IH5,MSE+AC,diff,32,2,0.0625
1NAX-IH5,MSE+UCN,diff,32,2,0.0625
1NAX-IH5,MSE,gradcam,32,2,0.0625
1NAX-IH5,MSE+AC,gradcam,32,1,0.03125
1NAX-IH5,MSE+UCN,gradcam,32,0,0.0
1NAX-IH5,MSE,gradinput,32,3,0.09375
1NAX-IH5,MSE+AC,gradinput,32,1,0.03125
1NAX-IH5,MSE+UCN,gradinput,32,1,0.03125
1NAX-IH5,MSE,ig,32,1,0.03125
1NAX-IH5,MSE+AC,ig,32,4,0.125
1NAX-IH5,MSE+UCN,ig,32,0,0.0
1NAX-IH5,MSE,shap,32,5,0.15625
1NAX-IH5,MSE+AC,shap,32,4,0.125
1NAX-IH5,MSE+UCN,shap,32,5,0.15625
1NFU-RRP,MSE,cam,33,16,0.48484848484848486
1NFU-RRP,MSE+AC,cam,33,21,0.6363636363636364
1NFU-RRP,MSE+UCN,cam,33,1,0.030303030303030304
1NFU-RRP,MSE,diff,33,2,0.06060606060606061
1NFU-RRP,MSE+AC,diff,33,0,0.0
1NFU-RRP,MSE+UCN,diff,33,1,0.030303030303030304
1NFU-RRP,MSE,gradcam,33,4,0.12121212121212122
1NFU-RRP,MSE+AC,gradcam,33,11,0.3333333333333333
1NFU-RRP,MSE+UCN,gradcam,33,0,0.0
1NFU-RRP,MSE,gradinput,33,9,0.2727272727272727
1NFU-RRP,MSE+AC,gradinput,33,10,0.30303030303030304
1NFU-RRP,MSE+UCN,gradinput,33,2,0.06060606060606061
1NFU-RRP,MSE,ig,33,11,0.3333333333333333
1NFU-RRP,MSE+AC,ig,33,5,0.15151515151515152
1NFU-RRP,MSE+UCN,ig,33,13,0.3939393939393939
1NFU-RRP,MSE,shap,33,9,0.2727272727272727
1NFU-RRP,MSE+AC,shap,33,11,0.3333333333333333
1NFU-RRP,MSE+UCN,shap,33,12,0.36363636363636365
1O42-843,MSE,cam,275,90,0.32727272727272727
1O42-843,MSE+AC,cam,275,34,0.12363636363636364
1O42-843,MSE+UCN,cam,275,59,0.21454545454545454
1O42-843,MSE,diff,275,33,0.12
1O42-843,MSE+AC,diff,275,51,0.18545454545454546
1O42-843,MSE+UCN,diff,275,30,0.10909090909090909
1O42-843,MSE,gradcam,275,37,0.13454545454545455
1O42-843,MSE+AC,gradcam,275,34,0.12363636363636364
1O42-843,MSE+UCN,gradcam,275,78,0.28363636363636363
1O42-843,MSE,gradinput,275,31,0.11272727272727273
1O42-843,MSE+AC,gradinput,275,38,0.13818181818181818
1O42-843,MSE+UCN,gradinput,275,97,0.3527272727272727
1O42-843,MSE,ig,275,17,0.06181818181818182
1O42-843,MSE+AC,ig,275,49,0.1781818181818182
1O42-843,MSE+UCN,ig,275,37,0.13454545454545455
1O42-843,MSE,shap,275,83,0.3018181818181818
1O42-843,MSE+AC,shap,275,76,0.27636363636363637
1O42-843,MSE+UCN,shap,275,72,0.26181818181818184
1O46-903,MSE,cam,24,7,0.2916666666666667
1O46-903,MSE+AC,cam,24,7,0.2916666666666667
1O46-903,MSE+UCN,cam,24,7,0.2916666666666667
1O46-903,MSE,diff,24,4,0.16666666666666666
1O46-903,MSE+AC,diff,24,5,0.20833333333333334
1O46-903,MSE+UCN,diff,24,3,0.125
1O46-903,MSE,gradcam,24,5,0.20833333333333334
1O46-903,MSE+AC,gradcam,24,6,0.25
1O46-903,MSE+UCN,gradcam,24,6,0.25
1O46-903,MSE,gradinput,24,1,0.041666666666666664
1O46-903,MSE+AC,gradinput,24,1,0.041666666666666664
1O46-903,MSE+UCN,gradinput,24,4,0.16666666666666666
1O46-903,MSE,ig,24,1,0.041666666666666664
1O46-903,MSE+AC,ig,24,1,0.041666666666666664
1O46-903,MSE+UCN,ig,24,2,0.08333333333333333
1O46-903,MSE,shap,24,8,0.3333333333333333
1O46-903,MSE+AC,shap,24,13,0.5416666666666666
1O46-903,MSE+UCN,shap,24,6,0.25
1O86-LPR,MSE,cam,447,143,0.319910514541387
1O86-LPR,MSE+AC,cam,447,133,0.2975391498881432
1O86-LPR,MSE+UCN,cam,447,131,0.2930648769574944
1O86-LPR,MSE,diff,447,53,0.1185682326621924
1O86-LPR,MSE+AC,diff,447,41,0.09172259507829977
1O86-LPR,MSE+UCN,diff,447,30,0.06711409395973154
1O86-LPR,MSE,gradcam,447,112,0.2505592841163311
1O86-LPR,MSE+AC,gradcam,447,91,0.203579418344519
1O86-LPR,MSE+UCN,gradcam,447,59,0.1319910514541387
1O86-LPR,MSE,gradinput,447,77,0.17225950782997762
1O86-LPR,MSE+AC,gradinput,447,42,0.09395973154362416
1O86-LPR,MSE+UCN,gradinput,447,65,0.14541387024608501
1O86-LPR,MSE,ig,447,44,0.09843400447427293
1O86-LPR,MSE+AC,ig,447,76,0.17002237136465326
1O86-LPR,MSE+UCN,ig,447,23,0.05145413870246085
1O86-LPR,MSE,shap,447,128,0.28635346756152125
1O86-LPR,MSE+AC,shap,447,121,0.27069351230425054
1O86-LPR,MSE+UCN,shap,447,109,0.24384787472035793
1OHJ-COP,MSE,cam,18,1,0.05555555555555555
1OHJ-COP,MSE+AC,cam,18,3,0.16666666666666666
1OHJ-COP,MSE+UCN,cam,18,4,0.2222222222222222
1OHJ-COP,MSE,diff,18,1,0.05555555555555555
1OHJ-COP,MSE+AC,diff,18,1,0.05555555555555555
1OHJ-COP,MSE+UCN,diff,18,2,0.1111111111111111
1OHJ-COP,MSE,gradcam,18,0,0.0
1OHJ-COP,MSE+AC,gradcam,18,0,0.0
1OHJ-COP,MSE+UCN,gradcam,18,2,0.1111111111111111
1OHJ-COP,MSE,gradinput,18,0,0.0
1OHJ-COP,MSE+AC,gradinput,18,1,0.05555555555555555
1OHJ-COP,MSE+UCN,gradinput,18,1,0.05555555555555555
1OHJ-COP,MSE,ig,18,2,0.1111111111111111
1OHJ-COP,MSE+AC,ig,18,1,0.05555555555555555
1OHJ-COP,MSE+UCN,ig,18,3,0.16666666666666666
1OHJ-COP,MSE,shap,18,4,0.2222222222222222
1OHJ-COP,MSE+AC,shap,18,3,0.16666666666666666
1OHJ-COP,MSE+UCN,shap,18,3,0.16666666666666666
1OIQ-HDU,MSE,cam,17,4,0.23529411764705882
1OIQ-HDU,MSE+AC,cam,17,3,0.17647058823529413
1OIQ-HDU,MSE+UCN,cam,17,5,0.29411764705882354
1OIQ-HDU,MSE,diff,17,4,0.23529411764705882
1OIQ-HDU,MSE+AC,diff,17,1,0.058823529411764705
1OIQ-HDU,MSE+UCN,diff,17,2,0.11764705882352941
1OIQ-HDU,MSE,gradcam,17,0,0.0
1OIQ-HDU,MSE+AC,gradcam,17,2,0.11764705882352941
1OIQ-HDU,MSE+UCN,gradcam,17,0,0.0
1OIQ-HDU,MSE,gradinput,17,0,0.0
1OIQ-HDU,MSE+AC,gradinput,17,0,0.0
1OIQ-HDU,MSE+UCN,gradinput,17,1,0.058823529411764705
1OIQ-HDU,MSE,ig,17,2,0.11764705882352941
1OIQ-HDU,MSE+AC,ig,17,0,0.0
1OIQ-HDU,MSE+UCN,ig,17,2,0.11764705882352941
1OIQ-HDU,MSE,shap,17,6,0.35294117647058826
1OIQ-HDU,MSE+AC,shap,17,4,0.23529411764705882
1OIQ-HDU,MSE+UCN,shap,17,5,0.29411764705882354
1OIR-HDY,MSE,cam,16,5,0.3125
1OIR-HDY,MSE+AC,cam,16,4,0.25
1OIR-HDY,MSE+UCN,cam,16,5,0.3125
1OIR-HDY,MSE,diff,16,0,0.0
1OIR-HDY,MSE+AC,diff,16,0,0.0
1OIR-HDY,MSE+UCN,diff,16,0,0.0
1OIR-HDY,MSE,gradcam,16,1,0.0625
1OIR-HDY,MSE+AC,gradcam,16,0,0.0
1OIR-HDY,MSE+UCN,gradcam,16,3,0.1875
1OIR-HDY,MSE,gradinput,16,0,0.0
1OIR-HDY,MSE+AC,gradinput,16,0,0.0
1OIR-HDY,MSE+UCN,gradinput,16,6,0.375
1OIR-HDY,MSE,ig,16,1,0.0625
1OIR-HDY,MSE+AC,ig,16,0,0.0
1OIR-HDY,MSE+UCN,ig,16,0,0.0
1OIR-HDY,MSE,shap,16,6,0.375
1OIR-HDY,MSE+AC,shap,16,4,0.25
1OIR-HDY,MSE+UCN,shap,16,3,0.1875
1OYN-4RR,MSE,cam,201,29,0.14427860696517414
1OYN-4RR,MSE+AC,cam,201,31,0.15422885572139303
1OYN-4RR,MSE+UCN,cam,201,59,0.2935323383084577
1OYN-4RR,MSE,diff,201,16,0.07960199004975124
1OYN-4RR,MSE+AC,diff,201,14,0.06965174129353234
1OYN-4RR,MSE+UCN,diff,201,14,0.06965174129353234
1OYN-4RR,MSE,gradcam,201,33,0.16417910447761194
1OYN-4RR,MSE+AC,gradcam,201,8,0.03980099502487562
1OYN-4RR,MSE+UCN,gradcam,201,10,0.04975124378109453
1OYN-4RR,MSE,gradinput,201,15,0.07462686567164178
1OYN-4RR,MSE+AC,gradinput,201,21,0.1044776119402985
1OYN-4RR,MSE+UCN,gradinput,201,9,0.04477611940298507
1OYN-4RR,MSE,ig,201,4,0.01990049751243781
1OYN-4RR,MSE+AC,ig,201,15,0.07462686567164178
1OYN-4RR,MSE+UCN,ig,201,10,0.04975124378109453
1OYN-4RR,MSE,shap,201,41,0.20398009950248755
1OYN-4RR,MSE+AC,shap,201,44,0.21890547263681592
1OYN-4RR,MSE+UCN,shap,201,52,0.25870646766169153
1P2A-5BN,MSE,cam,15,5,0.3333333333333333
1P2A-5BN,MSE+AC,cam,15,3,0.2
1P2A-5BN,MSE+UCN,cam,15,2,0.13333333333333333
1P2A-5BN,MSE,diff,15,3,0.2
1P2A-5BN,MSE+AC,diff,15,1,0.06666666666666667
1P2A-5BN,MSE+UCN,diff,15,0,0.0
1P2A-5BN,MSE,gradcam,15,0,0.0
1P2A-5BN,MSE+AC,gradcam,15,0,0.0
1P2A-5BN,MSE+UCN,gradcam,15,0,0.0
1P2A-5BN,MSE,gradinput,15,1,0.06666666666666667
1P2A-5BN,MSE+AC,gradinput,15,1,0.06666666666666667
1P2A-5BN,MSE+UCN,gradinput,15,1,0.06666666666666667
1P2A-5BN,MSE,ig,15,1,0.06666666666666667
1P2A-5BN,MSE+AC,ig,15,0,0.0
1P2A-5BN,MSE+UCN,ig,15,3,0.2
1P2A-5BN,MSE,shap,15,2,0.13333333333333333
1P2A-5BN,MSE+AC,shap,15,5,0.3333333333333333
1P2A-5BN,MSE+UCN,shap,15,2,0.13333333333333333
1PYE-PM1,MSE,cam,27,15,0.5555555555555556
1PYE-PM1,MSE+AC,cam,27,8,0.2962962962962963
1PYE-PM1,MSE+UCN,cam,27,5,0.18518518518518517
1PYE-PM1,MSE,diff,27,4,0.14814814814814814
1PYE-PM1,MSE+AC,diff,27,3,0.1111111111111111
1PYE-PM1,MSE+UCN,diff,27,3,0.1111111111111111
1PYE-PM1,MSE,gradcam,27,6,0.2222222222222222
1PYE-PM1,MSE+AC,gradcam,27,3,0.1111111111111111
1PYE-PM1,MSE+UCN,gradcam,27,1,0.037037037037037035
1PYE-PM1,MSE,gradinput,27,5,0.18518518518518517
1PYE-PM1,MSE+AC,gradinput,27,3,0.1111111111111111
1PYE-PM1,MSE+UCN,gradinput,27,2,0.07407407407407407
1PYE-PM1,MSE,ig,27,2,0.07407407407407407
1PYE-PM1,MSE+AC,ig,27,1,0.037037037037037035
1PYE-PM1,MSE+UCN,ig,27,0,0.0
1PYE-PM1,MSE,shap,27,2,0.07407407407407407
1PYE-PM1,MSE+AC,shap,27,6,0.2222222222222222
1PYE-PM1,MSE+UCN,shap,27,9,0.3333333333333333
1Q3W-ATU,MSE,cam,55,7,0.12727272727272726
1Q3W-ATU,MSE+AC,cam,55,5,0.09090909090909091
1Q3W-ATU,MSE+UCN,cam,55,1,0.01818181818181818
1Q3W-ATU,MSE,diff,55,5,0.09090909090909091
1Q3W-ATU,MSE+AC,diff,55,5,0.09090909090909091
1Q3W-ATU,MSE+UCN,diff,55,3,0.05454545454545454
1Q3W-ATU,MSE,gradcam,55,11,0.2
1Q3W-ATU,MSE+AC,gradcam,55,6,0.10909090909090909
1Q3W-ATU,MSE+UCN,gradcam,55,0,0.0
1Q3W-ATU,MSE,gradinput,55,2,0.03636363636363636
1Q3W-ATU,MSE+AC,gradinput,55,2,0.03636363636363636
1Q3W-ATU,MSE+UCN,gradinput,55,5,0.09090909090909091
1Q3W-ATU,MSE,ig,55,5,0.09090909090909091
1Q3W-ATU,MSE+AC,ig,55,2,0.03636363636363636
1Q3W-ATU,MSE+UCN,ig,55,8,0.14545454545454545
1Q3W-ATU,MSE,shap,55,10,0.18181818181818182
1Q3W-ATU,MSE+AC,shap,55,11,0.2
1Q3W-ATU,MSE+UCN,shap,55,9,0.16363636363636364
1Q4L-679,MSE,cam,48,4,0.08333333333333333
1Q4L-679,MSE+AC,cam,48,28,0.5833333333333334
1Q4L-679,MSE+UCN,cam,48,3,0.0625
1Q4L-679,MSE,diff,48,4,0.08333333333333333
1Q4L-679,MSE+AC,diff,48,0,0.0
1Q4L-679,MSE+UCN,diff,48,2,0.041666666666666664
1Q4L-679,MSE,gradcam,48,5,0.10416666666666667
1Q4L-679,MSE+AC,gradcam,48,32,0.6666666666666666
1Q4L-679,MSE+UCN,gradcam,48,1,0.020833333333333332
1Q4L-679,MSE,gradinput,48,28,0.5833333333333334
1Q4L-679,MSE+AC,gradinput,48,5,0.10416666666666667
1Q4L-679,MSE+UCN,gradinput,48,0,0.0
1Q4L-679,MSE,ig,48,0,0.0
1Q4L-679,MSE+AC,ig,48,4,0.08333333333333333
1Q4L-679,MSE+UCN,ig,48,5,0.10416666666666667
1Q4L-679,MSE,shap,48,6,0.125
1Q4L-679,MSE+AC,shap,48,7,0.14583333333333334
1Q4L-679,MSE+UCN,shap,48,7,0.14583333333333334
1Q6K-TCO,MSE,cam,39,18,0.46153846153846156
1Q6K-TCO,MSE+AC,cam,39,8,0.20512820512820512
1Q6K-TCO,MSE+UCN,cam,39,2,0.05128205128205128
1Q6K-TCO,MSE,diff,39,7,0.1794871794871795
1Q6K-TCO,MSE+AC,diff,39,6,0.15384615384615385
1Q6K-TCO,MSE+UCN,diff,39,7,0.1794871794871795
1Q6K-TCO,MSE,gradcam,39,7,0.1794871794871795
1Q6K-TCO,MSE+AC,gradcam,39,2,0.05128205128205128
1Q6K-TCO,MSE+UCN,gradcam,39,2,0.05128205128205128
1Q6K-TCO,MSE,gradinput,39,9,0.23076923076923078
1Q6K-TCO,MSE+AC,gradinput,39,2,0.05128205128205128
1Q6K-TCO,MSE+UCN,gradinput,39,7,0.1794871794871795
1Q6K-TCO,MSE,ig,39,7,0.1794871794871795
1Q6K-TCO,MSE+AC,ig,39,11,0.28205128205128205
1Q6K-TCO,MSE+UCN,ig,39,1,0.02564102564102564
1Q6K-TCO,MSE,shap,39,10,0.2564102564102564
1Q6K-TCO,MSE+AC,shap,39,13,0.3333333333333333
1Q6K-TCO,MSE+UCN,shap,39,12,0.3076923076923077
1R0E-DFN,MSE,cam,838,241,0.28758949880668255
1R0E-DFN,MSE+AC,cam,838,244,0.2911694510739857
1R0E-DFN,MSE+UCN,cam,838,174,0.20763723150357996
1R0E-DFN,MSE,diff,838,81,0.09665871121718377
1R0E-DFN,MSE+AC,diff,838,53,0.06324582338902147
1R0E-DFN,MSE+UCN,diff,838,95,0.11336515513126491
1R0E-DFN,MSE,gradcam,838,162,0.19331742243436753
1R0E-DFN,MSE+AC,gradcam,838,188,0.2243436754176611
1R0E-DFN,MSE+UCN,gradcam,838,81,0.09665871121718377
1R0E-DFN,MSE,gradinput,838,102,0.12171837708830549
1R0E-DFN,MSE+AC,gradinput,838,104,0.12410501193317422
1R0E-DFN,MSE+UCN,gradinput,838,121,0.14439140811455847
1R0E-DFN,MSE,ig,838,123,0.1467780429594272
1R0E-DFN,MSE+AC,ig,838,86,0.1026252983293556
1R0E-DFN,MSE+UCN,ig,838,114,0.1360381861575179
1R0E-DFN,MSE,shap,838,209,0.2494033412887828
1R0E-DFN,MSE+AC,shap,838,236,0.28162291169451076
1R0E-DFN,MSE+UCN,shap,838,226,0.26968973747016706
1RDT-570,MSE,cam,41,22,0.5365853658536586
1RDT-570,MSE+AC,cam,41,22,0.5365853658536586
1RDT-570,MSE+UCN,cam,41,20,0.4878048780487805
1RDT-570,MSE,diff,41,3,0.07317073170731707
1RDT-570,MSE+AC,diff,41,2,0.04878048780487805
1RDT-570,MSE+UCN,diff,41,5,0.12195121951219512
1RDT-570,MSE,gradcam,41,7,0.17073170731707318
1RDT-570,MSE+AC,gradcam,41,3,0.07317073170731707
1RDT-570,MSE+UCN,gradcam,41,3,0.07317073170731707
1RDT-570,MSE,gradinput,41,1,0.024390243902439025
1RDT-570,MSE+AC,gradinput,41,8,0.1951219512195122
1RDT-570,MSE+UCN,gradinput,41,6,0.14634146341463414
1RDT-570,MSE,ig,41,6,0.14634146341463414
1RDT-570,MSE+AC,ig,41,7,0.17073170731707318
1RDT-570,MSE+UCN,ig,41,7,0.17073170731707318
1RDT-570,MSE,shap,41,10,0.24390243902439024
1RDT-570,MSE+AC,shap,41,11,0.2682926829268293
1RDT-570,MSE+UCN,shap,41,11,0.2682926829268293
1RHR-CNE,MSE,cam,24,0,0.0
1RHR-CNE,MSE+AC,cam,24,1,0.041666666666666664
1RHR-CNE,MSE+UCN,cam,24,1,0.041666666666666664
1RHR-CNE,MSE,diff,24,3,0.125
1RHR-CNE,MSE+AC,diff,24,4,0.16666666666666666
1RHR-CNE,MSE+UCN,diff,24,3,0.125
1RHR-CNE,MSE,gradcam,24,4,0.16666666666666666
1RHR-CNE,MSE+AC,gradcam,24,2,0.08333333333333333
1RHR-CNE,MSE+UCN,gradcam,24,5,0.20833333333333334
1RHR-CNE,MSE,gradinput,24,2,0.08333333333333333
1RHR-CNE,MSE+AC,gradinput,24,0,0.0
1RHR-CNE,MSE+UCN,gradinput,24,2,0.08333333333333333
1RHR-CNE,MSE,ig,24,0,0.0
1RHR-CNE,MSE+AC,ig,24,3,0.125
1RHR-CNE,MSE+UCN,ig,24,1,0.041666666666666664
1RHR-CNE,MSE,shap,24,2,0.08333333333333333
1RHR-CNE,MSE+AC,shap,24,2,0.08333333333333333
1RHR-CNE,MSE+UCN,shap,24,3,0.125
1RNE-C60,MSE,cam,5614,1291,0.22996081225507659
1RNE-C60,MSE+AC,cam,5614,1146,0.20413252582828642
1RNE-C60,MSE+UCN,cam,5614,1568,0.2793017456359102
1RNE-C60,MSE,diff,5614,667,0.11881011756323477
1RNE-C60,MSE+AC,diff,5614,692,0.12326327039543997
1RNE-C60,MSE+UCN,diff,5614,864,0.15390096188101177
1RNE-C60,MSE,gradcam,5614,870,0.15496971856074102
1RNE-C60,MSE+AC,gradcam,5614,1120,0.19950124688279303
1RNE-C60,MSE+UCN,gradcam,5614,1331,0.2370858567866049
1RNE-C60,MSE,gradinput,5614,975,0.17367296045600286
1RNE-C60,MSE+AC,gradinput,5614,855,0.15229782686141788
1RNE-C60,MSE+UCN,gradinput,5614,1129,0.2011043819023869
1RNE-C60,MSE,ig,5614,715,0.12736017100106875
1RNE-C60,MSE+AC,ig,5614,1281,0.2281795511221945
1RNE-C60,MSE+UCN,ig,5614,834,0.14855717848236552
1RWQ-5AP,MSE,cam,84,11,0.13095238095238096
1RWQ-5AP,MSE+AC,cam,84,7,0.08333333333333333
1RWQ-5AP,MSE+UCN,cam,84,9,0.10714285714285714
1RWQ-5AP,MSE,diff,84,10,0.11904761904761904
1RWQ-5AP,MSE+AC,diff,84,10,0.11904761904761904
1RWQ-5AP,MSE+UCN,diff,84,15,0.17857142857142858
1RWQ-5AP,MSE,gradcam,84,6,0.07142857142857142
1RWQ-5AP,MSE+AC,gradcam,84,8,0.09523809523809523
1RWQ-5AP,MSE+UCN,gradcam,84,12,0.14285714285714285
1RWQ-5AP,MSE,gradinput,84,13,0.15476190476190477
1RWQ-5AP,MSE+AC,gradinput,84,17,0.20238095238095238
1RWQ-5AP,MSE+UCN,gradinput,84,9,0.10714285714285714
1RWQ-5AP,MSE,ig,84,5,0.05952380952380952
1RWQ-5AP,MSE+AC,ig,84,4,0.047619047619047616
1RWQ-5AP,MSE+UCN,ig,84,11,0.13095238095238096
1RWQ-5AP,MSE,shap,84,23,0.27380952380952384
1RWQ-5AP,MSE+AC,shap,84,22,0.2619047619047619
1RWQ-5AP,MSE+UCN,shap,84,14,0.16666666666666666
1S63-778,MSE,cam,1011,214,0.21167161226508407
1S63-778,MSE+AC,cam,1011,232,0.2294757665677547
1S63-778,MSE+UCN,cam,1011,257,0.2542037586547972
1S63-778,MSE,diff,1011,62,0.06132542037586548
1S63-778,MSE+AC,diff,1011,85,0.0840751730959446
1S63-778,MSE+UCN,diff,1011,100,0.09891196834817013
1S63-778,MSE,gradcam,1011,84,0.0830860534124629
1S63-778,MSE+AC,gradcam,1011,122,0.12067260138476756
1S63-778,MSE+UCN,gradcam,1011,136,0.13452027695351138
1S63-778,MSE,gradinput,1011,128,0.12660731948565776
1S63-778,MSE+AC,gradinput,1011,116,0.11473788328387735
1S63-778,MSE+UCN,gradinput,1011,125,0.12363996043521266
1S63-778,MSE,ig,1011,129,0.12759643916913946
1S63-778,MSE+AC,ig,1011,60,0.05934718100890208
1S63-778,MSE+UCN,ig,1011,137,0.13550939663699307
1S63-778,MSE,shap,1011,262,0.2591493570722057
1S63-778,MSE+AC,shap,1011,280,0.27695351137487634
1S63-778,MSE+UCN,shap,1011,252,0.24925816023738873
1SA4-JAN,MSE,cam,18,8,0.4444444444444444
1SA4-JAN,MSE+AC,cam,18,8,0.4444444444444444
1SA4-JAN,MSE+UCN,cam,18,5,0.2777777777777778
1SA4-JAN,MSE,diff,18,2,0.1111111111111111
1SA4-JAN,MSE+AC,diff,18,2,0.1111111111111111
1SA4-JAN,MSE+UCN,diff,18,1,0.05555555555555555
1SA4-JAN,MSE,gradcam,18,2,0.1111111111111111
1SA4-JAN,MSE+AC,gradcam,18,1,0.05555555555555555
1SA4-JAN,MSE+UCN,gradcam,18,2,0.1111111111111111
1SA4-JAN,MSE,gradinput,18,0,0.0
1SA4-JAN,MSE+AC,gradinput,18,4,0.2222222222222222
1SA4-JAN,MSE+UCN,gradinput,18,2,0.1111111111111111
1SA4-JAN,MSE,ig,18,0,0.0
1SA4-JAN,MSE+AC,ig,18,0,0.0
1SA4-JAN,MSE+UCN,ig,18,0,0.0
1SA4-JAN,MSE,shap,18,7,0.3888888888888889
1SA4-JAN,MSE+AC,shap,18,8,0.4444444444444444
1SA4-JAN,MSE+UCN,shap,18,6,0.3333333333333333
1T69-SHH,MSE,cam,27,1,0.037037037037037035
1T69-SHH,MSE+AC,cam,27,1,0.037037037037037035
1T69-SHH,MSE+UCN,cam,27,13,0.48148148148148145
1T69-SHH,MSE,diff,27,2,0.07407407407407407
1T69-SHH,MSE+AC,diff,27,4,0.14814814814814814
1T69-SHH,MSE+UCN,diff,27,2,0.07407407407407407
1T69-SHH,MSE,gradcam,27,0,0.0
1T69-SHH,MSE+AC,gradcam,27,1,0.037037037037037035
1T69-SHH,MSE+UCN,gradcam,27,12,0.4444444444444444
1T69-SHH,MSE,gradinput,27,0,0.0
1T69-SHH,MSE+AC,gradinput,27,4,0.14814814814814814
1T69-SHH,MSE+UCN,gradinput,27,6,0.2222222222222222
1T69-SHH,MSE,ig,27,0,0.0
1T69-SHH,MSE+AC,ig,27,0,0.0
1T69-SHH,MSE+UCN,ig,27,0,0.0
1T69-SHH,MSE,shap,27,3,0.1111111111111111
1T69-SHH,MSE+AC,shap,27,4,0.14814814814814814
1T69-SHH,MSE+UCN,shap,27,2,0.07407407407407407
1TFQ-998,MSE,cam,320,75,0.234375
1TFQ-998,MSE+AC,cam,320,86,0.26875
1TFQ-998,MSE+UCN,cam,320,16,0.05
1TFQ-998,MSE,diff,320,36,0.1125
1TFQ-998,MSE+AC,diff,320,26,0.08125
1TFQ-998,MSE+UCN,diff,320,25,0.078125
1TFQ-998,MSE,gradcam,320,15,0.046875
1TFQ-998,MSE+AC,gradcam,320,23,0.071875
1TFQ-998,MSE+UCN,gradcam,320,43,0.134375
1TFQ-998,MSE,gradinput,320,35,0.109375
1TFQ-998,MSE+AC,gradinput,320,26,0.08125
1TFQ-998,MSE+UCN,gradinput,320,51,0.159375
1TFQ-998,MSE,ig,320,13,0.040625
1TFQ-998,MSE+AC,ig,320,27,0.084375
1TFQ-998,MSE+UCN,ig,320,14,0.04375
1TFQ-998,MSE,shap,320,68,0.2125
1TFQ-998,MSE+AC,shap,320,80,0.25
1TFQ-998,MSE+UCN,shap,320,67,0.209375
1TFT-997,MSE,cam,20,0,0.0
1TFT-997,MSE+AC,cam,20,0,0.0
1TFT-997,MSE+UCN,cam,20,0,0.0
1TFT-997,MSE,diff,20,0,0.0
1TFT-997,MSE+AC,diff,20,2,0.1
1TFT-997,MSE+UCN,diff,20,0,0.0
1TFT-997,MSE,gradcam,20,2,0.1
1TFT-997,MSE+AC,gradcam,20,0,0.0
1TFT-997,MSE+UCN,gradcam,20,0,0.0
1TFT-997,MSE,gradinput,20,0,0.0
1TFT-997,MSE+AC,gradinput,20,0,0.0
1TFT-997,MSE+UCN,gradinput,20,0,0.0
1TFT-997,MSE,ig,20,0,0.0
1TFT-997,MSE+AC,ig,20,2,0.1
1TFT-997,MSE+UCN,ig,20,0,0.0
1TFT-997,MSE,shap,20,6,0.3
1TFT-997,MSE+AC,shap,20,4,0.2
1TFT-997,MSE+UCN,shap,20,4,0.2
1TU6-FSP,MSE,cam,76,23,0.3026315789473684
1TU6-FSP,MSE+AC,cam,76,5,0.06578947368421052
1TU6-FSP,MSE+UCN,cam,76,29,0.3815789473684211
1TU6-FSP,MSE,diff,76,9,0.11842105263157894
1TU6-FSP,MSE+AC,diff,76,2,0.02631578947368421
1TU6-FSP,MSE+UCN,diff,76,5,0.06578947368421052
1TU6-FSP,MSE,gradcam,76,7,0.09210526315789473
1TU6-FSP,MSE+AC,gradcam,76,3,0.039473684210526314
1TU6-FSP,MSE+UCN,gradcam,76,14,0.18421052631578946
1TU6-FSP,MSE,gradinput,76,11,0.14473684210526316
1TU6-FSP,MSE+AC,gradinput,76,3,0.039473684210526314
1TU6-FSP,MSE+UCN,gradinput,76,11,0.14473684210526316
1TU6-FSP,MSE,ig,76,5,0.06578947368421052
1TU6-FSP,MSE+AC,ig,76,3,0.039473684210526314
1TU6-FSP,MSE+UCN,ig,76,12,0.15789473684210525
1TU6-FSP,MSE,shap,76,27,0.35526315789473684
1TU6-FSP,MSE+AC,shap,76,26,0.34210526315789475
1TU6-FSP,MSE+UCN,shap,76,28,0.3684210526315789
1UDT-VIA,MSE,cam,2353,359,0.152571185720357
1UDT-VIA,MSE+AC,cam,2353,472,0.20059498512537186
1UDT-VIA,MSE+UCN,cam,2353,471,0.20016999575010624
1UDT-VIA,MSE,diff,2353,131,0.055673608159796
1UDT-VIA,MSE+AC,diff,2353,181,0.07692307692307693
1UDT-VIA,MSE+UCN,diff,2353,149,0.06332341691457713
1UDT-VIA,MSE,gradcam,2353,274,0.11644708882277943
1UDT-VIA,MSE+AC,gradcam,2353,427,0.18147046323841903
1UDT-VIA,MSE+UCN,gradcam,2353,362,0.15384615384615385
1UDT-VIA,MSE,gradinput,2353,289,0.1228219294517637
1UDT-VIA,MSE+AC,gradinput,2353,189,0.08032299192520187
1UDT-VIA,MSE+UCN,gradinput,2353,356,0.15129621759456013
1UDT-VIA,MSE,ig,2353,237,0.10072248193795155
1UDT-VIA,MSE+AC,ig,2353,183,0.07777305567360816
1UDT-VIA,MSE+UCN,ig,2353,245,0.1041223969400765
1UDT-VIA,MSE,shap,2353,737,0.31321716957076073
1UDT-VIA,MSE+AC,shap,2353,734,0.3119422014449639
1UDT-VIA,MSE+UCN,shap,2353,706,0.30004249893752655
1UDU-CIA,MSE,cam,259,32,0.12355212355212356
1UDU-CIA,MSE+AC,cam,259,58,0.22393822393822393
1UDU-CIA,MSE+UCN,cam,259,80,0.3088803088803089
1UDU-CIA,MSE,diff,259,18,0.0694980694980695
1UDU-CIA,MSE+AC,diff,259,21,0.08108108108108109
1UDU-CIA,MSE+UCN,diff,259,6,0.023166023166023165
1UDU-CIA,MSE,gradcam,259,35,0.13513513513513514
1UDU-CIA,MSE+AC,gradcam,259,82,0.3166023166023166
1UDU-CIA,MSE+UCN,gradcam,259,18,0.0694980694980695
1UDU-CIA,MSE,gradinput,259,21,0.08108108108108109
1UDU-CIA,MSE+AC,gradinput,259,35,0.13513513513513514
1UDU-CIA,MSE+UCN,gradinput,259,28,0.10810810810810811
1UDU-CIA,MSE,ig,259,16,0.06177606177606178
1UDU-CIA,MSE+AC,ig,259,41,0.1583011583011583
1UDU-CIA,MSE+UCN,ig,259,12,0.04633204633204633
1UDU-CIA,MSE,shap,259,51,0.1969111969111969
1UDU-CIA,MSE+AC,shap,259,57,0.22007722007722008
1UDU-CIA,MSE+UCN,shap,259,53,0.20463320463320464
1UHO-VDN,MSE,cam,1087,126,0.11591536338546458
1UHO-VDN,MSE+AC,cam,1087,262,0.24103035878564857
1UHO-VDN,MSE+UCN,cam,1087,204,0.18767249310027598
1UHO-VDN,MSE,diff,1087,80,0.07359705611775529
1UHO-VDN,MSE+AC,diff,1087,107,0.0984360625574977
1UHO-VDN,MSE+UCN,diff,1087,80,0.07359705611775529
1UHO-VDN,MSE,gradcam,1087,84,0.07727690892364306
1UHO-VDN,MSE+AC,gradcam,1087,127,0.11683532658693652
1UHO-VDN,MSE+UCN,gradcam,1087,81,0.07451701931922723
1UHO-VDN,MSE,gradinput,1087,125,0.11499540018399264
1UHO-VDN,MSE+AC,gradinput,1087,79,0.07267709291628335
1UHO-VDN,MSE+UCN,gradinput,1087,132,0.12143514259429623
1UHO-VDN,MSE,ig,1087,126,0.11591536338546458
1UHO-VDN,MSE+AC,ig,1087,62,0.05703771849126035
1UHO-VDN,MSE+UCN,ig,1087,116,0.10671573137074516
1UHO-VDN,MSE,shap,1087,326,0.2999080036798528
1UHO-VDN,MSE+AC,shap,1087,305,0.28058877644894203
1UHO-VDN,MSE+UCN,shap,1087,284,0.2612695492180313
1UMT-0DS,MSE,cam,212,47,0.22169811320754718
1UMT-0DS,MSE+AC,cam,212,23,0.10849056603773585
1UMT-0DS,MSE+UCN,cam,212,76,0.3584905660377358
1UMT-0DS,MSE,diff,212,15,0.07075471698113207
1UMT-0DS,MSE+AC,diff,212,19,0.08962264150943396
1UMT-0DS,MSE+UCN,diff,212,28,0.1320754716981132
1UMT-0DS,MSE,gradcam,212,35,0.1650943396226415
1UMT-0DS,MSE+AC,gradcam,212,26,0.12264150943396226
1UMT-0DS,MSE+UCN,gradcam,212,64,0.3018867924528302
1UMT-0DS,MSE,gradinput,212,33,0.15566037735849056
1UMT-0DS,MSE+AC,gradinput,212,35,0.1650943396226415
1UMT-0DS,MSE+UCN,gradinput,212,49,0.23113207547169812
1UMT-0DS,MSE,ig,212,18,0.08490566037735849
1UMT-0DS,MSE+AC,ig,212,15,0.07075471698113207
1UMT-0DS,MSE+UCN,ig,212,55,0.25943396226415094
1UMT-0DS,MSE,shap,212,74,0.3490566037735849
1UMT-0DS,MSE+AC,shap,212,74,0.3490566037735849
1UMT-0DS,MSE+UCN,shap,212,73,0.3443396226415094
1UZF-X8Z,MSE,cam,143,34,0.23776223776223776
1UZF-X8Z,MSE+AC,cam,143,10,0.06993006993006994
1UZF-X8Z,MSE+UCN,cam,143,22,0.15384615384615385
1UZF-X8Z,MSE,diff,143,8,0.055944055944055944
1UZF-X8Z,MSE+AC,diff,143,9,0.06293706293706294
1UZF-X8Z,MSE+UCN,diff,143,12,0.08391608391608392
1UZF-X8Z,MSE,gradcam,143,20,0.13986013986013987
1UZF-X8Z,MSE+AC,gradcam,143,11,0.07692307692307693
1UZF-X8Z,MSE+UCN,gradcam,143,23,0.16083916083916083
1UZF-X8Z,MSE,gradinput,143,16,0.11188811188811189
1UZF-X8Z,MSE+AC,gradinput,143,12,0.08391608391608392
1UZF-X8Z,MSE+UCN,gradinput,143,24,0.16783216783216784
1UZF-X8Z,MSE,ig,143,22,0.15384615384615385
1UZF-X8Z,MSE+AC,ig,143,10,0.06993006993006994
1UZF-X8Z,MSE+UCN,ig,143,17,0.11888111888111888
1UZF-X8Z,MSE,shap,143,23,0.16083916083916083
1UZF-X8Z,MSE+AC,shap,143,29,0.20279720279720279
1UZF-X8Z,MSE+UCN,shap,143,29,0.20279720279720279
1VYW-292,MSE,cam,144,66,0.4583333333333333
1VYW-292,MSE+AC,cam,144,72,0.5
1VYW-292,MSE+UCN,cam,144,24,0.16666666666666666
1VYW-292,MSE,diff,144,3,0.020833333333333332
1VYW-292,MSE+AC,diff,144,12,0.08333333333333333
1VYW-292,MSE+UCN,diff,144,11,0.0763888888888889
1VYW-292,MSE,gradcam,144,14,0.09722222222222222
1VYW-292,MSE+AC,gradcam,144,25,0.1736111111111111
1VYW-292,MSE+UCN,gradcam,144,9,0.0625
1VYW-292,MSE,gradinput,144,11,0.0763888888888889
1VYW-292,MSE+AC,gradinput,144,21,0.14583333333333334
1VYW-292,MSE+UCN,gradinput,144,16,0.1111111111111111
1VYW-292,MSE,ig,144,10,0.06944444444444445
1VYW-292,MSE+AC,ig,144,10,0.06944444444444445
1VYW-292,MSE+UCN,ig,144,11,0.0763888888888889
1VYW-292,MSE,shap,144,27,0.1875
1VYW-292,MSE+AC,shap,144,25,0.1736111111111111
1VYW-292,MSE+UCN,shap,144,33,0.22916666666666666
1W0X-OLO,MSE,cam,723,156,0.2157676348547718
1W0X-OLO,MSE+AC,cam,723,93,0.12863070539419086
1W0X-OLO,MSE+UCN,cam,723,198,0.27385892116182575
1W0X-OLO,MSE,diff,723,24,0.03319502074688797
1W0X-OLO,MSE+AC,diff,723,28,0.03872752420470263
1W0X-OLO,MSE+UCN,diff,723,41,0.056708160442600276
1W0X-OLO,MSE,gradcam,723,115,0.1590594744121715
1W0X-OLO,MSE+AC,gradcam,723,61,0.08437067773167359
1W0X-OLO,MSE+UCN,gradcam,723,75,0.1037344398340249
1W0X-OLO,MSE,gradinput,723,74,0.10235131396957123
1W0X-OLO,MSE+AC,gradinput,723,68,0.09405255878284924
1W0X-OLO,MSE+UCN,gradinput,723,81,0.11203319502074689
1W0X-OLO,MSE,ig,723,74,0.10235131396957123
1W0X-OLO,MSE+AC,ig,723,57,0.07883817427385892
1W0X-OLO,MSE+UCN,ig,723,71,0.09820193637621023
1W0X-OLO,MSE,shap,723,208,0.28769017980636236
1W0X-OLO,MSE+AC,shap,723,206,0.28492392807745504
1W0X-OLO,MSE+UCN,shap,723,204,0.2821576763485477
1X0N-DTF,MSE,cam,52,5,0.09615384615384616
1X0N-DTF,MSE+AC,cam,52,5,0.09615384615384616
1X0N-DTF,MSE+UCN,cam,52,3,0.057692307692307696
1X0N-DTF,MSE,diff,52,0,0.0
1X0N-DTF,MSE+AC,diff,52,0,0.0
1X0N-DTF,MSE+UCN,diff,52,5,0.09615384615384616
1X0N-DTF,MSE,gradcam,52,5,0.09615384615384616
1X0N-DTF,MSE+AC,gradcam,52,13,0.25
1X0N-DTF,MSE+UCN,gradcam,52,5,0.09615384615384616
1X0N-DTF,MSE,gradinput,52,12,0.23076923076923078
1X0N-DTF,MSE+AC,gradinput,52,24,0.46153846153846156
1X0N-DTF,MSE+UCN,gradinput,52,2,0.038461538461538464
1X0N-DTF,MSE,ig,52,2,0.038461538461538464
1X0N-DTF,MSE+AC,ig,52,1,0.019230769230769232
1X0N-DTF,MSE+UCN,ig,52,5,0.09615384615384616
1X0N-DTF,MSE,shap,52,20,0.38461538461538464
1X0N-DTF,MSE+AC,shap,52,14,0.2692307692307692
1X0N-DTF,MSE+UCN,shap,52,17,0.3269230769230769
1X8B-824,MSE,cam,1387,123,0.08868060562364816
1X8B-824,MSE+AC,cam,1387,165,0.11896178803172314
1X8B-824,MSE+UCN,cam,1387,285,0.2054794520547945
1X8B-824,MSE,diff,1387,73,0.05263157894736842
1X8B-824,MSE+AC,diff,1387,48,0.03460706560922855
1X8B-824,MSE+UCN,diff,1387,119,0.08579668348954578
1X8B-824,MSE,gradcam,1387,79,0.05695746214852199
1X8B-824,MSE+AC,gradcam,1387,125,0.09012256669069935
1X8B-824,MSE+UCN,gradcam,1387,91,0.06560922855082912
1X8B-824,MSE,gradinput,1387,143,0.10310021629416005
1X8B-824,MSE+AC,gradinput,1387,121,0.08723864455659697
1X8B-824,MSE+UCN,gradinput,1387,117,0.08435472242249459
1X8B-824,MSE,ig,1387,46,0.03316510454217736
1X8B-824,MSE+AC,ig,1387,86,0.06200432588320115
1X8B-824,MSE+UCN,ig,1387,73,0.05263157894736842
1X8B-824,MSE,shap,1387,281,0.20259552992069213
1X8B-824,MSE+AC,shap,1387,302,0.21773612112472962
1X8B-824,MSE+UCN,shap,1387,300,0.21629416005767843
1XJD-STO,MSE,cam,49,6,0.12244897959183673
1XJD-STO,MSE+AC,cam,49,0,0.0
1XJD-STO,MSE+UCN,cam,49,1,0.02040816326530612
1XJD-STO,MSE,diff,49,8,0.16326530612244897
1XJD-STO,MSE+AC,diff,49,12,0.24489795918367346
1XJD-STO,MSE+UCN,diff,49,0,0.0
1XJD-STO,MSE,gradcam,49,6,0.12244897959183673
1XJD-STO,MSE+AC,gradcam,49,15,0.30612244897959184
1XJD-STO,MSE+UCN,gradcam,49,0,0.0
1XJD-STO,MSE,gradinput,49,5,0.10204081632653061
1XJD-STO,MSE+AC,gradinput,49,1,0.02040816326530612
1XJD-STO,MSE+UCN,gradinput,49,11,0.22448979591836735
1XJD-STO,MSE,ig,49,6,0.12244897959183673
1XJD-STO,MSE+AC,ig,49,12,0.24489795918367346
1XJD-STO,MSE+UCN,ig,49,9,0.1836734693877551
1XJD-STO,MSE,shap,49,15,0.30612244897959184
1XJD-STO,MSE+AC,shap,49,16,0.32653061224489793
1XJD-STO,MSE+UCN,shap,49,14,0.2857142857142857
1XKK-FMM,MSE,cam,67,10,0.14925373134328357
1XKK-FMM,MSE+AC,cam,67,12,0.1791044776119403
1XKK-FMM,MSE+UCN,cam,67,19,0.2835820895522388
1XKK-FMM,MSE,diff,67,5,0.07462686567164178
1XKK-FMM,MSE+AC,diff,67,7,0.1044776119402985
1XKK-FMM,MSE+UCN,diff,67,3,0.04477611940298507
1XKK-FMM,MSE,gradcam,67,4,0.05970149253731343
1XKK-FMM,MSE+AC,gradcam,67,6,0.08955223880597014
1XKK-FMM,MSE+UCN,gradcam,67,16,0.23880597014925373
1XKK-FMM,MSE,gradinput,67,5,0.07462686567164178
1XKK-FMM,MSE+AC,gradinput,67,4,0.05970149253731343
1XKK-FMM,MSE+UCN,gradinput,67,17,0.2537313432835821
1XKK-FMM,MSE,ig,67,2,0.029850746268656716
1XKK-FMM,MSE+AC,ig,67,0,0.0
1XKK-FMM,MSE+UCN,ig,67,7,0.1044776119402985
1XKK-FMM,MSE,shap,67,20,0.29850746268656714
1XKK-FMM,MSE+AC,shap,67,22,0.3283582089552239
1XKK-FMM,MSE+UCN,shap,67,22,0.3283582089552239
1XOW-R18,MSE,cam,22,10,0.45454545454545453
1XOW-R18,MSE+AC,cam,22,8,0.36363636363636365
1XOW-R18,MSE+UCN,cam,22,7,0.3181818181818182
1XOW-R18,MSE,diff,22,0,0.0
1XOW-R18,MSE+AC,diff,22,1,0.045454545454545456
1XOW-R18,MSE+UCN,diff,22,6,0.2727272727272727
1XOW-R18,MSE,gradcam,22,0,0.0
1XOW-R18,MSE+AC,gradcam,22,0,0.0
1XOW-R18,MSE+UCN,gradcam,22,3,0.13636363636363635
1XOW-R18,MSE,gradinput,22,3,0.13636363636363635
1XOW-R18,MSE+AC,gradinput,22,3,0.13636363636363635
1XOW-R18,MSE+UCN,gradinput,22,6,0.2727272727272727
1XOW-R18,MSE,ig,22,1,0.045454545454545456
1XOW-R18,MSE+AC,ig,22,1,0.045454545454545456
1XOW-R18,MSE+UCN,ig,22,3,0.13636363636363635
1XOW-R18,MSE,shap,22,6,0.2727272727272727
1XOW-R18,MSE+AC,shap,22,6,0.2727272727272727
1XOW-R18,MSE+UCN,shap,22,5,0.22727272727272727
1XS7-MMI,MSE,cam,50,15,0.3
1XS7-MMI,MSE+AC,cam,50,7,0.14
1XS7-MMI,MSE+UCN,cam,50,5,0.1
1XS7-MMI,MSE,diff,50,14,0.28
1XS7-MMI,MSE+AC,diff,50,6,0.12
1XS7-MMI,MSE+UCN,diff,50,6,0.12
1XS7-MMI,MSE,gradcam,50,5,0.1
1XS7-MMI,MSE+AC,gradcam,50,8,0.16
1XS7-MMI,MSE+UCN,gradcam,50,10,0.2
1XS7-MMI,MSE,gradinput,50,2,0.04
1XS7-MMI,MSE+AC,gradinput,50,5,0.1
1XS7-MMI,MSE+UCN,gradinput,50,8,0.16
1XS7-MMI,MSE,ig,50,9,0.18
1XS7-MMI,MSE+AC,ig,50,2,0.04
1XS7-MMI,MSE+UCN,ig,50,7,0.14
1XS7-MMI,MSE,shap,50,10,0.2
1XS7-MMI,MSE+AC,shap,50,12,0.24
1XS7-MMI,MSE+UCN,shap,50,13,0.26
1Y91-CT9,MSE,cam,112,50,0.44642857142857145
1Y91-CT9,MSE+AC,cam,112,53,0.4732142857142857
1Y91-CT9,MSE+UCN,cam,112,18,0.16071428571428573
1Y91-CT9,MSE,diff,112,6,0.05357142857142857
1Y91-CT9,MSE+AC,diff,112,14,0.125
1Y91-CT9,MSE+UCN,diff,112,8,0.07142857142857142
1Y91-CT9,MSE,gradcam,112,13,0.11607142857142858
1Y91-CT9,MSE+AC,gradcam,112,15,0.13392857142857142
1Y91-CT9,MSE+UCN,gradcam,112,9,0.08035714285714286
1Y91-CT9,MSE,gradinput,112,9,0.08035714285714286
1Y91-CT9,MSE+AC,gradinput,112,17,0.15178571428571427
1Y91-CT9,MSE+UCN,gradinput,112,18,0.16071428571428573
1Y91-CT9,MSE,ig,112,9,0.08035714285714286
1Y91-CT9,MSE+AC,ig,112,7,0.0625
1Y91-CT9,MSE+UCN,ig,112,11,0.09821428571428571
1Y91-CT9,MSE,shap,112,31,0.2767857142857143
1Y91-CT9,MSE+AC,shap,112,28,0.25
1Y91-CT9,MSE+UCN,shap,112,28,0.25
1YHO-TOP,MSE,cam,20,4,0.2
1YHO-TOP,MSE+AC,cam,20,4,0.2
1YHO-TOP,MSE+UCN,cam,20,2,0.1
1YHO-TOP,MSE,diff,20,0,0.0
1YHO-TOP,MSE+AC,diff,20,4,0.2
1YHO-TOP,MSE+UCN,diff,20,1,0.05
1YHO-TOP,MSE,gradcam,20,1,0.05
1YHO-TOP,MSE+AC,gradcam,20,1,0.05
1YHO-TOP,MSE+UCN,gradcam,20,2,0.1
1YHO-TOP,MSE,gradinput,20,4,0.2
1YHO-TOP,MSE+AC,gradinput,20,4,0.2
1YHO-TOP,MSE+UCN,gradinput,20,1,0.05
1YHO-TOP,MSE,ig,20,1,0.05
1YHO-TOP,MSE+AC,ig,20,1,0.05
1YHO-TOP,MSE+UCN,ig,20,5,0.25
1YHO-TOP,MSE,shap,20,5,0.25
1YHO-TOP,MSE+AC,shap,20,4,0.2
1YHO-TOP,MSE+UCN,shap,20,6,0.3
1YRS-L47,MSE,cam,42,15,0.35714285714285715
1YRS-L47,MSE+AC,cam,42,20,0.47619047619047616
1YRS-L47,MSE+UCN,cam,42,2,0.047619047619047616
1YRS-L47,MSE,diff,42,3,0.07142857142857142
1YRS-L47,MSE+AC,diff,42,2,0.047619047619047616
1YRS-L47,MSE+UCN,diff,42,8,0.19047619047619047
1YRS-L47,MSE,gradcam,42,2,0.047619047619047616
1YRS-L47,MSE+AC,gradcam,42,4,0.09523809523809523
1YRS-L47,MSE+UCN,gradcam,42,6,0.14285714285714285
1YRS-L47,MSE,gradinput,42,5,0.11904761904761904
1YRS-L47,MSE+AC,gradinput,42,4,0.09523809523809523
1YRS-L47,MSE+UCN,gradinput,42,12,0.2857142857142857
1YRS-L47,MSE,ig,42,1,0.023809523809523808
1YRS-L47,MSE+AC,ig,42,2,0.047619047619047616
1YRS-L47,MSE+UCN,ig,42,3,0.07142857142857142
1YRS-L47,MSE,shap,42,11,0.2619047619047619
1YRS-L47,MSE+AC,shap,42,10,0.23809523809523808
1YRS-L47,MSE+UCN,shap,42,9,0.21428571428571427
1Z6E-IK8,MSE,cam,79,9,0.11392405063291139
1Z6E-IK8,MSE+AC,cam,79,6,0.0759493670886076
1Z6E-IK8,MSE+UCN,cam,79,37,0.46835443037974683
1Z6E-IK8,MSE,diff,79,8,0.10126582278481013
1Z6E-IK8,MSE+AC,diff,79,6,0.0759493670886076
1Z6E-IK8,MSE+UCN,diff,79,6,0.0759493670886076
1Z6E-IK8,MSE,gradcam,79,4,0.05063291139240506
1Z6E-IK8,MSE+AC,gradcam,79,0,0.0
1Z6E-IK8,MSE+UCN,gradcam,79,17,0.21518987341772153
1Z6E-IK8,MSE,gradinput,79,6,0.0759493670886076
1Z6E-IK8,MSE+AC,gradinput,79,5,0.06329113924050633
1Z6E-IK8,MSE+UCN,gradinput,79,18,0.22784810126582278
1Z6E-IK8,MSE,ig,79,1,0.012658227848101266
1Z6E-IK8,MSE+AC,ig,79,10,0.12658227848101267
1Z6E-IK8,MSE+UCN,ig,79,7,0.08860759493670886
1Z6E-IK8,MSE,shap,79,27,0.34177215189873417
1Z6E-IK8,MSE+AC,shap,79,24,0.3037974683544304
1Z6E-IK8,MSE+UCN,shap,79,15,0.189873417721519
1Z6J-PY3,MSE,cam,375,23,0.06133333333333333
1Z6J-PY3,MSE+AC,cam,375,27,0.072
1Z6J-PY3,MSE+UCN,cam,375,65,0.17333333333333334
1Z6J-PY3,MSE,diff,375,9,0.024
1Z6J-PY3,MSE+AC,diff,375,36,0.096
1Z6J-PY3,MSE+UCN,diff,375,32,0.08533333333333333
1Z6J-PY3,MSE,gradcam,375,42,0.112
1Z6J-PY3,MSE+AC,gradcam,375,44,0.11733333333333333
1Z6J-PY3,MSE+UCN,gradcam,375,76,0.20266666666666666
1Z6J-PY3,MSE,gradinput,375,43,0.11466666666666667
1Z6J-PY3,MSE+AC,gradinput,375,40,0.10666666666666667
1Z6J-PY3,MSE+UCN,gradinput,375,65,0.17333333333333334
1Z6J-PY3,MSE,ig,375,42,0.112
1Z6J-PY3,MSE+AC,ig,375,30,0.08
1Z6J-PY3,MSE+UCN,ig,375,72,0.192
1Z6J-PY3,MSE,shap,375,70,0.18666666666666668
1Z6J-PY3,MSE+AC,shap,375,81,0.216
1Z6J-PY3,MSE+UCN,shap,375,83,0.22133333333333333
1ZD2-NC3,MSE,cam,318,66,0.20754716981132076
1ZD2-NC3,MSE+AC,cam,318,54,0.16981132075471697
1ZD2-NC3,MSE+UCN,cam,318,105,0.330188679245283
1ZD2-NC3,MSE,diff,318,29,0.09119496855345911
1ZD2-NC3,MSE+AC,diff,318,28,0.0880503144654088
1ZD2-NC3,MSE+UCN,diff,318,37,0.11635220125786164
1ZD2-NC3,MSE,gradcam,318,23,0.07232704402515723
1ZD2-NC3,MSE+AC,gradcam,318,76,0.2389937106918239
1ZD2-NC3,MSE+UCN,gradcam,318,52,0.16352201257861634
1ZD2-NC3,MSE,gradinput,318,52,0.16352201257861634
1ZD2-NC3,MSE+AC,gradinput,318,52,0.16352201257861634
1ZD2-NC3,MSE+UCN,gradinput,318,62,0.1949685534591195
1ZD2-NC3,MSE,ig,318,32,0.10062893081761007
1ZD2-NC3,MSE+AC,ig,318,55,0.17295597484276728
1ZD2-NC3,MSE+UCN,ig,318,18,0.05660377358490566
1ZD2-NC3,MSE,shap,318,72,0.22641509433962265
1ZD2-NC3,MSE+AC,shap,318,66,0.20754716981132076
1ZD2-NC3,MSE+UCN,shap,318,78,0.24528301886792453
1ZFQ-ZEC,MSE,cam,15,4,0.26666666666666666
1ZFQ-ZEC,MSE+AC,cam,15,4,0.26666666666666666
1ZFQ-ZEC,MSE+UCN,cam,15,4,0.26666666666666666
1ZFQ-ZEC,MSE,diff,15,0,0.0
1ZFQ-ZEC,MSE+AC,diff,15,1,0.06666666666666667
1ZFQ-ZEC,MSE+UCN,diff,15,0,0.0
1ZFQ-ZEC,MSE,gradcam,15,2,0.13333333333333333
1ZFQ-ZEC,MSE+AC,gradcam,15,0,0.0
1ZFQ-ZEC,MSE+UCN,gradcam,15,0,0.0
1ZFQ-ZEC,MSE,gradinput,15,2,0.13333333333333333
1ZFQ-ZEC,MSE+AC,gradinput,15,9,0.6
1ZFQ-ZEC,MSE+UCN,gradinput,15,0,0.0
1ZFQ-ZEC,MSE,ig,15,0,0.0
1ZFQ-ZEC,MSE+AC,ig,15,1,0.06666666666666667
1ZFQ-ZEC,MSE+UCN,ig,15,0,0.0
1ZFQ-ZEC,MSE,shap,15,5,0.3333333333333333
1ZFQ-ZEC,MSE+AC,shap,15,4,0.26666666666666666
1ZFQ-ZEC,MSE+UCN,shap,15,9,0.6
1ZTQ-033,MSE,cam,31,4,0.12903225806451613
1ZTQ-033,MSE+AC,cam,31,2,0.06451612903225806
1ZTQ-033,MSE+UCN,cam,31,17,0.5483870967741935
1ZTQ-033,MSE,diff,31,5,0.16129032258064516
1ZTQ-033,MSE+AC,diff,31,5,0.16129032258064516
1ZTQ-033,MSE+UCN,diff,31,2,0.06451612903225806
1ZTQ-033,MSE,gradcam,31,2,0.06451612903225806
1ZTQ-033,MSE+AC,gradcam,31,1,0.03225806451612903
1ZTQ-033,MSE+UCN,gradcam,31,6,0.1935483870967742
1ZTQ-033,MSE,gradinput,31,9,0.2903225806451613
1ZTQ-033,MSE+AC,gradinput,31,5,0.16129032258064516
1ZTQ-033,MSE+UCN,gradinput,31,6,0.1935483870967742
1ZTQ-033,MSE,ig,31,8,0.25806451612903225
1ZTQ-033,MSE+AC,ig,31,5,0.16129032258064516
1ZTQ-033,MSE+UCN,ig,31,12,0.3870967741935484
1ZTQ-033,MSE,shap,31,10,0.3225806451612903
1ZTQ-033,MSE+AC,shap,31,6,0.1935483870967742
1ZTQ-033,MSE+UCN,shap,31,8,0.25806451612903225
2A4L-RRC,MSE,cam,1066,150,0.14071294559099437
2A4L-RRC,MSE+AC,cam,1066,189,0.1772983114446529
2A4L-RRC,MSE+UCN,cam,1066,240,0.225140712945591
2A4L-RRC,MSE,diff,1066,91,0.08536585365853659
2A4L-RRC,MSE+AC,diff,1066,55,0.051594746716697934
2A4L-RRC,MSE+UCN,diff,1066,60,0.05628517823639775
2A4L-RRC,MSE,gradcam,1066,187,0.175422138836773
2A4L-RRC,MSE+AC,gradcam,1066,115,0.10787992495309569
2A4L-RRC,MSE+UCN,gradcam,1066,95,0.08911819887429644
2A4L-RRC,MSE,gradinput,1066,134,0.12570356472795496
2A4L-RRC,MSE+AC,gradinput,1066,127,0.11913696060037524
2A4L-RRC,MSE+UCN,gradinput,1066,236,0.22138836772983114
2A4L-RRC,MSE,ig,1066,81,0.07598499061913697
2A4L-RRC,MSE+AC,ig,1066,47,0.04409005628517824
2A4L-RRC,MSE+UCN,ig,1066,161,0.15103189493433397
2A4L-RRC,MSE,shap,1066,310,0.29080675422138835
2A4L-RRC,MSE+AC,shap,1066,268,0.25140712945590993
2A4L-RRC,MSE+UCN,shap,1066,281,0.26360225140712945
2AEI-03R,MSE,cam,84,14,0.16666666666666666
2AEI-03R,MSE+AC,cam,84,9,0.10714285714285714
2AEI-03R,MSE+UCN,cam,84,3,0.03571428571428571
2AEI-03R,MSE,diff,84,6,0.07142857142857142
2AEI-03R,MSE+AC,diff,84,8,0.09523809523809523
2AEI-03R,MSE+UCN,diff,84,11,0.13095238095238096
2AEI-03R,MSE,gradcam,84,8,0.09523809523809523
2AEI-03R,MSE+AC,gradcam,84,11,0.13095238095238096
2AEI-03R,MSE+UCN,gradcam,84,21,0.25
2AEI-03R,MSE,gradinput,84,10,0.11904761904761904
2AEI-03R,MSE+AC,gradinput,84,5,0.05952380952380952
2AEI-03R,MSE+UCN,gradinput,84,22,0.2619047619047619
2AEI-03R,MSE,ig,84,13,0.15476190476190477
2AEI-03R,MSE+AC,ig,84,16,0.19047619047619047
2AEI-03R,MSE+UCN,ig,84,8,0.09523809523809523
2AEI-03R,MSE,shap,84,19,0.2261904761904762
2AEI-03R,MSE+AC,shap,84,17,0.20238095238095238
2AEI-03R,MSE+UCN,shap,84,19,0.2261904761904762
2AUX-CT1,MSE,cam,32,4,0.125
2AUX-CT1,MSE+AC,cam,32,8,0.25
2AUX-CT1,MSE+UCN,cam,32,1,0.03125
2AUX-CT1,MSE,diff,32,0,0.0
2AUX-CT1,MSE+AC,diff,32,4,0.125
2AUX-CT1,MSE+UCN,diff,32,1,0.03125
2AUX-CT1,MSE,gradcam,32,0,0.0
2AUX-CT1,MSE+AC,gradcam,32,3,0.09375
2AUX-CT1,MSE+UCN,gradcam,32,1,0.03125
2AUX-CT1,MSE,gradinput,32,2,0.0625
2AUX-CT1,MSE+AC,gradinput,32,2,0.0625
2AUX-CT1,MSE+UCN,gradinput,32,3,0.09375
2AUX-CT1,MSE,ig,32,1,0.03125
2AUX-CT1,MSE+AC,ig,32,1,0.03125
2AUX-CT1,MSE+UCN,ig,32,1,0.03125
2AUX-CT1,MSE,shap,32,11,0.34375
2AUX-CT1,MSE+AC,shap,32,7,0.21875
2AUX-CT1,MSE+UCN,shap,32,10,0.3125
2AYP-43A,MSE,cam,32,10,0.3125
2AYP-43A,MSE+AC,cam,32,5,0.15625
2AYP-43A,MSE+UCN,cam,32,3,0.09375
2AYP-43A,MSE,diff,32,0,0.0
2AYP-43A,MSE+AC,diff,32,4,0.125
2AYP-43A,MSE+UCN,diff,32,0,0.0
2AYP-43A,MSE,gradcam,32,2,0.0625
2AYP-43A,MSE+AC,gradcam,32,0,0.0
2AYP-43A,MSE+UCN,gradcam,32,1,0.03125
2AYP-43A,MSE,gradinput,32,4,0.125
2AYP-43A,MSE+AC,gradinput,32,7,0.21875
2AYP-43A,MSE+UCN,gradinput,32,2,0.0625
2AYP-43A,MSE,ig,32,1,0.03125
2AYP-43A,MSE+AC,ig,32,1,0.03125
2AYP-43A,MSE+UCN,ig,32,0,0.0
2AYP-43A,MSE,shap,32,10,0.3125
2AYP-43A,MSE+AC,shap,32,10,0.3125
2AYP-43A,MSE+UCN,shap,32,10,0.3125
2B36-5PP,MSE,cam,18,1,0.05555555555555555
2B36-5PP,MSE+AC,cam,18,6,0.3333333333333333
2B36-5PP,MSE+UCN,cam,18,0,0.0
2B36-5PP,MSE,diff,18,2,0.1111111111111111
2B36-5PP,MSE+AC,diff,18,2,0.1111111111111111
2B36-5PP,MSE+UCN,diff,18,2,0.1111111111111111
2B36-5PP,MSE,gradcam,18,1,0.05555555555555555
2B36-5PP,MSE+AC,gradcam,18,0,0.0
2B36-5PP,MSE+UCN,gradcam,18,1,0.05555555555555555
2B36-5PP,MSE,gradinput,18,0,0.0
2B36-5PP,MSE+AC,gradinput,18,1,0.05555555555555555
2B36-5PP,MSE+UCN,gradinput,18,1,0.05555555555555555
2B36-5PP,MSE,ig,18,2,0.1111111111111111
2B36-5PP,MSE+AC,ig,18,1,0.05555555555555555
2B36-5PP,MSE+UCN,ig,18,0,0.0
2B36-5PP,MSE,shap,18,3,0.16666666666666666
2B36-5PP,MSE+AC,shap,18,4,0.2222222222222222
2B36-5PP,MSE+UCN,shap,18,3,0.16666666666666666
2B52-D42,MSE,cam,32,0,0.0
2B52-D42,MSE+AC,cam,32,19,0.59375
2B52-D42,MSE+UCN,cam,32,23,0.71875
2B52-D42,MSE,diff,32,0,0.0
2B52-D42,MSE+AC,diff,32,0,0.0
2B52-D42,MSE+UCN,diff,32,1,0.03125
2B52-D42,MSE,gradcam,32,0,0.0
2B52-D42,MSE+AC,gradcam,32,0,0.0
2B52-D42,MSE+UCN,gradcam,32,0,0.0
2B52-D42,MSE,gradinput,32,0,0.0
2B52-D42,MSE+AC,gradinput,32,0,0.0
2B52-D42,MSE+UCN,gradinput,32,0,0.0
2B52-D42,MSE,ig,32,0,0.0
2B52-D42,MSE+AC,ig,32,0,0.0
2B52-D42,MSE+UCN,ig,32,2,0.0625
2B52-D42,MSE,shap,32,7,0.21875
2B52-D42,MSE+AC,shap,32,5,0.15625
2B52-D42,MSE+UCN,shap,32,5,0.15625
2B53-D23,MSE,cam,24,6,0.25
2B53-D23,MSE+AC,cam,24,6,0.25
2B53-D23,MSE+UCN,cam,24,9,0.375
2B53-D23,MSE,diff,24,2,0.08333333333333333
2B53-D23,MSE+AC,diff,24,1,0.041666666666666664
2B53-D23,MSE+UCN,diff,24,2,0.08333333333333333
2B53-D23,MSE,gradcam,24,1,0.041666666666666664
2B53-D23,MSE+AC,gradcam,24,2,0.08333333333333333
2B53-D23,MSE+UCN,gradcam,24,6,0.25
2B53-D23,MSE,gradinput,24,0,0.0
2B53-D23,MSE+AC,gradinput,24,3,0.125
2B53-D23,MSE+UCN,gradinput,24,6,0.25
2B53-D23,MSE,ig,24,2,0.08333333333333333
2B53-D23,MSE+AC,ig,24,4,0.16666666666666666
2B53-D23,MSE+UCN,ig,24,8,0.3333333333333333
2B53-D23,MSE,shap,24,7,0.2916666666666667
2B53-D23,MSE+AC,shap,24,4,0.16666666666666666
2B53-D23,MSE+UCN,shap,24,7,0.2916666666666667
2B54-D05,MSE,cam,152,35,0.23026315789473684
2B54-D05,MSE+AC,cam,152,55,0.3618421052631579
2B54-D05,MSE+UCN,cam,152,66,0.4342105263157895
2B54-D05,MSE,diff,152,30,0.19736842105263158
2B54-D05,MSE+AC,diff,152,2,0.013157894736842105
2B54-D05,MSE+UCN,diff,152,2,0.013157894736842105
2B54-D05,MSE,gradcam,152,34,0.2236842105263158
2B54-D05,MSE+AC,gradcam,152,23,0.1513157894736842
2B54-D05,MSE+UCN,gradcam,152,88,0.5789473684210527
2B54-D05,MSE,gradinput,152,14,0.09210526315789473
2B54-D05,MSE+AC,gradinput,152,12,0.07894736842105263
2B54-D05,MSE+UCN,gradinput,152,14,0.09210526315789473
2B54-D05,MSE,ig,152,33,0.21710526315789475
2B54-D05,MSE+AC,ig,152,10,0.06578947368421052
2B54-D05,MSE+UCN,ig,152,4,0.02631578947368421
2B54-D05,MSE,shap,152,39,0.2565789473684211
2B54-D05,MSE+AC,shap,152,39,0.2565789473684211
2B54-D05,MSE+UCN,shap,152,38,0.25
2B55-D31,MSE,cam,29,1,0.034482758620689655
2B55-D31,MSE+AC,cam,29,1,0.034482758620689655
2B55-D31,MSE+UCN,cam,29,0,0.0
2B55-D31,MSE,diff,29,2,0.06896551724137931
2B55-D31,MSE+AC,diff,29,4,0.13793103448275862
2B55-D31,MSE+UCN,diff,29,1,0.034482758620689655
2B55-D31,MSE,gradcam,29,2,0.06896551724137931
2B55-D31,MSE+AC,gradcam,29,1,0.034482758620689655
2B55-D31,MSE+UCN,gradcam,29,0,0.0
2B55-D31,MSE,gradinput,29,1,0.034482758620689655
2B55-D31,MSE+AC,gradinput,29,3,0.10344827586206896
2B55-D31,MSE+UCN,gradinput,29,0,0.0
2B55-D31,MSE,ig,29,4,0.13793103448275862
2B55-D31,MSE+AC,ig,29,4,0.13793103448275862
2B55-D31,MSE+UCN,ig,29,1,0.034482758620689655
2B55-D31,MSE,shap,29,7,0.2413793103448276
2B55-D31,MSE+AC,shap,29,5,0.1724137931034483
2B55-D31,MSE+UCN,shap,29,8,0.27586206896551724
2BKT-RPF,MSE,cam,138,29,0.21014492753623187
2BKT-RPF,MSE+AC,cam,138,24,0.17391304347826086
2BKT-RPF,MSE+UCN,cam,138,22,0.15942028985507245
2BKT-RPF,MSE,diff,138,8,0.057971014492753624
2BKT-RPF,MSE+AC,diff,138,11,0.07971014492753623
2BKT-RPF,MSE+UCN,diff,138,9,0.06521739130434782
2BKT-RPF,MSE,gradcam,138,21,0.15217391304347827
2BKT-RPF,MSE+AC,gradcam,138,12,0.08695652173913043
2BKT-RPF,MSE+UCN,gradcam,138,13,0.09420289855072464
2BKT-RPF,MSE,gradinput,138,16,0.11594202898550725
2BKT-RPF,MSE+AC,gradinput,138,20,0.14492753623188406
2BKT-RPF,MSE+UCN,gradinput,138,11,0.07971014492753623
2BKT-RPF,MSE,ig,138,5,0.036231884057971016
2BKT-RPF,MSE+AC,ig,138,12,0.08695652173913043
2BKT-RPF,MSE+UCN,ig,138,8,0.057971014492753624
2BKT-RPF,MSE,shap,138,30,0.21739130434782608
2BKT-RPF,MSE+AC,shap,138,36,0.2608695652173913
2BKT-RPF,MSE+UCN,shap,138,32,0.2318840579710145
2BUB-FPB,MSE,cam,1826,374,0.20481927710843373
2BUB-FPB,MSE+AC,cam,1826,441,0.2415115005476451
2BUB-FPB,MSE+UCN,cam,1826,297,0.16265060240963855
2BUB-FPB,MSE,diff,1826,161,0.08817086527929902
2BUB-FPB,MSE+AC,diff,1826,181,0.0991237677984666
2BUB-FPB,MSE+UCN,diff,1826,239,0.13088718510405256
2BUB-FPB,MSE,gradcam,1826,247,0.13526834611171962
2BUB-FPB,MSE+AC,gradcam,1826,328,0.1796276013143483
2BUB-FPB,MSE+UCN,gradcam,1826,300,0.16429353778751368
2BUB-FPB,MSE,gradinput,1826,292,0.15991237677984665
2BUB-FPB,MSE+AC,gradinput,1826,186,0.10186199342825848
2BUB-FPB,MSE+UCN,gradinput,1826,268,0.14676889375684557
2BUB-FPB,MSE,ig,1826,296,0.16210295728368018
2BUB-FPB,MSE+AC,ig,1826,438,0.23986856516976998
2BUB-FPB,MSE+UCN,ig,1826,249,0.13636363636363635
2BUB-FPB,MSE,shap,1826,482,0.26396495071193865
2BUB-FPB,MSE+AC,shap,1826,510,0.2792990142387733
2BUB-FPB,MSE+UCN,shap,1826,479,0.2623220153340635
2CJI-GSK,MSE,cam,146,49,0.3356164383561644
2CJI-GSK,MSE+AC,cam,146,54,0.3698630136986301
2CJI-GSK,MSE+UCN,cam,146,45,0.3082191780821918
2CJI-GSK,MSE,diff,146,14,0.0958904109589041
2CJI-GSK,MSE+AC,diff,146,12,0.0821917808219178
2CJI-GSK,MSE+UCN,diff,146,11,0.07534246575342465
2CJI-GSK,MSE,gradcam,146,6,0.0410958904109589
2CJI-GSK,MSE+AC,gradcam,146,20,0.136986301369863
2CJI-GSK,MSE+UCN,gradcam,146,32,0.2191780821917808
2CJI-GSK,MSE,gradinput,146,24,0.1643835616438356
2CJI-GSK,MSE+AC,gradinput,146,24,0.1643835616438356
2CJI-GSK,MSE+UCN,gradinput,146,15,0.10273972602739725
2CJI-GSK,MSE,ig,146,5,0.03424657534246575
2CJI-GSK,MSE+AC,ig,146,17,0.11643835616438356
2CJI-GSK,MSE+UCN,ig,146,5,0.03424657534246575
2CJI-GSK,MSE,shap,146,50,0.3424657534246575
2CJI-GSK,MSE+AC,shap,146,49,0.3356164383561644
2CJI-GSK,MSE+UCN,shap,146,49,0.3356164383561644
2CNF-F32,MSE,cam,140,8,0.05714285714285714
2CNF-F32,MSE+AC,cam,140,14,0.1
2CNF-F32,MSE+UCN,cam,140,93,0.6642857142857143
2CNF-F32,MSE,diff,140,1,0.007142857142857143
2CNF-F32,MSE+AC,diff,140,2,0.014285714285714285
2CNF-F32,MSE+UCN,diff,140,106,0.7571428571428571
2CNF-F32,MSE,gradcam,140,4,0.02857142857142857
2CNF-F32,MSE+AC,gradcam,140,2,0.014285714285714285
2CNF-F32,MSE+UCN,gradcam,140,82,0.5857142857142857
2CNF-F32,MSE,gradinput,140,6,0.04285714285714286
2CNF-F32,MSE+AC,gradinput,140,0,0.0
2CNF-F32,MSE+UCN,gradinput,140,29,0.20714285714285716
2CNF-F32,MSE,ig,140,2,0.014285714285714285
2CNF-F32,MSE+AC,ig,140,1,0.007142857142857143
2CNF-F32,MSE+UCN,ig,140,20,0.14285714285714285
2CNF-F32,MSE,shap,140,41,0.29285714285714287
2CNF-F32,MSE+AC,shap,140,48,0.34285714285714286
2CNF-F32,MSE+UCN,shap,140,45,0.32142857142857145
2CNG-IZE,MSE,cam,202,13,0.06435643564356436
2CNG-IZE,MSE+AC,cam,202,7,0.034653465346534656
2CNG-IZE,MSE+UCN,cam,202,70,0.3465346534653465
2CNG-IZE,MSE,diff,202,19,0.09405940594059406
2CNG-IZE,MSE+AC,diff,202,10,0.04950495049504951
2CNG-IZE,MSE+UCN,diff,202,54,0.26732673267326734
2CNG-IZE,MSE,gradcam,202,13,0.06435643564356436
2CNG-IZE,MSE+AC,gradcam,202,24,0.1188118811881188
2CNG-IZE,MSE+UCN,gradcam,202,50,0.24752475247524752
2CNG-IZE,MSE,gradinput,202,27,0.13366336633663367
2CNG-IZE,MSE+AC,gradinput,202,13,0.06435643564356436
2CNG-IZE,MSE+UCN,gradinput,202,49,0.24257425742574257
2CNG-IZE,MSE,ig,202,12,0.0594059405940594
2CNG-IZE,MSE+AC,ig,202,6,0.0297029702970297
2CNG-IZE,MSE+UCN,ig,202,66,0.32673267326732675
2CNG-IZE,MSE,shap,202,46,0.22772277227722773
2CNG-IZE,MSE+AC,shap,202,51,0.2524752475247525
2CNG-IZE,MSE+UCN,shap,202,54,0.26732673267326734
2CNH-IZB,MSE,cam,43,11,0.2558139534883721
2CNH-IZB,MSE+AC,cam,43,11,0.2558139534883721
2CNH-IZB,MSE+UCN,cam,43,11,0.2558139534883721
2CNH-IZB,MSE,diff,43,4,0.09302325581395349
2CNH-IZB,MSE+AC,diff,43,2,0.046511627906976744
2CNH-IZB,MSE+UCN,diff,43,0,0.0
2CNH-IZB,MSE,gradcam,43,1,0.023255813953488372
2CNH-IZB,MSE+AC,gradcam,43,0,0.0
2CNH-IZB,MSE+UCN,gradcam,43,3,0.06976744186046512
2CNH-IZB,MSE,gradinput,43,0,0.0
2CNH-IZB,MSE+AC,gradinput,43,4,0.09302325581395349
2CNH-IZB,MSE+UCN,gradinput,43,2,0.046511627906976744
2CNH-IZB,MSE,ig,43,1,0.023255813953488372
2CNH-IZB,MSE+AC,ig,43,8,0.18604651162790697
2CNH-IZB,MSE+UCN,ig,43,5,0.11627906976744186
2CNH-IZB,MSE,shap,43,12,0.27906976744186046
2CNH-IZB,MSE+AC,shap,43,14,0.32558139534883723
2CNH-IZB,MSE+UCN,shap,43,14,0.32558139534883723
2E2B-406,MSE,cam,158,24,0.1518987341772152
2E2B-406,MSE+AC,cam,158,36,0.22784810126582278
2E2B-406,MSE+UCN,cam,158,60,0.379746835443038
2E2B-406,MSE,diff,158,12,0.0759493670886076
2E2B-406,MSE+AC,diff,158,6,0.0379746835443038
2E2B-406,MSE+UCN,diff,158,31,0.1962025316455696
2E2B-406,MSE,gradcam,158,23,0.14556962025316456
2E2B-406,MSE+AC,gradcam,158,20,0.12658227848101267
2E2B-406,MSE+UCN,gradcam,158,26,0.16455696202531644
2E2B-406,MSE,gradinput,158,23,0.14556962025316456
2E2B-406,MSE+AC,gradinput,158,7,0.04430379746835443
2E2B-406,MSE+UCN,gradinput,158,29,0.18354430379746836
2E2B-406,MSE,ig,158,19,0.12025316455696203
2E2B-406,MSE+AC,ig,158,6,0.0379746835443038
2E2B-406,MSE+UCN,ig,158,49,0.310126582278481
2E2B-406,MSE,shap,158,47,0.2974683544303797
2E2B-406,MSE+AC,shap,158,45,0.2848101265822785
2E2B-406,MSE+UCN,shap,158,46,0.2911392405063291
2E9N-76A,MSE,cam,402,111,0.27611940298507465
2E9N-76A,MSE+AC,cam,402,167,0.4154228855721393
2E9N-76A,MSE+UCN,cam,402,68,0.1691542288557214
2E9N-76A,MSE,diff,402,31,0.07711442786069651
2E9N-76A,MSE+AC,diff,402,17,0.04228855721393035
2E9N-76A,MSE+UCN,diff,402,26,0.06467661691542288
2E9N-76A,MSE,gradcam,402,39,0.09701492537313433
2E9N-76A,MSE+AC,gradcam,402,31,0.07711442786069651
2E9N-76A,MSE+UCN,gradcam,402,66,0.16417910447761194
2E9N-76A,MSE,gradinput,402,27,0.06716417910447761
2E9N-76A,MSE+AC,gradinput,402,36,0.08955223880597014
2E9N-76A,MSE+UCN,gradinput,402,66,0.16417910447761194
2E9N-76A,MSE,ig,402,41,0.10199004975124377
2E9N-76A,MSE+AC,ig,402,12,0.029850746268656716
2E9N-76A,MSE+UCN,ig,402,28,0.06965174129353234
2E9N-76A,MSE,shap,402,95,0.236318407960199
2E9N-76A,MSE+AC,shap,402,95,0.236318407960199
2E9N-76A,MSE+UCN,shap,402,115,0.2860696517412935
2E9P-77A,MSE,cam,2272,328,0.1443661971830986
2E9P-77A,MSE+AC,cam,2272,408,0.1795774647887324
2E9P-77A,MSE+UCN,cam,2272,375,0.16505281690140844
2E9P-77A,MSE,diff,2272,178,0.07834507042253522
2E9P-77A,MSE+AC,diff,2272,288,0.1267605633802817
2E9P-77A,MSE+UCN,diff,2272,267,0.11751760563380281
2E9P-77A,MSE,gradcam,2272,196,0.08626760563380281
2E9P-77A,MSE+AC,gradcam,2272,190,0.08362676056338028
2E9P-77A,MSE+UCN,gradcam,2272,398,0.17517605633802816
2E9P-77A,MSE,gradinput,2272,211,0.09286971830985916
2E9P-77A,MSE+AC,gradinput,2272,243,0.10695422535211267
2E9P-77A,MSE+UCN,gradinput,2272,362,0.15933098591549297
2E9P-77A,MSE,ig,2272,230,0.10123239436619719
2E9P-77A,MSE+AC,ig,2272,136,0.05985915492957746
2E9P-77A,MSE+UCN,ig,2272,315,0.1386443661971831
2E9P-77A,MSE,shap,2272,697,0.3067781690140845
2E9P-77A,MSE+AC,shap,2272,698,0.30721830985915494
2E9P-77A,MSE+UCN,shap,2272,697,0.3067781690140845
2EI6-D92,MSE,cam,300,85,0.2833333333333333
2EI6-D92,MSE+AC,cam,300,81,0.27
2EI6-D92,MSE+UCN,cam,300,42,0.14
2EI6-D92,MSE,diff,300,12,0.04
2EI6-D92,MSE+AC,diff,300,16,0.05333333333333334
2EI6-D92,MSE+UCN,diff,300,13,0.043333333333333335
2EI6-D92,MSE,gradcam,300,29,0.09666666666666666
2EI6-D92,MSE+AC,gradcam,300,38,0.12666666666666668
2EI6-D92,MSE+UCN,gradcam,300,29,0.09666666666666666
2EI6-D92,MSE,gradinput,300,24,0.08
2EI6-D92,MSE+AC,gradinput,300,17,0.056666666666666664
2EI6-D92,MSE+UCN,gradinput,300,21,0.07
2EI6-D92,MSE,ig,300,28,0.09333333333333334
2EI6-D92,MSE+AC,ig,300,12,0.04
2EI6-D92,MSE+UCN,ig,300,24,0.08
2EI6-D92,MSE,shap,300,98,0.32666666666666666
2EI6-D92,MSE+AC,shap,300,96,0.32
2EI6-D92,MSE+UCN,shap,300,92,0.30666666666666664
2ETM-7PY,MSE,cam,216,31,0.14351851851851852
2ETM-7PY,MSE+AC,cam,216,30,0.1388888888888889
2ETM-7PY,MSE+UCN,cam,216,30,0.1388888888888889
2ETM-7PY,MSE,diff,216,19,0.08796296296296297
2ETM-7PY,MSE+AC,diff,216,13,0.06018518518518518
2ETM-7PY,MSE+UCN,diff,216,19,0.08796296296296297
2ETM-7PY,MSE,gradcam,216,18,0.08333333333333333
2ETM-7PY,MSE+AC,gradcam,216,29,0.13425925925925927
2ETM-7PY,MSE+UCN,gradcam,216,15,0.06944444444444445
2ETM-7PY,MSE,gradinput,216,14,0.06481481481481481
2ETM-7PY,MSE+AC,gradinput,216,23,0.10648148148148148
2ETM-7PY,MSE+UCN,gradinput,216,14,0.06481481481481481
2ETM-7PY,MSE,ig,216,14,0.06481481481481481
2ETM-7PY,MSE+AC,ig,216,13,0.06018518518518518
2ETM-7PY,MSE+UCN,ig,216,19,0.08796296296296297
2ETM-7PY,MSE,shap,216,47,0.2175925925925926
2ETM-7PY,MSE+AC,shap,216,51,0.2361111111111111
2ETM-7PY,MSE+UCN,shap,216,43,0.19907407407407407
2EUF-LQQ,MSE,cam,1424,297,0.20856741573033707
2EUF-LQQ,MSE+AC,cam,1424,322,0.22612359550561797
2EUF-LQQ,MSE+UCN,cam,1424,235,0.16502808988764045
2EUF-LQQ,MSE,diff,1424,108,0.07584269662921349
2EUF-LQQ,MSE+AC,diff,1424,64,0.0449438202247191
2EUF-LQQ,MSE+UCN,diff,1424,131,0.09199438202247191
2EUF-LQQ,MSE,gradcam,1424,146,0.10252808988764045
2EUF-LQQ,MSE+AC,gradcam,1424,114,0.0800561797752809
2EUF-LQQ,MSE+UCN,gradcam,1424,234,0.16432584269662923
2EUF-LQQ,MSE,gradinput,1424,138,0.09691011235955056
2EUF-LQQ,MSE+AC,gradinput,1424,136,0.09550561797752809
2EUF-LQQ,MSE+UCN,gradinput,1424,188,0.13202247191011235
2EUF-LQQ,MSE,ig,1424,123,0.08637640449438203
2EUF-LQQ,MSE+AC,ig,1424,108,0.07584269662921349
2EUF-LQQ,MSE+UCN,ig,1424,268,0.18820224719101122
2EUF-LQQ,MSE,shap,1424,420,0.2949438202247191
2EUF-LQQ,MSE+AC,shap,1424,415,0.2914325842696629
2EUF-LQQ,MSE+UCN,shap,1424,395,0.2773876404494382
2F3E-AXQ,MSE,cam,21,0,0.0
2F3E-AXQ,MSE+AC,cam,21,5,0.23809523809523808
2F3E-AXQ,MSE+UCN,cam,21,11,0.5238095238095238
2F3E-AXQ,MSE,diff,21,0,0.0
2F3E-AXQ,MSE+AC,diff,21,2,0.09523809523809523
2F3E-AXQ,MSE+UCN,diff,21,7,0.3333333333333333
2F3E-AXQ,MSE,gradcam,21,3,0.14285714285714285
2F3E-AXQ,MSE+AC,gradcam,21,11,0.5238095238095238
2F3E-AXQ,MSE+UCN,gradcam,21,2,0.09523809523809523
2F3E-AXQ,MSE,gradinput,21,5,0.23809523809523808
2F3E-AXQ,MSE+AC,gradinput,21,10,0.47619047619047616
2F3E-AXQ,MSE+UCN,gradinput,21,2,0.09523809523809523
2F3E-AXQ,MSE,ig,21,3,0.14285714285714285
2F3E-AXQ,MSE+AC,ig,21,0,0.0
2F3E-AXQ,MSE+UCN,ig,21,6,0.2857142857142857
2F3E-AXQ,MSE,shap,21,5,0.23809523809523808
2F3E-AXQ,MSE+AC,shap,21,5,0.23809523809523808
2F3E-AXQ,MSE+UCN,shap,21,3,0.14285714285714285
2F89-210,MSE,cam,56,10,0.17857142857142858
2F89-210,MSE+AC,cam,56,17,0.30357142857142855
2F89-210,MSE+UCN,cam,56,1,0.017857142857142856
2F89-210,MSE,diff,56,1,0.017857142857142856
2F89-210,MSE+AC,diff,56,1,0.017857142857142856
2F89-210,MSE+UCN,diff,56,13,0.23214285714285715
2F89-210,MSE,gradcam,56,7,0.125
2F89-210,MSE+AC,gradcam,56,9,0.16071428571428573
2F89-210,MSE+UCN,gradcam,56,4,0.07142857142857142
2F89-210,MSE,gradinput,56,8,0.14285714285714285
2F89-210,MSE+AC,gradinput,56,3,0.05357142857142857
2F89-210,MSE+UCN,gradinput,56,3,0.05357142857142857
2F89-210,MSE,ig,56,8,0.14285714285714285
2F89-210,MSE+AC,ig,56,1,0.017857142857142856
2F89-210,MSE+UCN,ig,56,1,0.017857142857142856
2F89-210,MSE,shap,56,11,0.19642857142857142
2F89-210,MSE+AC,shap,56,13,0.23214285714285715
2F89-210,MSE+UCN,shap,56,12,0.21428571428571427
2F8C-ZOL,MSE,cam,53,13,0.24528301886792453
2F8C-ZOL,MSE+AC,cam,53,2,0.03773584905660377
2F8C-ZOL,MSE+UCN,cam,53,1,0.018867924528301886
2F8C-ZOL,MSE,diff,53,4,0.07547169811320754
2F8C-ZOL,MSE+AC,diff,53,2,0.03773584905660377
2F8C-ZOL,MSE+UCN,diff,53,6,0.11320754716981132
2F8C-ZOL,MSE,gradcam,53,2,0.03773584905660377
2F8C-ZOL,MSE+AC,gradcam,53,0,0.0
2F8C-ZOL,MSE+UCN,gradcam,53,1,0.018867924528301886
2F8C-ZOL,MSE,gradinput,53,8,0.1509433962264151
2F8C-ZOL,MSE+AC,gradinput,53,6,0.11320754716981132
2F8C-ZOL,MSE+UCN,gradinput,53,3,0.05660377358490566
2F8C-ZOL,MSE,ig,53,3,0.05660377358490566
2F8C-ZOL,MSE+AC,ig,53,2,0.03773584905660377
2F8C-ZOL,MSE+UCN,ig,53,2,0.03773584905660377
2F8C-ZOL,MSE,shap,53,7,0.1320754716981132
2F8C-ZOL,MSE+AC,shap,53,5,0.09433962264150944
2F8C-ZOL,MSE+UCN,shap,53,6,0.11320754716981132
2FME-3QC,MSE,cam,27,5,0.18518518518518517
2FME-3QC,MSE+AC,cam,27,5,0.18518518518518517
2FME-3QC,MSE+UCN,cam,27,1,0.037037037037037035
2FME-3QC,MSE,diff,27,2,0.07407407407407407
2FME-3QC,MSE+AC,diff,27,5,0.18518518518518517
2FME-3QC,MSE+UCN,diff,27,4,0.14814814814814814
2FME-3QC,MSE,gradcam,27,10,0.37037037037037035
2FME-3QC,MSE+AC,gradcam,27,4,0.14814814814814814
2FME-3QC,MSE+UCN,gradcam,27,4,0.14814814814814814
2FME-3QC,MSE,gradinput,27,4,0.14814814814814814
2FME-3QC,MSE+AC,gradinput,27,3,0.1111111111111111
2FME-3QC,MSE+UCN,gradinput,27,3,0.1111111111111111
2FME-3QC,MSE,ig,27,4,0.14814814814814814
2FME-3QC,MSE+AC,ig,27,5,0.18518518518518517
2FME-3QC,MSE+UCN,ig,27,1,0.037037037037037035
2FME-3QC,MSE,shap,27,5,0.18518518518518517
2FME-3QC,MSE+AC,shap,27,8,0.2962962962962963
2FME-3QC,MSE+UCN,shap,27,4,0.14814814814814814
2FPT-ILB,MSE,cam,49,7,0.14285714285714285
2FPT-ILB,MSE+AC,cam,49,7,0.14285714285714285
2FPT-ILB,MSE+UCN,cam,49,4,0.08163265306122448
2FPT-ILB,MSE,diff,49,6,0.12244897959183673
2FPT-ILB,MSE+AC,diff,49,6,0.12244897959183673
2FPT-ILB,MSE+UCN,diff,49,4,0.08163265306122448
2FPT-ILB,MSE,gradcam,49,2,0.04081632653061224
2FPT-ILB,MSE+AC,gradcam,49,10,0.20408163265306123
2FPT-ILB,MSE+UCN,gradcam,49,4,0.08163265306122448
2FPT-ILB,MSE,gradinput,49,4,0.08163265306122448
2FPT-ILB,MSE+AC,gradinput,49,7,0.14285714285714285
2FPT-ILB,MSE+UCN,gradinput,49,10,0.20408163265306123
2FPT-ILB,MSE,ig,49,10,0.20408163265306123
2FPT-ILB,MSE+AC,ig,49,8,0.16326530612244897
2FPT-ILB,MSE+UCN,ig,49,4,0.08163265306122448
2FPT-ILB,MSE,shap,49,10,0.20408163265306123
2FPT-ILB,MSE+AC,shap,49,5,0.10204081632653061
2FPT-ILB,MSE+UCN,shap,49,7,0.14285714285714285
2FWZ-H71,MSE,cam,326,147,0.450920245398773
2FWZ-H71,MSE+AC,cam,326,139,0.4263803680981595
2FWZ-H71,MSE+UCN,cam,326,118,0.3619631901840491
2FWZ-H71,MSE,diff,326,41,0.12576687116564417
2FWZ-H71,MSE+AC,diff,326,37,0.11349693251533742
2FWZ-H71,MSE+UCN,diff,326,62,0.1901840490797546
2FWZ-H71,MSE,gradcam,326,46,0.1411042944785276
2FWZ-H71,MSE+AC,gradcam,326,67,0.20552147239263804
2FWZ-H71,MSE+UCN,gradcam,326,121,0.37116564417177916
2FWZ-H71,MSE,gradinput,326,23,0.0705521472392638
2FWZ-H71,MSE+AC,gradinput,326,41,0.12576687116564417
2FWZ-H71,MSE+UCN,gradinput,326,71,0.21779141104294478
2FWZ-H71,MSE,ig,326,82,0.25153374233128833
2FWZ-H71,MSE+AC,ig,326,67,0.20552147239263804
2FWZ-H71,MSE+UCN,ig,326,68,0.2085889570552147
2FWZ-H71,MSE,shap,326,59,0.18098159509202455
2FWZ-H71,MSE+AC,shap,326,109,0.3343558282208589
2FWZ-H71,MSE+UCN,shap,326,102,0.3128834355828221
2G19-4HG,MSE,cam,47,10,0.2127659574468085
2G19-4HG,MSE+AC,cam,47,8,0.1702127659574468
2G19-4HG,MSE+UCN,cam,47,29,0.6170212765957447
2G19-4HG,MSE,diff,47,4,0.0851063829787234
2G19-4HG,MSE+AC,diff,47,0,0.0
2G19-4HG,MSE+UCN,diff,47,12,0.2553191489361702
2G19-4HG,MSE,gradcam,47,1,0.02127659574468085
2G19-4HG,MSE+AC,gradcam,47,11,0.23404255319148937
2G19-4HG,MSE+UCN,gradcam,47,4,0.0851063829787234
2G19-4HG,MSE,gradinput,47,11,0.23404255319148937
2G19-4HG,MSE+AC,gradinput,47,2,0.0425531914893617
2G19-4HG,MSE+UCN,gradinput,47,6,0.1276595744680851
2G19-4HG,MSE,ig,47,2,0.0425531914893617
2G19-4HG,MSE+AC,ig,47,0,0.0
2G19-4HG,MSE+UCN,ig,47,15,0.3191489361702128
2G19-4HG,MSE,shap,47,11,0.23404255319148937
2G19-4HG,MSE+AC,shap,47,13,0.2765957446808511
2G19-4HG,MSE+UCN,shap,47,8,0.1702127659574468
2G1R-3IG,MSE,cam,76,33,0.4342105263157895
2G1R-3IG,MSE+AC,cam,76,9,0.11842105263157894
2G1R-3IG,MSE+UCN,cam,76,7,0.09210526315789473
2G1R-3IG,MSE,diff,76,9,0.11842105263157894
2G1R-3IG,MSE+AC,diff,76,22,0.2894736842105263
2G1R-3IG,MSE+UCN,diff,76,14,0.18421052631578946
2G1R-3IG,MSE,gradcam,76,7,0.09210526315789473
2G1R-3IG,MSE+AC,gradcam,76,20,0.2631578947368421
2G1R-3IG,MSE+UCN,gradcam,76,4,0.05263157894736842
2G1R-3IG,MSE,gradinput,76,4,0.05263157894736842
2G1R-3IG,MSE+AC,gradinput,76,5,0.06578947368421052
2G1R-3IG,MSE+UCN,gradinput,76,8,0.10526315789473684
2G1R-3IG,MSE,ig,76,11,0.14473684210526316
2G1R-3IG,MSE+AC,ig,76,15,0.19736842105263158
2G1R-3IG,MSE+UCN,ig,76,14,0.18421052631578946
2G1R-3IG,MSE,shap,76,22,0.2894736842105263
2G1R-3IG,MSE+AC,shap,76,20,0.2631578947368421
2G1R-3IG,MSE+UCN,shap,76,18,0.23684210526315788
2GM1-2AZ,MSE,cam,281,20,0.0711743772241993
2GM1-2AZ,MSE+AC,cam,281,23,0.08185053380782918
2GM1-2AZ,MSE+UCN,cam,281,22,0.07829181494661921
2GM1-2AZ,MSE,diff,281,17,0.060498220640569395
2GM1-2AZ,MSE+AC,diff,281,11,0.03914590747330961
2GM1-2AZ,MSE+UCN,diff,281,10,0.03558718861209965
2GM1-2AZ,MSE,gradcam,281,10,0.03558718861209965
2GM1-2AZ,MSE+AC,gradcam,281,21,0.07473309608540925
2GM1-2AZ,MSE+UCN,gradcam,281,23,0.08185053380782918
2GM1-2AZ,MSE,gradinput,281,7,0.02491103202846975
2GM1-2AZ,MSE+AC,gradinput,281,28,0.099644128113879
2GM1-2AZ,MSE+UCN,gradinput,281,48,0.1708185053380783
2GM1-2AZ,MSE,ig,281,13,0.046263345195729534
2GM1-2AZ,MSE+AC,ig,281,21,0.07473309608540925
2GM1-2AZ,MSE+UCN,ig,281,12,0.042704626334519574
2GM1-2AZ,MSE,shap,281,65,0.2313167259786477
2GM1-2AZ,MSE+AC,shap,281,69,0.24555160142348753
2GM1-2AZ,MSE+UCN,shap,281,69,0.24555160142348753
2H8H-H8H,MSE,cam,96,28,0.2916666666666667
2H8H-H8H,MSE+AC,cam,96,33,0.34375
2H8H-H8H,MSE+UCN,cam,96,32,0.3333333333333333
2H8H-H8H,MSE,diff,96,4,0.041666666666666664
2H8H-H8H,MSE+AC,diff,96,21,0.21875
2H8H-H8H,MSE+UCN,diff,96,13,0.13541666666666666
2H8H-H8H,MSE,gradcam,96,24,0.25
2H8H-H8H,MSE+AC,gradcam,96,14,0.14583333333333334
2H8H-H8H,MSE+UCN,gradcam,96,10,0.10416666666666667
2H8H-H8H,MSE,gradinput,96,11,0.11458333333333333
2H8H-H8H,MSE+AC,gradinput,96,10,0.10416666666666667
2H8H-H8H,MSE+UCN,gradinput,96,12,0.125
2H8H-H8H,MSE,ig,96,17,0.17708333333333334
2H8H-H8H,MSE+AC,ig,96,23,0.23958333333333334
2H8H-H8H,MSE+UCN,ig,96,3,0.03125
2H8H-H8H,MSE,shap,96,29,0.3020833333333333
2H8H-H8H,MSE+AC,shap,96,31,0.3229166666666667
2H8H-H8H,MSE+UCN,shap,96,18,0.1875
2HXL-422,MSE,cam,32,4,0.125
2HXL-422,MSE+AC,cam,32,3,0.09375
2HXL-422,MSE+UCN,cam,32,4,0.125
2HXL-422,MSE,diff,32,2,0.0625
2HXL-422,MSE+AC,diff,32,4,0.125
2HXL-422,MSE+UCN,diff,32,2,0.0625
2HXL-422,MSE,gradcam,32,2,0.0625
2HXL-422,MSE+AC,gradcam,32,0,0.0
2HXL-422,MSE+UCN,gradcam,32,5,0.15625
2HXL-422,MSE,gradinput,32,5,0.15625
2HXL-422,MSE+AC,gradinput,32,1,0.03125
2HXL-422,MSE+UCN,gradinput,32,0,0.0
2HXL-422,MSE,ig,32,0,0.0
2HXL-422,MSE+AC,ig,32,2,0.0625
2HXL-422,MSE+UCN,ig,32,4,0.125
2HXL-422,MSE,shap,32,5,0.15625
2HXL-422,MSE+AC,shap,32,7,0.21875
2HXL-422,MSE+UCN,shap,32,11,0.34375
2HYY-STI,MSE,cam,293,80,0.27303754266211605
2HYY-STI,MSE+AC,cam,293,72,0.24573378839590443
2HYY-STI,MSE+UCN,cam,293,135,0.46075085324232085
2HYY-STI,MSE,diff,293,19,0.06484641638225255
2HYY-STI,MSE+AC,diff,293,32,0.10921501706484642
2HYY-STI,MSE+UCN,diff,293,54,0.18430034129692832
2HYY-STI,MSE,gradcam,293,75,0.25597269624573377
2HYY-STI,MSE+AC,gradcam,293,30,0.10238907849829351
2HYY-STI,MSE+UCN,gradcam,293,53,0.18088737201365188
2HYY-STI,MSE,gradinput,293,53,0.18088737201365188
2HYY-STI,MSE+AC,gradinput,293,50,0.17064846416382254
2HYY-STI,MSE+UCN,gradinput,293,86,0.2935153583617747
2HYY-STI,MSE,ig,293,24,0.08191126279863481
2HYY-STI,MSE+AC,ig,293,45,0.15358361774744028
2HYY-STI,MSE+UCN,ig,293,81,0.2764505119453925
2HYY-STI,MSE,shap,293,87,0.29692832764505117
2HYY-STI,MSE+AC,shap,293,87,0.29692832764505117
2HYY-STI,MSE+UCN,shap,293,87,0.29692832764505117
2ICA-2IC,MSE,cam,28,2,0.07142857142857142
2ICA-2IC,MSE+AC,cam,28,2,0.07142857142857142
2ICA-2IC,MSE+UCN,cam,28,2,0.07142857142857142
2ICA-2IC,MSE,diff,28,1,0.03571428571428571
2ICA-2IC,MSE+AC,diff,28,2,0.07142857142857142
2ICA-2IC,MSE+UCN,diff,28,1,0.03571428571428571
2ICA-2IC,MSE,gradcam,28,3,0.10714285714285714
2ICA-2IC,MSE+AC,gradcam,28,3,0.10714285714285714
2ICA-2IC,MSE+UCN,gradcam,28,0,0.0
2ICA-2IC,MSE,gradinput,28,2,0.07142857142857142
2ICA-2IC,MSE+AC,gradinput,28,3,0.10714285714285714
2ICA-2IC,MSE+UCN,gradinput,28,7,0.25
2ICA-2IC,MSE,ig,28,0,0.0
2ICA-2IC,MSE+AC,ig,28,1,0.03571428571428571
2ICA-2IC,MSE+UCN,ig,28,0,0.0
2ICA-2IC,MSE,shap,28,7,0.25
2ICA-2IC,MSE+AC,shap,28,9,0.32142857142857145
2ICA-2IC,MSE+UCN,shap,28,7,0.25
2ITW-STO,MSE,cam,41,1,0.024390243902439025
2ITW-STO,MSE+AC,cam,41,1,0.024390243902439025
2ITW-STO,MSE+UCN,cam,41,1,0.024390243902439025
2ITW-STO,MSE,diff,41,2,0.04878048780487805
2ITW-STO,MSE+AC,diff,41,5,0.12195121951219512
2ITW-STO,MSE+UCN,diff,41,3,0.07317073170731707
2ITW-STO,MSE,gradcam,41,0,0.0
2ITW-STO,MSE+AC,gradcam,41,3,0.07317073170731707
2ITW-STO,MSE+UCN,gradcam,41,2,0.04878048780487805
2ITW-STO,MSE,gradinput,41,2,0.04878048780487805
2ITW-STO,MSE+AC,gradinput,41,3,0.07317073170731707
2ITW-STO,MSE+UCN,gradinput,41,3,0.07317073170731707
2ITW-STO,MSE,ig,41,10,0.24390243902439024
2ITW-STO,MSE+AC,ig,41,6,0.14634146341463414
2ITW-STO,MSE+UCN,ig,41,1,0.024390243902439025
2ITW-STO,MSE,shap,41,12,0.2926829268292683
2ITW-STO,MSE+AC,shap,41,15,0.36585365853658536
2ITW-STO,MSE+UCN,shap,41,9,0.21951219512195122
2J5F-DJK,MSE,cam,5091,1180,0.23178157532901197
2J5F-DJK,MSE+AC,cam,5091,1119,0.2197996464348851
2J5F-DJK,MSE+UCN,cam,5091,1716,0.3370654095462581
2J5F-DJK,MSE,diff,5091,314,0.06167747004517776
2J5F-DJK,MSE+AC,diff,5091,251,0.04930269102337458
2J5F-DJK,MSE+UCN,diff,5091,321,0.06305244549204478
2J5F-DJK,MSE,gradcam,5091,722,0.14181889609114123
2J5F-DJK,MSE+AC,gradcam,5091,560,0.10999803574936162
2J5F-DJK,MSE+UCN,gradcam,5091,701,0.13769396975054016
2J5F-DJK,MSE,gradinput,5091,718,0.14103319583578863
2J5F-DJK,MSE+AC,gradinput,5091,625,0.1227656648988411
2J5F-DJK,MSE+UCN,gradinput,5091,634,0.1245334904733844
2J5F-DJK,MSE,ig,5091,322,0.06324887055588294
2J5F-DJK,MSE+AC,ig,5091,217,0.042624238852877624
2J5F-DJK,MSE+UCN,ig,5091,338,0.06639167157729327
2J5F-DJK,MSE,shap,5091,1167,0.2292280494991161
2J5F-DJK,MSE+AC,shap,5091,1036,0.203496366136319
2J5F-DJK,MSE+UCN,shap,5091,1120,0.21999607149872324
2J6M-AEE,MSE,cam,14,4,0.2857142857142857
2J6M-AEE,MSE+AC,cam,14,4,0.2857142857142857
2J6M-AEE,MSE+UCN,cam,14,3,0.21428571428571427
2J6M-AEE,MSE,diff,14,0,0.0
2J6M-AEE,MSE+AC,diff,14,2,0.14285714285714285
2J6M-AEE,MSE+UCN,diff,14,0,0.0
2J6M-AEE,MSE,gradcam,14,0,0.0
2J6M-AEE,MSE+AC,gradcam,14,0,0.0
2J6M-AEE,MSE+UCN,gradcam,14,2,0.14285714285714285
2J6M-AEE,MSE,gradinput,14,1,0.07142857142857142
2J6M-AEE,MSE+AC,gradinput,14,1,0.07142857142857142
2J6M-AEE,MSE+UCN,gradinput,14,1,0.07142857142857142
2J6M-AEE,MSE,ig,14,1,0.07142857142857142
2J6M-AEE,MSE+AC,ig,14,2,0.14285714285714285
2J6M-AEE,MSE+UCN,ig,14,1,0.07142857142857142
2J6M-AEE,MSE,shap,14,2,0.14285714285714285
2J6M-AEE,MSE+AC,shap,14,1,0.07142857142857142
2J6M-AEE,MSE+UCN,shap,14,1,0.07142857142857142
2JBO-P4O,MSE,cam,166,48,0.2891566265060241
2JBO-P4O,MSE+AC,cam,166,58,0.3493975903614458
2JBO-P4O,MSE+UCN,cam,166,47,0.28313253012048195
2JBO-P4O,MSE,diff,166,17,0.10240963855421686
2JBO-P4O,MSE+AC,diff,166,22,0.13253012048192772
2JBO-P4O,MSE+UCN,diff,166,26,0.1566265060240964
2JBO-P4O,MSE,gradcam,166,11,0.06626506024096386
2JBO-P4O,MSE+AC,gradcam,166,27,0.16265060240963855
2JBO-P4O,MSE+UCN,gradcam,166,10,0.060240963855421686
2JBO-P4O,MSE,gradinput,166,18,0.10843373493975904
2JBO-P4O,MSE+AC,gradinput,166,7,0.04216867469879518
2JBO-P4O,MSE+UCN,gradinput,166,26,0.1566265060240964
2JBO-P4O,MSE,ig,166,5,0.030120481927710843
2JBO-P4O,MSE+AC,ig,166,8,0.04819277108433735
2JBO-P4O,MSE+UCN,ig,166,8,0.04819277108433735
2JBO-P4O,MSE,shap,166,46,0.27710843373493976
2JBO-P4O,MSE+AC,shap,166,45,0.2710843373493976
2JBO-P4O,MSE+UCN,shap,166,41,0.2469879518072289
2OAG-DLI,MSE,cam,33,6,0.18181818181818182
2OAG-DLI,MSE+AC,cam,33,10,0.30303030303030304
2OAG-DLI,MSE+UCN,cam,33,7,0.21212121212121213
2OAG-DLI,MSE,diff,33,2,0.06060606060606061
2OAG-DLI,MSE+AC,diff,33,0,0.0
2OAG-DLI,MSE+UCN,diff,33,2,0.06060606060606061
2OAG-DLI,MSE,gradcam,33,3,0.09090909090909091
2OAG-DLI,MSE+AC,gradcam,33,2,0.06060606060606061
2OAG-DLI,MSE+UCN,gradcam,33,8,0.24242424242424243
2OAG-DLI,MSE,gradinput,33,7,0.21212121212121213
2OAG-DLI,MSE+AC,gradinput,33,2,0.06060606060606061
2OAG-DLI,MSE+UCN,gradinput,33,4,0.12121212121212122
2OAG-DLI,MSE,ig,33,2,0.06060606060606061
2OAG-DLI,MSE+AC,ig,33,4,0.12121212121212122
2OAG-DLI,MSE+UCN,ig,33,3,0.09090909090909091
2OAG-DLI,MSE,shap,33,4,0.12121212121212122
2OAG-DLI,MSE+AC,shap,33,9,0.2727272727272727
2OAG-DLI,MSE+UCN,shap,33,5,0.15151515151515152
2OJ9-BMI,MSE,cam,449,104,0.23162583518930957
2OJ9-BMI,MSE+AC,cam,449,134,0.2984409799554566
2OJ9-BMI,MSE+UCN,cam,449,139,0.30957683741648107
2OJ9-BMI,MSE,diff,449,20,0.044543429844097995
2OJ9-BMI,MSE+AC,diff,449,20,0.044543429844097995
2OJ9-BMI,MSE+UCN,diff,449,26,0.05790645879732739
2OJ9-BMI,MSE,gradcam,449,49,0.1091314031180401
2OJ9-BMI,MSE+AC,gradcam,449,59,0.13140311804008908
2OJ9-BMI,MSE+UCN,gradcam,449,58,0.1291759465478842
2OJ9-BMI,MSE,gradinput,449,25,0.0556792873051225
2OJ9-BMI,MSE+AC,gradinput,449,36,0.0801781737193764
2OJ9-BMI,MSE+UCN,gradinput,449,80,0.17817371937639198
2OJ9-BMI,MSE,ig,449,15,0.0334075723830735
2OJ9-BMI,MSE+AC,ig,449,32,0.07126948775055679
2OJ9-BMI,MSE+UCN,ig,449,89,0.19821826280623608
2OJ9-BMI,MSE,shap,449,130,0.289532293986637
2OJ9-BMI,MSE+AC,shap,449,126,0.2806236080178174
2OJ9-BMI,MSE+UCN,shap,449,134,0.2984409799554566
2P4I-MR9,MSE,cam,19,6,0.3157894736842105
2P4I-MR9,MSE+AC,cam,19,5,0.2631578947368421
2P4I-MR9,MSE+UCN,cam,19,5,0.2631578947368421
2P4I-MR9,MSE,diff,19,1,0.05263157894736842
2P4I-MR9,MSE+AC,diff,19,5,0.2631578947368421
2P4I-MR9,MSE+UCN,diff,19,3,0.15789473684210525
2P4I-MR9,MSE,gradcam,19,0,0.0
2P4I-MR9,MSE+AC,gradcam,19,2,0.10526315789473684
2P4I-MR9,MSE+UCN,gradcam,19,6,0.3157894736842105
2P4I-MR9,MSE,gradinput,19,1,0.05263157894736842
2P4I-MR9,MSE+AC,gradinput,19,1,0.05263157894736842
2P4I-MR9,MSE+UCN,gradinput,19,3,0.15789473684210525
2P4I-MR9,MSE,ig,19,2,0.10526315789473684
2P4I-MR9,MSE+AC,ig,19,4,0.21052631578947367
2P4I-MR9,MSE+UCN,ig,19,9,0.47368421052631576
2P4I-MR9,MSE,shap,19,6,0.3157894736842105
2P4I-MR9,MSE+AC,shap,19,10,0.5263157894736842
2P4I-MR9,MSE+UCN,shap,19,8,0.42105263157894735
2P4J-23I,MSE,cam,75,29,0.38666666666666666
2P4J-23I,MSE+AC,cam,75,15,0.2
2P4J-23I,MSE+UCN,cam,75,12,0.16
2P4J-23I,MSE,diff,75,10,0.13333333333333333
2P4J-23I,MSE+AC,diff,75,6,0.08
2P4J-23I,MSE+UCN,diff,75,5,0.06666666666666667
2P4J-23I,MSE,gradcam,75,17,0.22666666666666666
2P4J-23I,MSE+AC,gradcam,75,21,0.28
2P4J-23I,MSE+UCN,gradcam,75,5,0.06666666666666667
2P4J-23I,MSE,gradinput,75,14,0.18666666666666668
2P4J-23I,MSE+AC,gradinput,75,11,0.14666666666666667
2P4J-23I,MSE+UCN,gradinput,75,6,0.08
2P4J-23I,MSE,ig,75,12,0.16
2P4J-23I,MSE+AC,ig,75,9,0.12
2P4J-23I,MSE+UCN,ig,75,22,0.29333333333333333
2P4J-23I,MSE,shap,75,12,0.16
2P4J-23I,MSE+AC,shap,75,14,0.18666666666666668
2P4J-23I,MSE+UCN,shap,75,13,0.17333333333333334
2PHB-230,MSE,cam,29,15,0.5172413793103449
2PHB-230,MSE+AC,cam,29,21,0.7241379310344828
2PHB-230,MSE+UCN,cam,29,16,0.5517241379310345
2PHB-230,MSE,diff,29,2,0.06896551724137931
2PHB-230,MSE+AC,diff,29,10,0.3448275862068966
2PHB-230,MSE+UCN,diff,29,0,0.0
2PHB-230,MSE,gradcam,29,6,0.20689655172413793
2PHB-230,MSE+AC,gradcam,29,13,0.4482758620689655
2PHB-230,MSE+UCN,gradcam,29,3,0.10344827586206896
2PHB-230,MSE,gradinput,29,7,0.2413793103448276
2PHB-230,MSE+AC,gradinput,29,12,0.41379310344827586
2PHB-230,MSE+UCN,gradinput,29,1,0.034482758620689655
2PHB-230,MSE,ig,29,9,0.3103448275862069
2PHB-230,MSE+AC,ig,29,3,0.10344827586206896
2PHB-230,MSE+UCN,ig,29,6,0.20689655172413793
2PHB-230,MSE,shap,29,8,0.27586206896551724
2PHB-230,MSE+AC,shap,29,12,0.41379310344827586
2PHB-230,MSE+UCN,shap,29,7,0.2413793103448276
2PZY-B18,MSE,cam,129,40,0.31007751937984496
2PZY-B18,MSE+AC,cam,129,50,0.3875968992248062
2PZY-B18,MSE+UCN,cam,129,61,0.4728682170542636
2PZY-B18,MSE,diff,129,4,0.031007751937984496
2PZY-B18,MSE+AC,diff,129,0,0.0
2PZY-B18,MSE+UCN,diff,129,3,0.023255813953488372
2PZY-B18,MSE,gradcam,129,11,0.08527131782945736
2PZY-B18,MSE+AC,gradcam,129,27,0.20930232558139536
2PZY-B18,MSE+UCN,gradcam,129,25,0.1937984496124031
2PZY-B18,MSE,gradinput,129,10,0.07751937984496124
2PZY-B18,MSE+AC,gradinput,129,9,0.06976744186046512
2PZY-B18,MSE+UCN,gradinput,129,32,0.24806201550387597
2PZY-B18,MSE,ig,129,10,0.07751937984496124
2PZY-B18,MSE+AC,ig,129,6,0.046511627906976744
2PZY-B18,MSE+UCN,ig,129,20,0.15503875968992248
2PZY-B18,MSE,shap,129,40,0.31007751937984496
2PZY-B18,MSE+AC,shap,129,41,0.3178294573643411
2PZY-B18,MSE+UCN,shap,129,39,0.3023255813953488
2Q59-240,MSE,cam,61,20,0.32786885245901637
2Q59-240,MSE+AC,cam,61,8,0.13114754098360656
2Q59-240,MSE+UCN,cam,61,20,0.32786885245901637
2Q59-240,MSE,diff,61,9,0.14754098360655737
2Q59-240,MSE+AC,diff,61,2,0.03278688524590164
2Q59-240,MSE+UCN,diff,61,7,0.11475409836065574
2Q59-240,MSE,gradcam,61,18,0.29508196721311475
2Q59-240,MSE+AC,gradcam,61,11,0.18032786885245902
2Q59-240,MSE+UCN,gradcam,61,17,0.2786885245901639
2Q59-240,MSE,gradinput,61,12,0.19672131147540983
2Q59-240,MSE+AC,gradinput,61,7,0.11475409836065574
2Q59-240,MSE+UCN,gradinput,61,14,0.22950819672131148
2Q59-240,MSE,ig,61,1,0.01639344262295082
2Q59-240,MSE+AC,ig,61,3,0.04918032786885246
2Q59-240,MSE+UCN,ig,61,17,0.2786885245901639
2Q59-240,MSE,shap,61,19,0.3114754098360656
2Q59-240,MSE+AC,shap,61,13,0.21311475409836064
2Q59-240,MSE+UCN,shap,61,15,0.2459016393442623
2Q8S-L92,MSE,cam,12,0,0.0
2Q8S-L92,MSE+AC,cam,12,0,0.0
2Q8S-L92,MSE+UCN,cam,12,2,0.16666666666666666
2Q8S-L92,MSE,diff,12,0,0.0
2Q8S-L92,MSE+AC,diff,12,0,0.0
2Q8S-L92,MSE+UCN,diff,12,0,0.0
2Q8S-L92,MSE,gradcam,12,0,0.0
2Q8S-L92,MSE+AC,gradcam,12,0,0.0
2Q8S-L92,MSE+UCN,gradcam,12,1,0.08333333333333333
2Q8S-L92,MSE,gradinput,12,0,0.0
2Q8S-L92,MSE+AC,gradinput,12,2,0.16666666666666666
2Q8S-L92,MSE+UCN,gradinput,12,1,0.08333333333333333
2Q8S-L92,MSE,ig,12,0,0.0
2Q8S-L92,MSE+AC,ig,12,0,0.0
2Q8S-L92,MSE+UCN,ig,12,0,0.0
2Q8S-L92,MSE,shap,12,4,0.3333333333333333
2Q8S-L92,MSE+AC,shap,12,3,0.25
2Q8S-L92,MSE+UCN,shap,12,0,0.0
2QN1-0AS,MSE,cam,171,22,0.1286549707602339
2QN1-0AS,MSE+AC,cam,171,23,0.13450292397660818
2QN1-0AS,MSE+UCN,cam,171,4,0.023391812865497075
2QN1-0AS,MSE,diff,171,13,0.07602339181286549
2QN1-0AS,MSE+AC,diff,171,11,0.06432748538011696
2QN1-0AS,MSE+UCN,diff,171,11,0.06432748538011696
2QN1-0AS,MSE,gradcam,171,21,0.12280701754385964
2QN1-0AS,MSE+AC,gradcam,171,28,0.16374269005847952
2QN1-0AS,MSE+UCN,gradcam,171,14,0.08187134502923976
2QN1-0AS,MSE,gradinput,171,20,0.11695906432748537
2QN1-0AS,MSE+AC,gradinput,171,18,0.10526315789473684
2QN1-0AS,MSE+UCN,gradinput,171,19,0.1111111111111111
2QN1-0AS,MSE,ig,171,5,0.029239766081871343
2QN1-0AS,MSE+AC,ig,171,7,0.04093567251461988
2QN1-0AS,MSE+UCN,ig,171,16,0.0935672514619883
2QN1-0AS,MSE,shap,171,35,0.2046783625730994
2QN1-0AS,MSE+AC,shap,171,39,0.22807017543859648
2QN1-0AS,MSE+UCN,shap,171,38,0.2222222222222222
2QU2-251,MSE,cam,42,13,0.30952380952380953
2QU2-251,MSE+AC,cam,42,8,0.19047619047619047
2QU2-251,MSE+UCN,cam,42,8,0.19047619047619047
2QU2-251,MSE,diff,42,1,0.023809523809523808
2QU2-251,MSE+AC,diff,42,2,0.047619047619047616
2QU2-251,MSE+UCN,diff,42,0,0.0
2QU2-251,MSE,gradcam,42,2,0.047619047619047616
2QU2-251,MSE+AC,gradcam,42,2,0.047619047619047616
2QU2-251,MSE+UCN,gradcam,42,12,0.2857142857142857
2QU2-251,MSE,gradinput,42,2,0.047619047619047616
2QU2-251,MSE+AC,gradinput,42,3,0.07142857142857142
2QU2-251,MSE+UCN,gradinput,42,6,0.14285714285714285
2QU2-251,MSE,ig,42,0,0.0
2QU2-251,MSE+AC,ig,42,2,0.047619047619047616
2QU2-251,MSE+UCN,ig,42,0,0.0
2QU2-251,MSE,shap,42,10,0.23809523809523808
2QU2-251,MSE+AC,shap,42,15,0.35714285714285715
2QU2-251,MSE+UCN,shap,42,8,0.19047619047619047
2R3R-6SC,MSE,cam,56,42,0.75
2R3R-6SC,MSE+AC,cam,56,41,0.7321428571428571
2R3R-6SC,MSE+UCN,cam,56,37,0.6607142857142857
2R3R-6SC,MSE,diff,56,5,0.08928571428571429
2R3R-6SC,MSE+AC,diff,56,0,0.0
2R3R-6SC,MSE+UCN,diff,56,23,0.4107142857142857
2R3R-6SC,MSE,gradcam,56,2,0.03571428571428571
2R3R-6SC,MSE+AC,gradcam,56,13,0.23214285714285715
2R3R-6SC,MSE+UCN,gradcam,56,7,0.125
2R3R-6SC,MSE,gradinput,56,9,0.16071428571428573
2R3R-6SC,MSE+AC,gradinput,56,5,0.08928571428571429
2R3R-6SC,MSE+UCN,gradinput,56,11,0.19642857142857142
2R3R-6SC,MSE,ig,56,1,0.017857142857142856
2R3R-6SC,MSE+AC,ig,56,1,0.017857142857142856
2R3R-6SC,MSE+UCN,ig,56,23,0.4107142857142857
2R3R-6SC,MSE,shap,56,10,0.17857142857142858
2R3R-6SC,MSE+AC,shap,56,12,0.21428571428571427
2R3R-6SC,MSE+UCN,shap,56,13,0.23214285714285715
2R64-740,MSE,cam,18,0,0.0
2R64-740,MSE+AC,cam,18,2,0.1111111111111111
2R64-740,MSE+UCN,cam,18,1,0.05555555555555555
2R64-740,MSE,diff,18,0,0.0
2R64-740,MSE+AC,diff,18,0,0.0
2R64-740,MSE+UCN,diff,18,0,0.0
2R64-740,MSE,gradcam,18,0,0.0
2R64-740,MSE+AC,gradcam,18,2,0.1111111111111111
2R64-740,MSE+UCN,gradcam,18,0,0.0
2R64-740,MSE,gradinput,18,0,0.0
2R64-740,MSE+AC,gradinput,18,1,0.05555555555555555
2R64-740,MSE+UCN,gradinput,18,4,0.2222222222222222
2R64-740,MSE,ig,18,0,0.0
2R64-740,MSE+AC,ig,18,2,0.1111111111111111
2R64-740,MSE+UCN,ig,18,0,0.0
2R64-740,MSE,shap,18,2,0.1111111111111111
2R64-740,MSE+AC,shap,18,1,0.05555555555555555
2R64-740,MSE+UCN,shap,18,4,0.2222222222222222
2RGU-356,MSE,cam,783,95,0.12132822477650064
2RGU-356,MSE+AC,cam,783,104,0.13282247765006386
2RGU-356,MSE+UCN,cam,783,166,0.2120051085568327
2RGU-356,MSE,diff,783,43,0.05491698595146871
2RGU-356,MSE+AC,diff,783,50,0.06385696040868455
2RGU-356,MSE+UCN,diff,783,46,0.05874840357598978
2RGU-356,MSE,gradcam,783,89,0.1136653895274585
2RGU-356,MSE+AC,gradcam,783,57,0.07279693486590039
2RGU-356,MSE+UCN,gradcam,783,99,0.12643678160919541
2RGU-356,MSE,gradinput,783,106,0.13537675606641125
2RGU-356,MSE+AC,gradinput,783,69,0.08812260536398467
2RGU-356,MSE+UCN,gradinput,783,137,0.17496807151979565
2RGU-356,MSE,ig,783,99,0.12643678160919541
2RGU-356,MSE+AC,ig,783,101,0.12899106002554278
2RGU-356,MSE+UCN,ig,783,33,0.0421455938697318
2RGU-356,MSE,shap,783,244,0.3116219667943806
2RGU-356,MSE+AC,shap,783,234,0.2988505747126437
2RGU-356,MSE+UCN,shap,783,227,0.28991060025542786
2TCL-RO4,MSE,cam,79,18,0.22784810126582278
2TCL-RO4,MSE+AC,cam,79,19,0.24050632911392406
2TCL-RO4,MSE+UCN,cam,79,11,0.13924050632911392
2TCL-RO4,MSE,diff,79,1,0.012658227848101266
2TCL-RO4,MSE+AC,diff,79,9,0.11392405063291139
2TCL-RO4,MSE+UCN,diff,79,2,0.02531645569620253
2TCL-RO4,MSE,gradcam,79,8,0.10126582278481013
2TCL-RO4,MSE+AC,gradcam,79,22,0.27848101265822783
2TCL-RO4,MSE+UCN,gradcam,79,10,0.12658227848101267
2TCL-RO4,MSE,gradinput,79,11,0.13924050632911392
2TCL-RO4,MSE+AC,gradinput,79,16,0.20253164556962025
2TCL-RO4,MSE+UCN,gradinput,79,4,0.05063291139240506
2TCL-RO4,MSE,ig,79,4,0.05063291139240506
2TCL-RO4,MSE+AC,ig,79,7,0.08860759493670886
2TCL-RO4,MSE+UCN,ig,79,10,0.12658227848101267
2TCL-RO4,MSE,shap,79,20,0.25316455696202533
2TCL-RO4,MSE+AC,shap,79,21,0.26582278481012656
2TCL-RO4,MSE+UCN,shap,79,23,0.2911392405063291
2UWL-895,MSE,cam,243,43,0.17695473251028807
2UWL-895,MSE+AC,cam,243,45,0.18518518518518517
2UWL-895,MSE+UCN,cam,243,24,0.09876543209876543
2UWL-895,MSE,diff,243,22,0.09053497942386832
2UWL-895,MSE+AC,diff,243,26,0.10699588477366255
2UWL-895,MSE+UCN,diff,243,13,0.053497942386831275
2UWL-895,MSE,gradcam,243,37,0.1522633744855967
2UWL-895,MSE+AC,gradcam,243,31,0.12757201646090535
2UWL-895,MSE+UCN,gradcam,243,39,0.16049382716049382
2UWL-895,MSE,gradinput,243,28,0.11522633744855967
2UWL-895,MSE+AC,gradinput,243,33,0.13580246913580246
2UWL-895,MSE+UCN,gradinput,243,27,0.1111111111111111
2UWL-895,MSE,ig,243,16,0.06584362139917696
2UWL-895,MSE+AC,ig,243,36,0.14814814814814814
2UWL-895,MSE+UCN,ig,243,33,0.13580246913580246
2UWL-895,MSE,shap,243,75,0.30864197530864196
2UWL-895,MSE+AC,shap,243,82,0.3374485596707819
2UWL-895,MSE+UCN,shap,243,63,0.25925925925925924
2V0M-KKK,MSE,cam,20,17,0.85
2V0M-KKK,MSE+AC,cam,20,14,0.7
2V0M-KKK,MSE+UCN,cam,20,12,0.6
2V0M-KKK,MSE,diff,20,0,0.0
2V0M-KKK,MSE+AC,diff,20,0,0.0
2V0M-KKK,MSE+UCN,diff,20,0,0.0
2V0M-KKK,MSE,gradcam,20,6,0.3
2V0M-KKK,MSE+AC,gradcam,20,6,0.3
2V0M-KKK,MSE+UCN,gradcam,20,0,0.0
2V0M-KKK,MSE,gradinput,20,0,0.0
2V0M-KKK,MSE+AC,gradinput,20,0,0.0
2V0M-KKK,MSE+UCN,gradinput,20,4,0.2
2V0M-KKK,MSE,ig,20,2,0.1
2V0M-KKK,MSE+AC,ig,20,0,0.0
2V0M-KKK,MSE+UCN,ig,20,0,0.0
2V0M-KKK,MSE,shap,20,4,0.2
2V0M-KKK,MSE+AC,shap,20,5,0.25
2V0M-KKK,MSE+UCN,shap,20,4,0.2
2V0Z-C41,MSE,cam,712,285,0.4002808988764045
2V0Z-C41,MSE+AC,cam,712,322,0.45224719101123595
2V0Z-C41,MSE+UCN,cam,712,85,0.11938202247191011
2V0Z-C41,MSE,diff,712,20,0.028089887640449437
2V0Z-C41,MSE+AC,diff,712,107,0.1502808988764045
2V0Z-C41,MSE+UCN,diff,712,99,0.13904494382022473
2V0Z-C41,MSE,gradcam,712,169,0.23735955056179775
2V0Z-C41,MSE+AC,gradcam,712,143,0.20084269662921347
2V0Z-C41,MSE+UCN,gradcam,712,80,0.11235955056179775
2V0Z-C41,MSE,gradinput,712,159,0.22331460674157302
2V0Z-C41,MSE+AC,gradinput,712,32,0.0449438202247191
2V0Z-C41,MSE+UCN,gradinput,712,135,0.1896067415730337
2V0Z-C41,MSE,ig,712,128,0.1797752808988764
2V0Z-C41,MSE+AC,ig,712,166,0.23314606741573032
2V0Z-C41,MSE+UCN,ig,712,67,0.09410112359550561
2VCI-2GJ,MSE,cam,45,9,0.2
2VCI-2GJ,MSE+AC,cam,45,0,0.0
2VCI-2GJ,MSE+UCN,cam,45,7,0.15555555555555556
2VCI-2GJ,MSE,diff,45,3,0.06666666666666667
2VCI-2GJ,MSE+AC,diff,45,4,0.08888888888888889
2VCI-2GJ,MSE+UCN,diff,45,5,0.1111111111111111
2VCI-2GJ,MSE,gradcam,45,6,0.13333333333333333
2VCI-2GJ,MSE+AC,gradcam,45,3,0.06666666666666667
2VCI-2GJ,MSE+UCN,gradcam,45,3,0.06666666666666667
2VCI-2GJ,MSE,gradinput,45,10,0.2222222222222222
2VCI-2GJ,MSE+AC,gradinput,45,5,0.1111111111111111
2VCI-2GJ,MSE+UCN,gradinput,45,7,0.15555555555555556
2VCI-2GJ,MSE,ig,45,2,0.044444444444444446
2VCI-2GJ,MSE+AC,ig,45,3,0.06666666666666667
2VCI-2GJ,MSE+UCN,ig,45,3,0.06666666666666667
2VCI-2GJ,MSE,shap,45,14,0.3111111111111111
2VCI-2GJ,MSE+AC,shap,45,15,0.3333333333333333
2VCI-2GJ,MSE+UCN,shap,45,15,0.3333333333333333
2VCJ-2EQ,MSE,cam,24,7,0.2916666666666667
2VCJ-2EQ,MSE+AC,cam,24,13,0.5416666666666666
2VCJ-2EQ,MSE+UCN,cam,24,11,0.4583333333333333
2VCJ-2EQ,MSE,diff,24,4,0.16666666666666666
2VCJ-2EQ,MSE+AC,diff,24,4,0.16666666666666666
2VCJ-2EQ,MSE+UCN,diff,24,0,0.0
2VCJ-2EQ,MSE,gradcam,24,1,0.041666666666666664
2VCJ-2EQ,MSE+AC,gradcam,24,5,0.20833333333333334
2VCJ-2EQ,MSE+UCN,gradcam,24,0,0.0
2VCJ-2EQ,MSE,gradinput,24,1,0.041666666666666664
2VCJ-2EQ,MSE+AC,gradinput,24,6,0.25
2VCJ-2EQ,MSE+UCN,gradinput,24,0,0.0
2VCJ-2EQ,MSE,ig,24,3,0.125
2VCJ-2EQ,MSE+AC,ig,24,3,0.125
2VCJ-2EQ,MSE+UCN,ig,24,4,0.16666666666666666
2VCJ-2EQ,MSE,shap,24,5,0.20833333333333334
2VCJ-2EQ,MSE+AC,shap,24,4,0.16666666666666666
2VCJ-2EQ,MSE+UCN,shap,24,3,0.125
2VV9-IM9,MSE,cam,92,24,0.2608695652173913
2VV9-IM9,MSE+AC,cam,92,10,0.10869565217391304
2VV9-IM9,MSE+UCN,cam,92,16,0.17391304347826086
2VV9-IM9,MSE,diff,92,7,0.07608695652173914
2VV9-IM9,MSE+AC,diff,92,4,0.043478260869565216
2VV9-IM9,MSE+UCN,diff,92,5,0.05434782608695652
2VV9-IM9,MSE,gradcam,92,5,0.05434782608695652
2VV9-IM9,MSE+AC,gradcam,92,3,0.03260869565217391
2VV9-IM9,MSE+UCN,gradcam,92,18,0.1956521739130435
2VV9-IM9,MSE,gradinput,92,13,0.14130434782608695
2VV9-IM9,MSE+AC,gradinput,92,8,0.08695652173913043
2VV9-IM9,MSE+UCN,gradinput,92,6,0.06521739130434782
2VV9-IM9,MSE,ig,92,9,0.09782608695652174
2VV9-IM9,MSE+AC,ig,92,2,0.021739130434782608
2VV9-IM9,MSE+UCN,ig,92,3,0.03260869565217391
2VV9-IM9,MSE,shap,92,26,0.2826086956521739
2VV9-IM9,MSE+AC,shap,92,25,0.2717391304347826
2VV9-IM9,MSE+UCN,shap,92,25,0.2717391304347826
2W26-RIV,MSE,cam,1146,183,0.15968586387434555
2W26-RIV,MSE+AC,cam,1146,111,0.0968586387434555
2W26-RIV,MSE+UCN,cam,1146,68,0.059336823734729496
2W26-RIV,MSE,diff,1146,100,0.08726003490401396
2W26-RIV,MSE+AC,diff,1146,68,0.059336823734729496
2W26-RIV,MSE+UCN,diff,1146,93,0.08115183246073299
2W26-RIV,MSE,gradcam,1146,163,0.14223385689354276
2W26-RIV,MSE+AC,gradcam,1146,68,0.059336823734729496
2W26-RIV,MSE+UCN,gradcam,1146,190,0.16579406631762653
2W26-RIV,MSE,gradinput,1146,135,0.11780104712041885
2W26-RIV,MSE+AC,gradinput,1146,111,0.0968586387434555
2W26-RIV,MSE+UCN,gradinput,1146,168,0.14659685863874344
2W26-RIV,MSE,ig,1146,151,0.13176265270506107
2W26-RIV,MSE+AC,ig,1146,82,0.07155322862129145
2W26-RIV,MSE+UCN,ig,1146,116,0.1012216404886562
2W26-RIV,MSE,shap,1146,305,0.2661431064572426
2W26-RIV,MSE+AC,shap,1146,304,0.26527050610820246
2W26-RIV,MSE+UCN,shap,1146,287,0.25043630017452007
2W8Y-NDR,MSE,cam,42,4,0.09523809523809523
2W8Y-NDR,MSE+AC,cam,42,8,0.19047619047619047
2W8Y-NDR,MSE+UCN,cam,42,2,0.047619047619047616
2W8Y-NDR,MSE,diff,42,1,0.023809523809523808
2W8Y-NDR,MSE+AC,diff,42,2,0.047619047619047616
2W8Y-NDR,MSE+UCN,diff,42,9,0.21428571428571427
2W8Y-NDR,MSE,gradcam,42,9,0.21428571428571427
2W8Y-NDR,MSE+AC,gradcam,42,5,0.11904761904761904
2W8Y-NDR,MSE+UCN,gradcam,42,4,0.09523809523809523
2W8Y-NDR,MSE,gradinput,42,2,0.047619047619047616
2W8Y-NDR,MSE+AC,gradinput,42,1,0.023809523809523808
2W8Y-NDR,MSE+UCN,gradinput,42,1,0.023809523809523808
2W8Y-NDR,MSE,ig,42,1,0.023809523809523808
2W8Y-NDR,MSE+AC,ig,42,1,0.023809523809523808
2W8Y-NDR,MSE+UCN,ig,42,2,0.047619047619047616
2W8Y-NDR,MSE,shap,42,7,0.16666666666666666
2W8Y-NDR,MSE+AC,shap,42,10,0.23809523809523808
2W8Y-NDR,MSE+UCN,shap,42,6,0.14285714285714285
2WEY-EV1,MSE,cam,522,124,0.23754789272030652
2WEY-EV1,MSE+AC,cam,522,100,0.19157088122605365
2WEY-EV1,MSE+UCN,cam,522,156,0.2988505747126437
2WEY-EV1,MSE,diff,522,33,0.06321839080459771
2WEY-EV1,MSE+AC,diff,522,28,0.05363984674329502
2WEY-EV1,MSE+UCN,diff,522,42,0.08045977011494253
2WEY-EV1,MSE,gradcam,522,106,0.20306513409961685
2WEY-EV1,MSE+AC,gradcam,522,37,0.07088122605363985
2WEY-EV1,MSE+UCN,gradcam,522,78,0.14942528735632185
2WEY-EV1,MSE,gradinput,522,40,0.07662835249042145
2WEY-EV1,MSE+AC,gradinput,522,38,0.07279693486590039
2WEY-EV1,MSE+UCN,gradinput,522,49,0.09386973180076628
2WEY-EV1,MSE,ig,522,43,0.08237547892720307
2WEY-EV1,MSE+AC,ig,522,39,0.07471264367816093
2WEY-EV1,MSE+UCN,ig,522,56,0.10727969348659004
2WEY-EV1,MSE,shap,522,132,0.25287356321839083
2WEY-EV1,MSE+AC,shap,522,131,0.2509578544061303
2WEY-EV1,MSE+UCN,shap,522,125,0.23946360153256704
2WIH-P48,MSE,cam,219,66,0.3013698630136986
2WIH-P48,MSE+AC,cam,219,50,0.228310502283105
2WIH-P48,MSE+UCN,cam,219,39,0.1780821917808219
2WIH-P48,MSE,diff,219,14,0.0639269406392694
2WIH-P48,MSE+AC,diff,219,21,0.0958904109589041
2WIH-P48,MSE+UCN,diff,219,22,0.1004566210045662
2WIH-P48,MSE,gradcam,219,52,0.2374429223744292
2WIH-P48,MSE+AC,gradcam,219,33,0.1506849315068493
2WIH-P48,MSE+UCN,gradcam,219,32,0.1461187214611872
2WIH-P48,MSE,gradinput,219,17,0.0776255707762557
2WIH-P48,MSE+AC,gradinput,219,23,0.1050228310502283
2WIH-P48,MSE+UCN,gradinput,219,56,0.2557077625570776
2WIH-P48,MSE,ig,219,11,0.0502283105022831
2WIH-P48,MSE+AC,ig,219,23,0.1050228310502283
2WIH-P48,MSE+UCN,ig,219,73,0.3333333333333333
2WIH-P48,MSE,shap,219,48,0.2191780821917808
2WIH-P48,MSE+AC,shap,219,44,0.2009132420091324
2WIH-P48,MSE+UCN,shap,219,58,0.2648401826484018
2WOG-ZZD,MSE,cam,109,9,0.08256880733944955
2WOG-ZZD,MSE+AC,cam,109,8,0.07339449541284404
2WOG-ZZD,MSE+UCN,cam,109,10,0.09174311926605505
2WOG-ZZD,MSE,diff,109,11,0.10091743119266056
2WOG-ZZD,MSE+AC,diff,109,13,0.11926605504587157
2WOG-ZZD,MSE+UCN,diff,109,6,0.05504587155963303
2WOG-ZZD,MSE,gradcam,109,8,0.07339449541284404
2WOG-ZZD,MSE+AC,gradcam,109,6,0.05504587155963303
2WOG-ZZD,MSE+UCN,gradcam,109,10,0.09174311926605505
2WOG-ZZD,MSE,gradinput,109,8,0.07339449541284404
2WOG-ZZD,MSE+AC,gradinput,109,3,0.027522935779816515
2WOG-ZZD,MSE+UCN,gradinput,109,5,0.045871559633027525
2WOG-ZZD,MSE,ig,109,5,0.045871559633027525
2WOG-ZZD,MSE+AC,ig,109,7,0.06422018348623854
2WOG-ZZD,MSE+UCN,ig,109,14,0.12844036697247707
2WOG-ZZD,MSE,shap,109,18,0.1651376146788991
2WOG-ZZD,MSE+AC,shap,109,11,0.10091743119266056
2WOG-ZZD,MSE+UCN,shap,109,18,0.1651376146788991
2X6D-X6D,MSE,cam,167,55,0.32934131736526945
2X6D-X6D,MSE+AC,cam,167,40,0.23952095808383234
2X6D-X6D,MSE+UCN,cam,167,44,0.2634730538922156
2X6D-X6D,MSE,diff,167,5,0.029940119760479042
2X6D-X6D,MSE+AC,diff,167,8,0.04790419161676647
2X6D-X6D,MSE+UCN,diff,167,9,0.05389221556886228
2X6D-X6D,MSE,gradcam,167,16,0.09580838323353294
2X6D-X6D,MSE+AC,gradcam,167,20,0.11976047904191617
2X6D-X6D,MSE+UCN,gradcam,167,31,0.18562874251497005
2X6D-X6D,MSE,gradinput,167,5,0.029940119760479042
2X6D-X6D,MSE+AC,gradinput,167,10,0.059880239520958084
2X6D-X6D,MSE+UCN,gradinput,167,23,0.1377245508982036
2X6D-X6D,MSE,ig,167,28,0.16766467065868262
2X6D-X6D,MSE+AC,ig,167,11,0.0658682634730539
2X6D-X6D,MSE+UCN,ig,167,12,0.0718562874251497
2X6D-X6D,MSE,shap,167,47,0.281437125748503
2X6D-X6D,MSE+AC,shap,167,52,0.31137724550898205
2X6D-X6D,MSE+UCN,shap,167,48,0.2874251497005988
2X8D-X8D,MSE,cam,202,20,0.09900990099009901
2X8D-X8D,MSE+AC,cam,202,25,0.12376237623762376
2X8D-X8D,MSE+UCN,cam,202,19,0.09405940594059406
2X8D-X8D,MSE,diff,202,10,0.04950495049504951
2X8D-X8D,MSE+AC,diff,202,16,0.07920792079207921
2X8D-X8D,MSE+UCN,diff,202,14,0.06930693069306931
2X8D-X8D,MSE,gradcam,202,18,0.0891089108910891
2X8D-X8D,MSE+AC,gradcam,202,13,0.06435643564356436
2X8D-X8D,MSE+UCN,gradcam,202,11,0.054455445544554455
2X8D-X8D,MSE,gradinput,202,22,0.10891089108910891
2X8D-X8D,MSE+AC,gradinput,202,18,0.0891089108910891
2X8D-X8D,MSE+UCN,gradinput,202,15,0.07425742574257425
2X8D-X8D,MSE,ig,202,9,0.04455445544554455
2X8D-X8D,MSE+AC,ig,202,16,0.07920792079207921
2X8D-X8D,MSE+UCN,ig,202,28,0.13861386138613863
2X8D-X8D,MSE,shap,202,38,0.18811881188118812
2X8D-X8D,MSE+AC,shap,202,39,0.19306930693069307
2X8D-X8D,MSE+UCN,shap,202,36,0.1782178217821782
2XB7-GUI,MSE,cam,3381,458,0.1354628808044957
2XB7-GUI,MSE+AC,cam,3381,410,0.1212658976634132
2XB7-GUI,MSE+UCN,cam,3381,300,0.08873114463176575
2XB7-GUI,MSE,diff,3381,392,0.11594202898550725
2XB7-GUI,MSE+AC,diff,3381,327,0.09671694764862467
2XB7-GUI,MSE+UCN,diff,3381,326,0.09642117716651878
2XB7-GUI,MSE,gradcam,3381,490,0.14492753623188406
2XB7-GUI,MSE+AC,gradcam,3381,336,0.09937888198757763
2XB7-GUI,MSE+UCN,gradcam,3381,759,0.22448979591836735
2XB7-GUI,MSE,gradinput,3381,525,0.15527950310559005
2XB7-GUI,MSE+AC,gradinput,3381,518,0.15320910973084886
2XB7-GUI,MSE+UCN,gradinput,3381,417,0.1233362910381544
2XB7-GUI,MSE,ig,3381,313,0.09257616089914227
2XB7-GUI,MSE+AC,ig,3381,321,0.09494232475598935
2XB7-GUI,MSE+UCN,ig,3381,402,0.1188997338065661
2XB7-GUI,MSE,shap,3381,980,0.2898550724637681
2XB7-GUI,MSE+AC,shap,3381,932,0.2756580893226856
2XB7-GUI,MSE+UCN,shap,3381,977,0.2889677610174505
2Y0J-AXC,MSE,cam,39,1,0.02564102564102564
2Y0J-AXC,MSE+AC,cam,39,1,0.02564102564102564
2Y0J-AXC,MSE+UCN,cam,39,0,0.0
2Y0J-AXC,MSE,diff,39,0,0.0
2Y0J-AXC,MSE+AC,diff,39,3,0.07692307692307693
2Y0J-AXC,MSE+UCN,diff,39,0,0.0
2Y0J-AXC,MSE,gradcam,39,1,0.02564102564102564
2Y0J-AXC,MSE+AC,gradcam,39,1,0.02564102564102564
2Y0J-AXC,MSE+UCN,gradcam,39,2,0.05128205128205128
2Y0J-AXC,MSE,gradinput,39,3,0.07692307692307693
2Y0J-AXC,MSE+AC,gradinput,39,2,0.05128205128205128
2Y0J-AXC,MSE+UCN,gradinput,39,1,0.02564102564102564
2Y0J-AXC,MSE,ig,39,0,0.0
2Y0J-AXC,MSE+AC,ig,39,1,0.02564102564102564
2Y0J-AXC,MSE+UCN,ig,39,0,0.0
2Y0J-AXC,MSE,shap,39,9,0.23076923076923078
2Y0J-AXC,MSE+AC,shap,39,6,0.15384615384615385
2Y0J-AXC,MSE+UCN,shap,39,8,0.20512820512820512
2YAC-937,MSE,cam,337,94,0.2789317507418398
2YAC-937,MSE+AC,cam,337,120,0.3560830860534125
2YAC-937,MSE+UCN,cam,337,85,0.2522255192878338
2YAC-937,MSE,diff,337,25,0.07418397626112759
2YAC-937,MSE+AC,diff,337,22,0.06528189910979229
2YAC-937,MSE+UCN,diff,337,12,0.03560830860534125
2YAC-937,MSE,gradcam,337,37,0.10979228486646884
2YAC-937,MSE+AC,gradcam,337,29,0.08605341246290801
2YAC-937,MSE+UCN,gradcam,337,47,0.1394658753709199
2YAC-937,MSE,gradinput,337,23,0.06824925816023739
2YAC-937,MSE+AC,gradinput,337,36,0.10682492581602374
2YAC-937,MSE+UCN,gradinput,337,48,0.142433234421365
2YAC-937,MSE,ig,337,32,0.09495548961424333
2YAC-937,MSE+AC,ig,337,65,0.19287833827893175
2YAC-937,MSE+UCN,ig,337,21,0.06231454005934718
2YAC-937,MSE,shap,337,95,0.2818991097922849
2YAC-937,MSE+AC,shap,337,89,0.26409495548961426
2YAC-937,MSE+UCN,shap,337,95,0.2818991097922849
2YDI-YDI,MSE,cam,115,17,0.14782608695652175
2YDI-YDI,MSE+AC,cam,115,28,0.24347826086956523
2YDI-YDI,MSE+UCN,cam,115,7,0.06086956521739131
2YDI-YDI,MSE,diff,115,16,0.1391304347826087
2YDI-YDI,MSE+AC,diff,115,35,0.30434782608695654
2YDI-YDI,MSE+UCN,diff,115,8,0.06956521739130435
2YDI-YDI,MSE,gradcam,115,8,0.06956521739130435
2YDI-YDI,MSE+AC,gradcam,115,12,0.10434782608695652
2YDI-YDI,MSE+UCN,gradcam,115,5,0.043478260869565216
2YDI-YDI,MSE,gradinput,115,4,0.034782608695652174
2YDI-YDI,MSE+AC,gradinput,115,20,0.17391304347826086
2YDI-YDI,MSE+UCN,gradinput,115,21,0.1826086956521739
2YDI-YDI,MSE,ig,115,23,0.2
2YDI-YDI,MSE+AC,ig,115,8,0.06956521739130435
2YDI-YDI,MSE+UCN,ig,115,4,0.034782608695652174
2YDI-YDI,MSE,shap,115,30,0.2608695652173913
2YDI-YDI,MSE+AC,shap,115,29,0.25217391304347825
2YDI-YDI,MSE+UCN,shap,115,28,0.24347826086956523
2YDK-YDK,MSE,cam,207,32,0.15458937198067632
2YDK-YDK,MSE+AC,cam,207,30,0.14492753623188406
2YDK-YDK,MSE+UCN,cam,207,33,0.15942028985507245
2YDK-YDK,MSE,diff,207,25,0.12077294685990338
2YDK-YDK,MSE+AC,diff,207,68,0.3285024154589372
2YDK-YDK,MSE+UCN,diff,207,35,0.16908212560386474
2YDK-YDK,MSE,gradcam,207,40,0.1932367149758454
2YDK-YDK,MSE+AC,gradcam,207,41,0.19806763285024154
2YDK-YDK,MSE+UCN,gradcam,207,48,0.2318840579710145
2YDK-YDK,MSE,gradinput,207,30,0.14492753623188406
2YDK-YDK,MSE+AC,gradinput,207,19,0.09178743961352658
2YDK-YDK,MSE+UCN,gradinput,207,28,0.13526570048309178
2YDK-YDK,MSE,ig,207,24,0.11594202898550725
2YDK-YDK,MSE+AC,ig,207,15,0.07246376811594203
2YDK-YDK,MSE+UCN,ig,207,17,0.0821256038647343
2YDK-YDK,MSE,shap,207,55,0.26570048309178745
2YDK-YDK,MSE+AC,shap,207,56,0.27053140096618356
2YDK-YDK,MSE+UCN,shap,207,59,0.28502415458937197
2YM8-YM8,MSE,cam,20,0,0.0
2YM8-YM8,MSE+AC,cam,20,4,0.2
2YM8-YM8,MSE+UCN,cam,20,1,0.05
2YM8-YM8,MSE,diff,20,2,0.1
2YM8-YM8,MSE+AC,diff,20,2,0.1
2YM8-YM8,MSE+UCN,diff,20,0,0.0
2YM8-YM8,MSE,gradcam,20,0,0.0
2YM8-YM8,MSE+AC,gradcam,20,1,0.05
2YM8-YM8,MSE+UCN,gradcam,20,7,0.35
2YM8-YM8,MSE,gradinput,20,1,0.05
2YM8-YM8,MSE+AC,gradinput,20,0,0.0
2YM8-YM8,MSE+UCN,gradinput,20,1,0.05
2YM8-YM8,MSE,ig,20,2,0.1
2YM8-YM8,MSE+AC,ig,20,0,0.0
2YM8-YM8,MSE+UCN,ig,20,1,0.05
2YM8-YM8,MSE,shap,20,4,0.2
2YM8-YM8,MSE+AC,shap,20,5,0.25
2YM8-YM8,MSE+UCN,shap,20,3,0.15
2YWP-A42,MSE,cam,1630,250,0.15337423312883436
2YWP-A42,MSE+AC,cam,1630,293,0.17975460122699385
2YWP-A42,MSE+UCN,cam,1630,466,0.28588957055214725
2YWP-A42,MSE,diff,1630,123,0.0754601226993865
2YWP-A42,MSE+AC,diff,1630,119,0.07300613496932515
2YWP-A42,MSE+UCN,diff,1630,110,0.06748466257668712
2YWP-A42,MSE,gradcam,1630,173,0.10613496932515337
2YWP-A42,MSE+AC,gradcam,1630,225,0.13803680981595093
2YWP-A42,MSE+UCN,gradcam,1630,221,0.13558282208588956
2YWP-A42,MSE,gradinput,1630,113,0.06932515337423313
2YWP-A42,MSE+AC,gradinput,1630,117,0.07177914110429448
2YWP-A42,MSE+UCN,gradinput,1630,194,0.11901840490797547
2YWP-A42,MSE,ig,1630,141,0.08650306748466258
2YWP-A42,MSE+AC,ig,1630,104,0.0638036809815951
2YWP-A42,MSE+UCN,ig,1630,123,0.0754601226993865
2YWP-A42,MSE,shap,1630,404,0.24785276073619633
2YWP-A42,MSE+AC,shap,1630,400,0.24539877300613497
2YWP-A42,MSE+UCN,shap,1630,449,0.2754601226993865
3A2C-PDY,MSE,cam,44,3,0.06818181818181818
3A2C-PDY,MSE+AC,cam,44,1,0.022727272727272728
3A2C-PDY,MSE+UCN,cam,44,9,0.20454545454545456
3A2C-PDY,MSE,diff,44,1,0.022727272727272728
3A2C-PDY,MSE+AC,diff,44,4,0.09090909090909091
3A2C-PDY,MSE+UCN,diff,44,1,0.022727272727272728
3A2C-PDY,MSE,gradcam,44,7,0.1590909090909091
3A2C-PDY,MSE+AC,gradcam,44,5,0.11363636363636363
3A2C-PDY,MSE+UCN,gradcam,44,4,0.09090909090909091
3A2C-PDY,MSE,gradinput,44,5,0.11363636363636363
3A2C-PDY,MSE+AC,gradinput,44,3,0.06818181818181818
3A2C-PDY,MSE+UCN,gradinput,44,3,0.06818181818181818
3A2C-PDY,MSE,ig,44,8,0.18181818181818182
3A2C-PDY,MSE+AC,ig,44,0,0.0
3A2C-PDY,MSE+UCN,ig,44,2,0.045454545454545456
3A2C-PDY,MSE,shap,44,9,0.20454545454545456
3A2C-PDY,MSE+AC,shap,44,9,0.20454545454545456
3A2C-PDY,MSE+UCN,shap,44,11,0.25
3AOX-EMH,MSE,cam,1160,211,0.18189655172413793
3AOX-EMH,MSE+AC,cam,1160,154,0.13275862068965516
3AOX-EMH,MSE+UCN,cam,1160,282,0.24310344827586206
3AOX-EMH,MSE,diff,1160,135,0.11637931034482758
3AOX-EMH,MSE+AC,diff,1160,108,0.09310344827586207
3AOX-EMH,MSE+UCN,diff,1160,154,0.13275862068965516
3AOX-EMH,MSE,gradcam,1160,204,0.17586206896551723
3AOX-EMH,MSE+AC,gradcam,1160,156,0.13448275862068965
3AOX-EMH,MSE+UCN,gradcam,1160,176,0.15172413793103448
3AOX-EMH,MSE,gradinput,1160,202,0.17413793103448275
3AOX-EMH,MSE+AC,gradinput,1160,145,0.125
3AOX-EMH,MSE+UCN,gradinput,1160,163,0.14051724137931035
3AOX-EMH,MSE,ig,1160,143,0.12327586206896551
3AOX-EMH,MSE+AC,ig,1160,249,0.21465517241379312
3AOX-EMH,MSE+UCN,ig,1160,357,0.30775862068965515
3AOX-EMH,MSE,shap,1160,314,0.2706896551724138
3AOX-EMH,MSE+AC,shap,1160,345,0.2974137931034483
3AOX-EMH,MSE+UCN,shap,1160,348,0.3
3ARN-MSJ,MSE,cam,18,0,0.0
3ARN-MSJ,MSE+AC,cam,18,0,0.0
3ARN-MSJ,MSE+UCN,cam,18,2,0.1111111111111111
3ARN-MSJ,MSE,diff,18,0,0.0
3ARN-MSJ,MSE+AC,diff,18,1,0.05555555555555555
3ARN-MSJ,MSE+UCN,diff,18,0,0.0
3ARN-MSJ,MSE,gradcam,18,2,0.1111111111111111
3ARN-MSJ,MSE+AC,gradcam,18,0,0.0
3ARN-MSJ,MSE+UCN,gradcam,18,2,0.1111111111111111
3ARN-MSJ,MSE,gradinput,18,0,0.0
3ARN-MSJ,MSE+AC,gradinput,18,4,0.2222222222222222
3ARN-MSJ,MSE+UCN,gradinput,18,4,0.2222222222222222
3ARN-MSJ,MSE,ig,18,0,0.0
3ARN-MSJ,MSE+AC,ig,18,0,0.0
3ARN-MSJ,MSE+UCN,ig,18,1,0.05555555555555555
3ARN-MSJ,MSE,shap,18,6,0.3333333333333333
3ARN-MSJ,MSE+AC,shap,18,9,0.5
3ARN-MSJ,MSE+UCN,shap,18,4,0.2222222222222222
3AYK-CGS,MSE,cam,59,11,0.1864406779661017
3AYK-CGS,MSE+AC,cam,59,18,0.3050847457627119
3AYK-CGS,MSE+UCN,cam,59,5,0.0847457627118644
3AYK-CGS,MSE,diff,59,2,0.03389830508474576
3AYK-CGS,MSE+AC,diff,59,6,0.1016949152542373
3AYK-CGS,MSE+UCN,diff,59,9,0.15254237288135594
3AYK-CGS,MSE,gradcam,59,9,0.15254237288135594
3AYK-CGS,MSE+AC,gradcam,59,6,0.1016949152542373
3AYK-CGS,MSE+UCN,gradcam,59,6,0.1016949152542373
3AYK-CGS,MSE,gradinput,59,10,0.1694915254237288
3AYK-CGS,MSE+AC,gradinput,59,5,0.0847457627118644
3AYK-CGS,MSE+UCN,gradinput,59,7,0.11864406779661017
3AYK-CGS,MSE,ig,59,6,0.1016949152542373
3AYK-CGS,MSE+AC,ig,59,5,0.0847457627118644
3AYK-CGS,MSE+UCN,ig,59,9,0.15254237288135594
3AYK-CGS,MSE,shap,59,12,0.2033898305084746
3AYK-CGS,MSE+AC,shap,59,11,0.1864406779661017
3AYK-CGS,MSE+UCN,shap,59,13,0.22033898305084745
3BZ3-YAM,MSE,cam,31,7,0.22580645161290322
3BZ3-YAM,MSE+AC,cam,31,9,0.2903225806451613
3BZ3-YAM,MSE+UCN,cam,31,3,0.0967741935483871
3BZ3-YAM,MSE,diff,31,3,0.0967741935483871
3BZ3-YAM,MSE+AC,diff,31,0,0.0
3BZ3-YAM,MSE+UCN,diff,31,1,0.03225806451612903
3BZ3-YAM,MSE,gradcam,31,2,0.06451612903225806
3BZ3-YAM,MSE+AC,gradcam,31,4,0.12903225806451613
3BZ3-YAM,MSE+UCN,gradcam,31,4,0.12903225806451613
3BZ3-YAM,MSE,gradinput,31,8,0.25806451612903225
3BZ3-YAM,MSE+AC,gradinput,31,1,0.03225806451612903
3BZ3-YAM,MSE+UCN,gradinput,31,3,0.0967741935483871
3BZ3-YAM,MSE,ig,31,0,0.0
3BZ3-YAM,MSE+AC,ig,31,3,0.0967741935483871
3BZ3-YAM,MSE+UCN,ig,31,3,0.0967741935483871
3BZ3-YAM,MSE,shap,31,5,0.16129032258064516
3BZ3-YAM,MSE+AC,shap,31,16,0.5161290322580645
3BZ3-YAM,MSE+UCN,shap,31,7,0.22580645161290322
3CHO-4BG,MSE,cam,50,16,0.32
3CHO-4BG,MSE+AC,cam,50,6,0.12
3CHO-4BG,MSE+UCN,cam,50,7,0.14
3CHO-4BG,MSE,diff,50,12,0.24
3CHO-4BG,MSE+AC,diff,50,9,0.18
3CHO-4BG,MSE+UCN,diff,50,5,0.1
3CHO-4BG,MSE,gradcam,50,4,0.08
3CHO-4BG,MSE+AC,gradcam,50,5,0.1
3CHO-4BG,MSE+UCN,gradcam,50,4,0.08
3CHO-4BG,MSE,gradinput,50,5,0.1
3CHO-4BG,MSE+AC,gradinput,50,2,0.04
3CHO-4BG,MSE+UCN,gradinput,50,6,0.12
3CHO-4BG,MSE,ig,50,7,0.14
3CHO-4BG,MSE+AC,ig,50,12,0.24
3CHO-4BG,MSE+UCN,ig,50,9,0.18
3CHO-4BG,MSE,shap,50,17,0.34
3CHO-4BG,MSE+AC,shap,50,14,0.28
3CHO-4BG,MSE+UCN,shap,50,15,0.3
3D4Q-SM5,MSE,cam,100,51,0.51
3D4Q-SM5,MSE+AC,cam,100,44,0.44
3D4Q-SM5,MSE+UCN,cam,100,19,0.19
3D4Q-SM5,MSE,diff,100,5,0.05
3D4Q-SM5,MSE+AC,diff,100,17,0.17
3D4Q-SM5,MSE+UCN,diff,100,9,0.09
3D4Q-SM5,MSE,gradcam,100,14,0.14
3D4Q-SM5,MSE+AC,gradcam,100,39,0.39
3D4Q-SM5,MSE+UCN,gradcam,100,10,0.1
3D4Q-SM5,MSE,gradinput,100,21,0.21
3D4Q-SM5,MSE+AC,gradinput,100,18,0.18
3D4Q-SM5,MSE+UCN,gradinput,100,41,0.41
3D4Q-SM5,MSE,ig,100,8,0.08
3D4Q-SM5,MSE+AC,ig,100,8,0.08
3D4Q-SM5,MSE+UCN,ig,100,0,0.0
3D4Q-SM5,MSE,shap,100,18,0.18
3D4Q-SM5,MSE+AC,shap,100,19,0.19
3D4Q-SM5,MSE+UCN,shap,100,27,0.27
3DBS-GD9,MSE,cam,16,5,0.3125
3DBS-GD9,MSE+AC,cam,16,0,0.0
3DBS-GD9,MSE+UCN,cam,16,1,0.0625
3DBS-GD9,MSE,diff,16,2,0.125
3DBS-GD9,MSE+AC,diff,16,2,0.125
3DBS-GD9,MSE+UCN,diff,16,1,0.0625
3DBS-GD9,MSE,gradcam,16,0,0.0
3DBS-GD9,MSE+AC,gradcam,16,0,0.0
3DBS-GD9,MSE+UCN,gradcam,16,1,0.0625
3DBS-GD9,MSE,gradinput,16,1,0.0625
3DBS-GD9,MSE+AC,gradinput,16,0,0.0
3DBS-GD9,MSE+UCN,gradinput,16,0,0.0
3DBS-GD9,MSE,ig,16,1,0.0625
3DBS-GD9,MSE+AC,ig,16,2,0.125
3DBS-GD9,MSE+UCN,ig,16,5,0.3125
3DBS-GD9,MSE,shap,16,5,0.3125
3DBS-GD9,MSE+AC,shap,16,4,0.25
3DBS-GD9,MSE+UCN,shap,16,3,0.1875
3DD0-EZL,MSE,cam,12,1,0.08333333333333333
3DD0-EZL,MSE+AC,cam,12,3,0.25
3DD0-EZL,MSE+UCN,cam,12,2,0.16666666666666666
3DD0-EZL,MSE,diff,12,0,0.0
3DD0-EZL,MSE+AC,diff,12,1,0.08333333333333333
3DD0-EZL,MSE+UCN,diff,12,1,0.08333333333333333
3DD0-EZL,MSE,gradcam,12,0,0.0
3DD0-EZL,MSE+AC,gradcam,12,0,0.0
3DD0-EZL,MSE+UCN,gradcam,12,0,0.0
3DD0-EZL,MSE,gradinput,12,0,0.0
3DD0-EZL,MSE+AC,gradinput,12,0,0.0
3DD0-EZL,MSE+UCN,gradinput,12,0,0.0
3DD0-EZL,MSE,ig,12,1,0.08333333333333333
3DD0-EZL,MSE+AC,ig,12,1,0.08333333333333333
3DD0-EZL,MSE+UCN,ig,12,0,0.0
3DD0-EZL,MSE,shap,12,1,0.08333333333333333
3DD0-EZL,MSE+AC,shap,12,3,0.25
3DD0-EZL,MSE+UCN,shap,12,4,0.3333333333333333
3DUY-AFJ,MSE,cam,85,16,0.18823529411764706
3DUY-AFJ,MSE+AC,cam,85,25,0.29411764705882354
3DUY-AFJ,MSE+UCN,cam,85,35,0.4117647058823529
3DUY-AFJ,MSE,diff,85,15,0.17647058823529413
3DUY-AFJ,MSE+AC,diff,85,11,0.12941176470588237
3DUY-AFJ,MSE+UCN,diff,85,19,0.2235294117647059
3DUY-AFJ,MSE,gradcam,85,31,0.36470588235294116
3DUY-AFJ,MSE+AC,gradcam,85,22,0.25882352941176473
3DUY-AFJ,MSE+UCN,gradcam,85,24,0.2823529411764706
3DUY-AFJ,MSE,gradinput,85,23,0.27058823529411763
3DUY-AFJ,MSE+AC,gradinput,85,9,0.10588235294117647
3DUY-AFJ,MSE+UCN,gradinput,85,27,0.3176470588235294
3DUY-AFJ,MSE,ig,85,8,0.09411764705882353
3DUY-AFJ,MSE+AC,ig,85,18,0.21176470588235294
3DUY-AFJ,MSE+UCN,ig,85,18,0.21176470588235294
3DUY-AFJ,MSE,shap,85,27,0.3176470588235294
3DUY-AFJ,MSE+AC,shap,85,25,0.29411764705882354
3DUY-AFJ,MSE+UCN,shap,85,24,0.2823529411764706
3DV3-MEK,MSE,cam,53,6,0.11320754716981132
3DV3-MEK,MSE+AC,cam,53,4,0.07547169811320754
3DV3-MEK,MSE+UCN,cam,53,16,0.3018867924528302
3DV3-MEK,MSE,diff,53,8,0.1509433962264151
3DV3-MEK,MSE+AC,diff,53,15,0.2830188679245283
3DV3-MEK,MSE+UCN,diff,53,0,0.0
3DV3-MEK,MSE,gradcam,53,8,0.1509433962264151
3DV3-MEK,MSE+AC,gradcam,53,9,0.16981132075471697
3DV3-MEK,MSE+UCN,gradcam,53,2,0.03773584905660377
3DV3-MEK,MSE,gradinput,53,20,0.37735849056603776
3DV3-MEK,MSE+AC,gradinput,53,6,0.11320754716981132
3DV3-MEK,MSE+UCN,gradinput,53,2,0.03773584905660377
3DV3-MEK,MSE,ig,53,6,0.11320754716981132
3DV3-MEK,MSE+AC,ig,53,8,0.1509433962264151
3DV3-MEK,MSE+UCN,ig,53,1,0.018867924528301886
3DV3-MEK,MSE,shap,53,17,0.32075471698113206
3DV3-MEK,MSE+AC,shap,53,23,0.4339622641509434
3DV3-MEK,MSE+UCN,shap,53,18,0.33962264150943394
3E32-ED2,MSE,cam,17,2,0.11764705882352941
3E32-ED2,MSE+AC,cam,17,4,0.23529411764705882
3E32-ED2,MSE+UCN,cam,17,1,0.058823529411764705
3E32-ED2,MSE,diff,17,2,0.11764705882352941
3E32-ED2,MSE+AC,diff,17,0,0.0
3E32-ED2,MSE+UCN,diff,17,7,0.4117647058823529
3E32-ED2,MSE,gradcam,17,0,0.0
3E32-ED2,MSE+AC,gradcam,17,0,0.0
3E32-ED2,MSE+UCN,gradcam,17,5,0.29411764705882354
3E32-ED2,MSE,gradinput,17,0,0.0
3E32-ED2,MSE+AC,gradinput,17,0,0.0
3E32-ED2,MSE+UCN,gradinput,17,2,0.11764705882352941
3E32-ED2,MSE,ig,17,2,0.11764705882352941
3E32-ED2,MSE+AC,ig,17,2,0.11764705882352941
3E32-ED2,MSE+UCN,ig,17,0,0.0
3E32-ED2,MSE,shap,17,6,0.35294117647058826
3E32-ED2,MSE+AC,shap,17,5,0.29411764705882354
3E32-ED2,MSE+UCN,shap,17,6,0.35294117647058826
3E37-ED5,MSE,cam,16,2,0.125
3E37-ED5,MSE+AC,cam,16,0,0.0
3E37-ED5,MSE+UCN,cam,16,4,0.25
3E37-ED5,MSE,diff,16,0,0.0
3E37-ED5,MSE+AC,diff,16,1,0.0625
3E37-ED5,MSE+UCN,diff,16,0,0.0
3E37-ED5,MSE,gradcam,16,3,0.1875
3E37-ED5,MSE+AC,gradcam,16,1,0.0625
3E37-ED5,MSE+UCN,gradcam,16,0,0.0
3E37-ED5,MSE,gradinput,16,0,0.0
3E37-ED5,MSE+AC,gradinput,16,2,0.125
3E37-ED5,MSE+UCN,gradinput,16,0,0.0
3E37-ED5,MSE,ig,16,2,0.125
3E37-ED5,MSE+AC,ig,16,0,0.0
3E37-ED5,MSE+UCN,ig,16,0,0.0
3E37-ED5,MSE,shap,16,6,0.375
3E37-ED5,MSE+AC,shap,16,5,0.3125
3E37-ED5,MSE+UCN,shap,16,6,0.375
3EID-PO5,MSE,cam,20,1,0.05
3EID-PO5,MSE+AC,cam,20,4,0.2
3EID-PO5,MSE+UCN,cam,20,14,0.7
3EID-PO5,MSE,diff,20,1,0.05
3EID-PO5,MSE+AC,diff,20,4,0.2
3EID-PO5,MSE+UCN,diff,20,1,0.05
3EID-PO5,MSE,gradcam,20,0,0.0
3EID-PO5,MSE+AC,gradcam,20,2,0.1
3EID-PO5,MSE+UCN,gradcam,20,7,0.35
3EID-PO5,MSE,gradinput,20,0,0.0
3EID-PO5,MSE+AC,gradinput,20,1,0.05
3EID-PO5,MSE+UCN,gradinput,20,6,0.3
3EID-PO5,MSE,ig,20,1,0.05
3EID-PO5,MSE+AC,ig,20,0,0.0
3EID-PO5,MSE+UCN,ig,20,0,0.0
3EID-PO5,MSE,shap,20,2,0.1
3EID-PO5,MSE+AC,shap,20,1,0.05
3EID-PO5,MSE+UCN,shap,20,1,0.05
3EJ1-5BP,MSE,cam,74,34,0.4594594594594595
3EJ1-5BP,MSE+AC,cam,74,24,0.32432432432432434
3EJ1-5BP,MSE+UCN,cam,74,8,0.10810810810810811
3EJ1-5BP,MSE,diff,74,15,0.20270270270270271
3EJ1-5BP,MSE+AC,diff,74,7,0.0945945945945946
3EJ1-5BP,MSE+UCN,diff,74,4,0.05405405405405406
3EJ1-5BP,MSE,gradcam,74,3,0.04054054054054054
3EJ1-5BP,MSE+AC,gradcam,74,13,0.17567567567567569
3EJ1-5BP,MSE+UCN,gradcam,74,9,0.12162162162162163
3EJ1-5BP,MSE,gradinput,74,3,0.04054054054054054
3EJ1-5BP,MSE+AC,gradinput,74,5,0.06756756756756757
3EJ1-5BP,MSE+UCN,gradinput,74,11,0.14864864864864866
3EJ1-5BP,MSE,ig,74,10,0.13513513513513514
3EJ1-5BP,MSE+AC,ig,74,7,0.0945945945945946
3EJ1-5BP,MSE+UCN,ig,74,14,0.1891891891891892
3EJ1-5BP,MSE,shap,74,12,0.16216216216216217
3EJ1-5BP,MSE+AC,shap,74,10,0.13513513513513514
3EJ1-5BP,MSE+UCN,shap,74,13,0.17567567567567569
3ELM-24F,MSE,cam,127,42,0.33070866141732286
3ELM-24F,MSE+AC,cam,127,35,0.2755905511811024
3ELM-24F,MSE+UCN,cam,127,30,0.23622047244094488
3ELM-24F,MSE,diff,127,41,0.3228346456692913
3ELM-24F,MSE+AC,diff,127,49,0.3858267716535433
3ELM-24F,MSE+UCN,diff,127,16,0.12598425196850394
3ELM-24F,MSE,gradcam,127,15,0.11811023622047244
3ELM-24F,MSE+AC,gradcam,127,31,0.2440944881889764
3ELM-24F,MSE+UCN,gradcam,127,18,0.14173228346456693
3ELM-24F,MSE,gradinput,127,9,0.07086614173228346
3ELM-24F,MSE+AC,gradinput,127,12,0.09448818897637795
3ELM-24F,MSE+UCN,gradinput,127,10,0.07874015748031496
3ELM-24F,MSE,ig,127,9,0.07086614173228346
3ELM-24F,MSE+AC,ig,127,5,0.03937007874015748
3ELM-24F,MSE+UCN,ig,127,20,0.15748031496062992
3ELM-24F,MSE,shap,127,32,0.25196850393700787
3ELM-24F,MSE+AC,shap,127,30,0.23622047244094488
3ELM-24F,MSE+UCN,shap,127,31,0.2440944881889764
3EQM-ASD,MSE,cam,530,72,0.13584905660377358
3EQM-ASD,MSE+AC,cam,530,103,0.19433962264150945
3EQM-ASD,MSE+UCN,cam,530,37,0.06981132075471698
3EQM-ASD,MSE,diff,530,16,0.03018867924528302
3EQM-ASD,MSE+AC,diff,530,14,0.026415094339622643
3EQM-ASD,MSE+UCN,diff,530,30,0.05660377358490566
3EQM-ASD,MSE,gradcam,530,34,0.06415094339622641
3EQM-ASD,MSE+AC,gradcam,530,34,0.06415094339622641
3EQM-ASD,MSE+UCN,gradcam,530,29,0.05471698113207547
3EQM-ASD,MSE,gradinput,530,45,0.08490566037735849
3EQM-ASD,MSE+AC,gradinput,530,22,0.04150943396226415
3EQM-ASD,MSE+UCN,gradinput,530,37,0.06981132075471698
3EQM-ASD,MSE,ig,530,31,0.05849056603773585
3EQM-ASD,MSE+AC,ig,530,22,0.04150943396226415
3EQM-ASD,MSE+UCN,ig,530,18,0.033962264150943396
3EQM-ASD,MSE,shap,530,88,0.1660377358490566
3EQM-ASD,MSE+AC,shap,530,69,0.13018867924528302
3EQM-ASD,MSE+UCN,shap,530,86,0.16226415094339622
3EYG-MI1,MSE,cam,653,178,0.2725880551301684
3EYG-MI1,MSE+AC,cam,653,139,0.21286370597243492
3EYG-MI1,MSE+UCN,cam,653,124,0.18989280245022971
3EYG-MI1,MSE,diff,653,56,0.08575803981623277
3EYG-MI1,MSE+AC,diff,653,62,0.09494640122511486
3EYG-MI1,MSE+UCN,diff,653,42,0.06431852986217458
3EYG-MI1,MSE,gradcam,653,124,0.18989280245022971
3EYG-MI1,MSE+AC,gradcam,653,171,0.26186830015313933
3EYG-MI1,MSE+UCN,gradcam,653,73,0.11179173047473201
3EYG-MI1,MSE,gradinput,653,91,0.13935681470137826
3EYG-MI1,MSE+AC,gradinput,653,82,0.12557427258805512
3EYG-MI1,MSE+UCN,gradinput,653,43,0.06584992343032159
3EYG-MI1,MSE,ig,653,58,0.0888208269525268
3EYG-MI1,MSE+AC,ig,653,98,0.15007656967840735
3EYG-MI1,MSE+UCN,ig,653,66,0.10107197549770292
3EYG-MI1,MSE,shap,653,171,0.26186830015313933
3EYG-MI1,MSE+AC,shap,653,174,0.2664624808575804
3EYG-MI1,MSE+UCN,shap,653,148,0.22664624808575803
3F5P-741,MSE,cam,18,0,0.0
3F5P-741,MSE+AC,cam,18,0,0.0
3F5P-741,MSE+UCN,cam,18,0,0.0
3F5P-741,MSE,diff,18,4,0.2222222222222222
3F5P-741,MSE+AC,diff,18,1,0.05555555555555555
3F5P-741,MSE+UCN,diff,18,0,0.0
3F5P-741,MSE,gradcam,18,0,0.0
3F5P-741,MSE+AC,gradcam,18,2,0.1111111111111111
3F5P-741,MSE+UCN,gradcam,18,0,0.0
3F5P-741,MSE,gradinput,18,5,0.2777777777777778
3F5P-741,MSE+AC,gradinput,18,1,0.05555555555555555
3F5P-741,MSE+UCN,gradinput,18,2,0.1111111111111111
3F5P-741,MSE,ig,18,0,0.0
3F5P-741,MSE+AC,ig,18,11,0.6111111111111112
3F5P-741,MSE+UCN,ig,18,0,0.0
3F5P-741,MSE,shap,18,5,0.2777777777777778
3F5P-741,MSE+AC,shap,18,6,0.3333333333333333
3F5P-741,MSE+UCN,shap,18,6,0.3333333333333333
3F7Z-34O,MSE,cam,24,22,0.9166666666666666
3F7Z-34O,MSE+AC,cam,24,0,0.0
3F7Z-34O,MSE+UCN,cam,24,3,0.125
3F7Z-34O,MSE,diff,24,4,0.16666666666666666
3F7Z-34O,MSE+AC,diff,24,3,0.125
3F7Z-34O,MSE+UCN,diff,24,11,0.4583333333333333
3F7Z-34O,MSE,gradcam,24,3,0.125
3F7Z-34O,MSE+AC,gradcam,24,14,0.5833333333333334
3F7Z-34O,MSE+UCN,gradcam,24,15,0.625
3F7Z-34O,MSE,gradinput,24,4,0.16666666666666666
3F7Z-34O,MSE+AC,gradinput,24,13,0.5416666666666666
3F7Z-34O,MSE+UCN,gradinput,24,16,0.6666666666666666
3F7Z-34O,MSE,ig,24,4,0.16666666666666666
3F7Z-34O,MSE+AC,ig,24,0,0.0
3F7Z-34O,MSE+UCN,ig,24,10,0.4166666666666667
3F7Z-34O,MSE,shap,24,7,0.2916666666666667
3F7Z-34O,MSE+AC,shap,24,10,0.4166666666666667
3F7Z-34O,MSE+UCN,shap,24,7,0.2916666666666667
3FH5-24P,MSE,cam,323,68,0.21052631578947367
3FH5-24P,MSE+AC,cam,323,44,0.13622291021671826
3FH5-24P,MSE+UCN,cam,323,98,0.30340557275541796
3FH5-24P,MSE,diff,323,20,0.06191950464396285
3FH5-24P,MSE+AC,diff,323,19,0.058823529411764705
3FH5-24P,MSE+UCN,diff,323,26,0.0804953560371517
3FH5-24P,MSE,gradcam,323,32,0.09907120743034056
3FH5-24P,MSE+AC,gradcam,323,25,0.07739938080495357
3FH5-24P,MSE+UCN,gradcam,323,60,0.18575851393188855
3FH5-24P,MSE,gradinput,323,24,0.07430340557275542
3FH5-24P,MSE+AC,gradinput,323,37,0.11455108359133127
3FH5-24P,MSE+UCN,gradinput,323,42,0.13003095975232198
3FH5-24P,MSE,ig,323,28,0.08668730650154799
3FH5-24P,MSE+AC,ig,323,24,0.07430340557275542
3FH5-24P,MSE+UCN,ig,323,31,0.09597523219814241
3FH5-24P,MSE,shap,323,64,0.19814241486068113
3FH5-24P,MSE+AC,shap,323,75,0.23219814241486067
3FH5-24P,MSE+UCN,shap,323,65,0.20123839009287925
3FPM-793,MSE,cam,16,7,0.4375
3FPM-793,MSE+AC,cam,16,5,0.3125
3FPM-793,MSE+UCN,cam,16,10,0.625
3FPM-793,MSE,diff,16,2,0.125
3FPM-793,MSE+AC,diff,16,2,0.125
3FPM-793,MSE+UCN,diff,16,1,0.0625
3FPM-793,MSE,gradcam,16,1,0.0625
3FPM-793,MSE+AC,gradcam,16,1,0.0625
3FPM-793,MSE+UCN,gradcam,16,3,0.1875
3FPM-793,MSE,gradinput,16,0,0.0
3FPM-793,MSE+AC,gradinput,16,1,0.0625
3FPM-793,MSE+UCN,gradinput,16,1,0.0625
3FPM-793,MSE,ig,16,1,0.0625
3FPM-793,MSE+AC,ig,16,4,0.25
3FPM-793,MSE+UCN,ig,16,0,0.0
3FPM-793,MSE,shap,16,1,0.0625
3FPM-793,MSE+AC,shap,16,1,0.0625
3FPM-793,MSE+UCN,shap,16,2,0.125
3FYJ-B97,MSE,cam,89,16,0.1797752808988764
3FYJ-B97,MSE+AC,cam,89,17,0.19101123595505617
3FYJ-B97,MSE+UCN,cam,89,18,0.20224719101123595
3FYJ-B97,MSE,diff,89,6,0.06741573033707865
3FYJ-B97,MSE+AC,diff,89,4,0.0449438202247191
3FYJ-B97,MSE+UCN,diff,89,6,0.06741573033707865
3FYJ-B97,MSE,gradcam,89,4,0.0449438202247191
3FYJ-B97,MSE+AC,gradcam,89,7,0.07865168539325842
3FYJ-B97,MSE+UCN,gradcam,89,13,0.14606741573033707
3FYJ-B97,MSE,gradinput,89,3,0.033707865168539325
3FYJ-B97,MSE+AC,gradinput,89,2,0.02247191011235955
3FYJ-B97,MSE+UCN,gradinput,89,13,0.14606741573033707
3FYJ-B97,MSE,ig,89,3,0.033707865168539325
3FYJ-B97,MSE+AC,ig,89,10,0.11235955056179775
3FYJ-B97,MSE+UCN,ig,89,6,0.06741573033707865
3FYJ-B97,MSE,shap,89,16,0.1797752808988764
3FYJ-B97,MSE+AC,shap,89,13,0.14606741573033707
3FYJ-B97,MSE+UCN,shap,89,10,0.11235955056179775
3G0B-T22,MSE,cam,184,60,0.32608695652173914
3G0B-T22,MSE+AC,cam,184,55,0.29891304347826086
3G0B-T22,MSE+UCN,cam,184,13,0.07065217391304347
3G0B-T22,MSE,diff,184,17,0.09239130434782608
3G0B-T22,MSE+AC,diff,184,10,0.05434782608695652
3G0B-T22,MSE+UCN,diff,184,4,0.021739130434782608
3G0B-T22,MSE,gradcam,184,13,0.07065217391304347
3G0B-T22,MSE+AC,gradcam,184,12,0.06521739130434782
3G0B-T22,MSE+UCN,gradcam,184,13,0.07065217391304347
3G0B-T22,MSE,gradinput,184,15,0.08152173913043478
3G0B-T22,MSE+AC,gradinput,184,7,0.03804347826086957
3G0B-T22,MSE+UCN,gradinput,184,15,0.08152173913043478
3G0B-T22,MSE,ig,184,9,0.04891304347826087
3G0B-T22,MSE+AC,ig,184,14,0.07608695652173914
3G0B-T22,MSE+UCN,ig,184,13,0.07065217391304347
3G0B-T22,MSE,shap,184,51,0.27717391304347827
3G0B-T22,MSE+AC,shap,184,53,0.28804347826086957
3G0B-T22,MSE+UCN,shap,184,46,0.25
3G3E-G3E,MSE,cam,13,7,0.5384615384615384
3G3E-G3E,MSE+AC,cam,13,5,0.38461538461538464
3G3E-G3E,MSE+UCN,cam,13,1,0.07692307692307693
3G3E-G3E,MSE,diff,13,0,0.0
3G3E-G3E,MSE+AC,diff,13,0,0.0
3G3E-G3E,MSE+UCN,diff,13,0,0.0
3G3E-G3E,MSE,gradcam,13,2,0.15384615384615385
3G3E-G3E,MSE+AC,gradcam,13,1,0.07692307692307693
3G3E-G3E,MSE+UCN,gradcam,13,1,0.07692307692307693
3G3E-G3E,MSE,gradinput,13,3,0.23076923076923078
3G3E-G3E,MSE+AC,gradinput,13,0,0.0
3G3E-G3E,MSE+UCN,gradinput,13,5,0.38461538461538464
3G3E-G3E,MSE,ig,13,1,0.07692307692307693
3G3E-G3E,MSE+AC,ig,13,0,0.0
3G3E-G3E,MSE+UCN,ig,13,2,0.15384615384615385
3G3E-G3E,MSE,shap,13,0,0.0
3G3E-G3E,MSE+AC,shap,13,0,0.0
3G3E-G3E,MSE+UCN,shap,13,1,0.07692307692307693
3G6Z-A7T,MSE,cam,185,15,0.08108108108108109
3G6Z-A7T,MSE+AC,cam,185,19,0.10270270270270271
3G6Z-A7T,MSE+UCN,cam,185,45,0.24324324324324326
3G6Z-A7T,MSE,diff,185,7,0.03783783783783784
3G6Z-A7T,MSE+AC,diff,185,9,0.04864864864864865
3G6Z-A7T,MSE+UCN,diff,185,8,0.043243243243243246
3G6Z-A7T,MSE,gradcam,185,18,0.0972972972972973
3G6Z-A7T,MSE+AC,gradcam,185,16,0.08648648648648649
3G6Z-A7T,MSE+UCN,gradcam,185,6,0.032432432432432434
3G6Z-A7T,MSE,gradinput,185,56,0.3027027027027027
3G6Z-A7T,MSE+AC,gradinput,185,22,0.11891891891891893
3G6Z-A7T,MSE+UCN,gradinput,185,26,0.14054054054054055
3G6Z-A7T,MSE,ig,185,13,0.07027027027027027
3G6Z-A7T,MSE+AC,ig,185,6,0.032432432432432434
3G6Z-A7T,MSE+UCN,ig,185,13,0.07027027027027027
3G6Z-A7T,MSE,shap,185,63,0.34054054054054056
3G6Z-A7T,MSE+AC,shap,185,68,0.3675675675675676
3G6Z-A7T,MSE+UCN,shap,185,59,0.31891891891891894
3GW5-72X,MSE,cam,227,52,0.2290748898678414
3GW5-72X,MSE+AC,cam,227,53,0.23348017621145375
3GW5-72X,MSE+UCN,cam,227,37,0.16299559471365638
3GW5-72X,MSE,diff,227,41,0.18061674008810572
3GW5-72X,MSE+AC,diff,227,24,0.10572687224669604
3GW5-72X,MSE+UCN,diff,227,23,0.1013215859030837
3GW5-72X,MSE,gradcam,227,38,0.16740088105726872
3GW5-72X,MSE+AC,gradcam,227,20,0.0881057268722467
3GW5-72X,MSE+UCN,gradcam,227,23,0.1013215859030837
3GW5-72X,MSE,gradinput,227,46,0.2026431718061674
3GW5-72X,MSE+AC,gradinput,227,68,0.29955947136563876
3GW5-72X,MSE+UCN,gradinput,227,34,0.14977973568281938
3GW5-72X,MSE,ig,227,19,0.08370044052863436
3GW5-72X,MSE+AC,ig,227,44,0.19383259911894274
3GW5-72X,MSE+UCN,ig,227,27,0.11894273127753303
3GW5-72X,MSE,shap,227,73,0.32158590308370044
3GW5-72X,MSE+AC,shap,227,69,0.3039647577092511
3GW5-72X,MSE+UCN,shap,227,57,0.2511013215859031
3HPT-YET,MSE,cam,71,1,0.014084507042253521
3HPT-YET,MSE+AC,cam,71,0,0.0
3HPT-YET,MSE+UCN,cam,71,2,0.028169014084507043
3HPT-YET,MSE,diff,71,6,0.08450704225352113
3HPT-YET,MSE+AC,diff,71,4,0.056338028169014086
3HPT-YET,MSE+UCN,diff,71,1,0.014084507042253521
3HPT-YET,MSE,gradcam,71,5,0.07042253521126761
3HPT-YET,MSE+AC,gradcam,71,2,0.028169014084507043
3HPT-YET,MSE+UCN,gradcam,71,7,0.09859154929577464
3HPT-YET,MSE,gradinput,71,4,0.056338028169014086
3HPT-YET,MSE+AC,gradinput,71,8,0.11267605633802817
3HPT-YET,MSE+UCN,gradinput,71,4,0.056338028169014086
3HPT-YET,MSE,ig,71,1,0.014084507042253521
3HPT-YET,MSE+AC,ig,71,2,0.028169014084507043
3HPT-YET,MSE+UCN,ig,71,4,0.056338028169014086
3HPT-YET,MSE,shap,71,16,0.22535211267605634
3HPT-YET,MSE+AC,shap,71,12,0.16901408450704225
3HPT-YET,MSE+UCN,shap,71,15,0.2112676056338028
3I7G-732,MSE,cam,69,34,0.4927536231884058
3I7G-732,MSE+AC,cam,69,27,0.391304347826087
3I7G-732,MSE+UCN,cam,69,44,0.6376811594202898
3I7G-732,MSE,diff,69,8,0.11594202898550725
3I7G-732,MSE+AC,diff,69,11,0.15942028985507245
3I7G-732,MSE+UCN,diff,69,24,0.34782608695652173
3I7G-732,MSE,gradcam,69,9,0.13043478260869565
3I7G-732,MSE+AC,gradcam,69,5,0.07246376811594203
3I7G-732,MSE+UCN,gradcam,69,17,0.2463768115942029
3I7G-732,MSE,gradinput,69,5,0.07246376811594203
3I7G-732,MSE+AC,gradinput,69,8,0.11594202898550725
3I7G-732,MSE+UCN,gradinput,69,8,0.11594202898550725
3I7G-732,MSE,ig,69,15,0.21739130434782608
3I7G-732,MSE+AC,ig,69,10,0.14492753623188406
3I7G-732,MSE+UCN,ig,69,15,0.21739130434782608
3I7G-732,MSE,shap,69,22,0.3188405797101449
3I7G-732,MSE+AC,shap,69,21,0.30434782608695654
3I7G-732,MSE+UCN,shap,69,18,0.2608695652173913
3IG6-438,MSE,cam,13,1,0.07692307692307693
3IG6-438,MSE+AC,cam,13,0,0.0
3IG6-438,MSE+UCN,cam,13,5,0.38461538461538464
3IG6-438,MSE,diff,13,0,0.0
3IG6-438,MSE+AC,diff,13,0,0.0
3IG6-438,MSE+UCN,diff,13,0,0.0
3IG6-438,MSE,gradcam,13,2,0.15384615384615385
3IG6-438,MSE+AC,gradcam,13,2,0.15384615384615385
3IG6-438,MSE+UCN,gradcam,13,0,0.0
3IG6-438,MSE,gradinput,13,0,0.0
3IG6-438,MSE+AC,gradinput,13,2,0.15384615384615385
3IG6-438,MSE+UCN,gradinput,13,1,0.07692307692307693
3IG6-438,MSE,ig,13,1,0.07692307692307693
3IG6-438,MSE+AC,ig,13,1,0.07692307692307693
3IG6-438,MSE+UCN,ig,13,0,0.0
3IG6-438,MSE,shap,13,1,0.07692307692307693
3IG6-438,MSE+AC,shap,13,3,0.23076923076923078
3IG6-438,MSE+UCN,shap,13,3,0.23076923076923078
3IGB-454,MSE,cam,23,6,0.2608695652173913
3IGB-454,MSE+AC,cam,23,11,0.4782608695652174
3IGB-454,MSE+UCN,cam,23,5,0.21739130434782608
3IGB-454,MSE,diff,23,2,0.08695652173913043
3IGB-454,MSE+AC,diff,23,2,0.08695652173913043
3IGB-454,MSE+UCN,diff,23,1,0.043478260869565216
3IGB-454,MSE,gradcam,23,3,0.13043478260869565
3IGB-454,MSE+AC,gradcam,23,4,0.17391304347826086
3IGB-454,MSE+UCN,gradcam,23,3,0.13043478260869565
3IGB-454,MSE,gradinput,23,0,0.0
3IGB-454,MSE+AC,gradinput,23,6,0.2608695652173913
3IGB-454,MSE+UCN,gradinput,23,2,0.08695652173913043
3IGB-454,MSE,ig,23,4,0.17391304347826086
3IGB-454,MSE+AC,ig,23,1,0.043478260869565216
3IGB-454,MSE+UCN,ig,23,0,0.0
3IGB-454,MSE,shap,23,4,0.17391304347826086
3IGB-454,MSE+AC,shap,23,6,0.2608695652173913
3IGB-454,MSE+UCN,shap,23,3,0.13043478260869565
3II5-831,MSE,cam,72,4,0.05555555555555555
3II5-831,MSE+AC,cam,72,1,0.013888888888888888
3II5-831,MSE+UCN,cam,72,5,0.06944444444444445
3II5-831,MSE,diff,72,3,0.041666666666666664
3II5-831,MSE+AC,diff,72,11,0.1527777777777778
3II5-831,MSE+UCN,diff,72,14,0.19444444444444445
3II5-831,MSE,gradcam,72,6,0.08333333333333333
3II5-831,MSE+AC,gradcam,72,15,0.20833333333333334
3II5-831,MSE+UCN,gradcam,72,15,0.20833333333333334
3II5-831,MSE,gradinput,72,9,0.125
3II5-831,MSE+AC,gradinput,72,1,0.013888888888888888
3II5-831,MSE+UCN,gradinput,72,4,0.05555555555555555
3II5-831,MSE,ig,72,2,0.027777777777777776
3II5-831,MSE+AC,ig,72,7,0.09722222222222222
3II5-831,MSE+UCN,ig,72,12,0.16666666666666666
3II5-831,MSE,shap,72,25,0.3472222222222222
3II5-831,MSE+AC,shap,72,28,0.3888888888888889
3II5-831,MSE+UCN,shap,72,24,0.3333333333333333
3IN3-472,MSE,cam,1209,364,0.3010752688172043
3IN3-472,MSE+AC,cam,1209,479,0.39619520264681557
3IN3-472,MSE+UCN,cam,1209,330,0.2729528535980149
3IN3-472,MSE,diff,1209,137,0.11331679073614558
3IN3-472,MSE+AC,diff,1209,128,0.10587262200165426
3IN3-472,MSE+UCN,diff,1209,133,0.11000827129859388
3IN3-472,MSE,gradcam,1209,138,0.1141439205955335
3IN3-472,MSE+AC,gradcam,1209,128,0.10587262200165426
3IN3-472,MSE+UCN,gradcam,1209,242,0.2001654259718776
3IN3-472,MSE,gradinput,1209,114,0.09429280397022333
3IN3-472,MSE+AC,gradinput,1209,134,0.11083540115798181
3IN3-472,MSE+UCN,gradinput,1209,147,0.12158808933002481
3IN3-472,MSE,ig,1209,116,0.09594706368899918
3IN3-472,MSE+AC,ig,1209,181,0.14971050454921422
3IN3-472,MSE+UCN,ig,1209,99,0.08188585607940446
3IN3-472,MSE,shap,1209,323,0.26716294458229944
3IN3-472,MSE+AC,shap,1209,295,0.24400330851943755
3IN3-472,MSE+UCN,shap,1209,315,0.26054590570719605
3IND-593,MSE,cam,5976,1435,0.2401271753681392
3IND-593,MSE+AC,cam,5976,554,0.0927041499330656
3IND-593,MSE+UCN,cam,5976,1547,0.25886880856760375
3IND-593,MSE,diff,5976,695,0.11629852744310576
3IND-593,MSE+AC,diff,5976,914,0.15294511378848727
3IND-593,MSE+UCN,diff,5976,743,0.12433065595716199
3IND-593,MSE,gradcam,5976,1450,0.24263721552878179
3IND-593,MSE+AC,gradcam,5976,1320,0.22088353413654618
3IND-593,MSE+UCN,gradcam,5976,1021,0.17085006693440427
3IND-593,MSE,gradinput,5976,929,0.15545515394912984
3IND-593,MSE+AC,gradinput,5976,966,0.16164658634538154
3IND-593,MSE+UCN,gradinput,5976,868,0.14524765729585007
3IND-593,MSE,ig,5976,691,0.11562918340026773
3IND-593,MSE+AC,ig,5976,799,0.13370147255689424
3IND-593,MSE+UCN,ig,5976,1239,0.2073293172690763
3IND-593,MSE,shap,5976,1720,0.2878179384203481
3IND-593,MSE+AC,shap,5976,1560,0.26104417670682734
3IND-593,MSE+UCN,shap,5976,1699,0.28430388219544844
3IO7-1P5,MSE,cam,40,8,0.2
3IO7-1P5,MSE+AC,cam,40,6,0.15
3IO7-1P5,MSE+UCN,cam,40,6,0.15
3IO7-1P5,MSE,diff,40,2,0.05
3IO7-1P5,MSE+AC,diff,40,2,0.05
3IO7-1P5,MSE+UCN,diff,40,4,0.1
3IO7-1P5,MSE,gradcam,40,2,0.05
3IO7-1P5,MSE+AC,gradcam,40,8,0.2
3IO7-1P5,MSE+UCN,gradcam,40,7,0.175
3IO7-1P5,MSE,gradinput,40,7,0.175
3IO7-1P5,MSE+AC,gradinput,40,8,0.2
3IO7-1P5,MSE+UCN,gradinput,40,2,0.05
3IO7-1P5,MSE,ig,40,4,0.1
3IO7-1P5,MSE+AC,ig,40,1,0.025
3IO7-1P5,MSE+UCN,ig,40,8,0.2
3IO7-1P5,MSE,shap,40,6,0.15
3IO7-1P5,MSE+AC,shap,40,8,0.2
3IO7-1P5,MSE+UCN,shap,40,5,0.125
3IWE-646,MSE,cam,195,47,0.24102564102564103
3IWE-646,MSE+AC,cam,195,28,0.14358974358974358
3IWE-646,MSE+UCN,cam,195,31,0.15897435897435896
3IWE-646,MSE,diff,195,15,0.07692307692307693
3IWE-646,MSE+AC,diff,195,10,0.05128205128205128
3IWE-646,MSE+UCN,diff,195,13,0.06666666666666667
3IWE-646,MSE,gradcam,195,14,0.07179487179487179
3IWE-646,MSE+AC,gradcam,195,19,0.09743589743589744
3IWE-646,MSE+UCN,gradcam,195,16,0.08205128205128205
3IWE-646,MSE,gradinput,195,12,0.06153846153846154
3IWE-646,MSE+AC,gradinput,195,27,0.13846153846153847
3IWE-646,MSE+UCN,gradinput,195,27,0.13846153846153847
3IWE-646,MSE,ig,195,17,0.08717948717948718
3IWE-646,MSE+AC,ig,195,18,0.09230769230769231
3IWE-646,MSE+UCN,ig,195,22,0.11282051282051282
3IWE-646,MSE,shap,195,45,0.23076923076923078
3IWE-646,MSE+AC,shap,195,49,0.2512820512820513
3IWE-646,MSE+UCN,shap,195,47,0.24102564102564103
3JSI-WTC,MSE,cam,296,123,0.4155405405405405
3JSI-WTC,MSE+AC,cam,296,125,0.4222972972972973
3JSI-WTC,MSE+UCN,cam,296,116,0.3918918918918919
3JSI-WTC,MSE,diff,296,8,0.02702702702702703
3JSI-WTC,MSE+AC,diff,296,10,0.033783783783783786
3JSI-WTC,MSE+UCN,diff,296,35,0.11824324324324324
3JSI-WTC,MSE,gradcam,296,28,0.0945945945945946
3JSI-WTC,MSE+AC,gradcam,296,26,0.08783783783783784
3JSI-WTC,MSE+UCN,gradcam,296,52,0.17567567567567569
3JSI-WTC,MSE,gradinput,296,25,0.08445945945945946
3JSI-WTC,MSE+AC,gradinput,296,23,0.0777027027027027
3JSI-WTC,MSE+UCN,gradinput,296,29,0.09797297297297297
3JSI-WTC,MSE,ig,296,15,0.05067567567567568
3JSI-WTC,MSE+AC,ig,296,18,0.060810810810810814
3JSI-WTC,MSE+UCN,ig,296,79,0.2668918918918919
3JSI-WTC,MSE,shap,296,93,0.3141891891891892
3JSI-WTC,MSE+AC,shap,296,99,0.3344594594594595
3JSI-WTC,MSE+UCN,shap,296,87,0.2939189189189189
3K3B-L31,MSE,cam,88,11,0.125
3K3B-L31,MSE+AC,cam,88,13,0.14772727272727273
3K3B-L31,MSE+UCN,cam,88,16,0.18181818181818182
3K3B-L31,MSE,diff,88,4,0.045454545454545456
3K3B-L31,MSE+AC,diff,88,3,0.03409090909090909
3K3B-L31,MSE+UCN,diff,88,6,0.06818181818181818
3K3B-L31,MSE,gradcam,88,12,0.13636363636363635
3K3B-L31,MSE+AC,gradcam,88,10,0.11363636363636363
3K3B-L31,MSE+UCN,gradcam,88,7,0.07954545454545454
3K3B-L31,MSE,gradinput,88,7,0.07954545454545454
3K3B-L31,MSE+AC,gradinput,88,11,0.125
3K3B-L31,MSE+UCN,gradinput,88,8,0.09090909090909091
3K3B-L31,MSE,ig,88,7,0.07954545454545454
3K3B-L31,MSE+AC,ig,88,7,0.07954545454545454
3K3B-L31,MSE+UCN,ig,88,11,0.125
3K3B-L31,MSE,shap,88,24,0.2727272727272727
3K3B-L31,MSE+AC,shap,88,25,0.2840909090909091
3K3B-L31,MSE+UCN,shap,88,23,0.26136363636363635
3K5F-AYH,MSE,cam,31,5,0.16129032258064516
3K5F-AYH,MSE+AC,cam,31,0,0.0
3K5F-AYH,MSE+UCN,cam,31,1,0.03225806451612903
3K5F-AYH,MSE,diff,31,0,0.0
3K5F-AYH,MSE+AC,diff,31,3,0.0967741935483871
3K5F-AYH,MSE+UCN,diff,31,7,0.22580645161290322
3K5F-AYH,MSE,gradcam,31,1,0.03225806451612903
3K5F-AYH,MSE+AC,gradcam,31,3,0.0967741935483871
3K5F-AYH,MSE+UCN,gradcam,31,3,0.0967741935483871
3K5F-AYH,MSE,gradinput,31,0,0.0
3K5F-AYH,MSE+AC,gradinput,31,13,0.41935483870967744
3K5F-AYH,MSE+UCN,gradinput,31,5,0.16129032258064516
3K5F-AYH,MSE,ig,31,2,0.06451612903225806
3K5F-AYH,MSE+AC,ig,31,4,0.12903225806451613
3K5F-AYH,MSE+UCN,ig,31,5,0.16129032258064516
3K5F-AYH,MSE,shap,31,8,0.25806451612903225
3K5F-AYH,MSE+AC,shap,31,13,0.41935483870967744
3K5F-AYH,MSE+UCN,shap,31,9,0.2903225806451613
3KFC-61X,MSE,cam,89,7,0.07865168539325842
3KFC-61X,MSE+AC,cam,89,16,0.1797752808988764
3KFC-61X,MSE+UCN,cam,89,0,0.0
3KFC-61X,MSE,diff,89,2,0.02247191011235955
3KFC-61X,MSE+AC,diff,89,3,0.033707865168539325
3KFC-61X,MSE+UCN,diff,89,8,0.0898876404494382
3KFC-61X,MSE,gradcam,89,7,0.07865168539325842
3KFC-61X,MSE+AC,gradcam,89,3,0.033707865168539325
3KFC-61X,MSE+UCN,gradcam,89,12,0.1348314606741573
3KFC-61X,MSE,gradinput,89,6,0.06741573033707865
3KFC-61X,MSE+AC,gradinput,89,7,0.07865168539325842
3KFC-61X,MSE+UCN,gradinput,89,9,0.10112359550561797
3KFC-61X,MSE,ig,89,12,0.1348314606741573
3KFC-61X,MSE+AC,ig,89,13,0.14606741573033707
3KFC-61X,MSE+UCN,ig,89,15,0.16853932584269662
3KFC-61X,MSE,shap,89,19,0.21348314606741572
3KFC-61X,MSE+AC,shap,89,22,0.24719101123595505
3KFC-61X,MSE+UCN,shap,89,16,0.1797752808988764
3KWB-ORH,MSE,cam,14,1,0.07142857142857142
3KWB-ORH,MSE+AC,cam,14,1,0.07142857142857142
3KWB-ORH,MSE+UCN,cam,14,3,0.21428571428571427
3KWB-ORH,MSE,diff,14,0,0.0
3KWB-ORH,MSE+AC,diff,14,2,0.14285714285714285
3KWB-ORH,MSE+UCN,diff,14,0,0.0
3KWB-ORH,MSE,gradcam,14,0,0.0
3KWB-ORH,MSE+AC,gradcam,14,0,0.0
3KWB-ORH,MSE+UCN,gradcam,14,2,0.14285714285714285
3KWB-ORH,MSE,gradinput,14,0,0.0
3KWB-ORH,MSE+AC,gradinput,14,0,0.0
3KWB-ORH,MSE+UCN,gradinput,14,3,0.21428571428571427
3KWB-ORH,MSE,ig,14,0,0.0
3KWB-ORH,MSE+AC,ig,14,1,0.07142857142857142
3KWB-ORH,MSE+UCN,ig,14,0,0.0
3KWB-ORH,MSE,shap,14,1,0.07142857142857142
3KWB-ORH,MSE+AC,shap,14,2,0.14285714285714285
3KWB-ORH,MSE+UCN,shap,14,2,0.14285714285714285
3KWF-B1Q,MSE,cam,182,26,0.14285714285714285
3KWF-B1Q,MSE+AC,cam,182,29,0.15934065934065933
3KWF-B1Q,MSE+UCN,cam,182,23,0.12637362637362637
3KWF-B1Q,MSE,diff,182,7,0.038461538461538464
3KWF-B1Q,MSE+AC,diff,182,12,0.06593406593406594
3KWF-B1Q,MSE+UCN,diff,182,9,0.04945054945054945
3KWF-B1Q,MSE,gradcam,182,14,0.07692307692307693
3KWF-B1Q,MSE+AC,gradcam,182,11,0.06043956043956044
3KWF-B1Q,MSE+UCN,gradcam,182,18,0.0989010989010989
3KWF-B1Q,MSE,gradinput,182,5,0.027472527472527472
3KWF-B1Q,MSE+AC,gradinput,182,16,0.08791208791208792
3KWF-B1Q,MSE+UCN,gradinput,182,11,0.06043956043956044
3KWF-B1Q,MSE,ig,182,7,0.038461538461538464
3KWF-B1Q,MSE+AC,ig,182,7,0.038461538461538464
3KWF-B1Q,MSE+UCN,ig,182,20,0.10989010989010989
3KWF-B1Q,MSE,shap,182,41,0.22527472527472528
3KWF-B1Q,MSE+AC,shap,182,44,0.24175824175824176
3KWF-B1Q,MSE+UCN,shap,182,40,0.21978021978021978
3KWZ-KWZ,MSE,cam,95,25,0.2631578947368421
3KWZ-KWZ,MSE+AC,cam,95,36,0.37894736842105264
3KWZ-KWZ,MSE+UCN,cam,95,22,0.23157894736842105
3KWZ-KWZ,MSE,diff,95,9,0.09473684210526316
3KWZ-KWZ,MSE+AC,diff,95,9,0.09473684210526316
3KWZ-KWZ,MSE+UCN,diff,95,12,0.12631578947368421
3KWZ-KWZ,MSE,gradcam,95,24,0.25263157894736843
3KWZ-KWZ,MSE+AC,gradcam,95,8,0.08421052631578947
3KWZ-KWZ,MSE+UCN,gradcam,95,23,0.24210526315789474
3KWZ-KWZ,MSE,gradinput,95,0,0.0
3KWZ-KWZ,MSE+AC,gradinput,95,7,0.07368421052631578
3KWZ-KWZ,MSE+UCN,gradinput,95,38,0.4
3KWZ-KWZ,MSE,ig,95,11,0.11578947368421053
3KWZ-KWZ,MSE+AC,ig,95,10,0.10526315789473684
3KWZ-KWZ,MSE+UCN,ig,95,15,0.15789473684210525
3KWZ-KWZ,MSE,shap,95,17,0.17894736842105263
3KWZ-KWZ,MSE+AC,shap,95,19,0.2
3KWZ-KWZ,MSE+UCN,shap,95,27,0.28421052631578947
3KYR-038,MSE,cam,20,10,0.5
3KYR-038,MSE+AC,cam,20,11,0.55
3KYR-038,MSE+UCN,cam,20,1,0.05
3KYR-038,MSE,diff,20,0,0.0
3KYR-038,MSE+AC,diff,20,2,0.1
3KYR-038,MSE+UCN,diff,20,1,0.05
3KYR-038,MSE,gradcam,20,2,0.1
3KYR-038,MSE+AC,gradcam,20,3,0.15
3KYR-038,MSE+UCN,gradcam,20,2,0.1
3KYR-038,MSE,gradinput,20,3,0.15
3KYR-038,MSE+AC,gradinput,20,0,0.0
3KYR-038,MSE+UCN,gradinput,20,3,0.15
3KYR-038,MSE,ig,20,1,0.05
3KYR-038,MSE+AC,ig,20,4,0.2
3KYR-038,MSE+UCN,ig,20,7,0.35
3KYR-038,MSE,shap,20,5,0.25
3KYR-038,MSE+AC,shap,20,3,0.15
3KYR-038,MSE+UCN,shap,20,5,0.25
3L08-ZIG,MSE,cam,44,6,0.13636363636363635
3L08-ZIG,MSE+AC,cam,44,10,0.22727272727272727
3L08-ZIG,MSE+UCN,cam,44,20,0.45454545454545453
3L08-ZIG,MSE,diff,44,1,0.022727272727272728
3L08-ZIG,MSE+AC,diff,44,1,0.022727272727272728
3L08-ZIG,MSE+UCN,diff,44,0,0.0
3L08-ZIG,MSE,gradcam,44,7,0.1590909090909091
3L08-ZIG,MSE+AC,gradcam,44,9,0.20454545454545456
3L08-ZIG,MSE+UCN,gradcam,44,6,0.13636363636363635
3L08-ZIG,MSE,gradinput,44,12,0.2727272727272727
3L08-ZIG,MSE+AC,gradinput,44,4,0.09090909090909091
3L08-ZIG,MSE+UCN,gradinput,44,2,0.045454545454545456
3L08-ZIG,MSE,ig,44,1,0.022727272727272728
3L08-ZIG,MSE+AC,ig,44,3,0.06818181818181818
3L08-ZIG,MSE+UCN,ig,44,1,0.022727272727272728
3L08-ZIG,MSE,shap,44,12,0.2727272727272727
3L08-ZIG,MSE+AC,shap,44,15,0.3409090909090909
3L08-ZIG,MSE+UCN,shap,44,15,0.3409090909090909
3L9H-EMQ,MSE,cam,105,13,0.12380952380952381
3L9H-EMQ,MSE+AC,cam,105,20,0.19047619047619047
3L9H-EMQ,MSE+UCN,cam,105,10,0.09523809523809523
3L9H-EMQ,MSE,diff,105,3,0.02857142857142857
3L9H-EMQ,MSE+AC,diff,105,1,0.009523809523809525
3L9H-EMQ,MSE+UCN,diff,105,2,0.01904761904761905
3L9H-EMQ,MSE,gradcam,105,10,0.09523809523809523
3L9H-EMQ,MSE+AC,gradcam,105,13,0.12380952380952381
3L9H-EMQ,MSE+UCN,gradcam,105,12,0.11428571428571428
3L9H-EMQ,MSE,gradinput,105,2,0.01904761904761905
3L9H-EMQ,MSE+AC,gradinput,105,3,0.02857142857142857
3L9H-EMQ,MSE+UCN,gradinput,105,6,0.05714285714285714
3L9H-EMQ,MSE,ig,105,18,0.17142857142857143
3L9H-EMQ,MSE+AC,ig,105,5,0.047619047619047616
3L9H-EMQ,MSE+UCN,ig,105,5,0.047619047619047616
3L9H-EMQ,MSE,shap,105,22,0.20952380952380953
3L9H-EMQ,MSE+AC,shap,105,29,0.2761904761904762
3L9H-EMQ,MSE+UCN,shap,105,34,0.3238095238095238
3M6F-BJZ,MSE,cam,26,5,0.19230769230769232
3M6F-BJZ,MSE+AC,cam,26,5,0.19230769230769232
3M6F-BJZ,MSE+UCN,cam,26,3,0.11538461538461539
3M6F-BJZ,MSE,diff,26,0,0.0
3M6F-BJZ,MSE+AC,diff,26,6,0.23076923076923078
3M6F-BJZ,MSE+UCN,diff,26,0,0.0
3M6F-BJZ,MSE,gradcam,26,3,0.11538461538461539
3M6F-BJZ,MSE+AC,gradcam,26,0,0.0
3M6F-BJZ,MSE+UCN,gradcam,26,2,0.07692307692307693
3M6F-BJZ,MSE,gradinput,26,4,0.15384615384615385
3M6F-BJZ,MSE+AC,gradinput,26,1,0.038461538461538464
3M6F-BJZ,MSE+UCN,gradinput,26,8,0.3076923076923077
3M6F-BJZ,MSE,ig,26,1,0.038461538461538464
3M6F-BJZ,MSE+AC,ig,26,5,0.19230769230769232
3M6F-BJZ,MSE+UCN,ig,26,0,0.0
3M6F-BJZ,MSE,shap,26,5,0.19230769230769232
3M6F-BJZ,MSE+AC,shap,26,3,0.11538461538461539
3M6F-BJZ,MSE+UCN,shap,26,6,0.23076923076923078
3N0T-OPY,MSE,cam,261,71,0.2720306513409962
3N0T-OPY,MSE+AC,cam,261,46,0.17624521072796934
3N0T-OPY,MSE+UCN,cam,261,44,0.1685823754789272
3N0T-OPY,MSE,diff,261,25,0.09578544061302682
3N0T-OPY,MSE+AC,diff,261,40,0.1532567049808429
3N0T-OPY,MSE+UCN,diff,261,29,0.1111111111111111
3N0T-OPY,MSE,gradcam,261,33,0.12643678160919541
3N0T-OPY,MSE+AC,gradcam,261,41,0.15708812260536398
3N0T-OPY,MSE+UCN,gradcam,261,27,0.10344827586206896
3N0T-OPY,MSE,gradinput,261,35,0.13409961685823754
3N0T-OPY,MSE+AC,gradinput,261,34,0.13026819923371646
3N0T-OPY,MSE+UCN,gradinput,261,13,0.04980842911877394
3N0T-OPY,MSE,ig,261,21,0.08045977011494253
3N0T-OPY,MSE+AC,ig,261,30,0.11494252873563218
3N0T-OPY,MSE+UCN,ig,261,22,0.0842911877394636
3N0T-OPY,MSE,shap,261,56,0.21455938697318008
3N0T-OPY,MSE+AC,shap,261,51,0.19540229885057472
3N0T-OPY,MSE+UCN,shap,261,54,0.20689655172413793
3N3G-93N,MSE,cam,21,4,0.19047619047619047
3N3G-93N,MSE+AC,cam,21,4,0.19047619047619047
3N3G-93N,MSE+UCN,cam,21,3,0.14285714285714285
3N3G-93N,MSE,diff,21,1,0.047619047619047616
3N3G-93N,MSE+AC,diff,21,1,0.047619047619047616
3N3G-93N,MSE+UCN,diff,21,2,0.09523809523809523
3N3G-93N,MSE,gradcam,21,1,0.047619047619047616
3N3G-93N,MSE+AC,gradcam,21,2,0.09523809523809523
3N3G-93N,MSE+UCN,gradcam,21,1,0.047619047619047616
3N3G-93N,MSE,gradinput,21,1,0.047619047619047616
3N3G-93N,MSE+AC,gradinput,21,2,0.09523809523809523
3N3G-93N,MSE+UCN,gradinput,21,0,0.0
3N3G-93N,MSE,ig,21,3,0.14285714285714285
3N3G-93N,MSE+AC,ig,21,2,0.09523809523809523
3N3G-93N,MSE+UCN,ig,21,1,0.047619047619047616
3N3G-93N,MSE,shap,21,5,0.23809523809523808
3N3G-93N,MSE+AC,shap,21,4,0.19047619047619047
3N3G-93N,MSE+UCN,shap,21,6,0.2857142857142857
3N7R-N7R,MSE,cam,62,10,0.16129032258064516
3N7R-N7R,MSE+AC,cam,62,0,0.0
3N7R-N7R,MSE+UCN,cam,62,25,0.4032258064516129
3N7R-N7R,MSE,diff,62,0,0.0
3N7R-N7R,MSE+AC,diff,62,0,0.0
3N7R-N7R,MSE+UCN,diff,62,0,0.0
3N7R-N7R,MSE,gradcam,62,6,0.0967741935483871
3N7R-N7R,MSE+AC,gradcam,62,11,0.1774193548387097
3N7R-N7R,MSE+UCN,gradcam,62,20,0.3225806451612903
3N7R-N7R,MSE,gradinput,62,1,0.016129032258064516
3N7R-N7R,MSE+AC,gradinput,62,0,0.0
3N7R-N7R,MSE+UCN,gradinput,62,12,0.1935483870967742
3N7R-N7R,MSE,ig,62,1,0.016129032258064516
3N7R-N7R,MSE+AC,ig,62,1,0.016129032258064516
3N7R-N7R,MSE+UCN,ig,62,0,0.0
3N7R-N7R,MSE,shap,62,17,0.27419354838709675
3N7R-N7R,MSE+AC,shap,62,17,0.27419354838709675
3N7R-N7R,MSE+UCN,shap,62,12,0.1935483870967742
3NC9-TR3,MSE,cam,56,26,0.4642857142857143
3NC9-TR3,MSE+AC,cam,56,15,0.26785714285714285
3NC9-TR3,MSE+UCN,cam,56,7,0.125
3NC9-TR3,MSE,diff,56,3,0.05357142857142857
3NC9-TR3,MSE+AC,diff,56,1,0.017857142857142856
3NC9-TR3,MSE+UCN,diff,56,6,0.10714285714285714
3NC9-TR3,MSE,gradcam,56,5,0.08928571428571429
3NC9-TR3,MSE+AC,gradcam,56,6,0.10714285714285714
3NC9-TR3,MSE+UCN,gradcam,56,7,0.125
3NC9-TR3,MSE,gradinput,56,9,0.16071428571428573
3NC9-TR3,MSE+AC,gradinput,56,3,0.05357142857142857
3NC9-TR3,MSE+UCN,gradinput,56,5,0.08928571428571429
3NC9-TR3,MSE,ig,56,1,0.017857142857142856
3NC9-TR3,MSE+AC,ig,56,4,0.07142857142857142
3NC9-TR3,MSE+UCN,ig,56,12,0.21428571428571427
3NC9-TR3,MSE,shap,56,13,0.23214285714285715
3NC9-TR3,MSE+AC,shap,56,14,0.25
3NC9-TR3,MSE+UCN,shap,56,11,0.19642857142857142
3NUN-JMZ,MSE,cam,67,24,0.3582089552238806
3NUN-JMZ,MSE+AC,cam,67,4,0.05970149253731343
3NUN-JMZ,MSE+UCN,cam,67,17,0.2537313432835821
3NUN-JMZ,MSE,diff,67,3,0.04477611940298507
3NUN-JMZ,MSE+AC,diff,67,5,0.07462686567164178
3NUN-JMZ,MSE+UCN,diff,67,4,0.05970149253731343
3NUN-JMZ,MSE,gradcam,67,11,0.16417910447761194
3NUN-JMZ,MSE+AC,gradcam,67,5,0.07462686567164178
3NUN-JMZ,MSE+UCN,gradcam,67,12,0.1791044776119403
3NUN-JMZ,MSE,gradinput,67,8,0.11940298507462686
3NUN-JMZ,MSE+AC,gradinput,67,0,0.0
3NUN-JMZ,MSE+UCN,gradinput,67,6,0.08955223880597014
3NUN-JMZ,MSE,ig,67,9,0.13432835820895522
3NUN-JMZ,MSE+AC,ig,67,5,0.07462686567164178
3NUN-JMZ,MSE+UCN,ig,67,14,0.208955223880597
3NUN-JMZ,MSE,shap,67,11,0.16417910447761194
3NUN-JMZ,MSE+AC,shap,67,14,0.208955223880597
3NUN-JMZ,MSE+UCN,shap,67,11,0.16417910447761194
3O9L-LPN,MSE,cam,270,211,0.7814814814814814
3O9L-LPN,MSE+AC,cam,270,199,0.737037037037037
3O9L-LPN,MSE+UCN,cam,270,0,0.0
3O9L-LPN,MSE,diff,270,0,0.0
3O9L-LPN,MSE+AC,diff,270,35,0.12962962962962962
3O9L-LPN,MSE+UCN,diff,270,27,0.1
3O9L-LPN,MSE,gradcam,270,58,0.21481481481481482
3O9L-LPN,MSE+AC,gradcam,270,0,0.0
3O9L-LPN,MSE+UCN,gradcam,270,4,0.014814814814814815
3O9L-LPN,MSE,gradinput,270,49,0.1814814814814815
3O9L-LPN,MSE+AC,gradinput,270,41,0.15185185185185185
3O9L-LPN,MSE+UCN,gradinput,270,2,0.007407407407407408
3O9L-LPN,MSE,ig,270,159,0.5888888888888889
3O9L-LPN,MSE+AC,ig,270,0,0.0
3O9L-LPN,MSE+UCN,ig,270,53,0.1962962962962963
3O9L-LPN,MSE,shap,270,82,0.3037037037037037
3O9L-LPN,MSE+AC,shap,270,70,0.25925925925925924
3O9L-LPN,MSE+UCN,shap,270,68,0.2518518518518518
3OCS-746,MSE,cam,460,107,0.2326086956521739
3OCS-746,MSE+AC,cam,460,154,0.3347826086956522
3OCS-746,MSE+UCN,cam,460,174,0.3782608695652174
3OCS-746,MSE,diff,460,41,0.0891304347826087
3OCS-746,MSE+AC,diff,460,42,0.09130434782608696
3OCS-746,MSE+UCN,diff,460,54,0.11739130434782609
3OCS-746,MSE,gradcam,460,98,0.21304347826086956
3OCS-746,MSE+AC,gradcam,460,92,0.2
3OCS-746,MSE+UCN,gradcam,460,123,0.2673913043478261
3OCS-746,MSE,gradinput,460,72,0.1565217391304348
3OCS-746,MSE+AC,gradinput,460,78,0.16956521739130434
3OCS-746,MSE+UCN,gradinput,460,32,0.06956521739130435
3OCS-746,MSE,ig,460,126,0.27391304347826084
3OCS-746,MSE+AC,ig,460,50,0.10869565217391304
3OCS-746,MSE+UCN,ig,460,60,0.13043478260869565
3OCS-746,MSE,shap,460,150,0.32608695652173914
3OCS-746,MSE+AC,shap,460,141,0.3065217391304348
3OCS-746,MSE+UCN,shap,460,151,0.3282608695652174
3OOT-SSR,MSE,cam,151,28,0.18543046357615894
3OOT-SSR,MSE+AC,cam,151,31,0.2052980132450331
3OOT-SSR,MSE+UCN,cam,151,27,0.17880794701986755
3OOT-SSR,MSE,diff,151,5,0.033112582781456956
3OOT-SSR,MSE+AC,diff,151,12,0.07947019867549669
3OOT-SSR,MSE+UCN,diff,151,18,0.11920529801324503
3OOT-SSR,MSE,gradcam,151,15,0.09933774834437085
3OOT-SSR,MSE+AC,gradcam,151,42,0.2781456953642384
3OOT-SSR,MSE+UCN,gradcam,151,17,0.11258278145695365
3OOT-SSR,MSE,gradinput,151,20,0.13245033112582782
3OOT-SSR,MSE+AC,gradinput,151,17,0.11258278145695365
3OOT-SSR,MSE+UCN,gradinput,151,26,0.17218543046357615
3OOT-SSR,MSE,ig,151,39,0.2582781456953642
3OOT-SSR,MSE+AC,ig,151,31,0.2052980132450331
3OOT-SSR,MSE+UCN,ig,151,35,0.23178807947019867
3OOT-SSR,MSE,shap,151,41,0.271523178807947
3OOT-SSR,MSE+AC,shap,151,40,0.26490066225165565
3OOT-SSR,MSE+UCN,shap,151,40,0.26490066225165565
3OQK-S52,MSE,cam,384,67,0.17447916666666666
3OQK-S52,MSE+AC,cam,384,52,0.13541666666666666
3OQK-S52,MSE+UCN,cam,384,118,0.3072916666666667
3OQK-S52,MSE,diff,384,26,0.06770833333333333
3OQK-S52,MSE+AC,diff,384,32,0.08333333333333333
3OQK-S52,MSE+UCN,diff,384,38,0.09895833333333333
3OQK-S52,MSE,gradcam,384,62,0.16145833333333334
3OQK-S52,MSE+AC,gradcam,384,28,0.07291666666666667
3OQK-S52,MSE+UCN,gradcam,384,42,0.109375
3OQK-S52,MSE,gradinput,384,64,0.16666666666666666
3OQK-S52,MSE+AC,gradinput,384,31,0.08072916666666667
3OQK-S52,MSE+UCN,gradinput,384,39,0.1015625
3OQK-S52,MSE,ig,384,25,0.06510416666666667
3OQK-S52,MSE+AC,ig,384,30,0.078125
3OQK-S52,MSE+UCN,ig,384,20,0.052083333333333336
3OQK-S52,MSE,shap,384,86,0.22395833333333334
3OQK-S52,MSE+AC,shap,384,96,0.25
3OQK-S52,MSE+UCN,shap,384,75,0.1953125
3OT8-MI5,MSE,cam,132,18,0.13636363636363635
3OT8-MI5,MSE+AC,cam,132,21,0.1590909090909091
3OT8-MI5,MSE+UCN,cam,132,26,0.19696969696969696
3OT8-MI5,MSE,diff,132,8,0.06060606060606061
3OT8-MI5,MSE+AC,diff,132,10,0.07575757575757576
3OT8-MI5,MSE+UCN,diff,132,20,0.15151515151515152
3OT8-MI5,MSE,gradcam,132,13,0.09848484848484848
3OT8-MI5,MSE+AC,gradcam,132,9,0.06818181818181818
3OT8-MI5,MSE+UCN,gradcam,132,8,0.06060606060606061
3OT8-MI5,MSE,gradinput,132,9,0.06818181818181818
3OT8-MI5,MSE+AC,gradinput,132,2,0.015151515151515152
3OT8-MI5,MSE+UCN,gradinput,132,14,0.10606060606060606
3OT8-MI5,MSE,ig,132,5,0.03787878787878788
3OT8-MI5,MSE+AC,ig,132,11,0.08333333333333333
3OT8-MI5,MSE+UCN,ig,132,18,0.13636363636363635
3OT8-MI5,MSE,shap,132,31,0.23484848484848486
3OT8-MI5,MSE+AC,shap,132,23,0.17424242424242425
3OT8-MI5,MSE+UCN,shap,132,25,0.1893939393939394
3OY1-589,MSE,cam,15,4,0.26666666666666666
3OY1-589,MSE+AC,cam,15,4,0.26666666666666666
3OY1-589,MSE+UCN,cam,15,1,0.06666666666666667
3OY1-589,MSE,diff,15,1,0.06666666666666667
3OY1-589,MSE+AC,diff,15,0,0.0
3OY1-589,MSE+UCN,diff,15,1,0.06666666666666667
3OY1-589,MSE,gradcam,15,0,0.0
3OY1-589,MSE+AC,gradcam,15,1,0.06666666666666667
3OY1-589,MSE+UCN,gradcam,15,7,0.4666666666666667
3OY1-589,MSE,gradinput,15,3,0.2
3OY1-589,MSE+AC,gradinput,15,0,0.0
3OY1-589,MSE+UCN,gradinput,15,3,0.2
3OY1-589,MSE,ig,15,4,0.26666666666666666
3OY1-589,MSE+AC,ig,15,0,0.0
3OY1-589,MSE+UCN,ig,15,7,0.4666666666666667
3OY1-589,MSE,shap,15,2,0.13333333333333333
3OY1-589,MSE+AC,shap,15,5,0.3333333333333333
3OY1-589,MSE+UCN,shap,15,3,0.2
3PA3-C70,MSE,cam,92,7,0.07608695652173914
3PA3-C70,MSE+AC,cam,92,12,0.13043478260869565
3PA3-C70,MSE+UCN,cam,92,16,0.17391304347826086
3PA3-C70,MSE,diff,92,1,0.010869565217391304
3PA3-C70,MSE+AC,diff,92,7,0.07608695652173914
3PA3-C70,MSE+UCN,diff,92,1,0.010869565217391304
3PA3-C70,MSE,gradcam,92,12,0.13043478260869565
3PA3-C70,MSE+AC,gradcam,92,12,0.13043478260869565
3PA3-C70,MSE+UCN,gradcam,92,0,0.0
3PA3-C70,MSE,gradinput,92,5,0.05434782608695652
3PA3-C70,MSE+AC,gradinput,92,15,0.16304347826086957
3PA3-C70,MSE+UCN,gradinput,92,2,0.021739130434782608
3PA3-C70,MSE,ig,92,6,0.06521739130434782
3PA3-C70,MSE+AC,ig,92,13,0.14130434782608695
3PA3-C70,MSE+UCN,ig,92,1,0.010869565217391304
3PA3-C70,MSE,shap,92,20,0.21739130434782608
3PA3-C70,MSE+AC,shap,92,22,0.2391304347826087
3PA3-C70,MSE+UCN,shap,92,22,0.2391304347826087
3PBB-PBD,MSE,cam,207,120,0.5797101449275363
3PBB-PBD,MSE+AC,cam,207,84,0.4057971014492754
3PBB-PBD,MSE+UCN,cam,207,21,0.10144927536231885
3PBB-PBD,MSE,diff,207,24,0.11594202898550725
3PBB-PBD,MSE+AC,diff,207,8,0.03864734299516908
3PBB-PBD,MSE+UCN,diff,207,12,0.057971014492753624
3PBB-PBD,MSE,gradcam,207,15,0.07246376811594203
3PBB-PBD,MSE+AC,gradcam,207,3,0.014492753623188406
3PBB-PBD,MSE+UCN,gradcam,207,15,0.07246376811594203
3PBB-PBD,MSE,gradinput,207,20,0.0966183574879227
3PBB-PBD,MSE+AC,gradinput,207,20,0.0966183574879227
3PBB-PBD,MSE+UCN,gradinput,207,25,0.12077294685990338
3PBB-PBD,MSE,ig,207,7,0.033816425120772944
3PBB-PBD,MSE+AC,ig,207,6,0.028985507246376812
3PBB-PBD,MSE+UCN,ig,207,47,0.22705314009661837
3PBB-PBD,MSE,shap,207,45,0.21739130434782608
3PBB-PBD,MSE+AC,shap,207,55,0.26570048309178745
3PBB-PBD,MSE+UCN,shap,207,52,0.25120772946859904
3PI5-3P5,MSE,cam,158,45,0.2848101265822785
3PI5-3P5,MSE+AC,cam,158,57,0.36075949367088606
3PI5-3P5,MSE+UCN,cam,158,14,0.08860759493670886
3PI5-3P5,MSE,diff,158,7,0.04430379746835443
3PI5-3P5,MSE+AC,diff,158,19,0.12025316455696203
3PI5-3P5,MSE+UCN,diff,158,0,0.0
3PI5-3P5,MSE,gradcam,158,8,0.05063291139240506
3PI5-3P5,MSE+AC,gradcam,158,7,0.04430379746835443
3PI5-3P5,MSE+UCN,gradcam,158,32,0.20253164556962025
3PI5-3P5,MSE,gradinput,158,3,0.0189873417721519
3PI5-3P5,MSE+AC,gradinput,158,12,0.0759493670886076
3PI5-3P5,MSE+UCN,gradinput,158,11,0.06962025316455696
3PI5-3P5,MSE,ig,158,7,0.04430379746835443
3PI5-3P5,MSE+AC,ig,158,12,0.0759493670886076
3PI5-3P5,MSE+UCN,ig,158,3,0.0189873417721519
3PI5-3P5,MSE,shap,158,38,0.24050632911392406
3PI5-3P5,MSE+AC,shap,158,33,0.2088607594936709
3PI5-3P5,MSE+UCN,shap,158,34,0.21518987341772153
3POZ-03P,MSE,cam,44,5,0.11363636363636363
3POZ-03P,MSE+AC,cam,44,1,0.022727272727272728
3POZ-03P,MSE+UCN,cam,44,4,0.09090909090909091
3POZ-03P,MSE,diff,44,1,0.022727272727272728
3POZ-03P,MSE+AC,diff,44,0,0.0
3POZ-03P,MSE+UCN,diff,44,1,0.022727272727272728
3POZ-03P,MSE,gradcam,44,5,0.11363636363636363
3POZ-03P,MSE+AC,gradcam,44,1,0.022727272727272728
3POZ-03P,MSE+UCN,gradcam,44,4,0.09090909090909091
3POZ-03P,MSE,gradinput,44,1,0.022727272727272728
3POZ-03P,MSE+AC,gradinput,44,4,0.09090909090909091
3POZ-03P,MSE+UCN,gradinput,44,2,0.045454545454545456
3POZ-03P,MSE,ig,44,0,0.0
3POZ-03P,MSE+AC,ig,44,2,0.045454545454545456
3POZ-03P,MSE+UCN,ig,44,1,0.022727272727272728
3POZ-03P,MSE,shap,44,9,0.20454545454545456
3POZ-03P,MSE+AC,shap,44,8,0.18181818181818182
3POZ-03P,MSE+UCN,shap,44,9,0.20454545454545456
3Q32-J2I,MSE,cam,15,2,0.13333333333333333
3Q32-J2I,MSE+AC,cam,15,5,0.3333333333333333
3Q32-J2I,MSE+UCN,cam,15,2,0.13333333333333333
3Q32-J2I,MSE,diff,15,8,0.5333333333333333
3Q32-J2I,MSE+AC,diff,15,8,0.5333333333333333
3Q32-J2I,MSE+UCN,diff,15,3,0.2
3Q32-J2I,MSE,gradcam,15,3,0.2
3Q32-J2I,MSE+AC,gradcam,15,0,0.0
3Q32-J2I,MSE+UCN,gradcam,15,2,0.13333333333333333
3Q32-J2I,MSE,gradinput,15,1,0.06666666666666667
3Q32-J2I,MSE+AC,gradinput,15,4,0.26666666666666666
3Q32-J2I,MSE+UCN,gradinput,15,1,0.06666666666666667
3Q32-J2I,MSE,ig,15,4,0.26666666666666666
3Q32-J2I,MSE+AC,ig,15,1,0.06666666666666667
3Q32-J2I,MSE+UCN,ig,15,3,0.2
3Q32-J2I,MSE,shap,15,3,0.2
3Q32-J2I,MSE+AC,shap,15,4,0.26666666666666666
3Q32-J2I,MSE+UCN,shap,15,5,0.3333333333333333
3Q3K-D90,MSE,cam,137,23,0.1678832116788321
3Q3K-D90,MSE+AC,cam,137,30,0.21897810218978103
3Q3K-D90,MSE+UCN,cam,137,84,0.6131386861313869
3Q3K-D90,MSE,diff,137,8,0.058394160583941604
3Q3K-D90,MSE+AC,diff,137,8,0.058394160583941604
3Q3K-D90,MSE+UCN,diff,137,23,0.1678832116788321
3Q3K-D90,MSE,gradcam,137,35,0.25547445255474455
3Q3K-D90,MSE+AC,gradcam,137,5,0.0364963503649635
3Q3K-D90,MSE+UCN,gradcam,137,11,0.08029197080291971
3Q3K-D90,MSE,gradinput,137,5,0.0364963503649635
3Q3K-D90,MSE+AC,gradinput,137,35,0.25547445255474455
3Q3K-D90,MSE+UCN,gradinput,137,20,0.145985401459854
3Q3K-D90,MSE,ig,137,12,0.08759124087591241
3Q3K-D90,MSE+AC,ig,137,6,0.043795620437956206
3Q3K-D90,MSE+UCN,ig,137,19,0.1386861313868613
3Q3K-D90,MSE,shap,137,43,0.31386861313868614
3Q3K-D90,MSE+AC,shap,137,41,0.29927007299270075
3Q3K-D90,MSE+UCN,shap,137,39,0.2846715328467153
3Q3T-RX0,MSE,cam,19,2,0.10526315789473684
3Q3T-RX0,MSE+AC,cam,19,7,0.3684210526315789
3Q3T-RX0,MSE+UCN,cam,19,6,0.3157894736842105
3Q3T-RX0,MSE,diff,19,0,0.0
3Q3T-RX0,MSE+AC,diff,19,0,0.0
3Q3T-RX0,MSE+UCN,diff,19,1,0.05263157894736842
3Q3T-RX0,MSE,gradcam,19,3,0.15789473684210525
3Q3T-RX0,MSE+AC,gradcam,19,5,0.2631578947368421
3Q3T-RX0,MSE+UCN,gradcam,19,2,0.10526315789473684
3Q3T-RX0,MSE,gradinput,19,1,0.05263157894736842
3Q3T-RX0,MSE+AC,gradinput,19,9,0.47368421052631576
3Q3T-RX0,MSE+UCN,gradinput,19,6,0.3157894736842105
3Q3T-RX0,MSE,ig,19,2,0.10526315789473684
3Q3T-RX0,MSE+AC,ig,19,2,0.10526315789473684
3Q3T-RX0,MSE+UCN,ig,19,1,0.05263157894736842
3Q3T-RX0,MSE,shap,19,7,0.3684210526315789
3Q3T-RX0,MSE+AC,shap,19,4,0.21052631578947367
3Q3T-RX0,MSE+UCN,shap,19,6,0.3157894736842105
3Q8W-AZV,MSE,cam,57,15,0.2631578947368421
3Q8W-AZV,MSE+AC,cam,57,11,0.19298245614035087
3Q8W-AZV,MSE+UCN,cam,57,23,0.40350877192982454
3Q8W-AZV,MSE,diff,57,3,0.05263157894736842
3Q8W-AZV,MSE+AC,diff,57,2,0.03508771929824561
3Q8W-AZV,MSE+UCN,diff,57,7,0.12280701754385964
3Q8W-AZV,MSE,gradcam,57,2,0.03508771929824561
3Q8W-AZV,MSE+AC,gradcam,57,12,0.21052631578947367
3Q8W-AZV,MSE+UCN,gradcam,57,9,0.15789473684210525
3Q8W-AZV,MSE,gradinput,57,9,0.15789473684210525
3Q8W-AZV,MSE+AC,gradinput,57,12,0.21052631578947367
3Q8W-AZV,MSE+UCN,gradinput,57,11,0.19298245614035087
3Q8W-AZV,MSE,ig,57,4,0.07017543859649122
3Q8W-AZV,MSE+AC,ig,57,5,0.08771929824561403
3Q8W-AZV,MSE+UCN,ig,57,9,0.15789473684210525
3Q8W-AZV,MSE,shap,57,9,0.15789473684210525
3Q8W-AZV,MSE+AC,shap,57,13,0.22807017543859648
3Q8W-AZV,MSE+UCN,shap,57,10,0.17543859649122806
3Q92-XNB,MSE,cam,113,6,0.05309734513274336
3Q92-XNB,MSE+AC,cam,113,16,0.1415929203539823
3Q92-XNB,MSE+UCN,cam,113,6,0.05309734513274336
3Q92-XNB,MSE,diff,113,11,0.09734513274336283
3Q92-XNB,MSE+AC,diff,113,11,0.09734513274336283
3Q92-XNB,MSE+UCN,diff,113,9,0.07964601769911504
3Q92-XNB,MSE,gradcam,113,12,0.10619469026548672
3Q92-XNB,MSE+AC,gradcam,113,10,0.08849557522123894
3Q92-XNB,MSE+UCN,gradcam,113,13,0.11504424778761062
3Q92-XNB,MSE,gradinput,113,11,0.09734513274336283
3Q92-XNB,MSE+AC,gradinput,113,8,0.07079646017699115
3Q92-XNB,MSE+UCN,gradinput,113,9,0.07964601769911504
3Q92-XNB,MSE,ig,113,11,0.09734513274336283
3Q92-XNB,MSE+AC,ig,113,2,0.017699115044247787
3Q92-XNB,MSE+UCN,ig,113,6,0.05309734513274336
3Q92-XNB,MSE,shap,113,21,0.18584070796460178
3Q92-XNB,MSE+AC,shap,113,21,0.18584070796460178
3Q92-XNB,MSE+UCN,shap,113,17,0.1504424778761062
3QAQ-QAQ,MSE,cam,20,5,0.25
3QAQ-QAQ,MSE+AC,cam,20,6,0.3
3QAQ-QAQ,MSE+UCN,cam,20,10,0.5
3QAQ-QAQ,MSE,diff,20,0,0.0
3QAQ-QAQ,MSE+AC,diff,20,2,0.1
3QAQ-QAQ,MSE+UCN,diff,20,2,0.1
3QAQ-QAQ,MSE,gradcam,20,0,0.0
3QAQ-QAQ,MSE+AC,gradcam,20,1,0.05
3QAQ-QAQ,MSE+UCN,gradcam,20,8,0.4
3QAQ-QAQ,MSE,gradinput,20,1,0.05
3QAQ-QAQ,MSE+AC,gradinput,20,3,0.15
3QAQ-QAQ,MSE+UCN,gradinput,20,1,0.05
3QAQ-QAQ,MSE,ig,20,1,0.05
3QAQ-QAQ,MSE+AC,ig,20,1,0.05
3QAQ-QAQ,MSE+UCN,ig,20,0,0.0
3QAQ-QAQ,MSE,shap,20,7,0.35
3QAQ-QAQ,MSE+AC,shap,20,6,0.3
3QAQ-QAQ,MSE+UCN,shap,20,6,0.3
3R43-ID8,MSE,cam,79,34,0.43037974683544306
3R43-ID8,MSE+AC,cam,79,43,0.5443037974683544
3R43-ID8,MSE+UCN,cam,79,9,0.11392405063291139
3R43-ID8,MSE,diff,79,3,0.0379746835443038
3R43-ID8,MSE+AC,diff,79,6,0.0759493670886076
3R43-ID8,MSE+UCN,diff,79,4,0.05063291139240506
3R43-ID8,MSE,gradcam,79,9,0.11392405063291139
3R43-ID8,MSE+AC,gradcam,79,2,0.02531645569620253
3R43-ID8,MSE+UCN,gradcam,79,13,0.16455696202531644
3R43-ID8,MSE,gradinput,79,6,0.0759493670886076
3R43-ID8,MSE+AC,gradinput,79,14,0.17721518987341772
3R43-ID8,MSE+UCN,gradinput,79,6,0.0759493670886076
3R43-ID8,MSE,ig,79,3,0.0379746835443038
3R43-ID8,MSE+AC,ig,79,7,0.08860759493670886
3R43-ID8,MSE+UCN,ig,79,10,0.12658227848101267
3R43-ID8,MSE,shap,79,12,0.1518987341772152
3R43-ID8,MSE+AC,shap,79,17,0.21518987341772153
3R43-ID8,MSE+UCN,shap,79,17,0.21518987341772153
3RO4-LJ9,MSE,cam,28,5,0.17857142857142858
3RO4-LJ9,MSE+AC,cam,28,7,0.25
3RO4-LJ9,MSE+UCN,cam,28,2,0.07142857142857142
3RO4-LJ9,MSE,diff,28,2,0.07142857142857142
3RO4-LJ9,MSE+AC,diff,28,2,0.07142857142857142
3RO4-LJ9,MSE+UCN,diff,28,4,0.14285714285714285
3RO4-LJ9,MSE,gradcam,28,2,0.07142857142857142
3RO4-LJ9,MSE+AC,gradcam,28,2,0.07142857142857142
3RO4-LJ9,MSE+UCN,gradcam,28,1,0.03571428571428571
3RO4-LJ9,MSE,gradinput,28,3,0.10714285714285714
3RO4-LJ9,MSE+AC,gradinput,28,3,0.10714285714285714
3RO4-LJ9,MSE+UCN,gradinput,28,5,0.17857142857142858
3RO4-LJ9,MSE,ig,28,0,0.0
3RO4-LJ9,MSE+AC,ig,28,0,0.0
3RO4-LJ9,MSE+UCN,ig,28,2,0.07142857142857142
3RO4-LJ9,MSE,shap,28,5,0.17857142857142858
3RO4-LJ9,MSE+AC,shap,28,4,0.14285714285714285
3RO4-LJ9,MSE+UCN,shap,28,5,0.17857142857142858
3RUK-AER,MSE,cam,37,1,0.02702702702702703
3RUK-AER,MSE+AC,cam,37,8,0.21621621621621623
3RUK-AER,MSE+UCN,cam,37,1,0.02702702702702703
3RUK-AER,MSE,diff,37,3,0.08108108108108109
3RUK-AER,MSE+AC,diff,37,1,0.02702702702702703
3RUK-AER,MSE+UCN,diff,37,7,0.1891891891891892
3RUK-AER,MSE,gradcam,37,1,0.02702702702702703
3RUK-AER,MSE+AC,gradcam,37,0,0.0
3RUK-AER,MSE+UCN,gradcam,37,1,0.02702702702702703
3RUK-AER,MSE,gradinput,37,4,0.10810810810810811
3RUK-AER,MSE+AC,gradinput,37,4,0.10810810810810811
3RUK-AER,MSE+UCN,gradinput,37,1,0.02702702702702703
3RUK-AER,MSE,ig,37,1,0.02702702702702703
3RUK-AER,MSE+AC,ig,37,5,0.13513513513513514
3RUK-AER,MSE+UCN,ig,37,2,0.05405405405405406
3RUK-AER,MSE,shap,37,6,0.16216216216216217
3RUK-AER,MSE+AC,shap,37,3,0.08108108108108109
3RUK-AER,MSE+UCN,shap,37,3,0.08108108108108109
3S7S-EXM,MSE,cam,179,12,0.0670391061452514
3S7S-EXM,MSE+AC,cam,179,22,0.12290502793296089
3S7S-EXM,MSE+UCN,cam,179,10,0.055865921787709494
3S7S-EXM,MSE,diff,179,6,0.0335195530726257
3S7S-EXM,MSE+AC,diff,179,5,0.027932960893854747
3S7S-EXM,MSE+UCN,diff,179,7,0.03910614525139665
3S7S-EXM,MSE,gradcam,179,6,0.0335195530726257
3S7S-EXM,MSE+AC,gradcam,179,5,0.027932960893854747
3S7S-EXM,MSE+UCN,gradcam,179,4,0.0223463687150838
3S7S-EXM,MSE,gradinput,179,2,0.0111731843575419
3S7S-EXM,MSE+AC,gradinput,179,2,0.0111731843575419
3S7S-EXM,MSE+UCN,gradinput,179,13,0.07262569832402235
3S7S-EXM,MSE,ig,179,4,0.0223463687150838
3S7S-EXM,MSE+AC,ig,179,16,0.0893854748603352
3S7S-EXM,MSE+UCN,ig,179,6,0.0335195530726257
3S7S-EXM,MSE,shap,179,13,0.07262569832402235
3S7S-EXM,MSE+AC,shap,179,20,0.11173184357541899
3S7S-EXM,MSE+UCN,shap,179,24,0.1340782122905028
3SHY-5FO,MSE,cam,829,96,0.1158021712907117
3SHY-5FO,MSE+AC,cam,829,102,0.12303980699638119
3SHY-5FO,MSE+UCN,cam,829,131,0.158021712907117
3SHY-5FO,MSE,diff,829,72,0.08685162846803378
3SHY-5FO,MSE+AC,diff,829,98,0.11821471652593486
3SHY-5FO,MSE+UCN,diff,829,43,0.05186972255729795
3SHY-5FO,MSE,gradcam,829,108,0.13027744270205066
3SHY-5FO,MSE+AC,gradcam,829,78,0.09408926417370325
3SHY-5FO,MSE+UCN,gradcam,829,71,0.0856453558504222
3SHY-5FO,MSE,gradinput,829,72,0.08685162846803378
3SHY-5FO,MSE+AC,gradinput,829,109,0.13148371531966224
3SHY-5FO,MSE+UCN,gradinput,829,96,0.1158021712907117
3SHY-5FO,MSE,ig,829,45,0.054282267792521106
3SHY-5FO,MSE+AC,ig,829,67,0.08082026537997587
3SHY-5FO,MSE+UCN,ig,829,64,0.07720144752714113
3SHY-5FO,MSE,shap,829,224,0.27020506634499397
3SHY-5FO,MSE+AC,shap,829,235,0.28347406513872137
3SHY-5FO,MSE+UCN,shap,829,229,0.2762364294330519
3SWZ-TOK,MSE,cam,13,0,0.0
3SWZ-TOK,MSE+AC,cam,13,1,0.07692307692307693
3SWZ-TOK,MSE+UCN,cam,13,1,0.07692307692307693
3SWZ-TOK,MSE,diff,13,0,0.0
3SWZ-TOK,MSE+AC,diff,13,0,0.0
3SWZ-TOK,MSE+UCN,diff,13,0,0.0
3SWZ-TOK,MSE,gradcam,13,4,0.3076923076923077
3SWZ-TOK,MSE+AC,gradcam,13,0,0.0
3SWZ-TOK,MSE+UCN,gradcam,13,2,0.15384615384615385
3SWZ-TOK,MSE,gradinput,13,0,0.0
3SWZ-TOK,MSE+AC,gradinput,13,0,0.0
3SWZ-TOK,MSE+UCN,gradinput,13,1,0.07692307692307693
3SWZ-TOK,MSE,ig,13,1,0.07692307692307693
3SWZ-TOK,MSE+AC,ig,13,0,0.0
3SWZ-TOK,MSE+UCN,ig,13,1,0.07692307692307693
3SWZ-TOK,MSE,shap,13,2,0.15384615384615385
3SWZ-TOK,MSE+AC,shap,13,3,0.23076923076923078
3SWZ-TOK,MSE+UCN,shap,13,3,0.23076923076923078
3TJC-0TP,MSE,cam,14,1,0.07142857142857142
3TJC-0TP,MSE+AC,cam,14,1,0.07142857142857142
3TJC-0TP,MSE+UCN,cam,14,1,0.07142857142857142
3TJC-0TP,MSE,diff,14,0,0.0
3TJC-0TP,MSE+AC,diff,14,2,0.14285714285714285
3TJC-0TP,MSE+UCN,diff,14,4,0.2857142857142857
3TJC-0TP,MSE,gradcam,14,2,0.14285714285714285
3TJC-0TP,MSE+AC,gradcam,14,0,0.0
3TJC-0TP,MSE+UCN,gradcam,14,2,0.14285714285714285
3TJC-0TP,MSE,gradinput,14,0,0.0
3TJC-0TP,MSE+AC,gradinput,14,1,0.07142857142857142
3TJC-0TP,MSE+UCN,gradinput,14,0,0.0
3TJC-0TP,MSE,ig,14,1,0.07142857142857142
3TJC-0TP,MSE+AC,ig,14,3,0.21428571428571427
3TJC-0TP,MSE+UCN,ig,14,1,0.07142857142857142
3TJC-0TP,MSE,shap,14,4,0.2857142857142857
3TJC-0TP,MSE+AC,shap,14,4,0.2857142857142857
3TJC-0TP,MSE+UCN,shap,14,4,0.2857142857142857
3TK5-D1Q,MSE,cam,13,3,0.23076923076923078
3TK5-D1Q,MSE+AC,cam,13,7,0.5384615384615384
3TK5-D1Q,MSE+UCN,cam,13,8,0.6153846153846154
3TK5-D1Q,MSE,diff,13,1,0.07692307692307693
3TK5-D1Q,MSE+AC,diff,13,3,0.23076923076923078
3TK5-D1Q,MSE+UCN,diff,13,0,0.0
3TK5-D1Q,MSE,gradcam,13,3,0.23076923076923078
3TK5-D1Q,MSE+AC,gradcam,13,2,0.15384615384615385
3TK5-D1Q,MSE+UCN,gradcam,13,7,0.5384615384615384
3TK5-D1Q,MSE,gradinput,13,0,0.0
3TK5-D1Q,MSE+AC,gradinput,13,1,0.07692307692307693
3TK5-D1Q,MSE+UCN,gradinput,13,6,0.46153846153846156
3TK5-D1Q,MSE,ig,13,7,0.5384615384615384
3TK5-D1Q,MSE+AC,ig,13,0,0.0
3TK5-D1Q,MSE+UCN,ig,13,1,0.07692307692307693
3TK5-D1Q,MSE,shap,13,4,0.3076923076923077
3TK5-D1Q,MSE+AC,shap,13,4,0.3076923076923077
3TK5-D1Q,MSE+UCN,shap,13,3,0.23076923076923078
3TKH-07S,MSE,cam,119,22,0.18487394957983194
3TKH-07S,MSE+AC,cam,119,22,0.18487394957983194
3TKH-07S,MSE+UCN,cam,119,36,0.3025210084033613
3TKH-07S,MSE,diff,119,10,0.08403361344537816
3TKH-07S,MSE+AC,diff,119,26,0.2184873949579832
3TKH-07S,MSE+UCN,diff,119,26,0.2184873949579832
3TKH-07S,MSE,gradcam,119,16,0.13445378151260504
3TKH-07S,MSE+AC,gradcam,119,16,0.13445378151260504
3TKH-07S,MSE+UCN,gradcam,119,20,0.16806722689075632
3TKH-07S,MSE,gradinput,119,3,0.025210084033613446
3TKH-07S,MSE+AC,gradinput,119,38,0.31932773109243695
3TKH-07S,MSE+UCN,gradinput,119,21,0.17647058823529413
3TKH-07S,MSE,ig,119,28,0.23529411764705882
3TKH-07S,MSE+AC,ig,119,47,0.3949579831932773
3TKH-07S,MSE+UCN,ig,119,25,0.21008403361344538
3TKH-07S,MSE,shap,119,28,0.23529411764705882
3TKH-07S,MSE+AC,shap,119,25,0.21008403361344538
3TKH-07S,MSE+UCN,shap,119,27,0.226890756302521
3TV7-07Q,MSE,cam,264,30,0.11363636363636363
3TV7-07Q,MSE+AC,cam,264,34,0.12878787878787878
3TV7-07Q,MSE+UCN,cam,264,7,0.026515151515151516
3TV7-07Q,MSE,diff,264,7,0.026515151515151516
3TV7-07Q,MSE+AC,diff,264,7,0.026515151515151516
3TV7-07Q,MSE+UCN,diff,264,8,0.030303030303030304
3TV7-07Q,MSE,gradcam,264,17,0.06439393939393939
3TV7-07Q,MSE+AC,gradcam,264,22,0.08333333333333333
3TV7-07Q,MSE+UCN,gradcam,264,17,0.06439393939393939
3TV7-07Q,MSE,gradinput,264,21,0.07954545454545454
3TV7-07Q,MSE+AC,gradinput,264,9,0.03409090909090909
3TV7-07Q,MSE+UCN,gradinput,264,27,0.10227272727272728
3TV7-07Q,MSE,ig,264,8,0.030303030303030304
3TV7-07Q,MSE+AC,ig,264,10,0.03787878787878788
3TV7-07Q,MSE+UCN,ig,264,15,0.056818181818181816
3TV7-07Q,MSE,shap,264,54,0.20454545454545456
3TV7-07Q,MSE+AC,shap,264,50,0.1893939393939394
3TV7-07Q,MSE+UCN,shap,264,52,0.19696969696969696
3U6H-03X,MSE,cam,349,95,0.2722063037249284
3U6H-03X,MSE+AC,cam,349,87,0.2492836676217765
3U6H-03X,MSE+UCN,cam,349,103,0.29512893982808025
3U6H-03X,MSE,diff,349,6,0.017191977077363897
3U6H-03X,MSE+AC,diff,349,22,0.06303724928366762
3U6H-03X,MSE+UCN,diff,349,4,0.011461318051575931
3U6H-03X,MSE,gradcam,349,48,0.13753581661891118
3U6H-03X,MSE+AC,gradcam,349,26,0.07449856733524356
3U6H-03X,MSE+UCN,gradcam,349,43,0.12320916905444126
3U6H-03X,MSE,gradinput,349,47,0.1346704871060172
3U6H-03X,MSE+AC,gradinput,349,32,0.09169054441260745
3U6H-03X,MSE+UCN,gradinput,349,30,0.08595988538681948
3U6H-03X,MSE,ig,349,18,0.05157593123209169
3U6H-03X,MSE+AC,ig,349,50,0.14326647564469913
3U6H-03X,MSE+UCN,ig,349,24,0.06876790830945559
3U6H-03X,MSE,shap,349,89,0.25501432664756446
3U6H-03X,MSE+AC,shap,349,91,0.2607449856733524
3U6H-03X,MSE+UCN,shap,349,84,0.24068767908309455
3U9N-09H,MSE,cam,38,4,0.10526315789473684
3U9N-09H,MSE+AC,cam,38,3,0.07894736842105263
3U9N-09H,MSE+UCN,cam,38,3,0.07894736842105263
3U9N-09H,MSE,diff,38,3,0.07894736842105263
3U9N-09H,MSE+AC,diff,38,2,0.05263157894736842
3U9N-09H,MSE+UCN,diff,38,1,0.02631578947368421
3U9N-09H,MSE,gradcam,38,0,0.0
3U9N-09H,MSE+AC,gradcam,38,7,0.18421052631578946
3U9N-09H,MSE+UCN,gradcam,38,11,0.2894736842105263
3U9N-09H,MSE,gradinput,38,6,0.15789473684210525
3U9N-09H,MSE+AC,gradinput,38,1,0.02631578947368421
3U9N-09H,MSE+UCN,gradinput,38,4,0.10526315789473684
3U9N-09H,MSE,ig,38,4,0.10526315789473684
3U9N-09H,MSE+AC,ig,38,2,0.05263157894736842
3U9N-09H,MSE+UCN,ig,38,4,0.10526315789473684
3U9N-09H,MSE,shap,38,6,0.15789473684210525
3U9N-09H,MSE+AC,shap,38,8,0.21052631578947367
3U9N-09H,MSE+UCN,shap,38,5,0.13157894736842105
3UFL-508,MSE,cam,16,2,0.125
3UFL-508,MSE+AC,cam,16,3,0.1875
3UFL-508,MSE+UCN,cam,16,0,0.0
3UFL-508,MSE,diff,16,3,0.1875
3UFL-508,MSE+AC,diff,16,2,0.125
3UFL-508,MSE+UCN,diff,16,0,0.0
3UFL-508,MSE,gradcam,16,1,0.0625
3UFL-508,MSE+AC,gradcam,16,6,0.375
3UFL-508,MSE+UCN,gradcam,16,0,0.0
3UFL-508,MSE,gradinput,16,1,0.0625
3UFL-508,MSE+AC,gradinput,16,8,0.5
3UFL-508,MSE+UCN,gradinput,16,2,0.125
3UFL-508,MSE,ig,16,2,0.125
3UFL-508,MSE+AC,ig,16,0,0.0
3UFL-508,MSE+UCN,ig,16,1,0.0625
3UFL-508,MSE,shap,16,5,0.3125
3UFL-508,MSE+AC,shap,16,7,0.4375
3UFL-508,MSE+UCN,shap,16,5,0.3125
3UMW-596,MSE,cam,27,6,0.2222222222222222
3UMW-596,MSE+AC,cam,27,3,0.1111111111111111
3UMW-596,MSE+UCN,cam,27,4,0.14814814814814814
3UMW-596,MSE,diff,27,0,0.0
3UMW-596,MSE+AC,diff,27,1,0.037037037037037035
3UMW-596,MSE+UCN,diff,27,2,0.07407407407407407
3UMW-596,MSE,gradcam,27,1,0.037037037037037035
3UMW-596,MSE+AC,gradcam,27,3,0.1111111111111111
3UMW-596,MSE+UCN,gradcam,27,2,0.07407407407407407
3UMW-596,MSE,gradinput,27,2,0.07407407407407407
3UMW-596,MSE+AC,gradinput,27,1,0.037037037037037035
3UMW-596,MSE+UCN,gradinput,27,0,0.0
3UMW-596,MSE,ig,27,0,0.0
3UMW-596,MSE+AC,ig,27,1,0.037037037037037035
3UMW-596,MSE+UCN,ig,27,2,0.07407407407407407
3UMW-596,MSE,shap,27,3,0.1111111111111111
3UMW-596,MSE+AC,shap,27,5,0.18518518518518517
3UMW-596,MSE+UCN,shap,27,4,0.14814814814814814
3VHE-42Q,MSE,cam,52,6,0.11538461538461539
3VHE-42Q,MSE+AC,cam,52,7,0.1346153846153846
3VHE-42Q,MSE+UCN,cam,52,4,0.07692307692307693
3VHE-42Q,MSE,diff,52,5,0.09615384615384616
3VHE-42Q,MSE+AC,diff,52,1,0.019230769230769232
3VHE-42Q,MSE+UCN,diff,52,8,0.15384615384615385
3VHE-42Q,MSE,gradcam,52,1,0.019230769230769232
3VHE-42Q,MSE+AC,gradcam,52,1,0.019230769230769232
3VHE-42Q,MSE+UCN,gradcam,52,6,0.11538461538461539
3VHE-42Q,MSE,gradinput,52,2,0.038461538461538464
3VHE-42Q,MSE+AC,gradinput,52,1,0.019230769230769232
3VHE-42Q,MSE+UCN,gradinput,52,4,0.07692307692307693
3VHE-42Q,MSE,ig,52,5,0.09615384615384616
3VHE-42Q,MSE+AC,ig,52,0,0.0
3VHE-42Q,MSE+UCN,ig,52,1,0.019230769230769232
3VHE-42Q,MSE,shap,52,12,0.23076923076923078
3VHE-42Q,MSE+AC,shap,52,11,0.21153846153846154
3VHE-42Q,MSE+UCN,shap,52,10,0.19230769230769232
3VJC-ZGA,MSE,cam,29,1,0.034482758620689655
3VJC-ZGA,MSE+AC,cam,29,2,0.06896551724137931
3VJC-ZGA,MSE+UCN,cam,29,2,0.06896551724137931
3VJC-ZGA,MSE,diff,29,1,0.034482758620689655
3VJC-ZGA,MSE+AC,diff,29,2,0.06896551724137931
3VJC-ZGA,MSE+UCN,diff,29,4,0.13793103448275862
3VJC-ZGA,MSE,gradcam,29,4,0.13793103448275862
3VJC-ZGA,MSE+AC,gradcam,29,3,0.10344827586206896
3VJC-ZGA,MSE+UCN,gradcam,29,3,0.10344827586206896
3VJC-ZGA,MSE,gradinput,29,2,0.06896551724137931
3VJC-ZGA,MSE+AC,gradinput,29,2,0.06896551724137931
3VJC-ZGA,MSE+UCN,gradinput,29,4,0.13793103448275862
3VJC-ZGA,MSE,ig,29,2,0.06896551724137931
3VJC-ZGA,MSE+AC,ig,29,0,0.0
3VJC-ZGA,MSE+UCN,ig,29,4,0.13793103448275862
3VJC-ZGA,MSE,shap,29,9,0.3103448275862069
3VJC-ZGA,MSE+AC,shap,29,8,0.27586206896551724
3VJC-ZGA,MSE+UCN,shap,29,7,0.2413793103448276
3VSW-R31,MSE,cam,69,38,0.5507246376811594
3VSW-R31,MSE+AC,cam,69,30,0.43478260869565216
3VSW-R31,MSE+UCN,cam,69,27,0.391304347826087
3VSW-R31,MSE,diff,69,2,0.028985507246376812
3VSW-R31,MSE+AC,diff,69,12,0.17391304347826086
3VSW-R31,MSE+UCN,diff,69,13,0.18840579710144928
3VSW-R31,MSE,gradcam,69,15,0.21739130434782608
3VSW-R31,MSE+AC,gradcam,69,21,0.30434782608695654
3VSW-R31,MSE+UCN,gradcam,69,4,0.057971014492753624
3VSW-R31,MSE,gradinput,69,3,0.043478260869565216
3VSW-R31,MSE+AC,gradinput,69,10,0.14492753623188406
3VSW-R31,MSE+UCN,gradinput,69,4,0.057971014492753624
3VSW-R31,MSE,ig,69,1,0.014492753623188406
3VSW-R31,MSE+AC,ig,69,4,0.057971014492753624
3VSW-R31,MSE+UCN,ig,69,27,0.391304347826087
3VSW-R31,MSE,shap,69,20,0.2898550724637681
3VSW-R31,MSE+AC,shap,69,18,0.2608695652173913
3VSW-R31,MSE+UCN,shap,69,17,0.2463768115942029
3VV6-B00,MSE,cam,34,3,0.08823529411764706
3VV6-B00,MSE+AC,cam,34,0,0.0
3VV6-B00,MSE+UCN,cam,34,0,0.0
3VV6-B00,MSE,diff,34,1,0.029411764705882353
3VV6-B00,MSE+AC,diff,34,0,0.0
3VV6-B00,MSE+UCN,diff,34,0,0.0
3VV6-B00,MSE,gradcam,34,7,0.20588235294117646
3VV6-B00,MSE+AC,gradcam,34,1,0.029411764705882353
3VV6-B00,MSE+UCN,gradcam,34,0,0.0
3VV6-B00,MSE,gradinput,34,1,0.029411764705882353
3VV6-B00,MSE+AC,gradinput,34,11,0.3235294117647059
3VV6-B00,MSE+UCN,gradinput,34,0,0.0
3VV6-B00,MSE,ig,34,13,0.38235294117647056
3VV6-B00,MSE+AC,ig,34,2,0.058823529411764705
3VV6-B00,MSE+UCN,ig,34,0,0.0
3VV6-B00,MSE,shap,34,6,0.17647058823529413
3VV6-B00,MSE+AC,shap,34,4,0.11764705882352941
3VV6-B00,MSE+UCN,shap,34,7,0.20588235294117646
3W2T-LF7,MSE,cam,303,70,0.23102310231023102
3W2T-LF7,MSE+AC,cam,303,72,0.2376237623762376
3W2T-LF7,MSE+UCN,cam,303,27,0.0891089108910891
3W2T-LF7,MSE,diff,303,37,0.12211221122112212
3W2T-LF7,MSE+AC,diff,303,43,0.1419141914191419
3W2T-LF7,MSE+UCN,diff,303,89,0.29372937293729373
3W2T-LF7,MSE,gradcam,303,27,0.0891089108910891
3W2T-LF7,MSE+AC,gradcam,303,56,0.1848184818481848
3W2T-LF7,MSE+UCN,gradcam,303,64,0.21122112211221122
3W2T-LF7,MSE,gradinput,303,44,0.14521452145214522
3W2T-LF7,MSE+AC,gradinput,303,44,0.14521452145214522
3W2T-LF7,MSE+UCN,gradinput,303,61,0.20132013201320131
3W2T-LF7,MSE,ig,303,81,0.26732673267326734
3W2T-LF7,MSE+AC,ig,303,35,0.11551155115511551
3W2T-LF7,MSE+UCN,ig,303,29,0.09570957095709572
3W2T-LF7,MSE,shap,303,76,0.2508250825082508
3W2T-LF7,MSE+AC,shap,303,66,0.21782178217821782
3W2T-LF7,MSE+UCN,shap,303,63,0.2079207920792079
3WBL-PDY,MSE,cam,21,5,0.23809523809523808
3WBL-PDY,MSE+AC,cam,21,5,0.23809523809523808
3WBL-PDY,MSE+UCN,cam,21,3,0.14285714285714285
3WBL-PDY,MSE,diff,21,4,0.19047619047619047
3WBL-PDY,MSE+AC,diff,21,4,0.19047619047619047
3WBL-PDY,MSE+UCN,diff,21,0,0.0
3WBL-PDY,MSE,gradcam,21,7,0.3333333333333333
3WBL-PDY,MSE+AC,gradcam,21,12,0.5714285714285714
3WBL-PDY,MSE+UCN,gradcam,21,0,0.0
3WBL-PDY,MSE,gradinput,21,6,0.2857142857142857
3WBL-PDY,MSE+AC,gradinput,21,7,0.3333333333333333
3WBL-PDY,MSE+UCN,gradinput,21,0,0.0
3WBL-PDY,MSE,ig,21,5,0.23809523809523808
3WBL-PDY,MSE+AC,ig,21,7,0.3333333333333333
3WBL-PDY,MSE+UCN,ig,21,0,0.0
3WBL-PDY,MSE,shap,21,6,0.2857142857142857
3WBL-PDY,MSE+AC,shap,21,7,0.3333333333333333
3WBL-PDY,MSE+UCN,shap,21,6,0.2857142857142857
3WK4-S0A,MSE,cam,75,29,0.38666666666666666
3WK4-S0A,MSE+AC,cam,75,24,0.32
3WK4-S0A,MSE+UCN,cam,75,3,0.04
3WK4-S0A,MSE,diff,75,1,0.013333333333333334
3WK4-S0A,MSE+AC,diff,75,5,0.06666666666666667
3WK4-S0A,MSE+UCN,diff,75,1,0.013333333333333334
3WK4-S0A,MSE,gradcam,75,35,0.4666666666666667
3WK4-S0A,MSE+AC,gradcam,75,10,0.13333333333333333
3WK4-S0A,MSE+UCN,gradcam,75,9,0.12
3WK4-S0A,MSE,gradinput,75,8,0.10666666666666667
3WK4-S0A,MSE+AC,gradinput,75,4,0.05333333333333334
3WK4-S0A,MSE+UCN,gradinput,75,17,0.22666666666666666
3WK4-S0A,MSE,ig,75,4,0.05333333333333334
3WK4-S0A,MSE+AC,ig,75,2,0.02666666666666667
3WK4-S0A,MSE+UCN,ig,75,25,0.3333333333333333
3WK4-S0A,MSE,shap,75,10,0.13333333333333333
3WK4-S0A,MSE+AC,shap,75,12,0.16
3WK4-S0A,MSE+UCN,shap,75,16,0.21333333333333335
3WV1-WHH,MSE,cam,504,78,0.15476190476190477
3WV1-WHH,MSE+AC,cam,504,135,0.26785714285714285
3WV1-WHH,MSE+UCN,cam,504,66,0.13095238095238096
3WV1-WHH,MSE,diff,504,21,0.041666666666666664
3WV1-WHH,MSE+AC,diff,504,35,0.06944444444444445
3WV1-WHH,MSE+UCN,diff,504,72,0.14285714285714285
3WV1-WHH,MSE,gradcam,504,53,0.10515873015873016
3WV1-WHH,MSE+AC,gradcam,504,66,0.13095238095238096
3WV1-WHH,MSE+UCN,gradcam,504,48,0.09523809523809523
3WV1-WHH,MSE,gradinput,504,36,0.07142857142857142
3WV1-WHH,MSE+AC,gradinput,504,46,0.09126984126984126
3WV1-WHH,MSE+UCN,gradinput,504,129,0.25595238095238093
3WV1-WHH,MSE,ig,504,37,0.07341269841269842
3WV1-WHH,MSE+AC,ig,504,49,0.09722222222222222
3WV1-WHH,MSE+UCN,ig,504,63,0.125
3WV1-WHH,MSE,shap,504,127,0.251984126984127
3WV1-WHH,MSE+AC,shap,504,111,0.22023809523809523
3WV1-WHH,MSE+UCN,shap,504,118,0.23412698412698413
3WZJ-O43,MSE,cam,72,1,0.013888888888888888
3WZJ-O43,MSE+AC,cam,72,0,0.0
3WZJ-O43,MSE+UCN,cam,72,11,0.1527777777777778
3WZJ-O43,MSE,diff,72,7,0.09722222222222222
3WZJ-O43,MSE+AC,diff,72,12,0.16666666666666666
3WZJ-O43,MSE+UCN,diff,72,7,0.09722222222222222
3WZJ-O43,MSE,gradcam,72,4,0.05555555555555555
3WZJ-O43,MSE+AC,gradcam,72,2,0.027777777777777776
3WZJ-O43,MSE+UCN,gradcam,72,18,0.25
3WZJ-O43,MSE,gradinput,72,7,0.09722222222222222
3WZJ-O43,MSE+AC,gradinput,72,2,0.027777777777777776
3WZJ-O43,MSE+UCN,gradinput,72,22,0.3055555555555556
3WZJ-O43,MSE,ig,72,16,0.2222222222222222
3WZJ-O43,MSE+AC,ig,72,0,0.0
3WZJ-O43,MSE+UCN,ig,72,2,0.027777777777777776
3WZJ-O43,MSE,shap,72,21,0.2916666666666667
3WZJ-O43,MSE+AC,shap,72,25,0.3472222222222222
3WZJ-O43,MSE+UCN,shap,72,31,0.4305555555555556
3WZK-O23,MSE,cam,350,67,0.19142857142857142
3WZK-O23,MSE+AC,cam,350,107,0.3057142857142857
3WZK-O23,MSE+UCN,cam,350,71,0.20285714285714285
3WZK-O23,MSE,diff,350,28,0.08
3WZK-O23,MSE+AC,diff,350,31,0.08857142857142856
3WZK-O23,MSE+UCN,diff,350,16,0.045714285714285714
3WZK-O23,MSE,gradcam,350,31,0.08857142857142856
3WZK-O23,MSE+AC,gradcam,350,46,0.13142857142857142
3WZK-O23,MSE+UCN,gradcam,350,43,0.12285714285714286
3WZK-O23,MSE,gradinput,350,46,0.13142857142857142
3WZK-O23,MSE+AC,gradinput,350,13,0.037142857142857144
3WZK-O23,MSE+UCN,gradinput,350,43,0.12285714285714286
3WZK-O23,MSE,ig,350,13,0.037142857142857144
3WZK-O23,MSE+AC,ig,350,19,0.054285714285714284
3WZK-O23,MSE+UCN,ig,350,51,0.1457142857142857
3WZK-O23,MSE,shap,350,93,0.26571428571428574
3WZK-O23,MSE+AC,shap,350,103,0.29428571428571426
3WZK-O23,MSE+UCN,shap,350,100,0.2857142857142857
3ZIM-KKR,MSE,cam,30,8,0.26666666666666666
3ZIM-KKR,MSE+AC,cam,30,6,0.2
3ZIM-KKR,MSE+UCN,cam,30,12,0.4
3ZIM-KKR,MSE,diff,30,1,0.03333333333333333
3ZIM-KKR,MSE+AC,diff,30,1,0.03333333333333333
3ZIM-KKR,MSE+UCN,diff,30,6,0.2
3ZIM-KKR,MSE,gradcam,30,3,0.1
3ZIM-KKR,MSE+AC,gradcam,30,9,0.3
3ZIM-KKR,MSE+UCN,gradcam,30,1,0.03333333333333333
3ZIM-KKR,MSE,gradinput,30,8,0.26666666666666666
3ZIM-KKR,MSE+AC,gradinput,30,5,0.16666666666666666
3ZIM-KKR,MSE+UCN,gradinput,30,2,0.06666666666666667
3ZIM-KKR,MSE,ig,30,4,0.13333333333333333
3ZIM-KKR,MSE+AC,ig,30,0,0.0
3ZIM-KKR,MSE+UCN,ig,30,5,0.16666666666666666
3ZIM-KKR,MSE,shap,30,7,0.23333333333333334
3ZIM-KKR,MSE+AC,shap,30,6,0.2
3ZIM-KKR,MSE+UCN,shap,30,6,0.2
3ZXH-E41,MSE,cam,360,56,0.15555555555555556
3ZXH-E41,MSE+AC,cam,360,91,0.25277777777777777
3ZXH-E41,MSE+UCN,cam,360,73,0.20277777777777778
3ZXH-E41,MSE,diff,360,39,0.10833333333333334
3ZXH-E41,MSE+AC,diff,360,49,0.1361111111111111
3ZXH-E41,MSE+UCN,diff,360,25,0.06944444444444445
3ZXH-E41,MSE,gradcam,360,26,0.07222222222222222
3ZXH-E41,MSE+AC,gradcam,360,45,0.125
3ZXH-E41,MSE+UCN,gradcam,360,38,0.10555555555555556
3ZXH-E41,MSE,gradinput,360,40,0.1111111111111111
3ZXH-E41,MSE+AC,gradinput,360,45,0.125
3ZXH-E41,MSE+UCN,gradinput,360,38,0.10555555555555556
3ZXH-E41,MSE,ig,360,76,0.2111111111111111
3ZXH-E41,MSE+AC,ig,360,37,0.10277777777777777
3ZXH-E41,MSE+UCN,ig,360,30,0.08333333333333333
3ZXH-E41,MSE,shap,360,89,0.24722222222222223
3ZXH-E41,MSE+AC,shap,360,87,0.24166666666666667
3ZXH-E41,MSE+UCN,shap,360,79,0.21944444444444444
4A7C-E46,MSE,cam,13,2,0.15384615384615385
4A7C-E46,MSE+AC,cam,13,3,0.23076923076923078
4A7C-E46,MSE+UCN,cam,13,3,0.23076923076923078
4A7C-E46,MSE,diff,13,0,0.0
4A7C-E46,MSE+AC,diff,13,3,0.23076923076923078
4A7C-E46,MSE+UCN,diff,13,0,0.0
4A7C-E46,MSE,gradcam,13,4,0.3076923076923077
4A7C-E46,MSE+AC,gradcam,13,3,0.23076923076923078
4A7C-E46,MSE+UCN,gradcam,13,6,0.46153846153846156
4A7C-E46,MSE,gradinput,13,1,0.07692307692307693
4A7C-E46,MSE+AC,gradinput,13,0,0.0
4A7C-E46,MSE+UCN,gradinput,13,7,0.5384615384615384
4A7C-E46,MSE,ig,13,0,0.0
4A7C-E46,MSE+AC,ig,13,2,0.15384615384615385
4A7C-E46,MSE+UCN,ig,13,1,0.07692307692307693
4A7C-E46,MSE,shap,13,6,0.46153846153846156
4A7C-E46,MSE+AC,shap,13,6,0.46153846153846156
4A7C-E46,MSE+UCN,shap,13,3,0.23076923076923078
4AEL-4HN,MSE,cam,103,34,0.3300970873786408
4AEL-4HN,MSE+AC,cam,103,31,0.30097087378640774
4AEL-4HN,MSE+UCN,cam,103,55,0.5339805825242718
4AEL-4HN,MSE,diff,103,8,0.07766990291262135
4AEL-4HN,MSE+AC,diff,103,12,0.11650485436893204
4AEL-4HN,MSE+UCN,diff,103,2,0.019417475728155338
4AEL-4HN,MSE,gradcam,103,19,0.18446601941747573
4AEL-4HN,MSE+AC,gradcam,103,21,0.20388349514563106
4AEL-4HN,MSE+UCN,gradcam,103,5,0.04854368932038835
4AEL-4HN,MSE,gradinput,103,26,0.2524271844660194
4AEL-4HN,MSE+AC,gradinput,103,17,0.1650485436893204
4AEL-4HN,MSE+UCN,gradinput,103,18,0.17475728155339806
4AEL-4HN,MSE,ig,103,16,0.1553398058252427
4AEL-4HN,MSE+AC,ig,103,11,0.10679611650485436
4AEL-4HN,MSE+UCN,ig,103,7,0.06796116504854369
4AEL-4HN,MSE,shap,103,23,0.22330097087378642
4AEL-4HN,MSE+AC,shap,103,27,0.2621359223300971
4AEL-4HN,MSE+UCN,shap,103,19,0.18446601941747573
4ANW-O92,MSE,cam,15,5,0.3333333333333333
4ANW-O92,MSE+AC,cam,15,6,0.4
4ANW-O92,MSE+UCN,cam,15,3,0.2
4ANW-O92,MSE,diff,15,0,0.0
4ANW-O92,MSE+AC,diff,15,2,0.13333333333333333
4ANW-O92,MSE+UCN,diff,15,0,0.0
4ANW-O92,MSE,gradcam,15,3,0.2
4ANW-O92,MSE+AC,gradcam,15,2,0.13333333333333333
4ANW-O92,MSE+UCN,gradcam,15,7,0.4666666666666667
4ANW-O92,MSE,gradinput,15,0,0.0
4ANW-O92,MSE+AC,gradinput,15,2,0.13333333333333333
4ANW-O92,MSE+UCN,gradinput,15,2,0.13333333333333333
4ANW-O92,MSE,ig,15,2,0.13333333333333333
4ANW-O92,MSE+AC,ig,15,7,0.4666666666666667
4ANW-O92,MSE+UCN,ig,15,4,0.26666666666666666
4ANW-O92,MSE,shap,15,6,0.4
4ANW-O92,MSE+AC,shap,15,1,0.06666666666666667
4ANW-O92,MSE+UCN,shap,15,8,0.5333333333333333
4AOF-7L0,MSE,cam,87,24,0.27586206896551724
4AOF-7L0,MSE+AC,cam,87,33,0.3793103448275862
4AOF-7L0,MSE+UCN,cam,87,31,0.3563218390804598
4AOF-7L0,MSE,diff,87,5,0.05747126436781609
4AOF-7L0,MSE+AC,diff,87,15,0.1724137931034483
4AOF-7L0,MSE+UCN,diff,87,7,0.08045977011494253
4AOF-7L0,MSE,gradcam,87,7,0.08045977011494253
4AOF-7L0,MSE+AC,gradcam,87,10,0.11494252873563218
4AOF-7L0,MSE+UCN,gradcam,87,10,0.11494252873563218
4AOF-7L0,MSE,gradinput,87,9,0.10344827586206896
4AOF-7L0,MSE+AC,gradinput,87,10,0.11494252873563218
4AOF-7L0,MSE+UCN,gradinput,87,9,0.10344827586206896
4AOF-7L0,MSE,ig,87,7,0.08045977011494253
4AOF-7L0,MSE+AC,ig,87,12,0.13793103448275862
4AOF-7L0,MSE+UCN,ig,87,7,0.08045977011494253
4AOF-7L0,MSE,shap,87,12,0.13793103448275862
4AOF-7L0,MSE+AC,shap,87,28,0.3218390804597701
4AOF-7L0,MSE+UCN,shap,87,23,0.26436781609195403
4AQC-88A,MSE,cam,862,123,0.14269141531322505
4AQC-88A,MSE+AC,cam,862,164,0.1902552204176334
4AQC-88A,MSE+UCN,cam,862,194,0.22505800464037123
4AQC-88A,MSE,diff,862,64,0.07424593967517401
4AQC-88A,MSE+AC,diff,862,85,0.09860788863109049
4AQC-88A,MSE+UCN,diff,862,79,0.09164733178654293
4AQC-88A,MSE,gradcam,862,59,0.06844547563805105
4AQC-88A,MSE+AC,gradcam,862,81,0.09396751740139211
4AQC-88A,MSE+UCN,gradcam,862,132,0.1531322505800464
4AQC-88A,MSE,gradinput,862,105,0.12180974477958237
4AQC-88A,MSE+AC,gradinput,862,86,0.09976798143851508
4AQC-88A,MSE+UCN,gradinput,862,109,0.12645011600928074
4AQC-88A,MSE,ig,862,101,0.11716937354988399
4AQC-88A,MSE+AC,ig,862,58,0.06728538283062645
4AQC-88A,MSE+UCN,ig,862,80,0.09280742459396751
4AQC-88A,MSE,shap,862,269,0.31206496519721577
4AQC-88A,MSE+AC,shap,862,235,0.27262180974477956
4AQC-88A,MSE+UCN,shap,862,256,0.29698375870069604
4AZ0-S61,MSE,cam,24,2,0.08333333333333333
4AZ0-S61,MSE+AC,cam,24,2,0.08333333333333333
4AZ0-S61,MSE+UCN,cam,24,9,0.375
4AZ0-S61,MSE,diff,24,0,0.0
4AZ0-S61,MSE+AC,diff,24,1,0.041666666666666664
4AZ0-S61,MSE+UCN,diff,24,0,0.0
4AZ0-S61,MSE,gradcam,24,0,0.0
4AZ0-S61,MSE+AC,gradcam,24,2,0.08333333333333333
4AZ0-S61,MSE+UCN,gradcam,24,0,0.0
4AZ0-S61,MSE,gradinput,24,1,0.041666666666666664
4AZ0-S61,MSE+AC,gradinput,24,2,0.08333333333333333
4AZ0-S61,MSE+UCN,gradinput,24,1,0.041666666666666664
4AZ0-S61,MSE,ig,24,5,0.20833333333333334
4AZ0-S61,MSE+AC,ig,24,0,0.0
4AZ0-S61,MSE+UCN,ig,24,0,0.0
4AZ0-S61,MSE,shap,24,7,0.2916666666666667
4AZ0-S61,MSE+AC,shap,24,5,0.20833333333333334
4AZ0-S61,MSE+UCN,shap,24,6,0.25
4COD-KV1,MSE,cam,40,1,0.025
4COD-KV1,MSE+AC,cam,40,1,0.025
4COD-KV1,MSE+UCN,cam,40,0,0.0
4COD-KV1,MSE,diff,40,1,0.025
4COD-KV1,MSE+AC,diff,40,2,0.05
4COD-KV1,MSE+UCN,diff,40,3,0.075
4COD-KV1,MSE,gradcam,40,2,0.05
4COD-KV1,MSE+AC,gradcam,40,1,0.025
4COD-KV1,MSE+UCN,gradcam,40,3,0.075
4COD-KV1,MSE,gradinput,40,2,0.05
4COD-KV1,MSE+AC,gradinput,40,5,0.125
4COD-KV1,MSE+UCN,gradinput,40,3,0.075
4COD-KV1,MSE,ig,40,1,0.025
4COD-KV1,MSE+AC,ig,40,5,0.125
4COD-KV1,MSE+UCN,ig,40,5,0.125
4COD-KV1,MSE,shap,40,6,0.15
4COD-KV1,MSE+AC,shap,40,9,0.225
4COD-KV1,MSE+UCN,shap,40,8,0.2
4D08-Q2T,MSE,cam,1274,274,0.2150706436420722
4D08-Q2T,MSE+AC,cam,1274,324,0.2543171114599686
4D08-Q2T,MSE+UCN,cam,1274,501,0.39324960753532184
4D08-Q2T,MSE,diff,1274,80,0.06279434850863422
4D08-Q2T,MSE+AC,diff,1274,124,0.09733124018838304
4D08-Q2T,MSE+UCN,diff,1274,197,0.1546310832025118
4D08-Q2T,MSE,gradcam,1274,191,0.14992150706436422
4D08-Q2T,MSE+AC,gradcam,1274,201,0.1577708006279435
4D08-Q2T,MSE+UCN,gradcam,1274,252,0.1978021978021978
4D08-Q2T,MSE,gradinput,1274,145,0.11381475667189953
4D08-Q2T,MSE+AC,gradinput,1274,128,0.10047095761381476
4D08-Q2T,MSE+UCN,gradinput,1274,212,0.1664050235478807
4D08-Q2T,MSE,ig,1274,126,0.0989010989010989
4D08-Q2T,MSE+AC,ig,1274,100,0.07849293563579278
4D08-Q2T,MSE+UCN,ig,1274,257,0.20172684458398743
4D08-Q2T,MSE,shap,1274,311,0.24411302982731553
4D08-Q2T,MSE+AC,shap,1274,315,0.24725274725274726
4D08-Q2T,MSE+UCN,shap,1274,322,0.25274725274725274
4D2R-DYK,MSE,cam,15,2,0.13333333333333333
4D2R-DYK,MSE+AC,cam,15,4,0.26666666666666666
4D2R-DYK,MSE+UCN,cam,15,4,0.26666666666666666
4D2R-DYK,MSE,diff,15,1,0.06666666666666667
4D2R-DYK,MSE+AC,diff,15,0,0.0
4D2R-DYK,MSE+UCN,diff,15,0,0.0
4D2R-DYK,MSE,gradcam,15,1,0.06666666666666667
4D2R-DYK,MSE+AC,gradcam,15,2,0.13333333333333333
4D2R-DYK,MSE+UCN,gradcam,15,1,0.06666666666666667
4D2R-DYK,MSE,gradinput,15,0,0.0
4D2R-DYK,MSE+AC,gradinput,15,3,0.2
4D2R-DYK,MSE+UCN,gradinput,15,2,0.13333333333333333
4D2R-DYK,MSE,ig,15,0,0.0
4D2R-DYK,MSE+AC,ig,15,1,0.06666666666666667
4D2R-DYK,MSE+UCN,ig,15,2,0.13333333333333333
4D2R-DYK,MSE,shap,15,4,0.26666666666666666
4D2R-DYK,MSE+AC,shap,15,7,0.4666666666666667
4D2R-DYK,MSE+UCN,shap,15,6,0.4
4DDL-0JQ,MSE,cam,72,31,0.4305555555555556
4DDL-0JQ,MSE+AC,cam,72,25,0.3472222222222222
4DDL-0JQ,MSE+UCN,cam,72,34,0.4722222222222222
4DDL-0JQ,MSE,diff,72,1,0.013888888888888888
4DDL-0JQ,MSE+AC,diff,72,12,0.16666666666666666
4DDL-0JQ,MSE+UCN,diff,72,1,0.013888888888888888
4DDL-0JQ,MSE,gradcam,72,1,0.013888888888888888
4DDL-0JQ,MSE+AC,gradcam,72,11,0.1527777777777778
4DDL-0JQ,MSE+UCN,gradcam,72,9,0.125
4DDL-0JQ,MSE,gradinput,72,9,0.125
4DDL-0JQ,MSE+AC,gradinput,72,11,0.1527777777777778
4DDL-0JQ,MSE+UCN,gradinput,72,1,0.013888888888888888
4DDL-0JQ,MSE,ig,72,16,0.2222222222222222
4DDL-0JQ,MSE+AC,ig,72,6,0.08333333333333333
4DDL-0JQ,MSE+UCN,ig,72,13,0.18055555555555555
4DDL-0JQ,MSE,shap,72,18,0.25
4DDL-0JQ,MSE+AC,shap,72,22,0.3055555555555556
4DDL-0JQ,MSE+UCN,shap,72,19,0.2638888888888889
4EK6-10K,MSE,cam,24,1,0.041666666666666664
4EK6-10K,MSE+AC,cam,24,2,0.08333333333333333
4EK6-10K,MSE+UCN,cam,24,2,0.08333333333333333
4EK6-10K,MSE,diff,24,1,0.041666666666666664
4EK6-10K,MSE+AC,diff,24,2,0.08333333333333333
4EK6-10K,MSE+UCN,diff,24,4,0.16666666666666666
4EK6-10K,MSE,gradcam,24,3,0.125
4EK6-10K,MSE+AC,gradcam,24,2,0.08333333333333333
4EK6-10K,MSE+UCN,gradcam,24,2,0.08333333333333333
4EK6-10K,MSE,gradinput,24,0,0.0
4EK6-10K,MSE+AC,gradinput,24,3,0.125
4EK6-10K,MSE+UCN,gradinput,24,7,0.2916666666666667
4EK6-10K,MSE,ig,24,2,0.08333333333333333
4EK6-10K,MSE+AC,ig,24,0,0.0
4EK6-10K,MSE+UCN,ig,24,2,0.08333333333333333
4EK6-10K,MSE,shap,24,6,0.25
4EK6-10K,MSE+AC,shap,24,7,0.2916666666666667
4EK6-10K,MSE+UCN,shap,24,8,0.3333333333333333
4EY5-HUP,MSE,cam,15,2,0.13333333333333333
4EY5-HUP,MSE+AC,cam,15,0,0.0
4EY5-HUP,MSE+UCN,cam,15,0,0.0
4EY5-HUP,MSE,diff,15,0,0.0
4EY5-HUP,MSE+AC,diff,15,6,0.4
4EY5-HUP,MSE+UCN,diff,15,1,0.06666666666666667
4EY5-HUP,MSE,gradcam,15,0,0.0
4EY5-HUP,MSE+AC,gradcam,15,1,0.06666666666666667
4EY5-HUP,MSE+UCN,gradcam,15,1,0.06666666666666667
4EY5-HUP,MSE,gradinput,15,0,0.0
4EY5-HUP,MSE+AC,gradinput,15,0,0.0
4EY5-HUP,MSE+UCN,gradinput,15,4,0.26666666666666666
4EY5-HUP,MSE,ig,15,0,0.0
4EY5-HUP,MSE+AC,ig,15,0,0.0
4EY5-HUP,MSE+UCN,ig,15,9,0.6
4EY5-HUP,MSE,shap,15,2,0.13333333333333333
4EY5-HUP,MSE+AC,shap,15,3,0.2
4EY5-HUP,MSE+UCN,shap,15,5,0.3333333333333333
4FAL-0T0,MSE,cam,80,18,0.225
4FAL-0T0,MSE+AC,cam,80,17,0.2125
4FAL-0T0,MSE+UCN,cam,80,7,0.0875
4FAL-0T0,MSE,diff,80,4,0.05
4FAL-0T0,MSE+AC,diff,80,7,0.0875
4FAL-0T0,MSE+UCN,diff,80,2,0.025
4FAL-0T0,MSE,gradcam,80,15,0.1875
4FAL-0T0,MSE+AC,gradcam,80,9,0.1125
4FAL-0T0,MSE+UCN,gradcam,80,7,0.0875
4FAL-0T0,MSE,gradinput,80,9,0.1125
4FAL-0T0,MSE+AC,gradinput,80,2,0.025
4FAL-0T0,MSE+UCN,gradinput,80,16,0.2
4FAL-0T0,MSE,ig,80,8,0.1
4FAL-0T0,MSE+AC,ig,80,7,0.0875
4FAL-0T0,MSE+UCN,ig,80,5,0.0625
4FAL-0T0,MSE,shap,80,17,0.2125
4FAL-0T0,MSE+AC,shap,80,13,0.1625
4FAL-0T0,MSE+UCN,shap,80,8,0.1
4FKQ-42K,MSE,cam,34,7,0.20588235294117646
4FKQ-42K,MSE+AC,cam,34,5,0.14705882352941177
4FKQ-42K,MSE+UCN,cam,34,1,0.029411764705882353
4FKQ-42K,MSE,diff,34,9,0.2647058823529412
4FKQ-42K,MSE+AC,diff,34,5,0.14705882352941177
4FKQ-42K,MSE+UCN,diff,34,4,0.11764705882352941
4FKQ-42K,MSE,gradcam,34,8,0.23529411764705882
4FKQ-42K,MSE+AC,gradcam,34,8,0.23529411764705882
4FKQ-42K,MSE+UCN,gradcam,34,5,0.14705882352941177
4FKQ-42K,MSE,gradinput,34,5,0.14705882352941177
4FKQ-42K,MSE+AC,gradinput,34,3,0.08823529411764706
4FKQ-42K,MSE+UCN,gradinput,34,4,0.11764705882352941
4FKQ-42K,MSE,ig,34,4,0.11764705882352941
4FKQ-42K,MSE+AC,ig,34,7,0.20588235294117646
4FKQ-42K,MSE+UCN,ig,34,3,0.08823529411764706
4FKQ-42K,MSE,shap,34,9,0.2647058823529412
4FKQ-42K,MSE+AC,shap,34,7,0.20588235294117646
4FKQ-42K,MSE+UCN,shap,34,8,0.23529411764705882
4FSR-HKC,MSE,cam,886,162,0.18284424379232506
4FSR-HKC,MSE+AC,cam,886,133,0.15011286681715574
4FSR-HKC,MSE+UCN,cam,886,172,0.19413092550790068
4FSR-HKC,MSE,diff,886,45,0.050790067720090294
4FSR-HKC,MSE+AC,diff,886,60,0.06772009029345373
4FSR-HKC,MSE+UCN,diff,886,50,0.056433408577878104
4FSR-HKC,MSE,gradcam,886,138,0.15575620767494355
4FSR-HKC,MSE+AC,gradcam,886,120,0.13544018058690746
4FSR-HKC,MSE+UCN,gradcam,886,92,0.1038374717832957
4FSR-HKC,MSE,gradinput,886,59,0.06659142212189616
4FSR-HKC,MSE+AC,gradinput,886,52,0.05869074492099323
4FSR-HKC,MSE+UCN,gradinput,886,91,0.10270880361173815
4FSR-HKC,MSE,ig,886,63,0.07110609480812641
4FSR-HKC,MSE+AC,ig,886,50,0.056433408577878104
4FSR-HKC,MSE+UCN,ig,886,77,0.08690744920993228
4FSR-HKC,MSE,shap,886,251,0.2832957110609481
4FSR-HKC,MSE+AC,shap,886,267,0.3013544018058691
4FSR-HKC,MSE+UCN,shap,886,236,0.26636568848758463
4FSW-HK6,MSE,cam,176,55,0.3125
4FSW-HK6,MSE+AC,cam,176,45,0.2556818181818182
4FSW-HK6,MSE+UCN,cam,176,40,0.22727272727272727
4FSW-HK6,MSE,diff,176,6,0.03409090909090909
4FSW-HK6,MSE+AC,diff,176,7,0.03977272727272727
4FSW-HK6,MSE+UCN,diff,176,30,0.17045454545454544
4FSW-HK6,MSE,gradcam,176,11,0.0625
4FSW-HK6,MSE+AC,gradcam,176,14,0.07954545454545454
4FSW-HK6,MSE+UCN,gradcam,176,28,0.1590909090909091
4FSW-HK6,MSE,gradinput,176,20,0.11363636363636363
4FSW-HK6,MSE+AC,gradinput,176,11,0.0625
4FSW-HK6,MSE+UCN,gradinput,176,22,0.125
4FSW-HK6,MSE,ig,176,15,0.08522727272727272
4FSW-HK6,MSE+AC,ig,176,27,0.1534090909090909
4FSW-HK6,MSE+UCN,ig,176,13,0.07386363636363637
4FSW-HK6,MSE,shap,176,36,0.20454545454545456
4FSW-HK6,MSE+AC,shap,176,45,0.2556818181818182
4FSW-HK6,MSE+UCN,shap,176,39,0.2215909090909091
4FZ7-0VH,MSE,cam,35,13,0.37142857142857144
4FZ7-0VH,MSE+AC,cam,35,10,0.2857142857142857
4FZ7-0VH,MSE+UCN,cam,35,3,0.08571428571428572
4FZ7-0VH,MSE,diff,35,4,0.11428571428571428
4FZ7-0VH,MSE+AC,diff,35,3,0.08571428571428572
4FZ7-0VH,MSE+UCN,diff,35,13,0.37142857142857144
4FZ7-0VH,MSE,gradcam,35,15,0.42857142857142855
4FZ7-0VH,MSE+AC,gradcam,35,7,0.2
4FZ7-0VH,MSE+UCN,gradcam,35,11,0.3142857142857143
4FZ7-0VH,MSE,gradinput,35,10,0.2857142857142857
4FZ7-0VH,MSE+AC,gradinput,35,3,0.08571428571428572
4FZ7-0VH,MSE+UCN,gradinput,35,11,0.3142857142857143
4FZ7-0VH,MSE,ig,35,3,0.08571428571428572
4FZ7-0VH,MSE+AC,ig,35,12,0.34285714285714286
4FZ7-0VH,MSE+UCN,ig,35,7,0.2
4FZ7-0VH,MSE,shap,35,9,0.2571428571428571
4FZ7-0VH,MSE+AC,shap,35,11,0.3142857142857143
4FZ7-0VH,MSE+UCN,shap,35,7,0.2
4GG5-0J3,MSE,cam,33,3,0.09090909090909091
4GG5-0J3,MSE+AC,cam,33,3,0.09090909090909091
4GG5-0J3,MSE+UCN,cam,33,4,0.12121212121212122
4GG5-0J3,MSE,diff,33,3,0.09090909090909091
4GG5-0J3,MSE+AC,diff,33,0,0.0
4GG5-0J3,MSE+UCN,diff,33,1,0.030303030303030304
4GG5-0J3,MSE,gradcam,33,3,0.09090909090909091
4GG5-0J3,MSE+AC,gradcam,33,0,0.0
4GG5-0J3,MSE+UCN,gradcam,33,8,0.24242424242424243
4GG5-0J3,MSE,gradinput,33,1,0.030303030303030304
4GG5-0J3,MSE+AC,gradinput,33,2,0.06060606060606061
4GG5-0J3,MSE+UCN,gradinput,33,2,0.06060606060606061
4GG5-0J3,MSE,ig,33,0,0.0
4GG5-0J3,MSE+AC,ig,33,1,0.030303030303030304
4GG5-0J3,MSE+UCN,ig,33,4,0.12121212121212122
4GG5-0J3,MSE,shap,33,7,0.21212121212121213
4GG5-0J3,MSE+AC,shap,33,9,0.2727272727272727
4GG5-0J3,MSE+UCN,shap,33,9,0.2727272727272727
4GJ7-0LT,MSE,cam,210,25,0.11904761904761904
4GJ7-0LT,MSE+AC,cam,210,16,0.0761904761904762
4GJ7-0LT,MSE+UCN,cam,210,46,0.21904761904761905
4GJ7-0LT,MSE,diff,210,22,0.10476190476190476
4GJ7-0LT,MSE+AC,diff,210,25,0.11904761904761904
4GJ7-0LT,MSE+UCN,diff,210,10,0.047619047619047616
4GJ7-0LT,MSE,gradcam,210,37,0.1761904761904762
4GJ7-0LT,MSE+AC,gradcam,210,34,0.1619047619047619
4GJ7-0LT,MSE+UCN,gradcam,210,35,0.16666666666666666
4GJ7-0LT,MSE,gradinput,210,37,0.1761904761904762
4GJ7-0LT,MSE+AC,gradinput,210,21,0.1
4GJ7-0LT,MSE+UCN,gradinput,210,19,0.09047619047619047
4GJ7-0LT,MSE,ig,210,2,0.009523809523809525
4GJ7-0LT,MSE+AC,ig,210,34,0.1619047619047619
4GJ7-0LT,MSE+UCN,ig,210,13,0.06190476190476191
4GJ7-0LT,MSE,shap,210,59,0.28095238095238095
4GJ7-0LT,MSE+AC,shap,210,66,0.3142857142857143
4GJ7-0LT,MSE+UCN,shap,210,68,0.3238095238095238
4GL5-G29,MSE,cam,13,2,0.15384615384615385
4GL5-G29,MSE+AC,cam,13,6,0.46153846153846156
4GL5-G29,MSE+UCN,cam,13,1,0.07692307692307693
4GL5-G29,MSE,diff,13,1,0.07692307692307693
4GL5-G29,MSE+AC,diff,13,1,0.07692307692307693
4GL5-G29,MSE+UCN,diff,13,2,0.15384615384615385
4GL5-G29,MSE,gradcam,13,6,0.46153846153846156
4GL5-G29,MSE+AC,gradcam,13,4,0.3076923076923077
4GL5-G29,MSE+UCN,gradcam,13,0,0.0
4GL5-G29,MSE,gradinput,13,1,0.07692307692307693
4GL5-G29,MSE+AC,gradinput,13,1,0.07692307692307693
4GL5-G29,MSE+UCN,gradinput,13,0,0.0
4GL5-G29,MSE,ig,13,0,0.0
4GL5-G29,MSE+AC,ig,13,4,0.3076923076923077
4GL5-G29,MSE+UCN,ig,13,1,0.07692307692307693
4GL5-G29,MSE,shap,13,2,0.15384615384615385
4GL5-G29,MSE+AC,shap,13,2,0.15384615384615385
4GL5-G29,MSE+UCN,shap,13,3,0.23076923076923078
4HAI-I23,MSE,cam,555,71,0.12792792792792793
4HAI-I23,MSE+AC,cam,555,62,0.11171171171171171
4HAI-I23,MSE+UCN,cam,555,41,0.07387387387387387
4HAI-I23,MSE,diff,555,31,0.055855855855855854
4HAI-I23,MSE+AC,diff,555,22,0.03963963963963964
4HAI-I23,MSE+UCN,diff,555,52,0.0936936936936937
4HAI-I23,MSE,gradcam,555,68,0.12252252252252252
4HAI-I23,MSE+AC,gradcam,555,61,0.10990990990990991
4HAI-I23,MSE+UCN,gradcam,555,95,0.17117117117117117
4HAI-I23,MSE,gradinput,555,61,0.10990990990990991
4HAI-I23,MSE+AC,gradinput,555,39,0.07027027027027027
4HAI-I23,MSE+UCN,gradinput,555,49,0.08828828828828829
4HAI-I23,MSE,ig,555,40,0.07207207207207207
4HAI-I23,MSE+AC,ig,555,61,0.10990990990990991
4HAI-I23,MSE+UCN,ig,555,68,0.12252252252252252
4HAI-I23,MSE,shap,555,139,0.25045045045045045
4HAI-I23,MSE+AC,shap,555,138,0.24864864864864866
4HAI-I23,MSE+UCN,shap,555,146,0.26306306306306304
4HBP-17J,MSE,cam,73,1,0.0136986301369863
4HBP-17J,MSE+AC,cam,73,2,0.0273972602739726
4HBP-17J,MSE+UCN,cam,73,11,0.1506849315068493
4HBP-17J,MSE,diff,73,0,0.0
4HBP-17J,MSE+AC,diff,73,3,0.0410958904109589
4HBP-17J,MSE+UCN,diff,73,5,0.0684931506849315
4HBP-17J,MSE,gradcam,73,1,0.0136986301369863
4HBP-17J,MSE+AC,gradcam,73,9,0.1232876712328767
4HBP-17J,MSE+UCN,gradcam,73,9,0.1232876712328767
4HBP-17J,MSE,gradinput,73,2,0.0273972602739726
4HBP-17J,MSE+AC,gradinput,73,3,0.0410958904109589
4HBP-17J,MSE+UCN,gradinput,73,1,0.0136986301369863
4HBP-17J,MSE,ig,73,21,0.2876712328767123
4HBP-17J,MSE+AC,ig,73,6,0.0821917808219178
4HBP-17J,MSE+UCN,ig,73,10,0.136986301369863
4HBP-17J,MSE,shap,73,19,0.2602739726027397
4HBP-17J,MSE+AC,shap,73,21,0.2876712328767123
4HBP-17J,MSE+UCN,shap,73,14,0.1917808219178082
4HF4-15H,MSE,cam,16,5,0.3125
4HF4-15H,MSE+AC,cam,16,4,0.25
4HF4-15H,MSE+UCN,cam,16,6,0.375
4HF4-15H,MSE,diff,16,2,0.125
4HF4-15H,MSE+AC,diff,16,6,0.375
4HF4-15H,MSE+UCN,diff,16,2,0.125
4HF4-15H,MSE,gradcam,16,1,0.0625
4HF4-15H,MSE+AC,gradcam,16,2,0.125
4HF4-15H,MSE+UCN,gradcam,16,1,0.0625
4HF4-15H,MSE,gradinput,16,4,0.25
4HF4-15H,MSE+AC,gradinput,16,6,0.375
4HF4-15H,MSE+UCN,gradinput,16,5,0.3125
4HF4-15H,MSE,ig,16,2,0.125
4HF4-15H,MSE+AC,ig,16,2,0.125
4HF4-15H,MSE+UCN,ig,16,0,0.0
4HF4-15H,MSE,shap,16,3,0.1875
4HF4-15H,MSE+AC,shap,16,7,0.4375
4HF4-15H,MSE+UCN,shap,16,5,0.3125
4HMN-16J,MSE,cam,25,3,0.12
4HMN-16J,MSE+AC,cam,25,9,0.36
4HMN-16J,MSE+UCN,cam,25,9,0.36
4HMN-16J,MSE,diff,25,3,0.12
4HMN-16J,MSE+AC,diff,25,2,0.08
4HMN-16J,MSE+UCN,diff,25,2,0.08
4HMN-16J,MSE,gradcam,25,2,0.08
4HMN-16J,MSE+AC,gradcam,25,2,0.08
4HMN-16J,MSE+UCN,gradcam,25,3,0.12
4HMN-16J,MSE,gradinput,25,3,0.12
4HMN-16J,MSE+AC,gradinput,25,2,0.08
4HMN-16J,MSE+UCN,gradinput,25,1,0.04
4HMN-16J,MSE,ig,25,3,0.12
4HMN-16J,MSE+AC,ig,25,1,0.04
4HMN-16J,MSE+UCN,ig,25,2,0.08
4HMN-16J,MSE,shap,25,6,0.24
4HMN-16J,MSE+AC,shap,25,6,0.24
4HMN-16J,MSE+UCN,shap,25,7,0.28
4I8V-BHF,MSE,cam,28,0,0.0
4I8V-BHF,MSE+AC,cam,28,21,0.75
4I8V-BHF,MSE+UCN,cam,28,1,0.03571428571428571
4I8V-BHF,MSE,diff,28,2,0.07142857142857142
4I8V-BHF,MSE+AC,diff,28,0,0.0
4I8V-BHF,MSE+UCN,diff,28,0,0.0
4I8V-BHF,MSE,gradcam,28,0,0.0
4I8V-BHF,MSE+AC,gradcam,28,0,0.0
4I8V-BHF,MSE+UCN,gradcam,28,0,0.0
4I8V-BHF,MSE,gradinput,28,0,0.0
4I8V-BHF,MSE+AC,gradinput,28,0,0.0
4I8V-BHF,MSE+UCN,gradinput,28,0,0.0
4I8V-BHF,MSE,ig,28,1,0.03571428571428571
4I8V-BHF,MSE+AC,ig,28,0,0.0
4I8V-BHF,MSE+UCN,ig,28,0,0.0
4I8V-BHF,MSE,shap,28,7,0.25
4I8V-BHF,MSE+AC,shap,28,5,0.17857142857142858
4I8V-BHF,MSE+UCN,shap,28,6,0.21428571428571427
4ID7-1G0,MSE,cam,2022,257,0.1271018793273986
4ID7-1G0,MSE+AC,cam,2022,278,0.13748763600395647
4ID7-1G0,MSE+UCN,cam,2022,619,0.30613254203758655
4ID7-1G0,MSE,diff,2022,136,0.06726013847675569
4ID7-1G0,MSE+AC,diff,2022,164,0.08110781404549951
4ID7-1G0,MSE+UCN,diff,2022,201,0.09940652818991098
4ID7-1G0,MSE,gradcam,2022,225,0.11127596439169139
4ID7-1G0,MSE+AC,gradcam,2022,142,0.0702274975272008
4ID7-1G0,MSE+UCN,gradcam,2022,213,0.10534124629080119
4ID7-1G0,MSE,gradinput,2022,217,0.10731948565776459
4ID7-1G0,MSE+AC,gradinput,2022,175,0.08654797230464886
4ID7-1G0,MSE+UCN,gradinput,2022,273,0.13501483679525222
4ID7-1G0,MSE,ig,2022,164,0.08110781404549951
4ID7-1G0,MSE+AC,ig,2022,172,0.08506429277942631
4ID7-1G0,MSE+UCN,ig,2022,215,0.10633036597428289
4ID7-1G0,MSE,shap,2022,493,0.24381800197823936
4ID7-1G0,MSE+AC,shap,2022,466,0.2304648862512364
4ID7-1G0,MSE+UCN,shap,2022,494,0.2443125618199802
4IS9-LTF,MSE,cam,13,0,0.0
4IS9-LTF,MSE+AC,cam,13,0,0.0
4IS9-LTF,MSE+UCN,cam,13,0,0.0
4IS9-LTF,MSE,diff,13,0,0.0
4IS9-LTF,MSE+AC,diff,13,0,0.0
4IS9-LTF,MSE+UCN,diff,13,0,0.0
4IS9-LTF,MSE,gradcam,13,0,0.0
4IS9-LTF,MSE+AC,gradcam,13,1,0.07692307692307693
4IS9-LTF,MSE+UCN,gradcam,13,0,0.0
4IS9-LTF,MSE,gradinput,13,0,0.0
4IS9-LTF,MSE+AC,gradinput,13,0,0.0
4IS9-LTF,MSE+UCN,gradinput,13,0,0.0
4IS9-LTF,MSE,ig,13,0,0.0
4IS9-LTF,MSE+AC,ig,13,0,0.0
4IS9-LTF,MSE+UCN,ig,13,0,0.0
4IS9-LTF,MSE,shap,13,2,0.15384615384615385
4IS9-LTF,MSE+AC,shap,13,4,0.3076923076923077
4IS9-LTF,MSE+UCN,shap,13,2,0.15384615384615385
4JAI-XU2,MSE,cam,18,1,0.05555555555555555
4JAI-XU2,MSE+AC,cam,18,0,0.0
4JAI-XU2,MSE+UCN,cam,18,0,0.0
4JAI-XU2,MSE,diff,18,0,0.0
4JAI-XU2,MSE+AC,diff,18,1,0.05555555555555555
4JAI-XU2,MSE+UCN,diff,18,0,0.0
4JAI-XU2,MSE,gradcam,18,0,0.0
4JAI-XU2,MSE+AC,gradcam,18,1,0.05555555555555555
4JAI-XU2,MSE+UCN,gradcam,18,1,0.05555555555555555
4JAI-XU2,MSE,gradinput,18,0,0.0
4JAI-XU2,MSE+AC,gradinput,18,1,0.05555555555555555
4JAI-XU2,MSE+UCN,gradinput,18,2,0.1111111111111111
4JAI-XU2,MSE,ig,18,4,0.2222222222222222
4JAI-XU2,MSE+AC,ig,18,1,0.05555555555555555
4JAI-XU2,MSE+UCN,ig,18,0,0.0
4JAI-XU2,MSE,shap,18,2,0.1111111111111111
4JAI-XU2,MSE+AC,shap,18,2,0.1111111111111111
4JAI-XU2,MSE+UCN,shap,18,1,0.05555555555555555
4JIA-1K3,MSE,cam,134,28,0.208955223880597
4JIA-1K3,MSE+AC,cam,134,39,0.291044776119403
4JIA-1K3,MSE+UCN,cam,134,74,0.5522388059701493
4JIA-1K3,MSE,diff,134,22,0.16417910447761194
4JIA-1K3,MSE+AC,diff,134,12,0.08955223880597014
4JIA-1K3,MSE+UCN,diff,134,15,0.11194029850746269
4JIA-1K3,MSE,gradcam,134,11,0.08208955223880597
4JIA-1K3,MSE+AC,gradcam,134,32,0.23880597014925373
4JIA-1K3,MSE+UCN,gradcam,134,16,0.11940298507462686
4JIA-1K3,MSE,gradinput,134,8,0.05970149253731343
4JIA-1K3,MSE+AC,gradinput,134,32,0.23880597014925373
4JIA-1K3,MSE+UCN,gradinput,134,12,0.08955223880597014
4JIA-1K3,MSE,ig,134,33,0.2462686567164179
4JIA-1K3,MSE+AC,ig,134,33,0.2462686567164179
4JIA-1K3,MSE+UCN,ig,134,10,0.07462686567164178
4JIA-1K3,MSE,shap,134,38,0.2835820895522388
4JIA-1K3,MSE+AC,shap,134,38,0.2835820895522388
4JIA-1K3,MSE+UCN,shap,134,45,0.3358208955223881
4JNC-1LF,MSE,cam,30,15,0.5
4JNC-1LF,MSE+AC,cam,30,7,0.23333333333333334
4JNC-1LF,MSE+UCN,cam,30,9,0.3
4JNC-1LF,MSE,diff,30,4,0.13333333333333333
4JNC-1LF,MSE+AC,diff,30,1,0.03333333333333333
4JNC-1LF,MSE+UCN,diff,30,6,0.2
4JNC-1LF,MSE,gradcam,30,5,0.16666666666666666
4JNC-1LF,MSE+AC,gradcam,30,2,0.06666666666666667
4JNC-1LF,MSE+UCN,gradcam,30,6,0.2
4JNC-1LF,MSE,gradinput,30,7,0.23333333333333334
4JNC-1LF,MSE+AC,gradinput,30,3,0.1
4JNC-1LF,MSE+UCN,gradinput,30,3,0.1
4JNC-1LF,MSE,ig,30,5,0.16666666666666666
4JNC-1LF,MSE+AC,ig,30,1,0.03333333333333333
4JNC-1LF,MSE+UCN,ig,30,3,0.1
4JNC-1LF,MSE,shap,30,10,0.3333333333333333
4JNC-1LF,MSE+AC,shap,30,13,0.43333333333333335
4JNC-1LF,MSE+UCN,shap,30,8,0.26666666666666666
4JNM-1LJ,MSE,cam,21,1,0.047619047619047616
4JNM-1LJ,MSE+AC,cam,21,2,0.09523809523809523
4JNM-1LJ,MSE+UCN,cam,21,1,0.047619047619047616
4JNM-1LJ,MSE,diff,21,1,0.047619047619047616
4JNM-1LJ,MSE+AC,diff,21,0,0.0
4JNM-1LJ,MSE+UCN,diff,21,1,0.047619047619047616
4JNM-1LJ,MSE,gradcam,21,0,0.0
4JNM-1LJ,MSE+AC,gradcam,21,1,0.047619047619047616
4JNM-1LJ,MSE+UCN,gradcam,21,2,0.09523809523809523
4JNM-1LJ,MSE,gradinput,21,2,0.09523809523809523
4JNM-1LJ,MSE+AC,gradinput,21,2,0.09523809523809523
4JNM-1LJ,MSE+UCN,gradinput,21,1,0.047619047619047616
4JNM-1LJ,MSE,ig,21,0,0.0
4JNM-1LJ,MSE+AC,ig,21,2,0.09523809523809523
4JNM-1LJ,MSE+UCN,ig,21,1,0.047619047619047616
4JNM-1LJ,MSE,shap,21,8,0.38095238095238093
4JNM-1LJ,MSE+AC,shap,21,8,0.38095238095238093
4JNM-1LJ,MSE+UCN,shap,21,5,0.23809523809523808
4JOO-1M4,MSE,cam,22,4,0.18181818181818182
4JOO-1M4,MSE+AC,cam,22,3,0.13636363636363635
4JOO-1M4,MSE+UCN,cam,22,6,0.2727272727272727
4JOO-1M4,MSE,diff,22,1,0.045454545454545456
4JOO-1M4,MSE+AC,diff,22,0,0.0
4JOO-1M4,MSE+UCN,diff,22,4,0.18181818181818182
4JOO-1M4,MSE,gradcam,22,2,0.09090909090909091
4JOO-1M4,MSE+AC,gradcam,22,2,0.09090909090909091
4JOO-1M4,MSE+UCN,gradcam,22,4,0.18181818181818182
4JOO-1M4,MSE,gradinput,22,1,0.045454545454545456
4JOO-1M4,MSE+AC,gradinput,22,0,0.0
4JOO-1M4,MSE+UCN,gradinput,22,3,0.13636363636363635
4JOO-1M4,MSE,ig,22,2,0.09090909090909091
4JOO-1M4,MSE+AC,ig,22,1,0.045454545454545456
4JOO-1M4,MSE+UCN,ig,22,6,0.2727272727272727
4JOO-1M4,MSE,shap,22,6,0.2727272727272727
4JOO-1M4,MSE+AC,shap,22,6,0.2727272727272727
4JOO-1M4,MSE+UCN,shap,22,4,0.18181818181818182
4JQ7-KJQ,MSE,cam,65,10,0.15384615384615385
4JQ7-KJQ,MSE+AC,cam,65,14,0.2153846153846154
4JQ7-KJQ,MSE+UCN,cam,65,6,0.09230769230769231
4JQ7-KJQ,MSE,diff,65,4,0.06153846153846154
4JQ7-KJQ,MSE+AC,diff,65,8,0.12307692307692308
4JQ7-KJQ,MSE+UCN,diff,65,9,0.13846153846153847
4JQ7-KJQ,MSE,gradcam,65,4,0.06153846153846154
4JQ7-KJQ,MSE+AC,gradcam,65,4,0.06153846153846154
4JQ7-KJQ,MSE+UCN,gradcam,65,12,0.18461538461538463
4JQ7-KJQ,MSE,gradinput,65,2,0.03076923076923077
4JQ7-KJQ,MSE+AC,gradinput,65,6,0.09230769230769231
4JQ7-KJQ,MSE+UCN,gradinput,65,13,0.2
4JQ7-KJQ,MSE,ig,65,6,0.09230769230769231
4JQ7-KJQ,MSE+AC,ig,65,17,0.26153846153846155
4JQ7-KJQ,MSE+UCN,ig,65,5,0.07692307692307693
4JQ7-KJQ,MSE,shap,65,17,0.26153846153846155
4JQ7-KJQ,MSE+AC,shap,65,13,0.2
4JQ7-KJQ,MSE+UCN,shap,65,17,0.26153846153846155
4JQA-ID8,MSE,cam,99,65,0.6565656565656566
4JQA-ID8,MSE+AC,cam,99,63,0.6363636363636364
4JQA-ID8,MSE+UCN,cam,99,4,0.04040404040404041
4JQA-ID8,MSE,diff,99,2,0.020202020202020204
4JQA-ID8,MSE+AC,diff,99,0,0.0
4JQA-ID8,MSE+UCN,diff,99,11,0.1111111111111111
4JQA-ID8,MSE,gradcam,99,8,0.08080808080808081
4JQA-ID8,MSE+AC,gradcam,99,9,0.09090909090909091
4JQA-ID8,MSE+UCN,gradcam,99,12,0.12121212121212122
4JQA-ID8,MSE,gradinput,99,14,0.1414141414141414
4JQA-ID8,MSE+AC,gradinput,99,25,0.25252525252525254
4JQA-ID8,MSE+UCN,gradinput,99,14,0.1414141414141414
4JQA-ID8,MSE,ig,99,2,0.020202020202020204
4JQA-ID8,MSE+AC,ig,99,8,0.08080808080808081
4JQA-ID8,MSE+UCN,ig,99,18,0.18181818181818182
4JQA-ID8,MSE,shap,99,17,0.1717171717171717
4JQA-ID8,MSE+AC,shap,99,19,0.1919191919191919
4JQA-ID8,MSE+UCN,shap,99,18,0.18181818181818182
4JR5-1LS,MSE,cam,75,15,0.2
4JR5-1LS,MSE+AC,cam,75,11,0.14666666666666667
4JR5-1LS,MSE+UCN,cam,75,4,0.05333333333333334
4JR5-1LS,MSE,diff,75,2,0.02666666666666667
4JR5-1LS,MSE+AC,diff,75,3,0.04
4JR5-1LS,MSE+UCN,diff,75,2,0.02666666666666667
4JR5-1LS,MSE,gradcam,75,10,0.13333333333333333
4JR5-1LS,MSE+AC,gradcam,75,5,0.06666666666666667
4JR5-1LS,MSE+UCN,gradcam,75,9,0.12
4JR5-1LS,MSE,gradinput,75,12,0.16
4JR5-1LS,MSE+AC,gradinput,75,3,0.04
4JR5-1LS,MSE+UCN,gradinput,75,3,0.04
4JR5-1LS,MSE,ig,75,7,0.09333333333333334
4JR5-1LS,MSE+AC,ig,75,4,0.05333333333333334
4JR5-1LS,MSE+UCN,ig,75,2,0.02666666666666667
4JR5-1LS,MSE,shap,75,18,0.24
4JR5-1LS,MSE+AC,shap,75,17,0.22666666666666666
4JR5-1LS,MSE+UCN,shap,75,16,0.21333333333333335
4JZE-1NK,MSE,cam,71,18,0.2535211267605634
4JZE-1NK,MSE+AC,cam,71,12,0.16901408450704225
4JZE-1NK,MSE+UCN,cam,71,2,0.028169014084507043
4JZE-1NK,MSE,diff,71,12,0.16901408450704225
4JZE-1NK,MSE+AC,diff,71,2,0.028169014084507043
4JZE-1NK,MSE+UCN,diff,71,4,0.056338028169014086
4JZE-1NK,MSE,gradcam,71,13,0.18309859154929578
4JZE-1NK,MSE+AC,gradcam,71,7,0.09859154929577464
4JZE-1NK,MSE+UCN,gradcam,71,16,0.22535211267605634
4JZE-1NK,MSE,gradinput,71,8,0.11267605633802817
4JZE-1NK,MSE+AC,gradinput,71,23,0.323943661971831
4JZE-1NK,MSE+UCN,gradinput,71,11,0.15492957746478872
4JZE-1NK,MSE,ig,71,2,0.028169014084507043
4JZE-1NK,MSE+AC,ig,71,10,0.14084507042253522
4JZE-1NK,MSE+UCN,ig,71,4,0.056338028169014086
4JZE-1NK,MSE,shap,71,19,0.2676056338028169
4JZE-1NK,MSE+AC,shap,71,18,0.2535211267605634
4JZE-1NK,MSE+UCN,shap,71,19,0.2676056338028169
4KAK-06U,MSE,cam,94,37,0.39361702127659576
4KAK-06U,MSE+AC,cam,94,46,0.48936170212765956
4KAK-06U,MSE+UCN,cam,94,29,0.30851063829787234
4KAK-06U,MSE,diff,94,13,0.13829787234042554
4KAK-06U,MSE+AC,diff,94,6,0.06382978723404255
4KAK-06U,MSE+UCN,diff,94,13,0.13829787234042554
4KAK-06U,MSE,gradcam,94,9,0.09574468085106383
4KAK-06U,MSE+AC,gradcam,94,5,0.05319148936170213
4KAK-06U,MSE+UCN,gradcam,94,15,0.1595744680851064
4KAK-06U,MSE,gradinput,94,18,0.19148936170212766
4KAK-06U,MSE+AC,gradinput,94,7,0.07446808510638298
4KAK-06U,MSE+UCN,gradinput,94,9,0.09574468085106383
4KAK-06U,MSE,ig,94,6,0.06382978723404255
4KAK-06U,MSE+AC,ig,94,14,0.14893617021276595
4KAK-06U,MSE+UCN,ig,94,3,0.031914893617021274
4KAK-06U,MSE,shap,94,22,0.23404255319148937
4KAK-06U,MSE+AC,shap,94,22,0.23404255319148937
4KAK-06U,MSE+UCN,shap,94,23,0.24468085106382978
4KFN-1QR,MSE,cam,55,12,0.21818181818181817
4KFN-1QR,MSE+AC,cam,55,16,0.2909090909090909
4KFN-1QR,MSE+UCN,cam,55,15,0.2727272727272727
4KFN-1QR,MSE,diff,55,5,0.09090909090909091
4KFN-1QR,MSE+AC,diff,55,6,0.10909090909090909
4KFN-1QR,MSE+UCN,diff,55,1,0.01818181818181818
4KFN-1QR,MSE,gradcam,55,6,0.10909090909090909
4KFN-1QR,MSE+AC,gradcam,55,2,0.03636363636363636
4KFN-1QR,MSE+UCN,gradcam,55,5,0.09090909090909091
4KFN-1QR,MSE,gradinput,55,4,0.07272727272727272
4KFN-1QR,MSE+AC,gradinput,55,7,0.12727272727272726
4KFN-1QR,MSE+UCN,gradinput,55,4,0.07272727272727272
4KFN-1QR,MSE,ig,55,2,0.03636363636363636
4KFN-1QR,MSE+AC,ig,55,4,0.07272727272727272
4KFN-1QR,MSE+UCN,ig,55,4,0.07272727272727272
4KFN-1QR,MSE,shap,55,15,0.2727272727272727
4KFN-1QR,MSE+AC,shap,55,10,0.18181818181818182
4KFN-1QR,MSE+UCN,shap,55,16,0.2909090909090909
4KFO-1QS,MSE,cam,81,19,0.2345679012345679
4KFO-1QS,MSE+AC,cam,81,26,0.32098765432098764
4KFO-1QS,MSE+UCN,cam,81,19,0.2345679012345679
4KFO-1QS,MSE,diff,81,15,0.18518518518518517
4KFO-1QS,MSE+AC,diff,81,12,0.14814814814814814
4KFO-1QS,MSE+UCN,diff,81,14,0.1728395061728395
4KFO-1QS,MSE,gradcam,81,5,0.06172839506172839
4KFO-1QS,MSE+AC,gradcam,81,10,0.12345679012345678
4KFO-1QS,MSE+UCN,gradcam,81,10,0.12345679012345678
4KFO-1QS,MSE,gradinput,81,8,0.09876543209876543
4KFO-1QS,MSE+AC,gradinput,81,6,0.07407407407407407
4KFO-1QS,MSE+UCN,gradinput,81,16,0.19753086419753085
4KFO-1QS,MSE,ig,81,7,0.08641975308641975
4KFO-1QS,MSE+AC,ig,81,9,0.1111111111111111
4KFO-1QS,MSE+UCN,ig,81,7,0.08641975308641975
4KFO-1QS,MSE,shap,81,28,0.345679012345679
4KFO-1QS,MSE+AC,shap,81,27,0.3333333333333333
4KFO-1QS,MSE+UCN,shap,81,24,0.2962962962962963
4L23-X6K,MSE,cam,27,10,0.37037037037037035
4L23-X6K,MSE+AC,cam,27,9,0.3333333333333333
4L23-X6K,MSE+UCN,cam,27,2,0.07407407407407407
4L23-X6K,MSE,diff,27,4,0.14814814814814814
4L23-X6K,MSE+AC,diff,27,1,0.037037037037037035
4L23-X6K,MSE+UCN,diff,27,2,0.07407407407407407
4L23-X6K,MSE,gradcam,27,2,0.07407407407407407
4L23-X6K,MSE+AC,gradcam,27,4,0.14814814814814814
4L23-X6K,MSE+UCN,gradcam,27,0,0.0
4L23-X6K,MSE,gradinput,27,0,0.0
4L23-X6K,MSE+AC,gradinput,27,4,0.14814814814814814
4L23-X6K,MSE+UCN,gradinput,27,2,0.07407407407407407
4L23-X6K,MSE,ig,27,2,0.07407407407407407
4L23-X6K,MSE+AC,ig,27,5,0.18518518518518517
4L23-X6K,MSE+UCN,ig,27,5,0.18518518518518517
4L23-X6K,MSE,shap,27,6,0.2222222222222222
4L23-X6K,MSE+AC,shap,27,6,0.2222222222222222
4L23-X6K,MSE+UCN,shap,27,6,0.2222222222222222
4L2Y-XXK,MSE,cam,23,4,0.17391304347826086
4L2Y-XXK,MSE+AC,cam,23,3,0.13043478260869565
4L2Y-XXK,MSE+UCN,cam,23,9,0.391304347826087
4L2Y-XXK,MSE,diff,23,2,0.08695652173913043
4L2Y-XXK,MSE+AC,diff,23,1,0.043478260869565216
4L2Y-XXK,MSE+UCN,diff,23,1,0.043478260869565216
4L2Y-XXK,MSE,gradcam,23,2,0.08695652173913043
4L2Y-XXK,MSE+AC,gradcam,23,3,0.13043478260869565
4L2Y-XXK,MSE+UCN,gradcam,23,1,0.043478260869565216
4L2Y-XXK,MSE,gradinput,23,1,0.043478260869565216
4L2Y-XXK,MSE+AC,gradinput,23,1,0.043478260869565216
4L2Y-XXK,MSE+UCN,gradinput,23,2,0.08695652173913043
4L2Y-XXK,MSE,ig,23,0,0.0
4L2Y-XXK,MSE+AC,ig,23,1,0.043478260869565216
4L2Y-XXK,MSE+UCN,ig,23,2,0.08695652173913043
4L2Y-XXK,MSE,shap,23,3,0.13043478260869565
4L2Y-XXK,MSE+AC,shap,23,7,0.30434782608695654
4L2Y-XXK,MSE+UCN,shap,23,5,0.21739130434782608
4LTS-LTS,MSE,cam,14,0,0.0
4LTS-LTS,MSE+AC,cam,14,3,0.21428571428571427
4LTS-LTS,MSE+UCN,cam,14,4,0.2857142857142857
4LTS-LTS,MSE,diff,14,0,0.0
4LTS-LTS,MSE+AC,diff,14,1,0.07142857142857142
4LTS-LTS,MSE+UCN,diff,14,1,0.07142857142857142
4LTS-LTS,MSE,gradcam,14,0,0.0
4LTS-LTS,MSE+AC,gradcam,14,1,0.07142857142857142
4LTS-LTS,MSE+UCN,gradcam,14,4,0.2857142857142857
4LTS-LTS,MSE,gradinput,14,0,0.0
4LTS-LTS,MSE+AC,gradinput,14,0,0.0
4LTS-LTS,MSE+UCN,gradinput,14,0,0.0
4LTS-LTS,MSE,ig,14,0,0.0
4LTS-LTS,MSE+AC,ig,14,1,0.07142857142857142
4LTS-LTS,MSE+UCN,ig,14,1,0.07142857142857142
4LTS-LTS,MSE,shap,14,5,0.35714285714285715
4LTS-LTS,MSE+AC,shap,14,3,0.21428571428571427
4LTS-LTS,MSE+UCN,shap,14,5,0.35714285714285715
4LY1-20Y,MSE,cam,72,18,0.25
4LY1-20Y,MSE+AC,cam,72,18,0.25
4LY1-20Y,MSE+UCN,cam,72,34,0.4722222222222222
4LY1-20Y,MSE,diff,72,12,0.16666666666666666
4LY1-20Y,MSE+AC,diff,72,3,0.041666666666666664
4LY1-20Y,MSE+UCN,diff,72,2,0.027777777777777776
4LY1-20Y,MSE,gradcam,72,7,0.09722222222222222
4LY1-20Y,MSE+AC,gradcam,72,3,0.041666666666666664
4LY1-20Y,MSE+UCN,gradcam,72,2,0.027777777777777776
4LY1-20Y,MSE,gradinput,72,2,0.027777777777777776
4LY1-20Y,MSE+AC,gradinput,72,1,0.013888888888888888
4LY1-20Y,MSE+UCN,gradinput,72,4,0.05555555555555555
4LY1-20Y,MSE,ig,72,4,0.05555555555555555
4LY1-20Y,MSE+AC,ig,72,4,0.05555555555555555
4LY1-20Y,MSE+UCN,ig,72,1,0.013888888888888888
4LY1-20Y,MSE,shap,72,20,0.2777777777777778
4LY1-20Y,MSE+AC,shap,72,17,0.2361111111111111
4LY1-20Y,MSE+UCN,shap,72,22,0.3055555555555556
4LYN-1YG,MSE,cam,112,14,0.125
4LYN-1YG,MSE+AC,cam,112,15,0.13392857142857142
4LYN-1YG,MSE+UCN,cam,112,2,0.017857142857142856
4LYN-1YG,MSE,diff,112,8,0.07142857142857142
4LYN-1YG,MSE+AC,diff,112,5,0.044642857142857144
4LYN-1YG,MSE+UCN,diff,112,7,0.0625
4LYN-1YG,MSE,gradcam,112,16,0.14285714285714285
4LYN-1YG,MSE+AC,gradcam,112,6,0.05357142857142857
4LYN-1YG,MSE+UCN,gradcam,112,15,0.13392857142857142
4LYN-1YG,MSE,gradinput,112,8,0.07142857142857142
4LYN-1YG,MSE+AC,gradinput,112,8,0.07142857142857142
4LYN-1YG,MSE+UCN,gradinput,112,7,0.0625
4LYN-1YG,MSE,ig,112,5,0.044642857142857144
4LYN-1YG,MSE+AC,ig,112,7,0.0625
4LYN-1YG,MSE+UCN,ig,112,9,0.08035714285714286
4LYN-1YG,MSE,shap,112,20,0.17857142857142858
4LYN-1YG,MSE+AC,shap,112,33,0.29464285714285715
4LYN-1YG,MSE+UCN,shap,112,27,0.24107142857142858
4M0F-1YK,MSE,cam,18,12,0.6666666666666666
4M0F-1YK,MSE+AC,cam,18,11,0.6111111111111112
4M0F-1YK,MSE+UCN,cam,18,1,0.05555555555555555
4M0F-1YK,MSE,diff,18,6,0.3333333333333333
4M0F-1YK,MSE+AC,diff,18,3,0.16666666666666666
4M0F-1YK,MSE+UCN,diff,18,0,0.0
4M0F-1YK,MSE,gradcam,18,8,0.4444444444444444
4M0F-1YK,MSE+AC,gradcam,18,5,0.2777777777777778
4M0F-1YK,MSE+UCN,gradcam,18,2,0.1111111111111111
4M0F-1YK,MSE,gradinput,18,9,0.5
4M0F-1YK,MSE+AC,gradinput,18,3,0.16666666666666666
4M0F-1YK,MSE+UCN,gradinput,18,1,0.05555555555555555
4M0F-1YK,MSE,ig,18,3,0.16666666666666666
4M0F-1YK,MSE+AC,ig,18,1,0.05555555555555555
4M0F-1YK,MSE+UCN,ig,18,3,0.16666666666666666
4M0F-1YK,MSE,shap,18,7,0.3888888888888889
4M0F-1YK,MSE+AC,shap,18,5,0.2777777777777778
4M0F-1YK,MSE+UCN,shap,18,9,0.5
4MBI-26K,MSE,cam,142,37,0.2605633802816901
4MBI-26K,MSE+AC,cam,142,46,0.323943661971831
4MBI-26K,MSE+UCN,cam,142,24,0.16901408450704225
4MBI-26K,MSE,diff,142,7,0.04929577464788732
4MBI-26K,MSE+AC,diff,142,5,0.035211267605633804
4MBI-26K,MSE+UCN,diff,142,12,0.08450704225352113
4MBI-26K,MSE,gradcam,142,10,0.07042253521126761
4MBI-26K,MSE+AC,gradcam,142,9,0.06338028169014084
4MBI-26K,MSE+UCN,gradcam,142,43,0.3028169014084507
4MBI-26K,MSE,gradinput,142,8,0.056338028169014086
4MBI-26K,MSE+AC,gradinput,142,9,0.06338028169014084
4MBI-26K,MSE+UCN,gradinput,142,8,0.056338028169014086
4MBI-26K,MSE,ig,142,9,0.06338028169014084
4MBI-26K,MSE+AC,ig,142,5,0.035211267605633804
4MBI-26K,MSE+UCN,ig,142,15,0.1056338028169014
4MBI-26K,MSE,shap,142,38,0.2676056338028169
4MBI-26K,MSE+AC,shap,142,41,0.2887323943661972
4MBI-26K,MSE+UCN,shap,142,34,0.23943661971830985
4MPC-PV2,MSE,cam,13,3,0.23076923076923078
4MPC-PV2,MSE+AC,cam,13,3,0.23076923076923078
4MPC-PV2,MSE+UCN,cam,13,0,0.0
4MPC-PV2,MSE,diff,13,1,0.07692307692307693
4MPC-PV2,MSE+AC,diff,13,0,0.0
4MPC-PV2,MSE+UCN,diff,13,1,0.07692307692307693
4MPC-PV2,MSE,gradcam,13,0,0.0
4MPC-PV2,MSE+AC,gradcam,13,0,0.0
4MPC-PV2,MSE+UCN,gradcam,13,2,0.15384615384615385
4MPC-PV2,MSE,gradinput,13,2,0.15384615384615385
4MPC-PV2,MSE+AC,gradinput,13,0,0.0
4MPC-PV2,MSE+UCN,gradinput,13,0,0.0
4MPC-PV2,MSE,ig,13,2,0.15384615384615385
4MPC-PV2,MSE+AC,ig,13,1,0.07692307692307693
4MPC-PV2,MSE+UCN,ig,13,0,0.0
4MPC-PV2,MSE,shap,13,1,0.07692307692307693
4MPC-PV2,MSE+AC,shap,13,4,0.3076923076923077
4MPC-PV2,MSE+UCN,shap,13,3,0.23076923076923078
4MQ1-2C3,MSE,cam,26,7,0.2692307692307692
4MQ1-2C3,MSE+AC,cam,26,7,0.2692307692307692
4MQ1-2C3,MSE+UCN,cam,26,2,0.07692307692307693
4MQ1-2C3,MSE,diff,26,5,0.19230769230769232
4MQ1-2C3,MSE+AC,diff,26,0,0.0
4MQ1-2C3,MSE+UCN,diff,26,1,0.038461538461538464
4MQ1-2C3,MSE,gradcam,26,2,0.07692307692307693
4MQ1-2C3,MSE+AC,gradcam,26,2,0.07692307692307693
4MQ1-2C3,MSE+UCN,gradcam,26,3,0.11538461538461539
4MQ1-2C3,MSE,gradinput,26,0,0.0
4MQ1-2C3,MSE+AC,gradinput,26,0,0.0
4MQ1-2C3,MSE+UCN,gradinput,26,8,0.3076923076923077
4MQ1-2C3,MSE,ig,26,5,0.19230769230769232
4MQ1-2C3,MSE+AC,ig,26,8,0.3076923076923077
4MQ1-2C3,MSE+UCN,ig,26,3,0.11538461538461539
4MQ1-2C3,MSE,shap,26,8,0.3076923076923077
4MQ1-2C3,MSE+AC,shap,26,6,0.23076923076923078
4MQ1-2C3,MSE+UCN,shap,26,4,0.15384615384615385
4MXC-DWF,MSE,cam,39,8,0.20512820512820512
4MXC-DWF,MSE+AC,cam,39,7,0.1794871794871795
4MXC-DWF,MSE+UCN,cam,39,8,0.20512820512820512
4MXC-DWF,MSE,diff,39,4,0.10256410256410256
4MXC-DWF,MSE+AC,diff,39,2,0.05128205128205128
4MXC-DWF,MSE+UCN,diff,39,5,0.1282051282051282
4MXC-DWF,MSE,gradcam,39,13,0.3333333333333333
4MXC-DWF,MSE+AC,gradcam,39,9,0.23076923076923078
4MXC-DWF,MSE+UCN,gradcam,39,9,0.23076923076923078
4MXC-DWF,MSE,gradinput,39,7,0.1794871794871795
4MXC-DWF,MSE+AC,gradinput,39,8,0.20512820512820512
4MXC-DWF,MSE+UCN,gradinput,39,8,0.20512820512820512
4MXC-DWF,MSE,ig,39,7,0.1794871794871795
4MXC-DWF,MSE+AC,ig,39,6,0.15384615384615385
4MXC-DWF,MSE+UCN,ig,39,5,0.1282051282051282
4MXC-DWF,MSE,shap,39,10,0.2564102564102564
4MXC-DWF,MSE+AC,shap,39,9,0.23076923076923078
4MXC-DWF,MSE+UCN,shap,39,8,0.20512820512820512
4MXO-DB8,MSE,cam,2034,462,0.22713864306784662
4MXO-DB8,MSE+AC,cam,2034,359,0.17649950835791545
4MXO-DB8,MSE+UCN,cam,2034,440,0.21632251720747295
4MXO-DB8,MSE,diff,2034,191,0.09390363815142576
4MXO-DB8,MSE+AC,diff,2034,205,0.1007866273352999
4MXO-DB8,MSE+UCN,diff,2034,177,0.08702064896755163
4MXO-DB8,MSE,gradcam,2034,266,0.13077679449360866
4MXO-DB8,MSE+AC,gradcam,2034,283,0.1391347099311701
4MXO-DB8,MSE+UCN,gradcam,2034,298,0.14650934119960668
4MXO-DB8,MSE,gradinput,2034,225,0.11061946902654868
4MXO-DB8,MSE+AC,gradinput,2034,209,0.10275319567354965
4MXO-DB8,MSE+UCN,gradinput,2034,206,0.10127826941986234
4MXO-DB8,MSE,ig,2034,289,0.14208456243854473
4MXO-DB8,MSE+AC,ig,2034,183,0.08997050147492626
4MXO-DB8,MSE+UCN,ig,2034,145,0.07128810226155359
4MXO-DB8,MSE,shap,2034,602,0.295968534906588
4MXO-DB8,MSE+AC,shap,2034,614,0.30186823992133727
4MXO-DB8,MSE+UCN,shap,2034,615,0.3023598820058997
4NR7-2LO,MSE,cam,13,5,0.38461538461538464
4NR7-2LO,MSE+AC,cam,13,3,0.23076923076923078
4NR7-2LO,MSE+UCN,cam,13,2,0.15384615384615385
4NR7-2LO,MSE,diff,13,2,0.15384615384615385
4NR7-2LO,MSE+AC,diff,13,0,0.0
4NR7-2LO,MSE+UCN,diff,13,1,0.07692307692307693
4NR7-2LO,MSE,gradcam,13,1,0.07692307692307693
4NR7-2LO,MSE+AC,gradcam,13,0,0.0
4NR7-2LO,MSE+UCN,gradcam,13,1,0.07692307692307693
4NR7-2LO,MSE,gradinput,13,0,0.0
4NR7-2LO,MSE+AC,gradinput,13,0,0.0
4NR7-2LO,MSE+UCN,gradinput,13,0,0.0
4NR7-2LO,MSE,ig,13,0,0.0
4NR7-2LO,MSE+AC,ig,13,1,0.07692307692307693
4NR7-2LO,MSE+UCN,ig,13,2,0.15384615384615385
4NR7-2LO,MSE,shap,13,3,0.23076923076923078
4NR7-2LO,MSE+AC,shap,13,3,0.23076923076923078
4NR7-2LO,MSE+UCN,shap,13,3,0.23076923076923078
4O04-2Q8,MSE,cam,38,1,0.02631578947368421
4O04-2Q8,MSE+AC,cam,38,0,0.0
4O04-2Q8,MSE+UCN,cam,38,2,0.05263157894736842
4O04-2Q8,MSE,diff,38,1,0.02631578947368421
4O04-2Q8,MSE+AC,diff,38,1,0.02631578947368421
4O04-2Q8,MSE+UCN,diff,38,2,0.05263157894736842
4O04-2Q8,MSE,gradcam,38,5,0.13157894736842105
4O04-2Q8,MSE+AC,gradcam,38,2,0.05263157894736842
4O04-2Q8,MSE+UCN,gradcam,38,5,0.13157894736842105
4O04-2Q8,MSE,gradinput,38,1,0.02631578947368421
4O04-2Q8,MSE+AC,gradinput,38,2,0.05263157894736842
4O04-2Q8,MSE+UCN,gradinput,38,4,0.10526315789473684
4O04-2Q8,MSE,ig,38,3,0.07894736842105263
4O04-2Q8,MSE+AC,ig,38,1,0.02631578947368421
4O04-2Q8,MSE+UCN,ig,38,3,0.07894736842105263
4O04-2Q8,MSE,shap,38,1,0.02631578947368421
4O04-2Q8,MSE+AC,shap,38,1,0.02631578947368421
4O04-2Q8,MSE+UCN,shap,38,1,0.02631578947368421
4O1L-HO4,MSE,cam,988,296,0.29959514170040485
4O1L-HO4,MSE+AC,cam,988,293,0.2965587044534413
4O1L-HO4,MSE+UCN,cam,988,259,0.26214574898785425
4O1L-HO4,MSE,diff,988,90,0.09109311740890688
4O1L-HO4,MSE+AC,diff,988,111,0.11234817813765183
4O1L-HO4,MSE+UCN,diff,988,79,0.07995951417004049
4O1L-HO4,MSE,gradcam,988,100,0.10121457489878542
4O1L-HO4,MSE+AC,gradcam,988,69,0.06983805668016195
4O1L-HO4,MSE+UCN,gradcam,988,137,0.13866396761133604
4O1L-HO4,MSE,gradinput,988,58,0.058704453441295545
4O1L-HO4,MSE+AC,gradinput,988,67,0.06781376518218624
4O1L-HO4,MSE+UCN,gradinput,988,195,0.19736842105263158
4O1L-HO4,MSE,ig,988,153,0.1548582995951417
4O1L-HO4,MSE+AC,ig,988,47,0.04757085020242915
4O1L-HO4,MSE+UCN,ig,988,60,0.06072874493927125
4O1L-HO4,MSE,shap,988,242,0.24493927125506074
4O1L-HO4,MSE+AC,shap,988,192,0.19433198380566802
4O1L-HO4,MSE+UCN,shap,988,215,0.21761133603238866
4OBO-2QV,MSE,cam,16,2,0.125
4OBO-2QV,MSE+AC,cam,16,0,0.0
4OBO-2QV,MSE+UCN,cam,16,1,0.0625
4OBO-2QV,MSE,diff,16,0,0.0
4OBO-2QV,MSE+AC,diff,16,0,0.0
4OBO-2QV,MSE+UCN,diff,16,1,0.0625
4OBO-2QV,MSE,gradcam,16,1,0.0625
4OBO-2QV,MSE+AC,gradcam,16,0,0.0
4OBO-2QV,MSE+UCN,gradcam,16,1,0.0625
4OBO-2QV,MSE,gradinput,16,1,0.0625
4OBO-2QV,MSE+AC,gradinput,16,2,0.125
4OBO-2QV,MSE+UCN,gradinput,16,0,0.0
4OBO-2QV,MSE,ig,16,1,0.0625
4OBO-2QV,MSE+AC,ig,16,0,0.0
4OBO-2QV,MSE+UCN,ig,16,1,0.0625
4OBO-2QV,MSE,shap,16,3,0.1875
4OBO-2QV,MSE+AC,shap,16,1,0.0625
4OBO-2QV,MSE+UCN,shap,16,4,0.25
4OBZ-2S4,MSE,cam,1154,129,0.11178509532062392
4OBZ-2S4,MSE+AC,cam,1154,123,0.10658578856152513
4OBZ-2S4,MSE+UCN,cam,1154,40,0.03466204506065858
4OBZ-2S4,MSE,diff,1154,83,0.07192374350086655
4OBZ-2S4,MSE+AC,diff,1154,81,0.07019064124783363
4OBZ-2S4,MSE+UCN,diff,1154,51,0.04419410745233969
4OBZ-2S4,MSE,gradcam,1154,151,0.13084922010398614
4OBZ-2S4,MSE+AC,gradcam,1154,183,0.158578856152513
4OBZ-2S4,MSE+UCN,gradcam,1154,199,0.17244367417677642
4OBZ-2S4,MSE,gradinput,1154,195,0.16897746967071056
4OBZ-2S4,MSE+AC,gradinput,1154,179,0.15511265164644714
4OBZ-2S4,MSE+UCN,gradinput,1154,117,0.10138648180242635
4OBZ-2S4,MSE,ig,1154,158,0.1369150779896014
4OBZ-2S4,MSE+AC,ig,1154,183,0.158578856152513
4OBZ-2S4,MSE+UCN,ig,1154,119,0.10311958405545928
4OBZ-2S4,MSE,shap,1154,297,0.25736568457538994
4OBZ-2S4,MSE+AC,shap,1154,300,0.25996533795493937
4OBZ-2S4,MSE+UCN,shap,1154,274,0.23743500866551126
4OCZ-2RU,MSE,cam,227,86,0.3788546255506608
4OCZ-2RU,MSE+AC,cam,227,54,0.23788546255506607
4OCZ-2RU,MSE+UCN,cam,227,52,0.2290748898678414
4OCZ-2RU,MSE,diff,227,19,0.08370044052863436
4OCZ-2RU,MSE+AC,diff,227,30,0.13215859030837004
4OCZ-2RU,MSE+UCN,diff,227,20,0.0881057268722467
4OCZ-2RU,MSE,gradcam,227,39,0.17180616740088106
4OCZ-2RU,MSE+AC,gradcam,227,28,0.12334801762114538
4OCZ-2RU,MSE+UCN,gradcam,227,10,0.04405286343612335
4OCZ-2RU,MSE,gradinput,227,42,0.18502202643171806
4OCZ-2RU,MSE+AC,gradinput,227,25,0.11013215859030837
4OCZ-2RU,MSE+UCN,gradinput,227,21,0.09251101321585903
4OCZ-2RU,MSE,ig,227,21,0.09251101321585903
4OCZ-2RU,MSE+AC,ig,227,23,0.1013215859030837
4OCZ-2RU,MSE+UCN,ig,227,22,0.09691629955947137
4OCZ-2RU,MSE,shap,227,63,0.2775330396475771
4OCZ-2RU,MSE+AC,shap,227,57,0.2511013215859031
4OCZ-2RU,MSE+UCN,shap,227,51,0.22466960352422907
4PHW-2W1,MSE,cam,821,83,0.10109622411693057
4PHW-2W1,MSE+AC,cam,821,138,0.16808769792935443
4PHW-2W1,MSE+UCN,cam,821,113,0.13763702801461633
4PHW-2W1,MSE,diff,821,51,0.06211936662606577
4PHW-2W1,MSE+AC,diff,821,34,0.04141291108404385
4PHW-2W1,MSE+UCN,diff,821,22,0.02679658952496955
4PHW-2W1,MSE,gradcam,821,57,0.06942752740560293
4PHW-2W1,MSE+AC,gradcam,821,62,0.07551766138855055
4PHW-2W1,MSE+UCN,gradcam,821,70,0.08526187576126674
4PHW-2W1,MSE,gradinput,821,52,0.06333739342265529
4PHW-2W1,MSE+AC,gradinput,821,47,0.057247259439707675
4PHW-2W1,MSE+UCN,gradinput,821,50,0.06090133982947625
4PHW-2W1,MSE,ig,821,76,0.0925700365408039
4PHW-2W1,MSE+AC,ig,821,50,0.06090133982947625
4PHW-2W1,MSE+UCN,ig,821,63,0.07673568818514007
4PHW-2W1,MSE,shap,821,173,0.21071863580998781
4PHW-2W1,MSE+AC,shap,821,175,0.21315468940316687
4PHW-2W1,MSE+UCN,shap,821,173,0.21071863580998781
4PM0-32V,MSE,cam,154,19,0.12337662337662338
4PM0-32V,MSE+AC,cam,154,15,0.09740259740259741
4PM0-32V,MSE+UCN,cam,154,7,0.045454545454545456
4PM0-32V,MSE,diff,154,1,0.006493506493506494
4PM0-32V,MSE+AC,diff,154,3,0.01948051948051948
4PM0-32V,MSE+UCN,diff,154,16,0.1038961038961039
4PM0-32V,MSE,gradcam,154,7,0.045454545454545456
4PM0-32V,MSE+AC,gradcam,154,9,0.05844155844155844
4PM0-32V,MSE+UCN,gradcam,154,13,0.08441558441558442
4PM0-32V,MSE,gradinput,154,13,0.08441558441558442
4PM0-32V,MSE+AC,gradinput,154,11,0.07142857142857142
4PM0-32V,MSE+UCN,gradinput,154,4,0.025974025974025976
4PM0-32V,MSE,ig,154,5,0.032467532467532464
4PM0-32V,MSE+AC,ig,154,4,0.025974025974025976
4PM0-32V,MSE+UCN,ig,154,5,0.032467532467532464
4PM0-32V,MSE,shap,154,32,0.2077922077922078
4PM0-32V,MSE+AC,shap,154,34,0.22077922077922077
4PM0-32V,MSE+UCN,shap,154,33,0.21428571428571427
4QHV-IXF,MSE,cam,50,18,0.36
4QHV-IXF,MSE+AC,cam,50,11,0.22
4QHV-IXF,MSE+UCN,cam,50,1,0.02
4QHV-IXF,MSE,diff,50,9,0.18
4QHV-IXF,MSE+AC,diff,50,5,0.1
4QHV-IXF,MSE+UCN,diff,50,7,0.14
4QHV-IXF,MSE,gradcam,50,16,0.32
4QHV-IXF,MSE+AC,gradcam,50,10,0.2
4QHV-IXF,MSE+UCN,gradcam,50,4,0.08
4QHV-IXF,MSE,gradinput,50,6,0.12
4QHV-IXF,MSE+AC,gradinput,50,4,0.08
4QHV-IXF,MSE+UCN,gradinput,50,8,0.16
4QHV-IXF,MSE,ig,50,8,0.16
4QHV-IXF,MSE+AC,ig,50,6,0.12
4QHV-IXF,MSE+UCN,ig,50,9,0.18
4QHV-IXF,MSE,shap,50,15,0.3
4QHV-IXF,MSE+AC,shap,50,9,0.18
4QHV-IXF,MSE+UCN,shap,50,9,0.18
4QO8-36U,MSE,cam,40,8,0.2
4QO8-36U,MSE+AC,cam,40,4,0.1
4QO8-36U,MSE+UCN,cam,40,5,0.125
4QO8-36U,MSE,diff,40,3,0.075
4QO8-36U,MSE+AC,diff,40,3,0.075
4QO8-36U,MSE+UCN,diff,40,4,0.1
4QO8-36U,MSE,gradcam,40,6,0.15
4QO8-36U,MSE+AC,gradcam,40,10,0.25
4QO8-36U,MSE+UCN,gradcam,40,2,0.05
4QO8-36U,MSE,gradinput,40,4,0.1
4QO8-36U,MSE+AC,gradinput,40,4,0.1
4QO8-36U,MSE+UCN,gradinput,40,10,0.25
4QO8-36U,MSE,ig,40,6,0.15
4QO8-36U,MSE+AC,ig,40,6,0.15
4QO8-36U,MSE+UCN,ig,40,2,0.05
4QO8-36U,MSE,shap,40,12,0.3
4QO8-36U,MSE+AC,shap,40,10,0.25
4QO8-36U,MSE+UCN,shap,40,11,0.275
4QP7-363,MSE,cam,41,14,0.34146341463414637
4QP7-363,MSE+AC,cam,41,14,0.34146341463414637
4QP7-363,MSE+UCN,cam,41,4,0.0975609756097561
4QP7-363,MSE,diff,41,6,0.14634146341463414
4QP7-363,MSE+AC,diff,41,3,0.07317073170731707
4QP7-363,MSE+UCN,diff,41,0,0.0
4QP7-363,MSE,gradcam,41,0,0.0
4QP7-363,MSE+AC,gradcam,41,4,0.0975609756097561
4QP7-363,MSE+UCN,gradcam,41,3,0.07317073170731707
4QP7-363,MSE,gradinput,41,4,0.0975609756097561
4QP7-363,MSE+AC,gradinput,41,5,0.12195121951219512
4QP7-363,MSE+UCN,gradinput,41,9,0.21951219512195122
4QP7-363,MSE,ig,41,1,0.024390243902439025
4QP7-363,MSE+AC,ig,41,2,0.04878048780487805
4QP7-363,MSE+UCN,ig,41,4,0.0975609756097561
4QP7-363,MSE,shap,41,6,0.14634146341463414
4QP7-363,MSE+AC,shap,41,9,0.21951219512195122
4QP7-363,MSE+UCN,shap,41,10,0.24390243902439024
4RLI-3SH,MSE,cam,18,8,0.4444444444444444
4RLI-3SH,MSE+AC,cam,18,1,0.05555555555555555
4RLI-3SH,MSE+UCN,cam,18,2,0.1111111111111111
4RLI-3SH,MSE,diff,18,2,0.1111111111111111
4RLI-3SH,MSE+AC,diff,18,1,0.05555555555555555
4RLI-3SH,MSE+UCN,diff,18,2,0.1111111111111111
4RLI-3SH,MSE,gradcam,18,1,0.05555555555555555
4RLI-3SH,MSE+AC,gradcam,18,0,0.0
4RLI-3SH,MSE+UCN,gradcam,18,3,0.16666666666666666
4RLI-3SH,MSE,gradinput,18,3,0.16666666666666666
4RLI-3SH,MSE+AC,gradinput,18,3,0.16666666666666666
4RLI-3SH,MSE+UCN,gradinput,18,1,0.05555555555555555
4RLI-3SH,MSE,ig,18,1,0.05555555555555555
4RLI-3SH,MSE+AC,ig,18,1,0.05555555555555555
4RLI-3SH,MSE+UCN,ig,18,0,0.0
4RLI-3SH,MSE,shap,18,4,0.2222222222222222
4RLI-3SH,MSE+AC,shap,18,3,0.16666666666666666
4RLI-3SH,MSE+UCN,shap,18,5,0.2777777777777778
4RLS-49C,MSE,cam,14,0,0.0
4RLS-49C,MSE+AC,cam,14,1,0.07142857142857142
4RLS-49C,MSE+UCN,cam,14,3,0.21428571428571427
4RLS-49C,MSE,diff,14,0,0.0
4RLS-49C,MSE+AC,diff,14,0,0.0
4RLS-49C,MSE+UCN,diff,14,0,0.0
4RLS-49C,MSE,gradcam,14,1,0.07142857142857142
4RLS-49C,MSE+AC,gradcam,14,1,0.07142857142857142
4RLS-49C,MSE+UCN,gradcam,14,0,0.0
4RLS-49C,MSE,gradinput,14,2,0.14285714285714285
4RLS-49C,MSE+AC,gradinput,14,0,0.0
4RLS-49C,MSE+UCN,gradinput,14,1,0.07142857142857142
4RLS-49C,MSE,ig,14,1,0.07142857142857142
4RLS-49C,MSE+AC,ig,14,0,0.0
4RLS-49C,MSE+UCN,ig,14,1,0.07142857142857142
4RLS-49C,MSE,shap,14,2,0.14285714285714285
4RLS-49C,MSE+AC,shap,14,1,0.07142857142857142
4RLS-49C,MSE+UCN,shap,14,3,0.21428571428571427
4RSS-4MG,MSE,cam,165,12,0.07272727272727272
4RSS-4MG,MSE+AC,cam,165,16,0.09696969696969697
4RSS-4MG,MSE+UCN,cam,165,33,0.2
4RSS-4MG,MSE,diff,165,19,0.11515151515151516
4RSS-4MG,MSE+AC,diff,165,13,0.07878787878787878
4RSS-4MG,MSE+UCN,diff,165,8,0.048484848484848485
4RSS-4MG,MSE,gradcam,165,13,0.07878787878787878
4RSS-4MG,MSE+AC,gradcam,165,7,0.04242424242424243
4RSS-4MG,MSE+UCN,gradcam,165,31,0.18787878787878787
4RSS-4MG,MSE,gradinput,165,6,0.03636363636363636
4RSS-4MG,MSE+AC,gradinput,165,4,0.024242424242424242
4RSS-4MG,MSE+UCN,gradinput,165,8,0.048484848484848485
4RSS-4MG,MSE,ig,165,9,0.05454545454545454
4RSS-4MG,MSE+AC,ig,165,28,0.1696969696969697
4RSS-4MG,MSE+UCN,ig,165,6,0.03636363636363636
4RSS-4MG,MSE,shap,165,36,0.21818181818181817
4RSS-4MG,MSE+AC,shap,165,34,0.20606060606060606
4RSS-4MG,MSE+UCN,shap,165,33,0.2
4RX5-3YO,MSE,cam,21,3,0.14285714285714285
4RX5-3YO,MSE+AC,cam,21,3,0.14285714285714285
4RX5-3YO,MSE+UCN,cam,21,1,0.047619047619047616
4RX5-3YO,MSE,diff,21,3,0.14285714285714285
4RX5-3YO,MSE+AC,diff,21,0,0.0
4RX5-3YO,MSE+UCN,diff,21,1,0.047619047619047616
4RX5-3YO,MSE,gradcam,21,1,0.047619047619047616
4RX5-3YO,MSE+AC,gradcam,21,2,0.09523809523809523
4RX5-3YO,MSE+UCN,gradcam,21,2,0.09523809523809523
4RX5-3YO,MSE,gradinput,21,1,0.047619047619047616
4RX5-3YO,MSE+AC,gradinput,21,2,0.09523809523809523
4RX5-3YO,MSE+UCN,gradinput,21,1,0.047619047619047616
4RX5-3YO,MSE,ig,21,3,0.14285714285714285
4RX5-3YO,MSE+AC,ig,21,1,0.047619047619047616
4RX5-3YO,MSE+UCN,ig,21,7,0.3333333333333333
4RX5-3YO,MSE,shap,21,11,0.5238095238095238
4RX5-3YO,MSE+AC,shap,21,8,0.38095238095238093
4RX5-3YO,MSE+UCN,shap,21,8,0.38095238095238093
4TPM-35E,MSE,cam,32,6,0.1875
4TPM-35E,MSE+AC,cam,32,10,0.3125
4TPM-35E,MSE+UCN,cam,32,7,0.21875
4TPM-35E,MSE,diff,32,2,0.0625
4TPM-35E,MSE+AC,diff,32,2,0.0625
4TPM-35E,MSE+UCN,diff,32,3,0.09375
4TPM-35E,MSE,gradcam,32,4,0.125
4TPM-35E,MSE+AC,gradcam,32,3,0.09375
4TPM-35E,MSE+UCN,gradcam,32,4,0.125
4TPM-35E,MSE,gradinput,32,5,0.15625
4TPM-35E,MSE+AC,gradinput,32,2,0.0625
4TPM-35E,MSE+UCN,gradinput,32,3,0.09375
4TPM-35E,MSE,ig,32,1,0.03125
4TPM-35E,MSE+AC,ig,32,0,0.0
4TPM-35E,MSE+UCN,ig,32,6,0.1875
4TPM-35E,MSE,shap,32,3,0.09375
4TPM-35E,MSE+AC,shap,32,5,0.15625
4TPM-35E,MSE+UCN,shap,32,7,0.21875
4TPT-35H,MSE,cam,30,2,0.06666666666666667
4TPT-35H,MSE+AC,cam,30,0,0.0
4TPT-35H,MSE+UCN,cam,30,0,0.0
4TPT-35H,MSE,diff,30,5,0.16666666666666666
4TPT-35H,MSE+AC,diff,30,3,0.1
4TPT-35H,MSE+UCN,diff,30,0,0.0
4TPT-35H,MSE,gradcam,30,4,0.13333333333333333
4TPT-35H,MSE+AC,gradcam,30,1,0.03333333333333333
4TPT-35H,MSE+UCN,gradcam,30,1,0.03333333333333333
4TPT-35H,MSE,gradinput,30,1,0.03333333333333333
4TPT-35H,MSE+AC,gradinput,30,3,0.1
4TPT-35H,MSE+UCN,gradinput,30,1,0.03333333333333333
4TPT-35H,MSE,ig,30,0,0.0
4TPT-35H,MSE+AC,ig,30,1,0.03333333333333333
4TPT-35H,MSE+UCN,ig,30,2,0.06666666666666667
4TPT-35H,MSE,shap,30,6,0.2
4TPT-35H,MSE+AC,shap,30,7,0.23333333333333334
4TPT-35H,MSE+UCN,shap,30,7,0.23333333333333334
4TV3-ML9,MSE,cam,912,197,0.21600877192982457
4TV3-ML9,MSE+AC,cam,912,207,0.22697368421052633
4TV3-ML9,MSE+UCN,cam,912,193,0.21162280701754385
4TV3-ML9,MSE,diff,912,76,0.08333333333333333
4TV3-ML9,MSE+AC,diff,912,62,0.06798245614035088
4TV3-ML9,MSE+UCN,diff,912,51,0.05592105263157895
4TV3-ML9,MSE,gradcam,912,79,0.08662280701754387
4TV3-ML9,MSE+AC,gradcam,912,92,0.10087719298245613
4TV3-ML9,MSE+UCN,gradcam,912,69,0.0756578947368421
4TV3-ML9,MSE,gradinput,912,112,0.12280701754385964
4TV3-ML9,MSE+AC,gradinput,912,63,0.06907894736842106
4TV3-ML9,MSE+UCN,gradinput,912,84,0.09210526315789473
4TV3-ML9,MSE,ig,912,77,0.08442982456140351
4TV3-ML9,MSE+AC,ig,912,68,0.07456140350877193
4TV3-ML9,MSE+UCN,ig,912,74,0.08114035087719298
4TV3-ML9,MSE,shap,912,222,0.24342105263157895
4TV3-ML9,MSE+AC,shap,912,209,0.22916666666666666
4TV3-ML9,MSE+UCN,shap,912,193,0.21162280701754385
4TY1-38W,MSE,cam,525,86,0.16380952380952382
4TY1-38W,MSE+AC,cam,525,81,0.15428571428571428
4TY1-38W,MSE+UCN,cam,525,130,0.24761904761904763
4TY1-38W,MSE,diff,525,24,0.045714285714285714
4TY1-38W,MSE+AC,diff,525,36,0.06857142857142857
4TY1-38W,MSE+UCN,diff,525,39,0.07428571428571429
4TY1-38W,MSE,gradcam,525,57,0.10857142857142857
4TY1-38W,MSE+AC,gradcam,525,63,0.12
4TY1-38W,MSE+UCN,gradcam,525,58,0.11047619047619048
4TY1-38W,MSE,gradinput,525,71,0.13523809523809524
4TY1-38W,MSE+AC,gradinput,525,42,0.08
4TY1-38W,MSE+UCN,gradinput,525,53,0.10095238095238095
4TY1-38W,MSE,ig,525,34,0.06476190476190476
4TY1-38W,MSE+AC,ig,525,18,0.03428571428571429
4TY1-38W,MSE+UCN,ig,525,39,0.07428571428571429
4TY1-38W,MSE,shap,525,140,0.26666666666666666
4TY1-38W,MSE+AC,shap,525,158,0.30095238095238097
4TY1-38W,MSE+UCN,shap,525,153,0.2914285714285714
4U41-3C8,MSE,cam,86,9,0.10465116279069768
4U41-3C8,MSE+AC,cam,86,6,0.06976744186046512
4U41-3C8,MSE+UCN,cam,86,8,0.09302325581395349
4U41-3C8,MSE,diff,86,3,0.03488372093023256
4U41-3C8,MSE+AC,diff,86,1,0.011627906976744186
4U41-3C8,MSE+UCN,diff,86,4,0.046511627906976744
4U41-3C8,MSE,gradcam,86,5,0.05813953488372093
4U41-3C8,MSE+AC,gradcam,86,6,0.06976744186046512
4U41-3C8,MSE+UCN,gradcam,86,4,0.046511627906976744
4U41-3C8,MSE,gradinput,86,4,0.046511627906976744
4U41-3C8,MSE+AC,gradinput,86,4,0.046511627906976744
4U41-3C8,MSE+UCN,gradinput,86,4,0.046511627906976744
4U41-3C8,MSE,ig,86,4,0.046511627906976744
4U41-3C8,MSE+AC,ig,86,11,0.12790697674418605
4U41-3C8,MSE+UCN,ig,86,6,0.06976744186046512
4U41-3C8,MSE,shap,86,17,0.19767441860465115
4U41-3C8,MSE+AC,shap,86,17,0.19767441860465115
4U41-3C8,MSE+UCN,shap,86,18,0.20930232558139536
4U43-3D8,MSE,cam,45,19,0.4222222222222222
4U43-3D8,MSE+AC,cam,45,11,0.24444444444444444
4U43-3D8,MSE+UCN,cam,45,17,0.37777777777777777
4U43-3D8,MSE,diff,45,2,0.044444444444444446
4U43-3D8,MSE+AC,diff,45,1,0.022222222222222223
4U43-3D8,MSE+UCN,diff,45,2,0.044444444444444446
4U43-3D8,MSE,gradcam,45,1,0.022222222222222223
4U43-3D8,MSE+AC,gradcam,45,10,0.2222222222222222
4U43-3D8,MSE+UCN,gradcam,45,11,0.24444444444444444
4U43-3D8,MSE,gradinput,45,2,0.044444444444444446
4U43-3D8,MSE+AC,gradinput,45,2,0.044444444444444446
4U43-3D8,MSE+UCN,gradinput,45,5,0.1111111111111111
4U43-3D8,MSE,ig,45,3,0.06666666666666667
4U43-3D8,MSE+AC,ig,45,3,0.06666666666666667
4U43-3D8,MSE+UCN,ig,45,5,0.1111111111111111
4U43-3D8,MSE,shap,45,6,0.13333333333333333
4U43-3D8,MSE+AC,shap,45,8,0.17777777777777778
4U43-3D8,MSE+UCN,shap,45,13,0.28888888888888886
4UYE-9F9,MSE,cam,42,2,0.047619047619047616
4UYE-9F9,MSE+AC,cam,42,6,0.14285714285714285
4UYE-9F9,MSE+UCN,cam,42,1,0.023809523809523808
4UYE-9F9,MSE,diff,42,0,0.0
4UYE-9F9,MSE+AC,diff,42,5,0.11904761904761904
4UYE-9F9,MSE+UCN,diff,42,1,0.023809523809523808
4UYE-9F9,MSE,gradcam,42,1,0.023809523809523808
4UYE-9F9,MSE+AC,gradcam,42,4,0.09523809523809523
4UYE-9F9,MSE+UCN,gradcam,42,6,0.14285714285714285
4UYE-9F9,MSE,gradinput,42,1,0.023809523809523808
4UYE-9F9,MSE+AC,gradinput,42,6,0.14285714285714285
4UYE-9F9,MSE+UCN,gradinput,42,3,0.07142857142857142
4UYE-9F9,MSE,ig,42,3,0.07142857142857142
4UYE-9F9,MSE+AC,ig,42,4,0.09523809523809523
4UYE-9F9,MSE+UCN,ig,42,2,0.047619047619047616
4UYE-9F9,MSE,shap,42,10,0.23809523809523808
4UYE-9F9,MSE+AC,shap,42,8,0.19047619047619047
4UYE-9F9,MSE+UCN,shap,42,10,0.23809523809523808
4W4V-3H8,MSE,cam,62,8,0.12903225806451613
4W4V-3H8,MSE+AC,cam,62,11,0.1774193548387097
4W4V-3H8,MSE+UCN,cam,62,6,0.0967741935483871
4W4V-3H8,MSE,diff,62,4,0.06451612903225806
4W4V-3H8,MSE+AC,diff,62,4,0.06451612903225806
4W4V-3H8,MSE+UCN,diff,62,6,0.0967741935483871
4W4V-3H8,MSE,gradcam,62,7,0.11290322580645161
4W4V-3H8,MSE+AC,gradcam,62,5,0.08064516129032258
4W4V-3H8,MSE+UCN,gradcam,62,6,0.0967741935483871
4W4V-3H8,MSE,gradinput,62,4,0.06451612903225806
4W4V-3H8,MSE+AC,gradinput,62,10,0.16129032258064516
4W4V-3H8,MSE+UCN,gradinput,62,6,0.0967741935483871
4W4V-3H8,MSE,ig,62,8,0.12903225806451613
4W4V-3H8,MSE+AC,ig,62,4,0.06451612903225806
4W4V-3H8,MSE+UCN,ig,62,9,0.14516129032258066
4W4V-3H8,MSE,shap,62,21,0.3387096774193548
4W4V-3H8,MSE+AC,shap,62,15,0.24193548387096775
4W4V-3H8,MSE+UCN,shap,62,11,0.1774193548387097
4WOT-3SG,MSE,cam,83,16,0.1927710843373494
4WOT-3SG,MSE+AC,cam,83,15,0.18072289156626506
4WOT-3SG,MSE+UCN,cam,83,19,0.2289156626506024
4WOT-3SG,MSE,diff,83,1,0.012048192771084338
4WOT-3SG,MSE+AC,diff,83,4,0.04819277108433735
4WOT-3SG,MSE+UCN,diff,83,13,0.1566265060240964
4WOT-3SG,MSE,gradcam,83,10,0.12048192771084337
4WOT-3SG,MSE+AC,gradcam,83,15,0.18072289156626506
4WOT-3SG,MSE+UCN,gradcam,83,17,0.20481927710843373
4WOT-3SG,MSE,gradinput,83,15,0.18072289156626506
4WOT-3SG,MSE+AC,gradinput,83,6,0.07228915662650602
4WOT-3SG,MSE+UCN,gradinput,83,9,0.10843373493975904
4WOT-3SG,MSE,ig,83,13,0.1566265060240964
4WOT-3SG,MSE+AC,ig,83,7,0.08433734939759036
4WOT-3SG,MSE+UCN,ig,83,5,0.060240963855421686
4WOT-3SG,MSE,shap,83,18,0.21686746987951808
4WOT-3SG,MSE+AC,shap,83,19,0.2289156626506024
4WOT-3SG,MSE+UCN,shap,83,18,0.21686746987951808
4WPF-3SN,MSE,cam,81,14,0.1728395061728395
4WPF-3SN,MSE+AC,cam,81,9,0.1111111111111111
4WPF-3SN,MSE+UCN,cam,81,6,0.07407407407407407
4WPF-3SN,MSE,diff,81,8,0.09876543209876543
4WPF-3SN,MSE+AC,diff,81,3,0.037037037037037035
4WPF-3SN,MSE+UCN,diff,81,6,0.07407407407407407
4WPF-3SN,MSE,gradcam,81,12,0.14814814814814814
4WPF-3SN,MSE+AC,gradcam,81,12,0.14814814814814814
4WPF-3SN,MSE+UCN,gradcam,81,11,0.13580246913580246
4WPF-3SN,MSE,gradinput,81,9,0.1111111111111111
4WPF-3SN,MSE+AC,gradinput,81,7,0.08641975308641975
4WPF-3SN,MSE+UCN,gradinput,81,5,0.06172839506172839
4WPF-3SN,MSE,ig,81,4,0.04938271604938271
4WPF-3SN,MSE+AC,ig,81,6,0.07407407407407407
4WPF-3SN,MSE+UCN,ig,81,13,0.16049382716049382
4WPF-3SN,MSE,shap,81,16,0.19753086419753085
4WPF-3SN,MSE+AC,shap,81,20,0.24691358024691357
4WPF-3SN,MSE+UCN,shap,81,11,0.13580246913580246
4WQP-3SX,MSE,cam,677,69,0.1019202363367799
4WQP-3SX,MSE+AC,cam,677,103,0.15214180206794684
4WQP-3SX,MSE+UCN,cam,677,66,0.09748892171344166
4WQP-3SX,MSE,diff,677,36,0.053175775480059084
4WQP-3SX,MSE+AC,diff,677,58,0.08567208271787297
4WQP-3SX,MSE+UCN,diff,677,53,0.07828655834564253
4WQP-3SX,MSE,gradcam,677,46,0.06794682422451995
4WQP-3SX,MSE+AC,gradcam,677,52,0.07680945347119646
4WQP-3SX,MSE+UCN,gradcam,677,76,0.11225997045790251
4WQP-3SX,MSE,gradinput,677,54,0.07976366322008863
4WQP-3SX,MSE+AC,gradinput,677,52,0.07680945347119646
4WQP-3SX,MSE+UCN,gradinput,677,48,0.07090103397341212
4WQP-3SX,MSE,ig,677,41,0.060561299852289516
4WQP-3SX,MSE+AC,ig,677,15,0.022156573116691284
4WQP-3SX,MSE+UCN,ig,677,61,0.09010339734121123
4WQP-3SX,MSE,shap,677,156,0.23042836041358936
4WQP-3SX,MSE+AC,shap,677,152,0.22451994091580502
4WQP-3SX,MSE+UCN,shap,677,155,0.22895125553914328
4WT6-3U6,MSE,cam,751,186,0.24766977363515313
4WT6-3U6,MSE+AC,cam,751,185,0.24633821571238348
4WT6-3U6,MSE+UCN,cam,751,169,0.22503328894806923
4WT6-3U6,MSE,diff,751,43,0.05725699067909454
4WT6-3U6,MSE+AC,diff,751,84,0.1118508655126498
4WT6-3U6,MSE+UCN,diff,751,53,0.07057256990679095
4WT6-3U6,MSE,gradcam,751,115,0.15312916111850866
4WT6-3U6,MSE+AC,gradcam,751,79,0.1051930758988016
4WT6-3U6,MSE+UCN,gradcam,751,68,0.09054593874833555
4WT6-3U6,MSE,gradinput,751,63,0.08388814913448735
4WT6-3U6,MSE+AC,gradinput,751,80,0.10652463382157124
4WT6-3U6,MSE+UCN,gradinput,751,86,0.11451398135818908
4WT6-3U6,MSE,ig,751,92,0.12250332889480692
4WT6-3U6,MSE+AC,ig,751,185,0.24633821571238348
4WT6-3U6,MSE+UCN,ig,751,60,0.07989347536617843
4WT6-3U6,MSE,shap,751,206,0.27430093209054596
4WT6-3U6,MSE+AC,shap,751,192,0.255659121171771
4WT6-3U6,MSE+UCN,shap,751,191,0.25432756324900135
4WY1-3VO,MSE,cam,1428,334,0.2338935574229692
4WY1-3VO,MSE+AC,cam,1428,303,0.21218487394957983
4WY1-3VO,MSE+UCN,cam,1428,517,0.36204481792717086
4WY1-3VO,MSE,diff,1428,106,0.0742296918767507
4WY1-3VO,MSE+AC,diff,1428,87,0.06092436974789916
4WY1-3VO,MSE+UCN,diff,1428,154,0.10784313725490197
4WY1-3VO,MSE,gradcam,1428,104,0.07282913165266107
4WY1-3VO,MSE+AC,gradcam,1428,126,0.08823529411764706
4WY1-3VO,MSE+UCN,gradcam,1428,129,0.09033613445378151
4WY1-3VO,MSE,gradinput,1428,122,0.08543417366946779
4WY1-3VO,MSE+AC,gradinput,1428,225,0.15756302521008403
4WY1-3VO,MSE+UCN,gradinput,1428,175,0.12254901960784313
4WY1-3VO,MSE,ig,1428,133,0.09313725490196079
4WY1-3VO,MSE+AC,ig,1428,148,0.10364145658263306
4WY1-3VO,MSE+UCN,ig,1428,169,0.11834733893557423
4WY1-3VO,MSE,shap,1428,363,0.2542016806722689
4WY1-3VO,MSE+AC,shap,1428,382,0.26750700280112044
4WY1-3VO,MSE+UCN,shap,1428,376,0.26330532212885155
4X6X-S74,MSE,cam,30,11,0.36666666666666664
4X6X-S74,MSE+AC,cam,30,4,0.13333333333333333
4X6X-S74,MSE+UCN,cam,30,1,0.03333333333333333
4X6X-S74,MSE,diff,30,2,0.06666666666666667
4X6X-S74,MSE+AC,diff,30,0,0.0
4X6X-S74,MSE+UCN,diff,30,2,0.06666666666666667
4X6X-S74,MSE,gradcam,30,3,0.1
4X6X-S74,MSE+AC,gradcam,30,3,0.1
4X6X-S74,MSE+UCN,gradcam,30,19,0.6333333333333333
4X6X-S74,MSE,gradinput,30,5,0.16666666666666666
4X6X-S74,MSE+AC,gradinput,30,7,0.23333333333333334
4X6X-S74,MSE+UCN,gradinput,30,9,0.3
4X6X-S74,MSE,ig,30,3,0.1
4X6X-S74,MSE+AC,ig,30,5,0.16666666666666666
4X6X-S74,MSE+UCN,ig,30,7,0.23333333333333334
4X6X-S74,MSE,shap,30,8,0.26666666666666666
4X6X-S74,MSE+AC,shap,30,4,0.13333333333333333
4X6X-S74,MSE+UCN,shap,30,8,0.26666666666666666
4X7I-3YS,MSE,cam,389,99,0.2544987146529563
4X7I-3YS,MSE+AC,cam,389,96,0.2467866323907455
4X7I-3YS,MSE+UCN,cam,389,91,0.23393316195372751
4X7I-3YS,MSE,diff,389,40,0.10282776349614396
4X7I-3YS,MSE+AC,diff,389,43,0.11053984575835475
4X7I-3YS,MSE+UCN,diff,389,88,0.2262210796915167
4X7I-3YS,MSE,gradcam,389,91,0.23393316195372751
4X7I-3YS,MSE+AC,gradcam,389,83,0.2133676092544987
4X7I-3YS,MSE+UCN,gradcam,389,59,0.15167095115681234
4X7I-3YS,MSE,gradinput,389,81,0.20822622107969152
4X7I-3YS,MSE+AC,gradinput,389,69,0.17737789203084833
4X7I-3YS,MSE+UCN,gradinput,389,55,0.14138817480719795
4X7I-3YS,MSE,ig,389,41,0.10539845758354756
4X7I-3YS,MSE+AC,ig,389,45,0.11568123393316196
4X7I-3YS,MSE+UCN,ig,389,78,0.20051413881748073
4X7I-3YS,MSE,shap,389,108,0.2776349614395887
4X7I-3YS,MSE+AC,shap,389,118,0.3033419023136247
4X7I-3YS,MSE+UCN,shap,389,106,0.27249357326478146
4XHK-3YR,MSE,cam,204,42,0.20588235294117646
4XHK-3YR,MSE+AC,cam,204,27,0.1323529411764706
4XHK-3YR,MSE+UCN,cam,204,42,0.20588235294117646
4XHK-3YR,MSE,diff,204,12,0.058823529411764705
4XHK-3YR,MSE+AC,diff,204,14,0.06862745098039216
4XHK-3YR,MSE+UCN,diff,204,9,0.04411764705882353
4XHK-3YR,MSE,gradcam,204,12,0.058823529411764705
4XHK-3YR,MSE+AC,gradcam,204,20,0.09803921568627451
4XHK-3YR,MSE+UCN,gradcam,204,18,0.08823529411764706
4XHK-3YR,MSE,gradinput,204,13,0.06372549019607843
4XHK-3YR,MSE+AC,gradinput,204,8,0.0392156862745098
4XHK-3YR,MSE+UCN,gradinput,204,14,0.06862745098039216
4XHK-3YR,MSE,ig,204,15,0.07352941176470588
4XHK-3YR,MSE+AC,ig,204,16,0.0784313725490196
4XHK-3YR,MSE+UCN,ig,204,12,0.058823529411764705
4XHK-3YR,MSE,shap,204,40,0.19607843137254902
4XHK-3YR,MSE+AC,shap,204,50,0.24509803921568626
4XHK-3YR,MSE+UCN,shap,204,43,0.2107843137254902
4XJ0-41B,MSE,cam,22,0,0.0
4XJ0-41B,MSE+AC,cam,22,0,0.0
4XJ0-41B,MSE+UCN,cam,22,2,0.09090909090909091
4XJ0-41B,MSE,diff,22,0,0.0
4XJ0-41B,MSE+AC,diff,22,3,0.13636363636363635
4XJ0-41B,MSE+UCN,diff,22,2,0.09090909090909091
4XJ0-41B,MSE,gradcam,22,0,0.0
4XJ0-41B,MSE+AC,gradcam,22,1,0.045454545454545456
4XJ0-41B,MSE+UCN,gradcam,22,4,0.18181818181818182
4XJ0-41B,MSE,gradinput,22,0,0.0
4XJ0-41B,MSE+AC,gradinput,22,0,0.0
4XJ0-41B,MSE+UCN,gradinput,22,5,0.22727272727272727
4XJ0-41B,MSE,ig,22,0,0.0
4XJ0-41B,MSE+AC,ig,22,0,0.0
4XJ0-41B,MSE+UCN,ig,22,2,0.09090909090909091
4XJ0-41B,MSE,shap,22,3,0.13636363636363635
4XJ0-41B,MSE+AC,shap,22,4,0.18181818181818182
4XJ0-41B,MSE+UCN,shap,22,4,0.18181818181818182
4XMO-46G,MSE,cam,20,11,0.55
4XMO-46G,MSE+AC,cam,20,5,0.25
4XMO-46G,MSE+UCN,cam,20,3,0.15
4XMO-46G,MSE,diff,20,1,0.05
4XMO-46G,MSE+AC,diff,20,2,0.1
4XMO-46G,MSE+UCN,diff,20,0,0.0
4XMO-46G,MSE,gradcam,20,2,0.1
4XMO-46G,MSE+AC,gradcam,20,2,0.1
4XMO-46G,MSE+UCN,gradcam,20,4,0.2
4XMO-46G,MSE,gradinput,20,2,0.1
4XMO-46G,MSE+AC,gradinput,20,1,0.05
4XMO-46G,MSE+UCN,gradinput,20,1,0.05
4XMO-46G,MSE,ig,20,0,0.0
4XMO-46G,MSE+AC,ig,20,0,0.0
4XMO-46G,MSE+UCN,ig,20,2,0.1
4XMO-46G,MSE,shap,20,3,0.15
4XMO-46G,MSE+AC,shap,20,5,0.25
4XMO-46G,MSE+UCN,shap,20,5,0.25
4XT9-43V,MSE,cam,59,39,0.6610169491525424
4XT9-43V,MSE+AC,cam,59,19,0.3220338983050847
4XT9-43V,MSE+UCN,cam,59,5,0.0847457627118644
4XT9-43V,MSE,diff,59,7,0.11864406779661017
4XT9-43V,MSE+AC,diff,59,2,0.03389830508474576
4XT9-43V,MSE+UCN,diff,59,14,0.23728813559322035
4XT9-43V,MSE,gradcam,59,5,0.0847457627118644
4XT9-43V,MSE+AC,gradcam,59,5,0.0847457627118644
4XT9-43V,MSE+UCN,gradcam,59,6,0.1016949152542373
4XT9-43V,MSE,gradinput,59,4,0.06779661016949153
4XT9-43V,MSE+AC,gradinput,59,6,0.1016949152542373
4XT9-43V,MSE+UCN,gradinput,59,9,0.15254237288135594
4XT9-43V,MSE,ig,59,10,0.1694915254237288
4XT9-43V,MSE+AC,ig,59,10,0.1694915254237288
4XT9-43V,MSE+UCN,ig,59,11,0.1864406779661017
4XT9-43V,MSE,shap,59,18,0.3050847457627119
4XT9-43V,MSE+AC,shap,59,10,0.1694915254237288
4XT9-43V,MSE+UCN,shap,59,13,0.22033898305084745
4Y73-XPY,MSE,cam,157,8,0.050955414012738856
4Y73-XPY,MSE+AC,cam,157,11,0.07006369426751592
4Y73-XPY,MSE+UCN,cam,157,24,0.15286624203821655
4Y73-XPY,MSE,diff,157,13,0.08280254777070063
4Y73-XPY,MSE+AC,diff,157,6,0.03821656050955414
4Y73-XPY,MSE+UCN,diff,157,5,0.03184713375796178
4Y73-XPY,MSE,gradcam,157,11,0.07006369426751592
4Y73-XPY,MSE+AC,gradcam,157,21,0.1337579617834395
4Y73-XPY,MSE+UCN,gradcam,157,14,0.08917197452229299
4Y73-XPY,MSE,gradinput,157,12,0.07643312101910828
4Y73-XPY,MSE+AC,gradinput,157,15,0.09554140127388536
4Y73-XPY,MSE+UCN,gradinput,157,26,0.16560509554140126
4Y73-XPY,MSE,ig,157,25,0.1592356687898089
4Y73-XPY,MSE+AC,ig,157,9,0.05732484076433121
4Y73-XPY,MSE+UCN,ig,157,9,0.05732484076433121
4Y73-XPY,MSE,shap,157,39,0.2484076433121019
4Y73-XPY,MSE+AC,shap,157,37,0.2356687898089172
4Y73-XPY,MSE+UCN,shap,157,38,0.24203821656050956
4YFF-4CV,MSE,cam,95,21,0.22105263157894736
4YFF-4CV,MSE+AC,cam,95,23,0.24210526315789474
4YFF-4CV,MSE+UCN,cam,95,17,0.17894736842105263
4YFF-4CV,MSE,diff,95,10,0.10526315789473684
4YFF-4CV,MSE+AC,diff,95,8,0.08421052631578947
4YFF-4CV,MSE+UCN,diff,95,3,0.031578947368421054
4YFF-4CV,MSE,gradcam,95,4,0.042105263157894736
4YFF-4CV,MSE+AC,gradcam,95,3,0.031578947368421054
4YFF-4CV,MSE+UCN,gradcam,95,17,0.17894736842105263
4YFF-4CV,MSE,gradinput,95,4,0.042105263157894736
4YFF-4CV,MSE+AC,gradinput,95,7,0.07368421052631578
4YFF-4CV,MSE+UCN,gradinput,95,8,0.08421052631578947
4YFF-4CV,MSE,ig,95,10,0.10526315789473684
4YFF-4CV,MSE+AC,ig,95,3,0.031578947368421054
4YFF-4CV,MSE+UCN,ig,95,8,0.08421052631578947
4YFF-4CV,MSE,shap,95,17,0.17894736842105263
4YFF-4CV,MSE+AC,shap,95,15,0.15789473684210525
4YFF-4CV,MSE+UCN,shap,95,18,0.18947368421052632
4YL0-4DZ,MSE,cam,32,5,0.15625
4YL0-4DZ,MSE+AC,cam,32,1,0.03125
4YL0-4DZ,MSE+UCN,cam,32,5,0.15625
4YL0-4DZ,MSE,diff,32,2,0.0625
4YL0-4DZ,MSE+AC,diff,32,0,0.0
4YL0-4DZ,MSE+UCN,diff,32,1,0.03125
4YL0-4DZ,MSE,gradcam,32,2,0.0625
4YL0-4DZ,MSE+AC,gradcam,32,5,0.15625
4YL0-4DZ,MSE+UCN,gradcam,32,1,0.03125
4YL0-4DZ,MSE,gradinput,32,0,0.0
4YL0-4DZ,MSE+AC,gradinput,32,1,0.03125
4YL0-4DZ,MSE+UCN,gradinput,32,4,0.125
4YL0-4DZ,MSE,ig,32,2,0.0625
4YL0-4DZ,MSE+AC,ig,32,0,0.0
4YL0-4DZ,MSE+UCN,ig,32,0,0.0
4YL0-4DZ,MSE,shap,32,6,0.1875
4YL0-4DZ,MSE+AC,shap,32,4,0.125
4YL0-4DZ,MSE+UCN,shap,32,3,0.09375
4YPQ-4F1,MSE,cam,1053,306,0.2905982905982906
4YPQ-4F1,MSE+AC,cam,1053,235,0.22317188983855651
4YPQ-4F1,MSE+UCN,cam,1053,362,0.34377967711301044
4YPQ-4F1,MSE,diff,1053,63,0.05982905982905983
4YPQ-4F1,MSE+AC,diff,1053,92,0.08736942070275404
4YPQ-4F1,MSE+UCN,diff,1053,90,0.08547008547008547
4YPQ-4F1,MSE,gradcam,1053,112,0.1063627730294397
4YPQ-4F1,MSE+AC,gradcam,1053,98,0.09306742640075974
4YPQ-4F1,MSE+UCN,gradcam,1053,134,0.12725546058879392
4YPQ-4F1,MSE,gradinput,1053,104,0.09876543209876543
4YPQ-4F1,MSE+AC,gradinput,1053,103,0.09781576448243115
4YPQ-4F1,MSE+UCN,gradinput,1053,96,0.09116809116809117
4YPQ-4F1,MSE,ig,1053,92,0.08736942070275404
4YPQ-4F1,MSE+AC,ig,1053,120,0.11396011396011396
4YPQ-4F1,MSE+UCN,ig,1053,91,0.08641975308641975
4YPQ-4F1,MSE,shap,1053,282,0.2678062678062678
4YPQ-4F1,MSE+AC,shap,1053,286,0.2716049382716049
4YPQ-4F1,MSE+UCN,shap,1053,286,0.2716049382716049
4ZAU-YY3,MSE,cam,59,14,0.23728813559322035
4ZAU-YY3,MSE+AC,cam,59,16,0.2711864406779661
4ZAU-YY3,MSE+UCN,cam,59,0,0.0
4ZAU-YY3,MSE,diff,59,9,0.15254237288135594
4ZAU-YY3,MSE+AC,diff,59,8,0.13559322033898305
4ZAU-YY3,MSE+UCN,diff,59,9,0.15254237288135594
4ZAU-YY3,MSE,gradcam,59,5,0.0847457627118644
4ZAU-YY3,MSE+AC,gradcam,59,11,0.1864406779661017
4ZAU-YY3,MSE+UCN,gradcam,59,12,0.2033898305084746
4ZAU-YY3,MSE,gradinput,59,4,0.06779661016949153
4ZAU-YY3,MSE+AC,gradinput,59,7,0.11864406779661017
4ZAU-YY3,MSE+UCN,gradinput,59,6,0.1016949152542373
4ZAU-YY3,MSE,ig,59,6,0.1016949152542373
4ZAU-YY3,MSE+AC,ig,59,7,0.11864406779661017
4ZAU-YY3,MSE+UCN,ig,59,8,0.13559322033898305
4ZAU-YY3,MSE,shap,59,11,0.1864406779661017
4ZAU-YY3,MSE+AC,shap,59,11,0.1864406779661017
4ZAU-YY3,MSE+UCN,shap,59,10,0.1694915254237288
4ZIM-4OK,MSE,cam,158,29,0.18354430379746836
4ZIM-4OK,MSE+AC,cam,158,23,0.14556962025316456
4ZIM-4OK,MSE+UCN,cam,158,49,0.310126582278481
4ZIM-4OK,MSE,diff,158,13,0.08227848101265822
4ZIM-4OK,MSE+AC,diff,158,12,0.0759493670886076
4ZIM-4OK,MSE+UCN,diff,158,31,0.1962025316455696
4ZIM-4OK,MSE,gradcam,158,9,0.056962025316455694
4ZIM-4OK,MSE+AC,gradcam,158,10,0.06329113924050633
4ZIM-4OK,MSE+UCN,gradcam,158,21,0.13291139240506328
4ZIM-4OK,MSE,gradinput,158,21,0.13291139240506328
4ZIM-4OK,MSE+AC,gradinput,158,17,0.10759493670886076
4ZIM-4OK,MSE+UCN,gradinput,158,26,0.16455696202531644
4ZIM-4OK,MSE,ig,158,17,0.10759493670886076
4ZIM-4OK,MSE+AC,ig,158,9,0.056962025316455694
4ZIM-4OK,MSE+UCN,ig,158,37,0.23417721518987342
4ZIM-4OK,MSE,shap,158,44,0.27848101265822783
4ZIM-4OK,MSE+AC,shap,158,40,0.25316455696202533
4ZIM-4OK,MSE+UCN,shap,158,40,0.25316455696202533
4ZJW-4P1,MSE,cam,18,1,0.05555555555555555
4ZJW-4P1,MSE+AC,cam,18,1,0.05555555555555555
4ZJW-4P1,MSE+UCN,cam,18,0,0.0
4ZJW-4P1,MSE,diff,18,1,0.05555555555555555
4ZJW-4P1,MSE+AC,diff,18,1,0.05555555555555555
4ZJW-4P1,MSE+UCN,diff,18,3,0.16666666666666666
4ZJW-4P1,MSE,gradcam,18,1,0.05555555555555555
4ZJW-4P1,MSE+AC,gradcam,18,4,0.2222222222222222
4ZJW-4P1,MSE+UCN,gradcam,18,1,0.05555555555555555
4ZJW-4P1,MSE,gradinput,18,0,0.0
4ZJW-4P1,MSE+AC,gradinput,18,3,0.16666666666666666
4ZJW-4P1,MSE+UCN,gradinput,18,2,0.1111111111111111
4ZJW-4P1,MSE,ig,18,1,0.05555555555555555
4ZJW-4P1,MSE+AC,ig,18,1,0.05555555555555555
4ZJW-4P1,MSE+UCN,ig,18,1,0.05555555555555555
4ZJW-4P1,MSE,shap,18,2,0.1111111111111111
4ZJW-4P1,MSE+AC,shap,18,1,0.05555555555555555
4ZJW-4P1,MSE+UCN,shap,18,2,0.1111111111111111
4ZZI-1NS,MSE,cam,28,9,0.32142857142857145
4ZZI-1NS,MSE+AC,cam,28,21,0.75
4ZZI-1NS,MSE+UCN,cam,28,2,0.07142857142857142
4ZZI-1NS,MSE,diff,28,9,0.32142857142857145
4ZZI-1NS,MSE+AC,diff,28,6,0.21428571428571427
4ZZI-1NS,MSE+UCN,diff,28,0,0.0
4ZZI-1NS,MSE,gradcam,28,7,0.25
4ZZI-1NS,MSE+AC,gradcam,28,16,0.5714285714285714
4ZZI-1NS,MSE+UCN,gradcam,28,1,0.03571428571428571
4ZZI-1NS,MSE,gradinput,28,4,0.14285714285714285
4ZZI-1NS,MSE+AC,gradinput,28,9,0.32142857142857145
4ZZI-1NS,MSE+UCN,gradinput,28,3,0.10714285714285714
4ZZI-1NS,MSE,ig,28,2,0.07142857142857142
4ZZI-1NS,MSE+AC,ig,28,5,0.17857142857142858
4ZZI-1NS,MSE+UCN,ig,28,0,0.0
4ZZI-1NS,MSE,shap,28,12,0.42857142857142855
4ZZI-1NS,MSE+AC,shap,28,13,0.4642857142857143
4ZZI-1NS,MSE+UCN,shap,28,12,0.42857142857142855
5A09-JJD,MSE,cam,4806,1166,0.2426133999167707
5A09-JJD,MSE+AC,cam,4806,1196,0.24885559717020392
5A09-JJD,MSE+UCN,cam,4806,623,0.12962962962962962
5A09-JJD,MSE,diff,4806,320,0.06658343736995423
5A09-JJD,MSE+AC,diff,4806,604,0.1256762380357886
5A09-JJD,MSE+UCN,diff,4806,250,0.05201831044527674
5A09-JJD,MSE,gradcam,4806,936,0.1947565543071161
5A09-JJD,MSE+AC,gradcam,4806,754,0.15688722430295465
5A09-JJD,MSE+UCN,gradcam,4806,624,0.12983770287141075
5A09-JJD,MSE,gradinput,4806,726,0.15106117353308365
5A09-JJD,MSE+AC,gradinput,4806,565,0.11756138160632543
5A09-JJD,MSE+UCN,gradinput,4806,1188,0.24719101123595505
5A09-JJD,MSE,ig,4806,477,0.09925093632958802
5A09-JJD,MSE+AC,ig,4806,522,0.10861423220973783
5A09-JJD,MSE,shap,4806,1310,0.2725759467332501
5A09-JJD,MSE+AC,shap,4806,1328,0.27632126508531
5A09-JJD,MSE+UCN,shap,4806,1271,0.26446109030378695
5AM3-AUB,MSE,cam,22,2,0.09090909090909091
5AM3-AUB,MSE+AC,cam,22,12,0.5454545454545454
5AM3-AUB,MSE+UCN,cam,22,2,0.09090909090909091
5AM3-AUB,MSE,diff,22,0,0.0
5AM3-AUB,MSE+AC,diff,22,1,0.045454545454545456
5AM3-AUB,MSE+UCN,diff,22,1,0.045454545454545456
5AM3-AUB,MSE,gradcam,22,0,0.0
5AM3-AUB,MSE+AC,gradcam,22,3,0.13636363636363635
5AM3-AUB,MSE+UCN,gradcam,22,1,0.045454545454545456
5AM3-AUB,MSE,gradinput,22,2,0.09090909090909091
5AM3-AUB,MSE+AC,gradinput,22,4,0.18181818181818182
5AM3-AUB,MSE+UCN,gradinput,22,0,0.0
5AM3-AUB,MSE,ig,22,1,0.045454545454545456
5AM3-AUB,MSE+AC,ig,22,3,0.13636363636363635
5AM3-AUB,MSE+UCN,ig,22,3,0.13636363636363635
5AM3-AUB,MSE,shap,22,5,0.22727272727272727
5AM3-AUB,MSE+AC,shap,22,7,0.3181818181818182
5AM3-AUB,MSE+UCN,shap,22,7,0.3181818181818182
5AXP-4LK,MSE,cam,18,9,0.5
5AXP-4LK,MSE+AC,cam,18,17,0.9444444444444444
5AXP-4LK,MSE+UCN,cam,18,0,0.0
5AXP-4LK,MSE,diff,18,0,0.0
5AXP-4LK,MSE+AC,diff,18,0,0.0
5AXP-4LK,MSE+UCN,diff,18,2,0.1111111111111111
5AXP-4LK,MSE,gradcam,18,2,0.1111111111111111
5AXP-4LK,MSE+AC,gradcam,18,5,0.2777777777777778
5AXP-4LK,MSE+UCN,gradcam,18,3,0.16666666666666666
5AXP-4LK,MSE,gradinput,18,0,0.0
5AXP-4LK,MSE+AC,gradinput,18,2,0.1111111111111111
5AXP-4LK,MSE+UCN,gradinput,18,6,0.3333333333333333
5AXP-4LK,MSE,ig,18,10,0.5555555555555556
5AXP-4LK,MSE+AC,ig,18,4,0.2222222222222222
5AXP-4LK,MSE+UCN,ig,18,1,0.05555555555555555
5AXP-4LK,MSE,shap,18,3,0.16666666666666666
5AXP-4LK,MSE+AC,shap,18,4,0.2222222222222222
5AXP-4LK,MSE+UCN,shap,18,2,0.1111111111111111
5CF4-50Y,MSE,cam,32,5,0.15625
5CF4-50Y,MSE+AC,cam,32,0,0.0
5CF4-50Y,MSE+UCN,cam,32,1,0.03125
5CF4-50Y,MSE,diff,32,2,0.0625
5CF4-50Y,MSE+AC,diff,32,1,0.03125
5CF4-50Y,MSE+UCN,diff,32,1,0.03125
5CF4-50Y,MSE,gradcam,32,2,0.0625
5CF4-50Y,MSE+AC,gradcam,32,0,0.0
5CF4-50Y,MSE+UCN,gradcam,32,1,0.03125
5CF4-50Y,MSE,gradinput,32,4,0.125
5CF4-50Y,MSE+AC,gradinput,32,0,0.0
5CF4-50Y,MSE+UCN,gradinput,32,0,0.0
5CF4-50Y,MSE,ig,32,0,0.0
5CF4-50Y,MSE+AC,ig,32,0,0.0
5CF4-50Y,MSE+UCN,ig,32,1,0.03125
5CF4-50Y,MSE,shap,32,10,0.3125
5CF4-50Y,MSE+AC,shap,32,8,0.25
5CF4-50Y,MSE+UCN,shap,32,8,0.25
5D1J-56H,MSE,cam,129,26,0.20155038759689922
5D1J-56H,MSE+AC,cam,129,24,0.18604651162790697
5D1J-56H,MSE+UCN,cam,129,13,0.10077519379844961
5D1J-56H,MSE,diff,129,7,0.05426356589147287
5D1J-56H,MSE+AC,diff,129,3,0.023255813953488372
5D1J-56H,MSE+UCN,diff,129,10,0.07751937984496124
5D1J-56H,MSE,gradcam,129,12,0.09302325581395349
5D1J-56H,MSE+AC,gradcam,129,5,0.03875968992248062
5D1J-56H,MSE+UCN,gradcam,129,26,0.20155038759689922
5D1J-56H,MSE,gradinput,129,10,0.07751937984496124
5D1J-56H,MSE+AC,gradinput,129,12,0.09302325581395349
5D1J-56H,MSE+UCN,gradinput,129,15,0.11627906976744186
5D1J-56H,MSE,ig,129,13,0.10077519379844961
5D1J-56H,MSE+AC,ig,129,11,0.08527131782945736
5D1J-56H,MSE+UCN,ig,129,13,0.10077519379844961
5D1J-56H,MSE,shap,129,37,0.2868217054263566
5D1J-56H,MSE+AC,shap,129,32,0.24806201550387597
5D1J-56H,MSE+UCN,shap,129,30,0.23255813953488372
5DXU-5H5,MSE,cam,139,21,0.1510791366906475
5DXU-5H5,MSE+AC,cam,139,29,0.20863309352517986
5DXU-5H5,MSE+UCN,cam,139,22,0.15827338129496402
5DXU-5H5,MSE,diff,139,20,0.14388489208633093
5DXU-5H5,MSE+AC,diff,139,4,0.02877697841726619
5DXU-5H5,MSE+UCN,diff,139,13,0.09352517985611511
5DXU-5H5,MSE,gradcam,139,14,0.10071942446043165
5DXU-5H5,MSE+AC,gradcam,139,10,0.07194244604316546
5DXU-5H5,MSE+UCN,gradcam,139,14,0.10071942446043165
5DXU-5H5,MSE,gradinput,139,5,0.03597122302158273
5DXU-5H5,MSE+AC,gradinput,139,7,0.050359712230215826
5DXU-5H5,MSE+UCN,gradinput,139,28,0.2014388489208633
5DXU-5H5,MSE,ig,139,12,0.08633093525179857
5DXU-5H5,MSE+AC,ig,139,30,0.2158273381294964
5DXU-5H5,MSE+UCN,ig,139,9,0.06474820143884892
5DXU-5H5,MSE,shap,139,43,0.30935251798561153
5DXU-5H5,MSE+AC,shap,139,32,0.2302158273381295
5DXU-5H5,MSE+UCN,shap,139,44,0.31654676258992803
5E1E-5JG,MSE,cam,21,2,0.09523809523809523
5E1E-5JG,MSE+AC,cam,21,4,0.19047619047619047
5E1E-5JG,MSE+UCN,cam,21,2,0.09523809523809523
5E1E-5JG,MSE,diff,21,0,0.0
5E1E-5JG,MSE+AC,diff,21,1,0.047619047619047616
5E1E-5JG,MSE+UCN,diff,21,0,0.0
5E1E-5JG,MSE,gradcam,21,1,0.047619047619047616
5E1E-5JG,MSE+AC,gradcam,21,0,0.0
5E1E-5JG,MSE+UCN,gradcam,21,1,0.047619047619047616
5E1E-5JG,MSE,gradinput,21,0,0.0
5E1E-5JG,MSE+AC,gradinput,21,0,0.0
5E1E-5JG,MSE+UCN,gradinput,21,0,0.0
5E1E-5JG,MSE,ig,21,0,0.0
5E1E-5JG,MSE+AC,ig,21,1,0.047619047619047616
5E1E-5JG,MSE+UCN,ig,21,1,0.047619047619047616
5E1E-5JG,MSE,shap,21,3,0.14285714285714285
5E1E-5JG,MSE+AC,shap,21,6,0.2857142857142857
5E1E-5JG,MSE+UCN,shap,21,2,0.09523809523809523
5EDH-5MF,MSE,cam,697,127,0.18220946915351507
5EDH-5MF,MSE+AC,cam,697,141,0.20229555236728838
5EDH-5MF,MSE+UCN,cam,697,168,0.24103299856527977
5EDH-5MF,MSE,diff,697,29,0.04160688665710186
5EDH-5MF,MSE+AC,diff,697,33,0.047345767575322814
5EDH-5MF,MSE+UCN,diff,697,43,0.06169296987087518
5EDH-5MF,MSE,gradcam,697,60,0.08608321377331421
5EDH-5MF,MSE+AC,gradcam,697,45,0.06456241032998565
5EDH-5MF,MSE+UCN,gradcam,697,58,0.08321377331420372
5EDH-5MF,MSE,gradinput,697,57,0.08177905308464849
5EDH-5MF,MSE+AC,gradinput,697,49,0.0703012912482066
5EDH-5MF,MSE+UCN,gradinput,697,89,0.12769010043041606
5EDH-5MF,MSE,ig,697,71,0.10186513629842181
5EDH-5MF,MSE+AC,ig,697,17,0.024390243902439025
5EDH-5MF,MSE+UCN,ig,697,55,0.07890961262553801
5EDH-5MF,MSE,shap,697,139,0.1994261119081779
5EDH-5MF,MSE+AC,shap,697,132,0.18938307030129126
5EDH-5MF,MSE+UCN,shap,697,146,0.20946915351506457
5EK2-5PJ,MSE,cam,13,4,0.3076923076923077
5EK2-5PJ,MSE+AC,cam,13,4,0.3076923076923077
5EK2-5PJ,MSE+UCN,cam,13,5,0.38461538461538464
5EK2-5PJ,MSE,diff,13,4,0.3076923076923077
5EK2-5PJ,MSE+AC,diff,13,3,0.23076923076923078
5EK2-5PJ,MSE+UCN,diff,13,0,0.0
5EK2-5PJ,MSE,gradcam,13,6,0.46153846153846156
5EK2-5PJ,MSE+AC,gradcam,13,2,0.15384615384615385
5EK2-5PJ,MSE+UCN,gradcam,13,0,0.0
5EK2-5PJ,MSE,gradinput,13,6,0.46153846153846156
5EK2-5PJ,MSE+AC,gradinput,13,5,0.38461538461538464
5EK2-5PJ,MSE+UCN,gradinput,13,0,0.0
5EK2-5PJ,MSE,ig,13,2,0.15384615384615385
5EK2-5PJ,MSE+AC,ig,13,0,0.0
5EK2-5PJ,MSE+UCN,ig,13,8,0.6153846153846154
5EK2-5PJ,MSE,shap,13,4,0.3076923076923077
5EK2-5PJ,MSE+AC,shap,13,3,0.23076923076923078
5EK2-5PJ,MSE+UCN,shap,13,5,0.38461538461538464
5EOL-5QO,MSE,cam,4936,817,0.1655186385737439
5EOL-5QO,MSE+AC,cam,4936,645,0.13067260940032416
5EOL-5QO,MSE+UCN,cam,4936,422,0.08549432739059967
5EOL-5QO,MSE,diff,4936,362,0.0733387358184765
5EOL-5QO,MSE+AC,diff,4936,396,0.08022690437601297
5EOL-5QO,MSE+UCN,diff,4936,543,0.11000810372771475
5EOL-5QO,MSE,gradcam,4936,565,0.11446515397082659
5EOL-5QO,MSE+AC,gradcam,4936,454,0.0919773095623987
5EOL-5QO,MSE+UCN,gradcam,4936,910,0.18435980551053485
5EOL-5QO,MSE,gradinput,4936,490,0.09927066450567261
5EOL-5QO,MSE+AC,gradinput,4936,530,0.10737439222042139
5EOL-5QO,MSE+UCN,gradinput,4936,693,0.1403970826580227
5EOL-5QO,MSE,ig,4936,607,0.12297406807131281
5EOL-5QO,MSE+AC,ig,4936,756,0.15316045380875204
5EOL-5QO,MSE+UCN,ig,4936,815,0.1651134521880065
5EOL-5QO,MSE,shap,4936,1130,0.22893030794165317
5EOL-5QO,MSE+AC,shap,4936,1121,0.22710696920583467
5EOL-5QO,MSE+UCN,shap,4936,1155,0.23399513776337116
5FTO-YMX,MSE,cam,15,1,0.06666666666666667
5FTO-YMX,MSE+AC,cam,15,0,0.0
5FTO-YMX,MSE+UCN,cam,15,2,0.13333333333333333
5FTO-YMX,MSE,diff,15,2,0.13333333333333333
5FTO-YMX,MSE+AC,diff,15,0,0.0
5FTO-YMX,MSE+UCN,diff,15,0,0.0
5FTO-YMX,MSE,gradcam,15,1,0.06666666666666667
5FTO-YMX,MSE+AC,gradcam,15,1,0.06666666666666667
5FTO-YMX,MSE+UCN,gradcam,15,2,0.13333333333333333
5FTO-YMX,MSE,gradinput,15,2,0.13333333333333333
5FTO-YMX,MSE+AC,gradinput,15,0,0.0
5FTO-YMX,MSE+UCN,gradinput,15,2,0.13333333333333333
5FTO-YMX,MSE,ig,15,0,0.0
5FTO-YMX,MSE+AC,ig,15,0,0.0
5FTO-YMX,MSE+UCN,ig,15,2,0.13333333333333333
5FTO-YMX,MSE,shap,15,2,0.13333333333333333
5FTO-YMX,MSE+AC,shap,15,2,0.13333333333333333
5FTO-YMX,MSE+UCN,shap,15,1,0.06666666666666667
5HDU-60W,MSE,cam,33,9,0.2727272727272727
5HDU-60W,MSE+AC,cam,33,5,0.15151515151515152
5HDU-60W,MSE+UCN,cam,33,4,0.12121212121212122
5HDU-60W,MSE,diff,33,1,0.030303030303030304
5HDU-60W,MSE+AC,diff,33,1,0.030303030303030304
5HDU-60W,MSE+UCN,diff,33,5,0.15151515151515152
5HDU-60W,MSE,gradcam,33,3,0.09090909090909091
5HDU-60W,MSE+AC,gradcam,33,3,0.09090909090909091
5HDU-60W,MSE+UCN,gradcam,33,9,0.2727272727272727
5HDU-60W,MSE,gradinput,33,0,0.0
5HDU-60W,MSE+AC,gradinput,33,4,0.12121212121212122
5HDU-60W,MSE+UCN,gradinput,33,3,0.09090909090909091
5HDU-60W,MSE,ig,33,2,0.06060606060606061
5HDU-60W,MSE+AC,ig,33,3,0.09090909090909091
5HDU-60W,MSE+UCN,ig,33,1,0.030303030303030304
5HDU-60W,MSE,shap,33,8,0.24242424242424243
5HDU-60W,MSE+AC,shap,33,3,0.09090909090909091
5HDU-60W,MSE+UCN,shap,33,7,0.21212121212121213
5IIS-6CB,MSE,cam,60,11,0.18333333333333332
5IIS-6CB,MSE+AC,cam,60,11,0.18333333333333332
5IIS-6CB,MSE+UCN,cam,60,9,0.15
5IIS-6CB,MSE,diff,60,1,0.016666666666666666
5IIS-6CB,MSE+AC,diff,60,1,0.016666666666666666
5IIS-6CB,MSE+UCN,diff,60,2,0.03333333333333333
5IIS-6CB,MSE,gradcam,60,2,0.03333333333333333
5IIS-6CB,MSE+AC,gradcam,60,4,0.06666666666666667
5IIS-6CB,MSE+UCN,gradcam,60,4,0.06666666666666667
5IIS-6CB,MSE,gradinput,60,2,0.03333333333333333
5IIS-6CB,MSE+AC,gradinput,60,0,0.0
5IIS-6CB,MSE+UCN,gradinput,60,4,0.06666666666666667
5IIS-6CB,MSE,ig,60,2,0.03333333333333333
5IIS-6CB,MSE+AC,ig,60,2,0.03333333333333333
5IIS-6CB,MSE+UCN,ig,60,4,0.06666666666666667
5IIS-6CB,MSE,shap,60,8,0.13333333333333333
5IIS-6CB,MSE+AC,shap,60,8,0.13333333333333333
5IIS-6CB,MSE+UCN,shap,60,11,0.18333333333333332
830C-RS1,MSE,cam,31,1,0.03225806451612903
830C-RS1,MSE+AC,cam,31,9,0.2903225806451613
830C-RS1,MSE+UCN,cam,31,12,0.3870967741935484
830C-RS1,MSE,diff,31,0,0.0
830C-RS1,MSE+AC,diff,31,0,0.0
830C-RS1,MSE+UCN,diff,31,1,0.03225806451612903
830C-RS1,MSE,gradcam,31,7,0.22580645161290322
830C-RS1,MSE+AC,gradcam,31,0,0.0
830C-RS1,MSE+UCN,gradcam,31,4,0.12903225806451613
830C-RS1,MSE,gradinput,31,6,0.1935483870967742
830C-RS1,MSE+AC,gradinput,31,1,0.03225806451612903
830C-RS1,MSE+UCN,gradinput,31,8,0.25806451612903225
830C-RS1,MSE,ig,31,7,0.22580645161290322
830C-RS1,MSE+AC,ig,31,0,0.0
830C-RS1,MSE+UCN,ig,31,2,0.06451612903225806
830C-RS1,MSE,shap,31,7,0.22580645161290322
830C-RS1,MSE+AC,shap,31,6,0.1935483870967742
830C-RS1,MSE+UCN,shap,31,7,0.22580645161290322
966C-RS2,MSE,cam,54,24,0.4444444444444444
966C-RS2,MSE+AC,cam,54,10,0.18518518518518517
966C-RS2,MSE+UCN,cam,54,0,0.0
966C-RS2,MSE,diff,54,6,0.1111111111111111
966C-RS2,MSE+AC,diff,54,6,0.1111111111111111
966C-RS2,MSE+UCN,diff,54,2,0.037037037037037035
966C-RS2,MSE,gradcam,54,10,0.18518518518518517
966C-RS2,MSE+AC,gradcam,54,11,0.2037037037037037
966C-RS2,MSE+UCN,gradcam,54,4,0.07407407407407407
966C-RS2,MSE,gradinput,54,8,0.14814814814814814
966C-RS2,MSE+AC,gradinput,54,8,0.14814814814814814
966C-RS2,MSE+UCN,gradinput,54,6,0.1111111111111111
966C-RS2,MSE,ig,54,3,0.05555555555555555
966C-RS2,MSE+AC,ig,54,4,0.07407407407407407
966C-RS2,MSE+UCN,ig,54,2,0.037037037037037035
966C-RS2,MSE,shap,54,14,0.25925925925925924
966C-RS2,MSE+AC,shap,54,15,0.2777777777777778
966C-RS2,MSE+UCN,shap,54,15,0.2777777777777778
